--------- beginning of main
05-04 18:37:16.038 29609 29609 D nativeloader: Configuring clns-4 for other apk /data/app/~~U1RguHTcBgBidlLe56R6HQ==/com.deepeye.musicpro.debug-EesjKYhiR0hrJ8ALn5DL1g==/base.apk. target_sdk_version=35, uses_libraries=, library_path=/data/app/~~U1RguHTcBgBidlLe56R6HQ==/com.deepeye.musicpro.debug-EesjKYhiR0hrJ8ALn5DL1g==/lib/arm64:/data/app/~~U1RguHTcBgBidlLe56R6HQ==/com.deepeye.musicpro.debug-EesjKYhiR0hrJ8ALn5DL1g==/base.apk!/lib/arm64-v8a, permitted_path=/data:/mnt/expand:/data/user/0/com.deepeye.musicpro.debug
05-04 18:37:16.053 29609 29609 D nativeloader: Load libframework-connectivity-jni.so using APEX ns com_android_tethering for caller /apex/com.android.tethering/javalib/framework-connectivity.jar: ok
05-04 18:37:16.057 29609 29609 V GraphicsEnvironment: Currently set values for:
05-04 18:37:16.057 29609 29609 V GraphicsEnvironment:   angle_gl_driver_selection_pkgs=[]
05-04 18:37:16.057 29609 29609 V GraphicsEnvironment:   angle_gl_driver_selection_values=[]
05-04 18:37:16.057 29609 29609 V GraphicsEnvironment: ANGLE GameManagerService for com.deepeye.musicpro.debug: false
05-04 18:37:16.057 29609 29609 V GraphicsEnvironment: com.deepeye.musicpro.debug is not listed in per-application setting
05-04 18:37:16.058 29609 29609 V GraphicsEnvironment: Updatable production driver is not supported on the device.
05-04 18:37:16.121 29609 29609 D CompatibilityChangeReporter: Compat change id reported: 183155436; UID 10502; state: ENABLED
05-04 18:37:16.145 29609 29609 D SessionsDependencies: Dependency to CRASHLYTICS added.
05-04 18:37:16.157 29609 29609 I FirebaseApp: Device unlocked: initializing all Firebase APIs for app [DEFAULT]
05-04 18:37:16.334 29609 29609 D nativeloader: Load /data/app/~~U1RguHTcBgBidlLe56R6HQ==/com.deepeye.musicpro.debug-EesjKYhiR0hrJ8ALn5DL1g==/base.apk!/lib/arm64-v8a/libcrashlytics.so using class loader ns clns-4 (caller=/data/app/~~U1RguHTcBgBidlLe56R6HQ==/com.deepeye.musicpro.debug-EesjKYhiR0hrJ8ALn5DL1g==/base.apk!classes18.dex): ok
05-04 18:37:16.358 29609 29609 D CompatibilityChangeReporter: Compat change id reported: 3400644; UID 10502; state: ENABLED
05-04 18:37:16.362 29609 29609 I FirebaseCrashlytics: Initializing Firebase Crashlytics 19.3.0 for com.deepeye.musicpro.debug
05-04 18:37:16.408 29609 29609 D SessionsDependencies: Subscriber CRASHLYTICS registered.
--------- beginning of system
05-04 18:37:16.410  3064  5858 W ProcessStats: Tracking association SourceState{9f6af56 com.google.android.gms.persistent/10192 BTop #2032609} whose proc state 2 is better than process ProcessState{e07f7ec com.google.android.gms/10192 pkg=com.google.android.gms} proc state 14 (505 skipped)
05-04 18:37:16.416 29609 29717 W .musicpro.debug: ClassLoaderContext classpath size mismatch. expected=1, found=0 (DLC[];PCL[base.apk*3459175842]{PCL[/system/framework/org.apache.http.legacy.jar*365604909]#PCL[/system/framework/com.android.location.provider.jar*3994156537]#PCL[/system/framework/com.android.media.remotedisplay.jar*2114713712]} | DLC[];PCL[])
05-04 18:37:16.418 29609 29717 I DynamiteModule: Considering local module com.google.android.gms.measurement.dynamite:127 and remote module com.google.android.gms.measurement.dynamite:189
05-04 18:37:16.418 29609 29717 I DynamiteModule: Selected remote version of com.google.android.gms.measurement.dynamite, version >= 189
05-04 18:37:16.418 29609 29717 V DynamiteModule: Dynamite loader version >= 2, using loadModule2NoCrashUtils
05-04 18:37:16.420  3064  4883 D CompatibilityChangeReporter: Compat change id reported: 161145287; UID 10502; state: ENABLED
05-04 18:37:16.425 29609 29717 W System  : ClassLoader referenced unknown path: 
05-04 18:37:16.425 29609 29717 D nativeloader: Configuring clns-5 for other apk . target_sdk_version=37, uses_libraries=, library_path=/data/app/~~PUhE4W2uBXrEkGAAEBiq0w==/com.google.android.gms--Ck5ZGrrO_6TuPDI4fgJVw==/lib/arm64:/data/app/~~PUhE4W2uBXrEkGAAEBiq0w==/com.google.android.gms--Ck5ZGrrO_6TuPDI4fgJVw==/base.apk!/lib/arm64-v8a, permitted_path=/data:/mnt/expand:/data/user/0/com.google.android.gms
05-04 18:37:16.431 29609 29717 W .musicpro.debug: ClassLoaderContext classpath element checksum mismatch. expected=3459175842, found=2389662786 (DLC[];PCL[base.apk*3459175842]{PCL[/system/framework/org.apache.http.legacy.jar*365604909]#PCL[/system/framework/com.android.location.provider.jar*3994156537]#PCL[/system/framework/com.android.media.remotedisplay.jar*2114713712]} | DLC[];PCL[/data/app/~~U1RguHTcBgBidlLe56R6HQ==/com.deepeye.musicpro.debug-EesjKYhiR0hrJ8ALn5DL1g==/base.apk*2389662786])
05-04 18:37:16.441  1830 10078 I QC2Comp : [avcD_1124] Stats: Pending(9) i/p-done(5) Works: Q: 28/Done 20|Work-Rate: Q(0.0/s Avg=0.0/s) Done(0.000/s Avg=0.002/s)| Stream: 30.00fps 203.8Kbps
05-04 18:37:16.442  1830 10078 I QC2Comp : [avcD_1124] Mem-usage:  [In-1D: 6 bufs 17.930 MB] [1D-2226: 16 bufs 0.250 MB] [2D-2227: 20 bufs 28.438 MB] | Total: 46.617 MB
05-04 18:37:16.444 29609 29721 D libcrashlytics: Initializing libcrashlytics version 3.2.0
05-04 18:37:16.451 29609 29721 D libcrashlytics: Initializing native crash handling successful.
05-04 18:37:16.454  3064  4883 D CompatibilityChangeReporter: Compat change id reported: 261072174; UID 10502; state: ENABLED
05-04 18:37:16.458 29609 29725 I FirebaseCrashlytics: No version control information found
05-04 18:37:16.460 27765 29596 I PhenotypeResourceReader: unable to find any Phenotype resource metadata for com.deepeye.musicpro.debug
05-04 18:37:16.464 29609 29726 I .musicpro.debug: hiddenapi: Accessing hidden method Ldalvik/system/VMStack;->getStackClass2()Ljava/lang/Class; (runtime_flags=0, domain=core-platform, api=unsupported) from Lm7/apm; (domain=app, TargetSdkVersion=35) using reflection: allowed
05-04 18:37:16.472 29609 29723 E .musicpro.debug: No package ID 6a found for resource ID 0x6a0b0013.
05-04 18:37:16.473 29609 29609 D FirebaseSessions: Initializing Firebase Sessions SDK.
05-04 18:37:16.473 29609 29723 I FA      : App measurement initialized, version: 165000
05-04 18:37:16.473 29609 29723 I FA      : To enable debug logging run: adb shell setprop log.tag.FA VERBOSE
05-04 18:37:16.473 29609 29723 I FA      : To enable faster debug mode event logging run:
05-04 18:37:16.473 29609 29723 I FA      :   adb shell setprop debug.firebase.analytics.app com.deepeye.musicpro.debug
05-04 18:37:16.474 29609 29609 I FirebaseInitProvider: FirebaseApp initialization successful
05-04 18:37:16.475 29609 29730 D FirebaseSessions: No Sessions subscribers. Not listening to lifecycle events.
05-04 18:37:16.479 29609 29723 W FA      : Failed to retrieve Firebase Instance Id
05-04 18:37:16.484 29609 29609 D WM-WrkMgrInitializer: Initializing WorkManager with default configuration.
05-04 18:37:16.495 29609 29609 D WM-PackageManagerHelper: Skipping component enablement for androidx.work.impl.background.systemjob.SystemJobService
05-04 18:37:16.495 29609 29609 D WM-Schedulers: Created SystemJobScheduler and enabled SystemJobService
05-04 18:37:16.498 29609 29723 W FA      : Failed to retrieve Firebase Instance Id
05-04 18:37:16.499 29609 29609 I CrashGuard: Enabling StrictMode penaltyDeath for debug build
05-04 18:37:16.499 29609 29723 W FA      : Failed to retrieve Firebase Instance Id
05-04 18:37:16.507 29609 29609 D nativeloader: Load /data/app/~~U1RguHTcBgBidlLe56R6HQ==/com.deepeye.musicpro.debug-EesjKYhiR0hrJ8ALn5DL1g==/base.apk!/lib/arm64-v8a/libdeepeye_dsp.so using class loader ns clns-4 (caller=/data/app/~~U1RguHTcBgBidlLe56R6HQ==/com.deepeye.musicpro.debug-EesjKYhiR0hrJ8ALn5DL1g==/base.apk!classes11.dex): ok
05-04 18:37:16.508 29609 29609 I DeepEyeJNI: JNI_OnLoad called - Native library initializing...
05-04 18:37:16.514 29609 29609 I Typeface: updateThemeFont new=Rookery-Regular;old=sans-serif;new=Rookery-Stacked;old=
05-04 18:37:16.515  3064  5858 I ActivityManager: Flag disabled. Ignoring finishAttachApplication from uid: 10502. pid: 29609
05-04 18:37:16.551 14578 29736 D AdvertisingIdClient: AdvertisingIdClient already created.
05-04 18:37:16.551 14578 29736 D AdvertisingIdClient: AdvertisingIdClient is not bounded. Starting to bind it...
05-04 18:37:16.553 14578 29736 D AdvertisingIdClient: AdvertisingIdClient is bounded
05-04 18:37:16.555 14578 29736 I AdvertisingIdClient: shouldSendLog 1297757477
05-04 18:37:16.555 14578 29736 I AdvertisingIdClient: GetInfoInternal elapse 5ms
05-04 18:37:16.560 29609 29734 D CompatibilityChangeReporter: Compat change id reported: 160794467; UID 10502; state: ENABLED
05-04 18:37:16.819  3064  4883 W ActivityTaskManager: callingPackage for (uid=2000, pid=29752) has no WPC
05-04 18:37:16.819  3064  4883 I SettingsAccessControlPolicy: isDeviceSettingsChangeDisabled: value -> false
05-04 18:37:16.820  3064  4883 D CompatibilityChangeReporter: Compat change id reported: 265464455; UID 10502; state: DISABLED
05-04 18:37:16.820  3064  4883 D CompatibilityChangeReporter: Compat change id reported: 265452344; UID 10502; state: DISABLED
05-04 18:37:16.820  3064  4883 D CompatibilityChangeReporter: Compat change id reported: 266124927; UID 10502; state: DISABLED
05-04 18:37:16.820  3064  4883 D CompatibilityChangeReporter: Compat change id reported: 265451093; UID 10502; state: DISABLED
05-04 18:37:16.820  3064  4883 D CompatibilityChangeReporter: Compat change id reported: 265456536; UID 10502; state: DISABLED
05-04 18:37:16.820  3064  4883 D CompatibilityChangeReporter: Compat change id reported: 255940284; UID 10502; state: DISABLED
05-04 18:37:16.820  3064  4883 D CompatibilityChangeReporter: Compat change id reported: 236283604; UID 10502; state: DISABLED
05-04 18:37:16.820  3064  4883 D CompatibilityChangeReporter: Compat change id reported: 263959004; UID 10502; state: DISABLED
05-04 18:37:16.820  3064  4883 D CompatibilityChangeReporter: Compat change id reported: 264304459; UID 10502; state: DISABLED
05-04 18:37:16.820  3064  4883 D CompatibilityChangeReporter: Compat change id reported: 264301586; UID 10502; state: DISABLED
05-04 18:37:16.820  3064  4883 D CompatibilityChangeReporter: Compat change id reported: 254631730; UID 10502; state: DISABLED
05-04 18:37:16.820  3064  4883 D CompatibilityChangeReporter: Compat change id reported: 273509367; UID 10502; state: DISABLED
05-04 18:37:16.820  3064  4883 D CompatibilityChangeReporter: Compat change id reported: 263259275; UID 10502; state: DISABLED
05-04 18:37:16.820  3064  4883 D CompatibilityChangeReporter: Compat change id reported: 174042980; UID 10502; state: DISABLED
05-04 18:37:16.820  3064  4883 D CompatibilityChangeReporter: Compat change id reported: 174042936; UID 10502; state: DISABLED
05-04 18:37:16.820  3064  4883 D CompatibilityChangeReporter: Compat change id reported: 181136395; UID 10502; state: DISABLED
05-04 18:37:16.821  3064  4883 D CompatibilityChangeReporter: Compat change id reported: 194480991; UID 10502; state: ENABLED
05-04 18:37:16.821  3064  4883 D ActivityTaskManager: getPreferredLaunchDisplay userset_displayid false user set display id -1, current focus display 0
05-04 18:37:16.822  3064  4883 D ActivityTaskManager: getPreferredLaunchDisplay userset_displayid false user set display id -1, current focus display 0
05-04 18:37:16.823  1798  2035 E ANDR-PERF-LM: MetaMeter: handleAsync() 166: AdaptLaunch Invalid Async
05-04 18:37:16.823  1798  2035 E ANDR-PERF-LM: MetaMeter: handleAsync() 166: AdaptLaunch Invalid Async
05-04 18:37:16.823  1798  2035 E ANDR-PERF-LM: MetaMeter: handleAsync() 166: AdaptLaunch Invalid Async
05-04 18:37:16.823  3064  4883 D ActivityTaskManager: getPreferredLaunchDisplay userset_displayid false user set display id -1, current focus display 0
05-04 18:37:16.823  3064  4883 D ActivityTaskManager: getPreferredLaunchDisplay userset_displayid false user set display id -1, current focus display 0
05-04 18:37:16.827  3064  4883 D ActivityTaskManager: getPreferredLaunchDisplay userset_displayid false user set display id 0, current focus display 0
05-04 18:37:16.827  3064  4883 D ActivityTaskManager: getPreferredLaunchDisplay userset_displayid false user set display id 0, current focus display 0
05-04 18:37:16.828  3064  4883 D CompatibilityChangeReporter: Compat change id reported: 184838306; UID 10502; state: DISABLED
05-04 18:37:16.828  3064  4883 D CompatibilityChangeReporter: Compat change id reported: 185004937; UID 10502; state: DISABLED
05-04 18:37:16.829  3064  4883 D CompatibilityChangeReporter: Compat change id reported: 197654537; UID 10502; state: ENABLED
05-04 18:37:16.830  3064  4883 D PowerManagerService: nativeSetPowerMode ret:false mode:5 enabled:true duration ms: 0
05-04 18:37:16.830  3064  4883 D CompatibilityChangeReporter: Compat change id reported: 205907456; UID 10502; state: ENABLED
05-04 18:37:16.830  3064  4883 D ActivityTrigger: ActivityTrigger activityPauseTrigger 
05-04 18:37:16.836  3064  4883 D PowerManagerService: nativeAcquireSuspendBlocker name:PowerManagerService.WakeLocks duration ms: 6
05-04 18:37:16.836  3064  4883 I ActivityTaskManager: START u0 {flg=0x10000000 cmp=com.deepeye.musicpro.debug/com.deepeye.musicpro.ui.MainActivity} with LAUNCH_SINGLE_TASK from uid 2000 (startActivityAsUser) (BAL_ALLOW_PERMISSION) result code=0
05-04 18:37:16.838  3827  3912 V WindowManagerShell: Transition requested: android.os.BinderProxy@5808bc5 TransitionRequestInfo { type = 1, triggerTask = TaskInfo{userId=0 taskId=3785 displayId=0 isRunning=true baseIntent=Intent { flg=0x10000000 cmp=com.deepeye.musicpro.debug/com.deepeye.musicpro.ui.MainActivity } baseActivity=ComponentInfo{com.deepeye.musicpro.debug/com.deepeye.musicpro.ui.MainActivity} topActivity=ComponentInfo{com.deepeye.musicpro.debug/com.deepeye.musicpro.ui.MainActivity} origActivity=null realActivity=ComponentInfo{com.deepeye.musicpro.debug/com.deepeye.musicpro.ui.MainActivity} numActivities=1 lastActiveTime=1298698802 supportsMultiWindow=true supportsGlobalFreeform=true resizeMode=1 isResizeable=true isAppLocked=false canKillAndRestart=false isShowDecorCaptionWindowRequest=false minWidth=-1 minHeight=-1 defaultMinSize=200 token=WCT{android.window.IWindowContainerToken$Stub$Proxy@1afb91a} topActivityType=1 pictureInPictureParams=null shouldDockBigOverlays=false launchIntoPipHostTaskId=-1 lastParentTaskIdBeforePip=-1 displayCutoutSafeInsets=Rect(0, 90 - 0, 0) topActivityInfo=ActivityInfo{653ec4b com.deepeye.musicpro.ui.MainActivity} launchCookies=[] positionInParent=Point(0, 0) parentTaskId=-1 isFocused=false isVisible=false isVisibleRequested=false isSleeping=false topActivityInSizeCompat=false topActivityEligibleForLetterboxEducation= false topActivityLetterboxed= false isFromDoubleTap= false topActivityLetterboxVerticalPosition= -1 topActivityLetterboxHorizontalPosition= -1 topActivityLetterboxWidth=-1 topActivityLetterboxHeight=-1 locusId=null displayAreaFeatureId=1 cameraCompatControlState=hidden}, remoteTransition = null, displayChange = null, flags = 0 }
05-04 18:37:16.839  3064  5856 I ActivityTaskManager: The Process com.deepeye.musicpro.debug Already Exists in BG. So sending its PID: 29609
05-04 18:37:16.839  1798  2035 W ANDR-PERF-LM: MetaMeter: handlePrimaryAsync() 118: AdaptLaunch MetaMeter. No MeterMgr Available to handle this Primary Async. !!!!
05-04 18:37:16.839  1798  2035 W ANDR-PERF-LM: MetaMeter: handlePrimaryAsync() 118: AdaptLaunch MetaMeter. No MeterMgr Available to handle this Primary Async. !!!!
05-04 18:37:16.839  1798  2035 E ANDR-PERF-LM: MetaMeter: handleAsync() 166: AdaptLaunch Invalid Async
05-04 18:37:16.840  3827  3925 D ViewRootImpl: update {(0,0)(fillxfill) ty=APPLICATION_STARTING fmt=TRANSLUCENT wanim=0x10302fe
05-04 18:37:16.840  3827  3925 D ViewRootImpl:   fl=NOT_FOCUSABLE NOT_TOUCHABLE LAYOUT_IN_SCREEN LAYOUT_INSET_DECOR ALT_FOCUSABLE_IM HARDWARE_ACCELERATED DRAWS_SYSTEM_BAR_BACKGROUNDS
05-04 18:37:16.840  3827  3925 D ViewRootImpl:   pfl=SHOW_FOR_ALL_USERS FIT_INSETS_CONTROLLED
05-04 18:37:16.840  3827  3925 D ViewRootImpl:   bhv=DEFAULT
05-04 18:37:16.840  3827  3925 D ViewRootImpl:   fitSides=} by setView
05-04 18:37:16.857  3064  5857 D CoreBackPreview: Window{fdf56e u0 Splash Screen com.deepeye.musicpro.debug}: Setting back callback OnBackInvokedCallbackInfo{mCallback=android.window.IOnBackInvokedCallback$Stub$Proxy@d45ec9c, mPriority=0, mIsAnimationCallback=false}
05-04 18:37:16.860  3827  3949 E OpenGLRenderer: Unable to match the desired swap behavior.
05-04 18:37:16.868  3064  3367 V WindowManager: Sent Transition #6174 createdAt=05-04 18:37:16.821 via request=TransitionRequestInfo { type = 1, triggerTask = TaskInfo{userId=0 taskId=3785 displayId=0 isRunning=true baseIntent=Intent { flg=0x10000000 cmp=com.deepeye.musicpro.debug/com.deepeye.musicpro.ui.MainActivity } baseActivity=ComponentInfo{com.deepeye.musicpro.debug/com.deepeye.musicpro.ui.MainActivity} topActivity=ComponentInfo{com.deepeye.musicpro.debug/com.deepeye.musicpro.ui.MainActivity} origActivity=null realActivity=ComponentInfo{com.deepeye.musicpro.debug/com.deepeye.musicpro.ui.MainActivity} numActivities=1 lastActiveTime=1298698802 supportsMultiWindow=true supportsGlobalFreeform=true resizeMode=1 isResizeable=true isAppLocked=false canKillAndRestart=true isShowDecorCaptionWindowRequest=false minWidth=-1 minHeight=-1 defaultMinSize=200 token=WCT{RemoteToken{3fbd821 Task{f023917 #3785 type=standard A=10502:com.deepeye.musicpro.debug}}} topActivityType=1 pictureInPictureParams=null shouldDockBigOverlays=false launchIntoPipHostTaskId=-1 lastParentTaskIdBeforePip=-1 displayCutoutSafeInsets=Rect(0, 90 - 0, 0) topActivityInfo=ActivityInfo{89b4446 com.deepeye.musicpro.ui.MainActivity} launchCookies=[] positionInParent=Point(0, 0) parentTaskId=-1 isFocused=false isVisible=false isVisibleRequested=false isSleeping=false topActivityInSizeCompat=false topActivityEligibleForLetterboxEducation= false topActivityLetterboxed= false isFromDoubleTap= false topActivityLetterboxVerticalPosition= -1 topActivityLetterboxHorizontalPosition= -1 topActivityLetterboxWidth=-1 topActivityLetterboxHeight=-1 locusId=null displayAreaFeatureId=1 cameraCompatControlState=hidden}, remoteTransition = null, displayChange = null, flags = 0 }
05-04 18:37:16.868  3064  3367 V WindowManager:     startWCT=WindowContainerTransaction { changes = {} hops = [] errorCallbackToken=null taskFragmentOrganizer=null }
05-04 18:37:16.868  3064  3367 V WindowManager:     info={id=6174 t=OPEN f=0x0 trk=0 r=[0@Point(0, 0)] c=[{WCT{RemoteToken{3fbd821 Task{f023917 #3785 type=standard A=10502:com.deepeye.musicpro.debug}}} m=OPEN f=NONE pTaskId=-1 leash=Surface(name=Task=3785)/@0xb63022b sb=Rect(0, 0 - 1080, 2400) eb=Rect(0, 0 - 1080, 2400) d=0},{WCT{RemoteToken{9a2e0c9 Task{97f56a1 #1 type=home}}} m=TO_BACK f=SHOW_WALLPAPER pTaskId=-1 leash=Surface(name=Task=1)/@0x5e976da sb=Rect(0, 0 - 1080, 2400) eb=Rect(0, 0 - 1080, 2400) d=0}]}
05-04 18:37:16.869  3827  3912 V WindowManagerShell: onTransitionReady android.os.BinderProxy@5808bc5: {id=6174 t=OPEN f=0x0 trk=0 r=[0@Point(0, 0)] c=[{WCT{android.window.IWindowContainerToken$Stub$Proxy@f3212be} m=OPEN f=NONE pTaskId=-1 leash=Surface(name=Task=3785)/@0xa8399c3 sb=Rect(0, 0 - 1080, 2400) eb=Rect(0, 0 - 1080, 2400) d=0},{WCT{android.window.IWindowContainerToken$Stub$Proxy@6fc0f1f} m=TO_BACK f=SHOW_WALLPAPER pTaskId=-1 leash=Surface(name=Task=1)/@0x2b41240 sb=Rect(0, 0 - 1080, 2400) eb=Rect(0, 0 - 1080, 2400) d=0}]}
05-04 18:37:16.869  3827  3912 V WindowManagerShell: Playing animation for (#6174)android.os.BinderProxy@5808bc5@0
05-04 18:37:16.869  3827  3912 V WindowManagerShell:  try handler com.android.wm.shell.transition.DefaultMixedHandler@9f0b165
05-04 18:37:16.869  3827  3912 V WindowManagerShell:  try handler com.android.wm.shell.keyguard.KeyguardTransitionHandler@aa67e3a
05-04 18:37:16.869  3827  3912 V WindowManagerShell:  try handler com.android.wm.shell.activityembedding.ActivityEmbeddingController@e359aeb
05-04 18:37:16.869  3827  3912 V WindowManagerShell:  try handler com.android.wm.shell.recents.RecentsTransitionHandler@ec8c048
05-04 18:37:16.869  3827  3912 V ShellRecents: RecentsTransitionHandler.startAnimation: no controller found
05-04 18:37:16.869  3827  3912 V WindowManagerShell:  try handler com.android.wm.shell.pip.PipTransition@5bffee1
05-04 18:37:16.869  3827  3912 V WindowManagerShell:  try handler com.android.wm.shell.splitscreen.StageCoordinator@56e4406
05-04 18:37:16.869  3827  3912 V WindowManagerShell:  try handler com.android.wm.shell.transition.RemoteTransitionHandler@b50fac7
05-04 18:37:16.869  3827  3912 V WindowManagerShell: Transition doesn't have explicit remote, search filters for match for {id=6174 t=OPEN f=0x0 trk=0 r=[0@Point(0, 0)] c=[{WCT{android.window.IWindowContainerToken$Stub$Proxy@f3212be} m=OPEN f=NONE pTaskId=-1 leash=Surface(name=Task=3785)/@0xa8399c3 sb=Rect(0, 0 - 1080, 2400) eb=Rect(0, 0 - 1080, 2400) d=0},{WCT{android.window.IWindowContainerToken$Stub$Proxy@6fc0f1f} m=TO_BACK f=SHOW_WALLPAPER pTaskId=-1 leash=Surface(name=Task=1)/@0x2b41240 sb=Rect(0, 0 - 1080, 2400) eb=Rect(0, 0 - 1080, 2400) d=0}]}
05-04 18:37:16.870  3827  3912 V WindowManagerShell:  Checking filter Pair{{types=[] flags=0x0] notFlags=0x100 checks=[{atype=home independent=true modes=[OPEN,TO_FRONT] flags=NONE mustBeTask=false order=TOP topActivity=ComponentInfo{com.motorola.launcher3/com.android.launcher3.uioverrides.QuickstepLauncher}},{atype=standard independent=true modes=[CLOSE,TO_BACK] flags=NONE mustBeTask=false order=ANY topActivity=null}]} RemoteTransition { remoteTransition = android.window.IRemoteTransition$Stub$Proxy@4795a1a, appThread = android.app.IApplicationThread$Stub$Proxy@b3b794b, debugName = QuickstepLaunchHome }}
05-04 18:37:16.870  3827  3912 V WindowManagerShell:  Delegate animation for #6174 to null
05-04 18:37:16.870  3827  3912 V WindowManagerShell:  try handler com.android.wm.shell.transition.DefaultTransitionHandler@acd98f4
05-04 18:37:16.870  3827  3912 V WindowManagerShell: start default transition animation, info = {id=6174 t=OPEN f=0x0 trk=0 r=[0@Point(0, 0)] c=[{WCT{android.window.IWindowContainerToken$Stub$Proxy@f3212be} m=OPEN f=NONE pTaskId=-1 leash=Surface(name=Task=3785)/@0xa8399c3 sb=Rect(0, 0 - 1080, 2400) eb=Rect(0, 0 - 1080, 2400) d=0},{WCT{android.window.IWindowContainerToken$Stub$Proxy@6fc0f1f} m=TO_BACK f=SHOW_WALLPAPER pTaskId=-1 leash=Surface(name=Task=1)/@0x2b41240 sb=Rect(0, 0 - 1080, 2400) eb=Rect(0, 0 - 1080, 2400) d=0}]}
05-04 18:37:16.870  3827  3912 V WindowManagerShell: loadAnimation: anim=android.view.animation.AnimationSet@1f4f035 animAttr=0x13 type=OPEN isEntrance=false
05-04 18:37:16.870  1336 29575 I keystore2: system/security/keystore2/src/watchdog.rs:319 - Watchdog thread idle -> terminating. Have a great day.
05-04 18:37:16.870  3827  3912 V WindowManagerShell: loadAnimation: anim=android.view.animation.AnimationSet@2115ab1 animAttr=0x12 type=OPEN isEntrance=true
05-04 18:37:16.871  3827  3912 V WindowManagerShell:  animated by com.android.wm.shell.transition.DefaultTransitionHandler@acd98f4
05-04 18:37:16.871 29609 29609 D AppCompatDelegate: Checking for metadata for AppLocalesMetadataHolderService : Service not found
05-04 18:37:16.915 29609 29609 D CompatibilityChangeReporter: Compat change id reported: 210923482; UID 10502; state: ENABLED
05-04 18:37:16.939 10800 10800 I bwmt    : onPause
05-04 18:37:16.953 29609 29609 I .musicpro.debug: hiddenapi: Accessing hidden method Landroid/view/ViewGroup;->makeOptionalFitsSystemWindows()V (runtime_flags=0, domain=platform, api=unsupported) from Landroidx/appcompat/widget/ViewUtils; (domain=app, TargetSdkVersion=35) using reflection: allowed
05-04 18:37:16.956 29609 29609 I MediaController: Init bccf0b [AndroidXMedia3/1.4.1] [hiphi, motorola edge 30 pro, motorola, 34]
05-04 18:37:16.981 29609 29609 D CompatibilityChangeReporter: Compat change id reported: 171228096; UID 10502; state: ENABLED
05-04 18:37:17.072  1251  1251 E KeymasterUtils: rsp_header->status: -28
05-04 18:37:17.072  1251  1251 E KeyMasterHalDevice: abort_operation
05-04 18:37:17.072  1251  1251 E KeyMasterHalDevice: ret: -28
05-04 18:37:17.082  1251  1251 E KeymasterUtils: rsp_header->status: -28
05-04 18:37:17.082  1251  1251 E KeyMasterHalDevice: abort_operation
05-04 18:37:17.082  1251  1251 E KeyMasterHalDevice: ret: -28
05-04 18:37:17.095  1251  1251 E KeymasterUtils: rsp_header->status: -28
05-04 18:37:17.095  1251  1251 E KeyMasterHalDevice: abort_operation
05-04 18:37:17.095  1251  1251 E KeyMasterHalDevice: ret: -28
05-04 18:37:17.108  1251  1251 E KeymasterUtils: rsp_header->status: -28
05-04 18:37:17.109  1251  1251 E KeyMasterHalDevice: abort_operation
05-04 18:37:17.109  1251  1251 E KeyMasterHalDevice: ret: -28
05-04 18:37:17.119  1251  1251 E KeymasterUtils: rsp_header->status: -28
05-04 18:37:17.119  1251  1251 E KeyMasterHalDevice: abort_operation
05-04 18:37:17.119  1251  1251 E KeyMasterHalDevice: ret: -28
05-04 18:37:17.129  1251  1251 E KeymasterUtils: rsp_header->status: -28
05-04 18:37:17.129  1251  1251 E KeyMasterHalDevice: abort_operation
05-04 18:37:17.129  1251  1251 E KeyMasterHalDevice: ret: -28
05-04 18:37:17.157  3827  3912 V WindowManagerShell: Transition animation finished (aborted=false), notifying core (#6174)android.os.BinderProxy@5808bc5@0
05-04 18:37:17.158  3064  3367 V WindowManager: Finish Transition #6174: created at 05-04 18:37:16.821 collect-started=0.024ms request-sent=14.678ms started=27.092ms ready=27.076ms sent=45.894ms finished=335.986ms
05-04 18:37:17.159  3827  3912 V WindowManagerShell: Track 0 became idle
05-04 18:37:17.159  3827  3912 V WindowManagerShell: All active transition animations finished
05-04 18:37:17.163 10800 10837 D Surface : Surface::disconnect
05-04 18:37:17.164 10800 10837 D BufferQueueProducer: [VRI[GoogleDiscoverWindow]#37(BLAST Consumer)37](id:2a3000000025,api:1,p:10800,c:10800) disconnect: api 1
05-04 18:37:17.164 20981 21011 D Surface : Surface::disconnect
05-04 18:37:17.164 20981 21011 D BufferQueueProducer: [VRI[CustomizationPanelLauncher]#308(BLAST Consumer)308](id:51f50000045c,api:1,p:20981,c:20981) disconnect: api 1
05-04 18:37:17.173 29609 29609 D CompatibilityChangeReporter: Compat change id reported: 237531167; UID 10502; state: DISABLED
05-04 18:37:17.174 29609 29723 I FA      : Tag Manager is not found and thus will not be used
05-04 18:37:17.175 29609 29609 D ViewRootImpl: update {(0,0)(fillxfill) sim={adjust=resize forwardNavigation} ty=BASE_APPLICATION wanim=0x10302fe
05-04 18:37:17.175 29609 29609 D ViewRootImpl:   fl=LAYOUT_IN_SCREEN LAYOUT_INSET_DECOR SPLIT_TOUCH HARDWARE_ACCELERATED DRAWS_SYSTEM_BAR_BACKGROUNDS
05-04 18:37:17.175 29609 29609 D ViewRootImpl:   pfl=NO_MOVE_ANIMATION FORCE_DRAW_STATUS_BAR_BACKGROUND FIT_INSETS_CONTROLLED
05-04 18:37:17.175 29609 29609 D ViewRootImpl:   bhv=DEFAULT
05-04 18:37:17.175 29609 29609 D ViewRootImpl:   fitSides=} by setView
05-04 18:37:17.182 29609 29609 D StrictMode: StrictMode policy violation; ~duration=125 ms: android.os.strictmode.DiskReadViolation
05-04 18:37:17.182 29609 29609 D StrictMode: 	at android.os.StrictMode$AndroidBlockGuardPolicy.onReadFromDisk(StrictMode.java:1683)
05-04 18:37:17.182 29609 29609 D StrictMode: 	at libcore.io.BlockGuardOs.access(BlockGuardOs.java:74)
05-04 18:37:17.182 29609 29609 D StrictMode: 	at libcore.io.ForwardingOs.access(ForwardingOs.java:129)
05-04 18:37:17.182 29609 29609 D StrictMode: 	at android.app.ActivityThread$AndroidOs.access(ActivityThread.java:8321)
05-04 18:37:17.182 29609 29609 D StrictMode: 	at java.io.UnixFileSystem.checkAccess(UnixFileSystem.java:337)
05-04 18:37:17.182 29609 29609 D StrictMode: 	at java.io.File.exists(File.java:829)
05-04 18:37:17.182 29609 29609 D StrictMode: 	at android.app.ContextImpl.ensurePrivateDirExists(ContextImpl.java:796)
05-04 18:37:17.182 29609 29609 D StrictMode: 	at android.app.ContextImpl.ensurePrivateDirExists(ContextImpl.java:787)
05-04 18:37:17.182 29609 29609 D StrictMode: 	at android.app.ContextImpl.getPreferencesDir(ContextImpl.java:743)
05-04 18:37:17.182 29609 29609 D StrictMode: 	at android.app.ContextImpl.getSharedPreferencesPath(ContextImpl.java:968)
05-04 18:37:17.182 29609 29609 D StrictMode: 	at android.app.ContextImpl.getSharedPreferences(ContextImpl.java:589)
05-04 18:37:17.182 29609 29609 D StrictMode: 	at android.content.ContextWrapper.getSharedPreferences(ContextWrapper.java:221)
05-04 18:37:17.182 29609 29609 D StrictMode: 	at com.google.crypto.tink.integration.android.AndroidKeysetManager$Builder.readKeysetFromPrefs(AndroidKeysetManager.java:250)
05-04 18:37:17.182 29609 29609 D StrictMode: 	at com.google.crypto.tink.integration.android.AndroidKeysetManager$Builder.build(AndroidKeysetManager.java:287)
05-04 18:37:17.182 29609 29609 D StrictMode: 	at androidx.security.crypto.EncryptedSharedPreferences.create(EncryptedSharedPreferences.java:169)
05-04 18:37:17.182 29609 29609 D StrictMode: 	at androidx.security.crypto.EncryptedSharedPreferences.create(EncryptedSharedPreferences.java:130)
05-04 18:37:17.182 29609 29609 D StrictMode: 	at com.deepeye.musicpro.auth.YoutubeAuthManager.prefs_delegate$lambda$0(YoutubeAuthManager.kt:41)
05-04 18:37:17.182 29609 29609 D StrictMode: 	at com.deepeye.musicpro.auth.YoutubeAuthManager.$r8$lambda$zdSasc3iMbY53tNridpo7uj6Rhk(Unknown Source:0)
05-04 18:37:17.182 29609 29609 D StrictMode: 	at com.deepeye.musicpro.auth.YoutubeAuthManager$$ExternalSyntheticLambda0.invoke(D8$$SyntheticClass:0)
05-04 18:37:17.182 29609 29609 D StrictMode: 	at kotlin.SynchronizedLazyImpl.getValue(LazyJVM.kt:74)
05-04 18:37:17.182 29609 29609 D StrictMode: 	at com.deepeye.musicpro.auth.YoutubeAuthManager.getPrefs(YoutubeAuthManager.kt:35)
05-04 18:37:17.182 29609 29609 D StrictMode: 	at com.deepeye.musicpro.auth.YoutubeAuthManager.getAccessToken(YoutubeAuthManager.kt:128)
05-04 18:37:17.182 29609 29609 D StrictMode: 	at com.deepeye.musicpro.ui.home.HomeViewModel$loadHomeContent$1.invokeSuspend(HomeViewModel.kt:37)
05-04 18:37:17.182 29609 29609 D StrictMode: 	at kotlin.coroutines.jvm.internal.BaseContinuationImpl.resumeWith(ContinuationImpl.kt:33)
05-04 18:37:17.182 29609 29609 D StrictMode: 	at kotlinx.coroutines.internal.DispatchedContinuationKt.resumeCancellableWith(DispatchedContinuation.kt:359)
05-04 18:37:17.182 29609 29609 D StrictMode: 	at kotlinx.coroutines.intrinsics.CancellableKt.startCoroutineCancellable(Cancellable.kt:26)
05-04 18:37:17.182 29609 29609 D StrictMode: 	at kotlinx.coroutines.CoroutineStart.invoke(CoroutineStart.kt:358)
05-04 18:37:17.182 29609 29609 D StrictMode: 	at kotlinx.coroutines.AbstractCoroutine.start(AbstractCoroutine.kt:124)
05-04 18:37:17.182 29609 29609 D StrictMode: 	at kotlinx.coroutines.BuildersKt__Builders_commonKt.launch(Builders.common.kt:52)
05-04 18:37:17.182 29609 29609 D StrictMode: 	at kotlinx.coroutines.BuildersKt.launch(Unknown Source:1)
05-04 18:37:17.182 29609 29609 D StrictMode: 	at kotlinx.coroutines.BuildersKt__Builders_commonKt.launch$default(Builders.common.kt:43)
05-04 18:37:17.182 29609 29609 D StrictMode: 	at kotlinx.coroutines.BuildersKt.launch$default(Unknown Source:1)
05-04 18:37:17.182 29609 29609 D StrictMode: 	at com.deepeye.musicpro.ui.home.HomeViewModel.loadHomeContent(HomeViewModel.kt:35)
05-04 18:37:17.182 29609 29609 D StrictMode: 	at com.deepeye.musicpro.ui.home.HomeFragment.onViewCreated(HomeFragment.kt:51)
05-04 18:37:17.182 29609 29609 D StrictMode: 	at androidx.fragment.app.Fragment.performViewCreated(Fragment.java:3152)
05-04 18:37:17.182 29609 29609 D StrictMode: 	at androidx.fragment.app.FragmentStateManager.createView(FragmentStateManager.java:608)
05-04 18:37:17.182 29609 29609 D StrictMode: 	at androidx.fragment.app.FragmentStateManager.moveToExpectedState(FragmentStateManager.java:286)
05-04 18:37:17.182 29609 29609 D StrictMode: 	at androidx.fragment.app.FragmentStore.moveToExpectedState(FragmentStore.java:114)
05-04 18:37:17.182 29609 29609 D StrictMode: 	at androidx.fragment.app.FragmentManager.moveToState(FragmentManager.java:1685)
05-04 18:37:17.182 29609 29609 D StrictMode: 	at androidx.fragment.app.FragmentManager.dispatchStateChange(FragmentManager.java:3319)
05-04 18:37:17.182 29609 29609 D StrictMode: 	at androidx.fragment.app.FragmentManager.dispatchViewCreated(FragmentManager.java:3230)
05-04 18:37:17.182 29609 29609 D StrictMode: 	at androidx.fragment.app.Fragment.performViewCreated(Fragment.java:3153)
05-04 18:37:17.182 29609 29609 D StrictMode: 	at androidx.fragment.app.FragmentStateManager.createView(FragmentStateManager.java:608)
05-04 18:37:17.182 29609 29609 D StrictMode: 	at androidx.fragment.app.FragmentStateManager.moveToExpectedState(FragmentStateManager.java:286)
05-04 18:37:17.182 29609 29609 D StrictMode: 	at androidx.fragment.app.FragmentStore.moveToExpectedState(FragmentStore.java:114)
05-04 18:37:17.182 29609 29609 D StrictMode: 	at androidx.fragment.app.FragmentManager.moveToState(FragmentManager.java:1685)
05-04 18:37:17.182 29609 29609 D StrictMode: 	at androidx.fragment.app.FragmentManager.dispatchStateChange(FragmentManager.java:3319)
05-04 18:37:17.182 29609 29609 D StrictMode: 	at androidx.fragment.app.FragmentManager.dispatchActivityCreated(FragmentManager.java:3237)
05-04 18:37:17.182 29609 29609 D StrictMode: 	at androidx.fragment.app.FragmentController.dispatchActivityCreated(FragmentController.java:263)
05-04 18:37:17.182 29609 29609 D StrictMode: 	at androidx.fragment.app.FragmentActivity.onStart(FragmentActivity.java:350)
05-04 18:37:17.182 29609 29609 D StrictMode: 	at androidx.appcompat.app.AppCompatActivity.onStart(AppCompatActivity.java:251)
05-04 18:37:17.182 29609 29609 D StrictMode: 	at android.app.Instrumentation.callActivityOnStart(Instrumentation.java:1582)
05-04 18:37:17.182 29609 29609 D StrictMode: 	at android.app.Activity.performStart(Activity.java:8767)
05-04 18:37:17.182 29609 29609 D StrictMode: 	at android.app.ActivityThread.handleStartActivity(ActivityThread.java:3942)
05-04 18:37:17.182 29609 29609 D StrictMode: 	at android.app.servertransaction.TransactionExecutor.performLifecycleSequence(TransactionExecutor.java:225)
05-04 18:37:17.182 29609 29609 D StrictMode: 	at android.app.servertransaction.TransactionExecutor.cycleToPath(TransactionExecutor.java:205)
05-04 18:37:17.182 29609 29609 D StrictMode: 	at android.app.servertransaction.TransactionExecutor.executeLifecycleState(TransactionExecutor.java:177)
05-04 18:37:17.182 29609 29609 D StrictMode: 	at android.app.servertransaction.TransactionExecutor.execute(TransactionExecutor.java:98)
05-04 18:37:17.182 29609 29609 D StrictMode: 	at android.app.ActivityThread$H.handleMessage(ActivityThread.java:2567)
05-04 18:37:17.182 29609 29609 D StrictMode: 	at android.os.Handler.dispatchMessage(Handler.java:111)
05-04 18:37:17.182 29609 29609 D StrictMode: 	at android.os.Looper.loopOnce(Looper.java:242)
05-04 18:37:17.182 29609 29609 D StrictMode: 	at android.os.Looper.loop(Looper.java:362)
05-04 18:37:17.182 29609 29609 D StrictMode: 	at android.app.ActivityThread.main(ActivityThread.java:8448)
05-04 18:37:17.182 29609 29609 D StrictMode: 	at java.lang.reflect.Method.invoke(Native Method)
05-04 18:37:17.182 29609 29609 D StrictMode: 	at com.android.internal.os.RuntimeInit$MethodAndArgsCaller.run(RuntimeInit.java:552)
05-04 18:37:17.182 29609 29609 D StrictMode: 	at com.android.internal.os.ZygoteInit.main(ZygoteInit.java:992)
05-04 18:37:17.183 29609 29609 D AndroidRuntime: Shutting down VM
--------- beginning of crash
05-04 18:37:17.183 29609 29609 E AndroidRuntime: FATAL EXCEPTION: main
05-04 18:37:17.183 29609 29609 E AndroidRuntime: Process: com.deepeye.musicpro.debug, PID: 29609
05-04 18:37:17.183 29609 29609 E AndroidRuntime: java.lang.RuntimeException: StrictMode ThreadPolicy violation
05-04 18:37:17.183 29609 29609 E AndroidRuntime: 	at android.os.StrictMode$AndroidBlockGuardPolicy.onThreadPolicyViolation(StrictMode.java:1900)
05-04 18:37:17.183 29609 29609 E AndroidRuntime: 	at android.os.StrictMode$AndroidBlockGuardPolicy.lambda$handleViolationWithTimingAttempt$0(StrictMode.java:1814)
05-04 18:37:17.183 29609 29609 E AndroidRuntime: 	at android.os.StrictMode$AndroidBlockGuardPolicy.$r8$lambda$AF9hglpXLeeg2_1ZxHCfZb2exEY(Unknown Source:0)
05-04 18:37:17.183 29609 29609 E AndroidRuntime: 	at android.os.StrictMode$AndroidBlockGuardPolicy$$ExternalSyntheticLambda1.run(Unknown Source:6)
05-04 18:37:17.183 29609 29609 E AndroidRuntime: 	at android.os.Handler.handleCallback(Handler.java:1000)
05-04 18:37:17.183 29609 29609 E AndroidRuntime: 	at android.os.Handler.dispatchMessage(Handler.java:104)
05-04 18:37:17.183 29609 29609 E AndroidRuntime: 	at android.os.Looper.loopOnce(Looper.java:242)
05-04 18:37:17.183 29609 29609 E AndroidRuntime: 	at android.os.Looper.loop(Looper.java:362)
05-04 18:37:17.183 29609 29609 E AndroidRuntime: 	at android.app.ActivityThread.main(ActivityThread.java:8448)
05-04 18:37:17.183 29609 29609 E AndroidRuntime: 	at java.lang.reflect.Method.invoke(Native Method)
05-04 18:37:17.183 29609 29609 E AndroidRuntime: 	at com.android.internal.os.RuntimeInit$MethodAndArgsCaller.run(RuntimeInit.java:552)
05-04 18:37:17.183 29609 29609 E AndroidRuntime: 	at com.android.internal.os.ZygoteInit.main(ZygoteInit.java:992)
05-04 18:37:17.183 29609 29609 E AndroidRuntime: Caused by: android.os.strictmode.DiskReadViolation
05-04 18:37:17.183 29609 29609 E AndroidRuntime: 	at android.os.StrictMode$AndroidBlockGuardPolicy.onReadFromDisk(StrictMode.java:1683)
05-04 18:37:17.183 29609 29609 E AndroidRuntime: 	at libcore.io.BlockGuardOs.access(BlockGuardOs.java:74)
05-04 18:37:17.183 29609 29609 E AndroidRuntime: 	at libcore.io.ForwardingOs.access(ForwardingOs.java:129)
05-04 18:37:17.183 29609 29609 E AndroidRuntime: 	at android.app.ActivityThread$AndroidOs.access(ActivityThread.java:8321)
05-04 18:37:17.183 29609 29609 E AndroidRuntime: 	at java.io.UnixFileSystem.checkAccess(UnixFileSystem.java:337)
05-04 18:37:17.183 29609 29609 E AndroidRuntime: 	at java.io.File.exists(File.java:829)
05-04 18:37:17.183 29609 29609 E AndroidRuntime: 	at android.app.ContextImpl.ensurePrivateDirExists(ContextImpl.java:796)
05-04 18:37:17.183 29609 29609 E AndroidRuntime: 	at android.app.ContextImpl.ensurePrivateDirExists(ContextImpl.java:787)
05-04 18:37:17.183 29609 29609 E AndroidRuntime: 	at android.app.ContextImpl.getPreferencesDir(ContextImpl.java:743)
05-04 18:37:17.183 29609 29609 E AndroidRuntime: 	at android.app.ContextImpl.getSharedPreferencesPath(ContextImpl.java:968)
05-04 18:37:17.183 29609 29609 E AndroidRuntime: 	at android.app.ContextImpl.getSharedPreferences(ContextImpl.java:589)
05-04 18:37:17.183 29609 29609 E AndroidRuntime: 	at android.content.ContextWrapper.getSharedPreferences(ContextWrapper.java:221)
05-04 18:37:17.183 29609 29609 E AndroidRuntime: 	at com.google.crypto.tink.integration.android.AndroidKeysetManager$Builder.readKeysetFromPrefs(AndroidKeysetManager.java:250)
05-04 18:37:17.183 29609 29609 E AndroidRuntime: 	at com.google.crypto.tink.integration.android.AndroidKeysetManager$Builder.build(AndroidKeysetManager.java:287)
05-04 18:37:17.183 29609 29609 E AndroidRuntime: 	at androidx.security.crypto.EncryptedSharedPreferences.create(EncryptedSharedPreferences.java:169)
05-04 18:37:17.183 29609 29609 E AndroidRuntime: 	at androidx.security.crypto.EncryptedSharedPreferences.create(EncryptedSharedPreferences.java:130)
05-04 18:37:17.183 29609 29609 E AndroidRuntime: 	at com.deepeye.musicpro.auth.YoutubeAuthManager.prefs_delegate$lambda$0(YoutubeAuthManager.kt:41)
05-04 18:37:17.183 29609 29609 E AndroidRuntime: 	at com.deepeye.musicpro.auth.YoutubeAuthManager.$r8$lambda$zdSasc3iMbY53tNridpo7uj6Rhk(Unknown Source:0)
05-04 18:37:17.183 29609 29609 E AndroidRuntime: 	at com.deepeye.musicpro.auth.YoutubeAuthManager$$ExternalSyntheticLambda0.invoke(D8$$SyntheticClass:0)
05-04 18:37:17.183 29609 29609 E AndroidRuntime: 	at kotlin.SynchronizedLazyImpl.getValue(LazyJVM.kt:74)
05-04 18:37:17.183 29609 29609 E AndroidRuntime: 	at com.deepeye.musicpro.auth.YoutubeAuthManager.getPrefs(YoutubeAuthManager.kt:35)
05-04 18:37:17.183 29609 29609 E AndroidRuntime: 	at com.deepeye.musicpro.auth.YoutubeAuthManager.getAccessToken(YoutubeAuthManager.kt:128)
05-04 18:37:17.183 29609 29609 E AndroidRuntime: 	at com.deepeye.musicpro.ui.home.HomeViewModel$loadHomeContent$1.invokeSuspend(HomeViewModel.kt:37)
05-04 18:37:17.183 29609 29609 E AndroidRuntime: 	at kotlin.coroutines.jvm.internal.BaseContinuationImpl.resumeWith(ContinuationImpl.kt:33)
05-04 18:37:17.183 29609 29609 E AndroidRuntime: 	at kotlinx.coroutines.internal.DispatchedContinuationKt.resumeCancellableWith(DispatchedContinuation.kt:359)
05-04 18:37:17.183 29609 29609 E AndroidRuntime: 	at kotlinx.coroutines.intrinsics.CancellableKt.startCoroutineCancellable(Cancellable.kt:26)
05-04 18:37:17.183 29609 29609 E AndroidRuntime: 	at kotlinx.coroutines.CoroutineStart.invoke(CoroutineStart.kt:358)
05-04 18:37:17.183 29609 29609 E AndroidRuntime: 	at kotlinx.coroutines.AbstractCoroutine.start(AbstractCoroutine.kt:124)
05-04 18:37:17.183 29609 29609 E AndroidRuntime: 	at kotlinx.coroutines.BuildersKt__Builders_commonKt.launch(Builders.common.kt:52)
05-04 18:37:17.183 29609 29609 E AndroidRuntime: 	at kotlinx.coroutines.BuildersKt.launch(Unknown Source:1)
05-04 18:37:17.183 29609 29609 E AndroidRuntime: 	at kotlinx.coroutines.BuildersKt__Builders_commonKt.launch$default(Builders.common.kt:43)
05-04 18:37:17.183 29609 29609 E AndroidRuntime: 	at kotlinx.coroutines.BuildersKt.launch$default(Unknown Source:1)
05-04 18:37:17.183 29609 29609 E AndroidRuntime: 	at com.deepeye.musicpro.ui.home.HomeViewModel.loadHomeContent(HomeViewModel.kt:35)
05-04 18:37:17.183 29609 29609 E AndroidRuntime: 	at com.deepeye.musicpro.ui.home.HomeFragment.onViewCreated(HomeFragment.kt:51)
05-04 18:37:17.183 29609 29609 E AndroidRuntime: 	at androidx.fragment.app.Fragment.performViewCreated(Fragment.java:3152)
05-04 18:37:17.183 29609 29609 E AndroidRuntime: 	at androidx.fragment.app.FragmentStateManager.createView(FragmentStateManager.java:608)
05-04 18:37:17.183 29609 29609 E AndroidRuntime: 	at androidx.fragment.app.FragmentStateManager.moveToExpectedState(FragmentStateManager.java:286)
05-04 18:37:17.183 29609 29609 E AndroidRuntime: 	at androidx.fragment.app.FragmentStore.moveToExpectedState(FragmentStore.java:114)
05-04 18:37:17.183 29609 29609 E AndroidRuntime: 	at androidx.fragment.app.FragmentManager.moveToState(FragmentManager.java:1685)
05-04 18:37:17.183 29609 29609 E AndroidRuntime: 	at androidx.fragment.app.FragmentManager.dispatchStateChange(FragmentManager.java:3319)
05-04 18:37:17.183 29609 29609 E AndroidRuntime: 	at androidx.fragment.app.FragmentManager.dispatchViewCreated(FragmentManager.java:3230)
05-04 18:37:17.183 29609 29609 E AndroidRuntime: 	at androidx.fragment.app.Fragment.performViewCreated(Fragment.java:3153)
05-04 18:37:17.183 29609 29609 E AndroidRuntime: 	at androidx.fragment.app.FragmentStateManager.createView(FragmentStateManager.java:608)
05-04 18:37:17.183 29609 29609 E AndroidRuntime: 	at androidx.fragment.app.FragmentStateManager.moveToExpectedState(FragmentStateManager.java:286)
05-04 18:37:17.183 29609 29609 E AndroidRuntime: 	at androidx.fragment.app.FragmentStore.moveToExpectedState(FragmentStore.java:114)
05-04 18:37:17.183 29609 29609 E AndroidRuntime: 	at androidx.fragment.app.FragmentManager.moveToState(FragmentManager.java:1685)
05-04 18:37:17.183 29609 29609 E AndroidRuntime: 	at androidx.fragment.app.FragmentManager.dispatchStateChange(FragmentManager.java:3319)
05-04 18:37:17.183 29609 29609 E AndroidRuntime: 	at androidx.fragment.app.FragmentManager.dispatchActivityCreated(FragmentManager.java:3237)
05-04 18:37:17.183 29609 29609 E AndroidRuntime: 	at androidx.fragment.app.FragmentController.dispatchActivityCreated(FragmentController.java:263)
05-04 18:37:17.183 29609 29609 E AndroidRuntime: 	at androidx.fragment.app.FragmentActivity.onStart(FragmentActivity.java:350)
05-04 18:37:17.183 29609 29609 E AndroidRuntime: 	at androidx.appcompat.app.AppCompatActivity.onStart(AppCompatActivity.java:251)
05-04 18:37:17.183 29609 29609 E AndroidRuntime: 	at android.app.Instrumentation.callActivityOnStart(Instrumentation.java:1582)
05-04 18:37:17.183 29609 29609 E AndroidRuntime: 	at android.app.Activity.performStart(Activity.java:8767)
05-04 18:37:17.183 29609 29609 E AndroidRuntime: 	at android.app.ActivityThread.handleStartActivity(ActivityThread.java:3942)
05-04 18:37:17.183 29609 29609 E AndroidRuntime: 	at android.app.servertransaction.TransactionExecutor.performLifecycleSequence(TransactionExecutor.java:225)
05-04 18:37:17.183 29609 29609 E AndroidRuntime: 	at android.app.servertransaction.TransactionExecutor.cycleToPath(TransactionExecutor.java:205)
05-04 18:37:17.183 29609 29609 E AndroidRuntime: 	at android.app.servertransaction.TransactionExecutor.executeLifecycleState(TransactionExecutor.java:177)
05-04 18:37:17.183 29609 29609 E AndroidRuntime: 	at android.app.servertransaction.TransactionExecutor.execute(TransactionExecutor.java:98)
05-04 18:37:17.183 29609 29609 E AndroidRuntime: 	at android.app.ActivityThread$H.handleMessage(ActivityThread.java:2567)
05-04 18:37:17.183 29609 29609 E AndroidRuntime: 	at android.os.Handler.dispatchMessage(Handler.java:111)
05-04 18:37:17.183 29609 29609 E AndroidRuntime: 	... 6 more
05-04 18:37:17.183 29609 29609 E CrashGuard: FATAL EXCEPTION: main
05-04 18:37:17.183 29609 29609 E CrashGuard: java.lang.RuntimeException: StrictMode ThreadPolicy violation
05-04 18:37:17.183 29609 29609 E CrashGuard: 	at android.os.StrictMode$AndroidBlockGuardPolicy.onThreadPolicyViolation(StrictMode.java:1900)
05-04 18:37:17.183 29609 29609 E CrashGuard: 	at android.os.StrictMode$AndroidBlockGuardPolicy.lambda$handleViolationWithTimingAttempt$0(StrictMode.java:1814)
05-04 18:37:17.183 29609 29609 E CrashGuard: 	at android.os.StrictMode$AndroidBlockGuardPolicy.$r8$lambda$AF9hglpXLeeg2_1ZxHCfZb2exEY(Unknown Source:0)
05-04 18:37:17.183 29609 29609 E CrashGuard: 	at android.os.StrictMode$AndroidBlockGuardPolicy$$ExternalSyntheticLambda1.run(Unknown Source:6)
05-04 18:37:17.183 29609 29609 E CrashGuard: 	at android.os.Handler.handleCallback(Handler.java:1000)
05-04 18:37:17.183 29609 29609 E CrashGuard: 	at android.os.Handler.dispatchMessage(Handler.java:104)
05-04 18:37:17.183 29609 29609 E CrashGuard: 	at android.os.Looper.loopOnce(Looper.java:242)
05-04 18:37:17.183 29609 29609 E CrashGuard: 	at android.os.Looper.loop(Looper.java:362)
05-04 18:37:17.183 29609 29609 E CrashGuard: 	at android.app.ActivityThread.main(ActivityThread.java:8448)
05-04 18:37:17.183 29609 29609 E CrashGuard: 	at java.lang.reflect.Method.invoke(Native Method)
05-04 18:37:17.183 29609 29609 E CrashGuard: 	at com.android.internal.os.RuntimeInit$MethodAndArgsCaller.run(RuntimeInit.java:552)
05-04 18:37:17.183 29609 29609 E CrashGuard: 	at com.android.internal.os.ZygoteInit.main(ZygoteInit.java:992)
05-04 18:37:17.183 29609 29609 E CrashGuard: Caused by: android.os.strictmode.DiskReadViolation
05-04 18:37:17.183 29609 29609 E CrashGuard: 	at android.os.StrictMode$AndroidBlockGuardPolicy.onReadFromDisk(StrictMode.java:1683)
05-04 18:37:17.183 29609 29609 E CrashGuard: 	at libcore.io.BlockGuardOs.access(BlockGuardOs.java:74)
05-04 18:37:17.183 29609 29609 E CrashGuard: 	at libcore.io.ForwardingOs.access(ForwardingOs.java:129)
05-04 18:37:17.183 29609 29609 E CrashGuard: 	at android.app.ActivityThread$AndroidOs.access(ActivityThread.java:8321)
05-04 18:37:17.183 29609 29609 E CrashGuard: 	at java.io.UnixFileSystem.checkAccess(UnixFileSystem.java:337)
05-04 18:37:17.183 29609 29609 E CrashGuard: 	at java.io.File.exists(File.java:829)
05-04 18:37:17.183 29609 29609 E CrashGuard: 	at android.app.ContextImpl.ensurePrivateDirExists(ContextImpl.java:796)
05-04 18:37:17.183 29609 29609 E CrashGuard: 	at android.app.ContextImpl.ensurePrivateDirExists(ContextImpl.java:787)
05-04 18:37:17.183 29609 29609 E CrashGuard: 	at android.app.ContextImpl.getPreferencesDir(ContextImpl.java:743)
05-04 18:37:17.183 29609 29609 E CrashGuard: 	at android.app.ContextImpl.getSharedPreferencesPath(ContextImpl.java:968)
05-04 18:37:17.183 29609 29609 E CrashGuard: 	at android.app.ContextImpl.getSharedPreferences(ContextImpl.java:589)
05-04 18:37:17.183 29609 29609 E CrashGuard: 	at android.content.ContextWrapper.getSharedPreferences(ContextWrapper.java:221)
05-04 18:37:17.183 29609 29609 E CrashGuard: 	at com.google.crypto.tink.integration.android.AndroidKeysetManager$Builder.readKeysetFromPrefs(AndroidKeysetManager.java:250)
05-04 18:37:17.183 29609 29609 E CrashGuard: 	at com.google.crypto.tink.integration.android.AndroidKeysetManager$Builder.build(AndroidKeysetManager.java:287)
05-04 18:37:17.183 29609 29609 E CrashGuard: 	at androidx.security.crypto.EncryptedSharedPreferences.create(EncryptedSharedPreferences.java:169)
05-04 18:37:17.183 29609 29609 E CrashGuard: 	at androidx.security.crypto.EncryptedSharedPreferences.create(EncryptedSharedPreferences.java:130)
05-04 18:37:17.183 29609 29609 E CrashGuard: 	at com.deepeye.musicpro.auth.YoutubeAuthManager.prefs_delegate$lambda$0(YoutubeAuthManager.kt:41)
05-04 18:37:17.183 29609 29609 E CrashGuard: 	at com.deepeye.musicpro.auth.YoutubeAuthManager.$r8$lambda$zdSasc3iMbY53tNridpo7uj6Rhk(Unknown Source:0)
05-04 18:37:17.183 29609 29609 E CrashGuard: 	at com.deepeye.musicpro.auth.YoutubeAuthManager$$ExternalSyntheticLambda0.invoke(D8$$SyntheticClass:0)
05-04 18:37:17.183 29609 29609 E CrashGuard: 	at kotlin.SynchronizedLazyImpl.getValue(LazyJVM.kt:74)
05-04 18:37:17.183 29609 29609 E CrashGuard: 	at com.deepeye.musicpro.auth.YoutubeAuthManager.getPrefs(YoutubeAuthManager.kt:35)
05-04 18:37:17.183 29609 29609 E CrashGuard: 	at com.deepeye.musicpro.auth.YoutubeAuthManager.getAccessToken(YoutubeAuthManager.kt:128)
05-04 18:37:17.183 29609 29609 E CrashGuard: 	at com.deepeye.musicpro.ui.home.HomeViewModel$loadHomeContent$1.invokeSuspend(HomeViewModel.kt:37)
05-04 18:37:17.183 29609 29609 E CrashGuard: 	at kotlin.coroutines.jvm.internal.BaseContinuationImpl.resumeWith(ContinuationImpl.kt:33)
05-04 18:37:17.183 29609 29609 E CrashGuard: 	at kotlinx.coroutines.internal.DispatchedContinuationKt.resumeCancellableWith(DispatchedContinuation.kt:359)
05-04 18:37:17.183 29609 29609 E CrashGuard: 	at kotlinx.coroutines.intrinsics.CancellableKt.startCoroutineCancellable(Cancellable.kt:26)
05-04 18:37:17.183 29609 29609 E CrashGuard: 	at kotlinx.coroutines.CoroutineStart.invoke(CoroutineStart.kt:358)
05-04 18:37:17.183 29609 29609 E CrashGuard: 	at kotlinx.coroutines.AbstractCoroutine.start(AbstractCoroutine.kt:124)
05-04 18:37:17.183 29609 29609 E CrashGuard: 	at kotlinx.coroutines.BuildersKt__Builders_commonKt.launch(Builders.common.kt:52)
05-04 18:37:17.183 29609 29609 E CrashGuard: 	at kotlinx.coroutines.BuildersKt.launch(Unknown Source:1)
05-04 18:37:17.183 29609 29609 E CrashGuard: 	at kotlinx.coroutines.BuildersKt__Builders_commonKt.launch$default(Builders.common.kt:43)
05-04 18:37:17.183 29609 29609 E CrashGuard: 	at kotlinx.coroutines.BuildersKt.launch$default(Unknown Source:1)
05-04 18:37:17.183 29609 29609 E CrashGuard: 	at com.deepeye.musicpro.ui.home.HomeViewModel.loadHomeContent(HomeViewModel.kt:35)
05-04 18:37:17.183 29609 29609 E CrashGuard: 	at com.deepeye.musicpro.ui.home.HomeFragment.onViewCreated(HomeFragment.kt:51)
05-04 18:37:17.183 29609 29609 E CrashGuard: 	at androidx.fragment.app.Fragment.performViewCreated(Fragment.java:3152)
05-04 18:37:17.183 29609 29609 E CrashGuard: 	at androidx.fragment.app.FragmentStateManager.createView(FragmentStateManager.java:608)
05-04 18:37:17.184 29609 29609 E CrashGuard: 	at androidx.fragment.app.FragmentStateManager.moveToExpectedState(FragmentStateManager.java:286)
05-04 18:37:17.184 29609 29609 E CrashGuard: 	at androidx.fragment.app.FragmentStore.moveToExpectedState(FragmentStore.java:114)
05-04 18:37:17.184 29609 29609 E CrashGuard: 	at androidx.fragment.app.FragmentManager.moveToState(FragmentManager.java:1685)
05-04 18:37:17.184 29609 29609 E CrashGuard: 	at androidx.fragment.app.FragmentManager.dispatchStateChange(FragmentManager.java:3319)
05-04 18:37:17.184 29609 29609 E CrashGuard: 	at androidx.fragment.app.FragmentManager.dispatchViewCreated(FragmentManager.java:3230)
05-04 18:37:17.184 29609 29609 E CrashGuard: 	at androidx.fragment.app.Fragment.performViewCreated(Fragment.java:3153)
05-04 18:37:17.184 29609 29609 E CrashGuard: 	at androidx.fragment.app.FragmentStateManager.createView(FragmentStateManager.java:608)
05-04 18:37:17.184 29609 29609 E CrashGuard: 	at androidx.fragment.app.FragmentStateManager.moveToExpectedState(FragmentStateManager.java:286)
05-04 18:37:17.184 29609 29609 E CrashGuard: 	at androidx.fragment.app.FragmentStore.moveToExpectedState(FragmentStore.java:114)
05-04 18:37:17.184 29609 29609 E CrashGuard: 	at androidx.fragment.app.FragmentManager.moveToState(FragmentManager.java:1685)
05-04 18:37:17.184 29609 29609 E CrashGuard: 	at androidx.fragment.app.FragmentManager.dispatchStateChange(FragmentManager.java:3319)
05-04 18:37:17.184 29609 29609 E CrashGuard: 	at androidx.fragment.app.FragmentManager.dispatchActivityCreated(FragmentManager.java:3237)
05-04 18:37:17.184 29609 29609 E CrashGuard: 	at androidx.fragment.app.FragmentController.dispatchActivityCreated(FragmentController.java:263)
05-04 18:37:17.184 29609 29609 E CrashGuard: 	at androidx.fragment.app.FragmentActivity.onStart(FragmentActivity.java:350)
05-04 18:37:17.184 29609 29609 E CrashGuard: 	at androidx.appcompat.app.AppCompatActivity.onStart(AppCompatActivity.java:251)
05-04 18:37:17.184 29609 29609 E CrashGuard: 	at android.app.Instrumentation.callActivityOnStart(Instrumentation.java:1582)
05-04 18:37:17.184 29609 29609 E CrashGuard: 	at android.app.Activity.performStart(Activity.java:8767)
05-04 18:37:17.184 29609 29609 E CrashGuard: 	at android.app.ActivityThread.handleStartActivity(ActivityThread.java:3942)
05-04 18:37:17.184 29609 29609 E CrashGuard: 	at android.app.servertransaction.TransactionExecutor.performLifecycleSequence(TransactionExecutor.java:225)
05-04 18:37:17.184 29609 29609 E CrashGuard: 	at android.app.servertransaction.TransactionExecutor.cycleToPath(TransactionExecutor.java:205)
05-04 18:37:17.184 29609 29609 E CrashGuard: 	at android.app.servertransaction.TransactionExecutor.executeLifecycleState(TransactionExecutor.java:177)
05-04 18:37:17.184 29609 29609 E CrashGuard: 	at android.app.servertransaction.TransactionExecutor.execute(TransactionExecutor.java:98)
05-04 18:37:17.184 29609 29609 E CrashGuard: 	at android.app.ActivityThread$H.handleMessage(ActivityThread.java:2567)
05-04 18:37:17.184 29609 29609 E CrashGuard: 	at android.os.Handler.dispatchMessage(Handler.java:111)
05-04 18:37:17.184 29609 29609 E CrashGuard: 	... 6 more
05-04 18:37:17.184 29609 29723 W FA      : Failed to retrieve Firebase Instance Id
05-04 18:37:17.185 29609 29609 E CrashGuard: Crash report saved locally to /data/user/0/com.deepeye.musicpro.debug/cache/crash_logs/crash_1777900037184.log
05-04 18:37:17.195 27765 27765 D BoundBrokerSvc: onRebind: Intent { act=com.google.android.gms.common.telemetry.service.START dat=chimera-action:/... cmp=com.google.android.gms/.chimera.PersistentApiService }
05-04 18:37:17.199  3064  5858 I AppsFilter: interaction: PackageSetting{1149fd0 com.deepeye.musicpro.debug/10502} -> PackageSetting{a14941e com.motorola.motosignature.app/10134} BLOCKED
05-04 18:37:17.201 27765 27765 D BoundBrokerSvc: onRebind: Intent { act=com.google.android.gms.presencemanager.service.START dat=chimera-action:/... cmp=com.google.android.gms/.chimera.PersistentApiService }
05-04 18:37:17.205 27765 27765 D BoundBrokerSvc: onRebind: Intent { act=com.google.android.gms.presencemanager.service.INTERNAL_IDENTITY dat=chimera-action:/... cmp=com.google.android.gms/.chimera.PersistentApiService }
05-04 18:37:17.216 14578 31070 E Ads     : Failed to retrieve DSID: 
05-04 18:37:17.216 14578 31070 E Ads     : cwyh: Failed to process request
05-04 18:37:17.216 14578 31070 E Ads     : 	at cwyo.a(:com.google.android.gms@261631029@26.16.31 (190400-900800821):23)
05-04 18:37:17.216 14578 31070 E Ads     : 	at cxck.b(:com.google.android.gms@261631029@26.16.31 (190400-900800821):15)
05-04 18:37:17.216 14578 31070 E Ads     : 	at cxdb.onFailed(:com.google.android.gms@261631029@26.16.31 (190400-900800821):15)
05-04 18:37:17.216 14578 31070 E Ads     : 	at m1.nu.onFailed(:com.google.android.gms.dynamite_cronetdynamite@261631029@26.16.31 (190400-0):3)
05-04 18:37:17.216 14578 31070 E Ads     : 	at m1.mq.run(:com.google.android.gms.dynamite_cronetdynamite@261631029@26.16.31 (190400-0):16)
05-04 18:37:17.216 14578 31070 E Ads     : 	at biwf.c(:com.google.android.gms@261631029@26.16.31 (190400-900800821):50)
05-04 18:37:17.216 14578 31070 E Ads     : 	at biwf.run(:com.google.android.gms@261631029@26.16.31 (190400-900800821):66)
05-04 18:37:17.216 14578 31070 E Ads     : 	at java.util.concurrent.ThreadPoolExecutor.runWorker(ThreadPoolExecutor.java:1154)
05-04 18:37:17.216 14578 31070 E Ads     : 	at java.util.concurrent.ThreadPoolExecutor$Worker.run(ThreadPoolExecutor.java:652)
05-04 18:37:17.216 14578 31070 E Ads     : 	at bjbw.run(:com.google.android.gms@261631029@26.16.31 (190400-900800821):8)
05-04 18:37:17.216 14578 31070 E Ads     : 	at java.lang.Thread.run(Thread.java:1564)
05-04 18:37:17.216 14578 31070 E Ads     : Caused by: m1.nd: Exception in CronetUrlRequest: net::ERR_CONNECTION_REFUSED, ErrorCode=7, InternalErrorCode=-102, Retryable=false
05-04 18:37:17.216 14578 31070 E Ads     : 	at org.chromium.net.impl.CronetUrlRequest.onError(:com.google.android.gms.dynamite_cronetdynamite@261631029@26.16.31 (190400-0):3)
05-04 18:37:17.224 14578 31070 E Ads     : Failed to retrieve DSID: 
05-04 18:37:17.224 14578 31070 E Ads     : cwyh: Failed to process request
05-04 18:37:17.224 14578 31070 E Ads     : 	at cwyo.a(:com.google.android.gms@261631029@26.16.31 (190400-900800821):23)
05-04 18:37:17.224 14578 31070 E Ads     : 	at cxck.b(:com.google.android.gms@261631029@26.16.31 (190400-900800821):15)
05-04 18:37:17.224 14578 31070 E Ads     : 	at cxdb.onFailed(:com.google.android.gms@261631029@26.16.31 (190400-900800821):15)
05-04 18:37:17.224 14578 31070 E Ads     : 	at m1.nu.onFailed(:com.google.android.gms.dynamite_cronetdynamite@261631029@26.16.31 (190400-0):3)
05-04 18:37:17.224 14578 31070 E Ads     : 	at m1.mq.run(:com.google.android.gms.dynamite_cronetdynamite@261631029@26.16.31 (190400-0):16)
05-04 18:37:17.224 14578 31070 E Ads     : 	at biwf.c(:com.google.android.gms@261631029@26.16.31 (190400-900800821):50)
05-04 18:37:17.224 14578 31070 E Ads     : 	at biwf.run(:com.google.android.gms@261631029@26.16.31 (190400-900800821):66)
05-04 18:37:17.224 14578 31070 E Ads     : 	at java.util.concurrent.ThreadPoolExecutor.runWorker(ThreadPoolExecutor.java:1154)
05-04 18:37:17.224 14578 31070 E Ads     : 	at java.util.concurrent.ThreadPoolExecutor$Worker.run(ThreadPoolExecutor.java:652)
05-04 18:37:17.224 14578 31070 E Ads     : 	at bjbw.run(:com.google.android.gms@261631029@26.16.31 (190400-900800821):8)
05-04 18:37:17.224 14578 31070 E Ads     : 	at java.lang.Thread.run(Thread.java:1564)
05-04 18:37:17.224 14578 31070 E Ads     : Caused by: m1.nd: Exception in CronetUrlRequest: net::ERR_CONNECTION_REFUSED, ErrorCode=7, InternalErrorCode=-102, Retryable=false
05-04 18:37:17.224 14578 31070 E Ads     : 	at org.chromium.net.impl.CronetUrlRequest.onError(:com.google.android.gms.dynamite_cronetdynamite@261631029@26.16.31 (190400-0):3)
05-04 18:37:17.230 14578 31070 E Ads     : Failed to retrieve DSID: 
05-04 18:37:17.230 14578 31070 E Ads     : cwyh: Failed to process request
05-04 18:37:17.230 14578 31070 E Ads     : 	at cwyo.a(:com.google.android.gms@261631029@26.16.31 (190400-900800821):23)
05-04 18:37:17.230 14578 31070 E Ads     : 	at cxck.b(:com.google.android.gms@261631029@26.16.31 (190400-900800821):15)
05-04 18:37:17.230 14578 31070 E Ads     : 	at cxdb.onFailed(:com.google.android.gms@261631029@26.16.31 (190400-900800821):15)
05-04 18:37:17.230 14578 31070 E Ads     : 	at m1.nu.onFailed(:com.google.android.gms.dynamite_cronetdynamite@261631029@26.16.31 (190400-0):3)
05-04 18:37:17.230 14578 31070 E Ads     : 	at m1.mq.run(:com.google.android.gms.dynamite_cronetdynamite@261631029@26.16.31 (190400-0):16)
05-04 18:37:17.230 14578 31070 E Ads     : 	at biwf.c(:com.google.android.gms@261631029@26.16.31 (190400-900800821):50)
05-04 18:37:17.230 14578 31070 E Ads     : 	at biwf.run(:com.google.android.gms@261631029@26.16.31 (190400-900800821):66)
05-04 18:37:17.230 14578 31070 E Ads     : 	at java.util.concurrent.ThreadPoolExecutor.runWorker(ThreadPoolExecutor.java:1154)
05-04 18:37:17.230 14578 31070 E Ads     : 	at java.util.concurrent.ThreadPoolExecutor$Worker.run(ThreadPoolExecutor.java:652)
05-04 18:37:17.230 14578 31070 E Ads     : 	at bjbw.run(:com.google.android.gms@261631029@26.16.31 (190400-900800821):8)
05-04 18:37:17.230 14578 31070 E Ads     : 	at java.lang.Thread.run(Thread.java:1564)
05-04 18:37:17.230 14578 31070 E Ads     : Caused by: m1.nd: Exception in CronetUrlRequest: net::ERR_CONNECTION_REFUSED, ErrorCode=7, InternalErrorCode=-102, Retryable=false
05-04 18:37:17.230 14578 31070 E Ads     : 	at org.chromium.net.impl.CronetUrlRequest.onError(:com.google.android.gms.dynamite_cronetdynamite@261631029@26.16.31 (190400-0):3)
05-04 18:37:17.241 14578 31070 E Ads     : Failed to retrieve DSID: 
05-04 18:37:17.241 14578 31070 E Ads     : cwyh: Failed to process request
05-04 18:37:17.241 14578 31070 E Ads     : 	at cwyo.a(:com.google.android.gms@261631029@26.16.31 (190400-900800821):23)
05-04 18:37:17.241 14578 31070 E Ads     : 	at cxck.b(:com.google.android.gms@261631029@26.16.31 (190400-900800821):15)
05-04 18:37:17.241 14578 31070 E Ads     : 	at cxdb.onFailed(:com.google.android.gms@261631029@26.16.31 (190400-900800821):15)
05-04 18:37:17.241 14578 31070 E Ads     : 	at m1.nu.onFailed(:com.google.android.gms.dynamite_cronetdynamite@261631029@26.16.31 (190400-0):3)
05-04 18:37:17.241 14578 31070 E Ads     : 	at m1.mq.run(:com.google.android.gms.dynamite_cronetdynamite@261631029@26.16.31 (190400-0):16)
05-04 18:37:17.241 14578 31070 E Ads     : 	at biwf.c(:com.google.android.gms@261631029@26.16.31 (190400-900800821):50)
05-04 18:37:17.241 14578 31070 E Ads     : 	at biwf.run(:com.google.android.gms@261631029@26.16.31 (190400-900800821):66)
05-04 18:37:17.241 14578 31070 E Ads     : 	at java.util.concurrent.ThreadPoolExecutor.runWorker(ThreadPoolExecutor.java:1154)
05-04 18:37:17.241 14578 31070 E Ads     : 	at java.util.concurrent.ThreadPoolExecutor$Worker.run(ThreadPoolExecutor.java:652)
05-04 18:37:17.241 14578 31070 E Ads     : 	at bjbw.run(:com.google.android.gms@261631029@26.16.31 (190400-900800821):8)
05-04 18:37:17.241 14578 31070 E Ads     : 	at java.lang.Thread.run(Thread.java:1564)
05-04 18:37:17.241 14578 31070 E Ads     : Caused by: m1.nd: Exception in CronetUrlRequest: net::ERR_CONNECTION_REFUSED, ErrorCode=7, InternalErrorCode=-102, Retryable=false
05-04 18:37:17.241 14578 31070 E Ads     : 	at org.chromium.net.impl.CronetUrlRequest.onError(:com.google.android.gms.dynamite_cronetdynamite@261631029@26.16.31 (190400-0):3)
05-04 18:37:17.249 14578 31070 E Ads     : Failed to retrieve DSID: 
05-04 18:37:17.249 14578 31070 E Ads     : cwyh: Failed to process request
05-04 18:37:17.249 14578 31070 E Ads     : 	at cwyo.a(:com.google.android.gms@261631029@26.16.31 (190400-900800821):23)
05-04 18:37:17.249 14578 31070 E Ads     : 	at cxck.b(:com.google.android.gms@261631029@26.16.31 (190400-900800821):15)
05-04 18:37:17.249 14578 31070 E Ads     : 	at cxdb.onFailed(:com.google.android.gms@261631029@26.16.31 (190400-900800821):15)
05-04 18:37:17.249 14578 31070 E Ads     : 	at m1.nu.onFailed(:com.google.android.gms.dynamite_cronetdynamite@261631029@26.16.31 (190400-0):3)
05-04 18:37:17.249 14578 31070 E Ads     : 	at m1.mq.run(:com.google.android.gms.dynamite_cronetdynamite@261631029@26.16.31 (190400-0):16)
05-04 18:37:17.249 14578 31070 E Ads     : 	at biwf.c(:com.google.android.gms@261631029@26.16.31 (190400-900800821):50)
05-04 18:37:17.249 14578 31070 E Ads     : 	at biwf.run(:com.google.android.gms@261631029@26.16.31 (190400-900800821):66)
05-04 18:37:17.249 14578 31070 E Ads     : 	at java.util.concurrent.ThreadPoolExecutor.runWorker(ThreadPoolExecutor.java:1154)
05-04 18:37:17.249 14578 31070 E Ads     : 	at java.util.concurrent.ThreadPoolExecutor$Worker.run(ThreadPoolExecutor.java:652)
05-04 18:37:17.249 14578 31070 E Ads     : 	at bjbw.run(:com.google.android.gms@261631029@26.16.31 (190400-900800821):8)
05-04 18:37:17.249 14578 31070 E Ads     : 	at java.lang.Thread.run(Thread.java:1564)
05-04 18:37:17.249 14578 31070 E Ads     : Caused by: m1.nd: Exception in CronetUrlRequest: net::ERR_CONNECTION_REFUSED, ErrorCode=7, InternalErrorCode=-102, Retryable=false
05-04 18:37:17.249 14578 31070 E Ads     : 	at org.chromium.net.impl.CronetUrlRequest.onError(:com.google.android.gms.dynamite_cronetdynamite@261631029@26.16.31 (190400-0):3)
05-04 18:37:17.249 14578 31070 I Ads     : Immediate DSID task failed. Scheduling one-off
05-04 18:37:17.271 29609 29730 W FirebaseCrashlytics: Unable to read App Quality Sessions session id.
05-04 18:37:17.284 29609 29730 D libcrashlytics: Initializing libcrashlytics version 3.2.0
05-04 18:37:17.285 29609 29730 D libcrashlytics: Initializing native crash handling successful.
05-04 18:37:17.288  3064 29786 I DropBoxManagerService: add tag=data_app_crash isTagEnabled=true flags=0x2
05-04 18:37:17.288  3064  5858 W ActivityTaskManager:   Force finishing activity com.deepeye.musicpro.debug/com.deepeye.musicpro.ui.MainActivity
05-04 18:37:17.289  3827  3912 V WindowManagerShell: Transition requested: android.os.BinderProxy@927aee9 TransitionRequestInfo { type = 2, triggerTask = null, remoteTransition = null, displayChange = null, flags = 16 }
05-04 18:37:17.289  3064  5858 D ActivityTrigger: ActivityTrigger activityPauseTrigger 
05-04 18:37:17.291  3064  3368 I ActivityManager: 10502 handleShowAppErrorUi: shouldThottle=false,showFirstCrash=false,repeating=false,shouldForceShowError=false
05-04 18:37:17.291 29609 29609 I Process : Sending signal. PID: 29609 SIG: 9
05-04 18:37:17.298  1858  1858 I BpBinder: onLastStrongRef automatically unlinking death recipients: 
05-04 18:37:17.313  7521  7521 I adbd    : Remote process closed the socket (on MSG_PEEK)
05-04 18:37:17.313  3064  4412 I WindowManager: WIN DEATH: Window{dd9d164 u0 com.deepeye.musicpro.debug/com.deepeye.musicpro.ui.MainActivity}
05-04 18:37:17.313  3064  4412 W InputManager-JNI: Input channel object 'dd9d164 com.deepeye.musicpro.debug/com.deepeye.musicpro.ui.MainActivity (client)' was disposed without first being removed with the input manager!
05-04 18:37:17.314  3064  5857 I ActivityManager: appDiedLocked: app=ProcessRecord{4806db8 29609:com.deepeye.musicpro.debug/u0a502} thread=android.os.BinderProxy@e8838ad fromBinderDied=true isKilledByAm=false reason=null
05-04 18:37:17.314  3064  5857 I ActivityManager: Process com.deepeye.musicpro.debug (pid 29609) has died: fg  TOP 
05-04 18:37:17.314  3064  3404 I libprocessgroup: Successfully killed process cgroup uid 10502 pid 29609 in 0ms
05-04 18:37:17.315  1587  1587 I Zygote  : Process 29609 exited due to signal 9 (Killed)
05-04 18:37:17.316 27765 27765 D BoundBrokerSvc: onUnbind: Intent { act=com.google.android.gms.common.telemetry.service.START dat=chimera-action:/... cmp=com.google.android.gms/.chimera.PersistentApiService }
05-04 18:37:17.316  3064  5857 D RestartModeController: markWaitRestartAppIsSuicided null processName=com.deepeye.musicpro.debug
05-04 18:37:17.316  3064  5857 D ActivityTaskManager: handleAppDied: uid=10502,diedCount=1,lastDiedTime=732551383,forceStopUids=false
05-04 18:37:17.317  1585 29772 W SocketClient: write error (Broken pipe)
05-04 18:37:17.317  1585 29775 W SocketClient: write error (Broken pipe)
05-04 18:37:17.318  1798  2035 W ANDR-PERF-LM: MetaMeter: handlePrimaryAsync() 118: AdaptLaunch MetaMeter. No MeterMgr Available to handle this Primary Async. !!!!
05-04 18:37:17.318  1798  2035 W ANDR-PERF-LM: MetaMeter: handlePrimaryAsync() 118: AdaptLaunch MetaMeter. No MeterMgr Available to handle this Primary Async. !!!!
05-04 18:37:17.320  1585 29775 W resolv  : GetAddrInfoHandler::run: Error writing DNS result to client uid 10502 pid 29609: Broken pipe
05-04 18:37:17.321  1585 29772 W resolv  : GetAddrInfoHandler::run: Error writing DNS result to client uid 10502 pid 29609: Broken pipe
05-04 18:37:17.322  3064  3370 W ActivityManager: setHasOverlayUi called on unknown pid: 29609
05-04 18:37:17.323  3064  3368 D DisplayManagerService: Drop pending events for gone uid 10502
05-04 18:37:17.326 10800 10837 E OpenGLRenderer: Unable to match the desired swap behavior.
05-04 18:37:17.328 20981 21011 E OpenGLRenderer: Unable to match the desired swap behavior.
05-04 18:37:17.339 10800 10800 I bwmt    : onResume
05-04 18:37:17.342  3064  3367 V WindowManager: Sent Transition #6175 createdAt=05-04 18:37:17.288 via request=TransitionRequestInfo { type = 2, triggerTask = null, remoteTransition = null, displayChange = null, flags = 16 }
05-04 18:37:17.342  3064  3367 V WindowManager:     startWCT=WindowContainerTransaction { changes = {} hops = [] errorCallbackToken=null taskFragmentOrganizer=null }
05-04 18:37:17.342  3064  3367 V WindowManager:     info={id=6175 t=CLOSE f=0x10 trk=0 r=[0@Point(0, 0)] c=[{WCT{RemoteToken{9a2e0c9 Task{97f56a1 #1 type=home}}} m=TO_FRONT f=SHOW_WALLPAPER|MOVE_TO_TOP pTaskId=-1 leash=Surface(name=Task=1)/@0x5e976da sb=Rect(0, 0 - 1080, 2400) eb=Rect(0, 0 - 1080, 2400) d=0},{WCT{RemoteToken{3fbd821 Task{f023917 #3785 type=standard A=10502:com.deepeye.musicpro.debug}}} m=CLOSE f=NONE pTaskId=-1 leash=Surface(name=Task=3785)/@0xb63022b sb=Rect(0, 0 - 1080, 2400) eb=Rect(0, 0 - 1080, 2400) d=0},{null m=TO_FRONT f=IS_WALLPAPER leash=Surface(name=WallpaperWindowToken{69b9f27 token=android.os.Binder@8253de6})/@0x9a1864e sb=Rect(0, 0 - 1080, 2400) eb=Rect(0, 0 - 1080, 2400) d=0}]}
05-04 18:37:17.343  3827  3912 V WindowManagerShell: onTransitionReady android.os.BinderProxy@927aee9: {id=6175 t=CLOSE f=0x10 trk=0 r=[0@Point(0, 0)] c=[{WCT{android.window.IWindowContainerToken$Stub$Proxy@1656c2b} m=TO_FRONT f=SHOW_WALLPAPER|MOVE_TO_TOP pTaskId=-1 leash=Surface(name=Task=1)/@0x5ccfe0f sb=Rect(0, 0 - 1080, 2400) eb=Rect(0, 0 - 1080, 2400) d=0},{WCT{android.window.IWindowContainerToken$Stub$Proxy@3665888} m=CLOSE f=NONE pTaskId=-1 leash=Surface(name=Task=3785)/@0xc4aee9c sb=Rect(0, 0 - 1080, 2400) eb=Rect(0, 0 - 1080, 2400) d=0},{null m=TO_FRONT f=IS_WALLPAPER leash=Surface(name=WallpaperWindowToken{69b9f27 token=android.os.Binder@8253de6})/@0x94350a5 sb=Rect(0, 0 - 1080, 2400) eb=Rect(0, 0 - 1080, 2400) d=0}]}
05-04 18:37:17.343  3827  3912 V WindowManagerShell: Playing animation for (#6175)android.os.BinderProxy@927aee9@0
05-04 18:37:17.343  3827  3912 V WindowManagerShell:  try handler com.android.wm.shell.transition.DefaultMixedHandler@9f0b165
05-04 18:37:17.343  3827  3912 V WindowManagerShell:  try handler com.android.wm.shell.keyguard.KeyguardTransitionHandler@aa67e3a
05-04 18:37:17.343  3827  3912 V WindowManagerShell:  try handler com.android.wm.shell.activityembedding.ActivityEmbeddingController@e359aeb
05-04 18:37:17.343  3827  3912 V WindowManagerShell:  try handler com.android.wm.shell.recents.RecentsTransitionHandler@ec8c048
05-04 18:37:17.343  3827  3912 V ShellRecents: RecentsTransitionHandler.startAnimation: no controller found
05-04 18:37:17.343  3827  3912 V WindowManagerShell:  try handler com.android.wm.shell.pip.PipTransition@5bffee1
05-04 18:37:17.343  3827  3912 V WindowManagerShell:  try handler com.android.wm.shell.splitscreen.StageCoordinator@56e4406
05-04 18:37:17.343  3827  3912 V WindowManagerShell:  try handler com.android.wm.shell.transition.RemoteTransitionHandler@b50fac7
05-04 18:37:17.343  3827  3912 V WindowManagerShell: Transition doesn't have explicit remote, search filters for match for {id=6175 t=CLOSE f=0x10 trk=0 r=[0@Point(0, 0)] c=[{WCT{android.window.IWindowContainerToken$Stub$Proxy@1656c2b} m=TO_FRONT f=SHOW_WALLPAPER|MOVE_TO_TOP pTaskId=-1 leash=Surface(name=Task=1)/@0x5ccfe0f sb=Rect(0, 0 - 1080, 2400) eb=Rect(0, 0 - 1080, 2400) d=0},{WCT{android.window.IWindowContainerToken$Stub$Proxy@3665888} m=CLOSE f=NONE pTaskId=-1 leash=Surface(name=Task=3785)/@0xc4aee9c sb=Rect(0, 0 - 1080, 2400) eb=Rect(0, 0 - 1080, 2400) d=0},{null m=TO_FRONT f=IS_WALLPAPER leash=Surface(name=WallpaperWindowToken{69b9f27 token=android.os.Binder@8253de6})/@0x94350a5 sb=Rect(0, 0 - 1080, 2400) eb=Rect(0, 0 - 1080, 2400) d=0}]}
05-04 18:37:17.343  3827  3912 V WindowManagerShell:  Checking filter Pair{{types=[] flags=0x0] notFlags=0x100 checks=[{atype=home independent=true modes=[OPEN,TO_FRONT] flags=NONE mustBeTask=false order=TOP topActivity=ComponentInfo{com.motorola.launcher3/com.android.launcher3.uioverrides.QuickstepLauncher}},{atype=standard independent=true modes=[CLOSE,TO_BACK] flags=NONE mustBeTask=false order=ANY topActivity=null}]} RemoteTransition { remoteTransition = android.window.IRemoteTransition$Stub$Proxy@4795a1a, appThread = android.app.IApplicationThread$Stub$Proxy@b3b794b, debugName = QuickstepLaunchHome }}
05-04 18:37:17.343  3827  3912 D RemoteTransitionHandler: Found filterPair{{types=[] flags=0x0] notFlags=0x100 checks=[{atype=home independent=true modes=[OPEN,TO_FRONT] flags=NONE mustBeTask=false order=TOP topActivity=ComponentInfo{com.motorola.launcher3/com.android.launcher3.uioverrides.QuickstepLauncher}},{atype=standard independent=true modes=[CLOSE,TO_BACK] flags=NONE mustBeTask=false order=ANY topActivity=null}]} RemoteTransition { remoteTransition = android.window.IRemoteTransition$Stub$Proxy@4795a1a, appThread = android.app.IApplicationThread$Stub$Proxy@b3b794b, debugName = QuickstepLaunchHome }}
05-04 18:37:17.343  3827  3912 V WindowManagerShell:  Delegate animation for #6175 to RemoteTransition { remoteTransition = android.window.IRemoteTransition$Stub$Proxy@4795a1a, appThread = android.app.IApplicationThread$Stub$Proxy@b3b794b, debugName = QuickstepLaunchHome }
05-04 18:37:17.343 20981 21006 D QuickstepModelDelegate: notifyAppTargetEvent action=1 launchLocation=workspace/0/[-1,-1]/[1,1]
05-04 18:37:17.345  3064  5855 D PowerManagerService: nativeSetPowerMode ret:false mode:5 enabled:false duration ms: 0
05-04 18:37:17.346  3064  5855 D PowerManagerService: nativeReleaseSuspendBlocker name:PowerManagerService.WakeLocks duration ms: 0
05-04 18:37:17.346  3827  3912 V WindowManagerShell:  animated by com.android.wm.shell.transition.RemoteTransitionHandler@b50fac7
05-04 18:37:17.356  3827  3949 D Surface : Surface::disconnect
05-04 18:37:17.356  3827  3949 D BufferQueueProducer: [VRI[debug]#7209(BLAST Consumer)7209](id:ef300001c31,api:1,p:3827,c:3827) disconnect: api 1
05-04 18:37:17.361  3064  4512 I ImeTracker: com.motorola.launcher3:c16dc1db: onRequestHide at ORIGIN_SERVER_HIDE_INPUT reason HIDE_SAME_WINDOW_FOCUSED_WITHOUT_EDITOR
05-04 18:37:17.361  3064  4512 I ImeTracker: com.motorola.launcher3:c16dc1db: onCancelled at PHASE_SERVER_SHOULD_HIDE
05-04 18:37:17.361  3827  3925 W WindowOnBackDispatcher: sendCancelIfRunning: isInProgress=falsecallback=android.view.ViewRootImpl$$ExternalSyntheticLambda17@2804ce6
05-04 18:37:17.362  3064  9177 W InputManager-JNI: Input channel object 'fdf56e Splash Screen com.deepeye.musicpro.debug (client)' was disposed without first being removed with the input manager!
05-04 18:37:17.363  3064  5857 W WindowManager: Failed looking up window session=Session{1f95ba7 3827:u0a10342} callers=com.android.server.wm.WindowManagerService.windowForClientLocked:6558 com.android.server.wm.Session.setOnBackInvokedCallbackInfo:989 android.view.IWindowSession$Stub.onTransact:1204 
05-04 18:37:17.363  3064  5857 W WindowManager: win is null client=android.os.BinderProxy@17374e9
05-04 18:37:17.363  3064  5857 I WindowManager: setOnBackInvokedCallback(): No window state for package:com.android.systemui
05-04 18:37:17.364 23155 23155 I GoogleInputMethodService: GoogleInputMethodService.onFinishInput():2259 
05-04 18:37:17.364 23155 23155 I Module  : DeviceLockedStatusModuleProvider$Module.updateDeviceLockedStatus():103 repeatCheckTimes = 0, locked = false
05-04 18:37:17.365 23155 23155 I GoogleInputMethodService: GoogleInputMethodService.onStartInput():1446 onStartInput(EditorInfo{EditorInfo{packageName=com.motorola.launcher3, inputType=0, inputTypeString=NULL, enableLearning=false, autoCorrection=false, autoComplete=false, imeOptions=0, privateImeOptions=null, actionName=UNSPECIFIED, actionLabel=null, initialSelStart=-1, initialSelEnd=-1, initialCapsMode=0, label=null, fieldId=0, fieldName=null, extras=null, hintText=null, hintLocales=[]}}, false)
05-04 18:37:17.365 23155 23155 I AndroidIME: LatinIMEBase.updateInputViewCoverNavigation():322 Update input view padding, isNavbarOverInputWindow=false, bottom inset=102
05-04 18:37:17.365 23155 23155 I Module  : DeviceLockedStatusModuleProvider$Module.updateDeviceLockedStatus():103 repeatCheckTimes = 1, locked = false
05-04 18:37:17.365  3064  4412 W PackageConfigPersister: App-specific configuration not found for packageName: com.motorola.launcher3 and userId: 0
05-04 18:37:17.371  1746  1746 I QTI PowerHAL: Power setMode: 6 to: 1
05-04 18:37:17.371  1746  1746 E QTI PowerHAL: Failed to acquire lock for hint_id: 10A5.
05-04 18:37:17.373  1746  1746 I QTI PowerHAL: Power setMode: 6 to: 0
05-04 18:37:17.583 10311 10487 I ThermalEngine: Monitor:ACTIVE:MON-MSM-charge:battery=9:CHG-SENSORS=41103
05-04 18:37:17.638  3827  3912 V WindowManagerShell: Transition animation finished (aborted=false), notifying core (#6175)android.os.BinderProxy@927aee9@0
05-04 18:37:17.639  3064  3367 V WindowManager: Finish Transition #6175: created at 05-04 18:37:17.288 collect-started=0.026ms request-sent=0.05ms started=2.581ms ready=30.555ms sent=53.185ms finished=350.869ms
05-04 18:37:17.642  3827  3912 V WindowManagerShell: Track 0 became idle
05-04 18:37:17.642  3827  3912 V WindowManagerShell: All active transition animations finished
05-04 18:37:17.644  5894 16279 W MotoFreeForm: [FreeFormController] onTaskRemoved 3785
05-04 18:37:17.644  5894 16279 W MotoFreeForm: [FreeFormController] onTaskRemoved 3785
05-04 18:37:17.782 14578 29797 W FA-SVC  : Gms url request failed, app: com.jio.myjio, CONFIG, m1.nd: Exception in CronetUrlRequest: net::ERR_CONNECTION_REFUSED, ErrorCode=7, InternalErrorCode=-102, Retryable=false
05-04 18:37:17.789  3064  3370 W ActivityTaskManager: Activity top resumed state loss timeout for ActivityRecord{a0260b1 u0 com.deepeye.musicpro.debug/com.deepeye.musicpro.ui.MainActivity t-1 f}}
05-04 18:37:17.798  3064  4512 D PowerManagerService: nativeAcquireSuspendBlocker name:PowerManagerService.WakeLocks duration ms: 0
05-04 18:37:17.801  3064  4512 D PowerManagerService: nativeReleaseSuspendBlocker name:PowerManagerService.WakeLocks duration ms: 0
05-04 18:37:17.848  1798  5376 E ANDR-PERF-LM: VmRssMeter:: start() 358: Could not find pid, can not collect vmrss data
05-04 18:37:17.848  1798  5376 E ANDR-PERF-LM: AdaptiveLaunch: writeToDataBase() 64: Meter aborted or could not get meter data for this run
05-04 18:37:17.852  1798  5375 E ANDR-PERF-LM: VmRssMeter:: start() 358: Could not find pid, can not collect vmrss data
05-04 18:37:18.232  3064  3736 D WifiStaIfaceHidlImpl: getCachedScanData is not implemented by HIDL
05-04 18:37:18.235  3064  3736 I HalDevMgr: bestIfaceCreationProposal is null, requestIface=STA, existingIface=[name=ap_br_wlan2 type=AP_BRIDGE, name=wlan0 type=STA]
05-04 18:37:18.259 17482 18169 I MotoDesktopLog: [ AppStreamListServiceHelper ] - initAppStreamListDelayQueue() real call
05-04 18:37:18.495 29601 29601 I AidlLazyServiceRegistrar: Process has 1 (of 1 available) client(s) in use after notification artd has clients: 1
05-04 18:37:18.764 10311 10487 I ThermalEngine: Monitor:ACTIVE:FREEZE-CHG:freeze_rule=1:DETECT-STANDBY=1
05-04 18:37:18.764 10311 10487 I ThermalEngine: ACTION: freeze_rule - Setting freeze_rule to 1
05-04 18:37:18.764 10311 10487 I ThermalEngine: Monitor:ACTIVE:OVERRIDE-CHG:internal_override=1:DETECT-STANDBY=1
05-04 18:37:18.764 10311 10487 I ThermalEngine: ACTION: override_c - Setting override_c to 1
05-04 18:37:18.764 10311 10485 I ThermalEngine: Thermal-Server: Thermal received msg from  override_c
05-04 18:37:18.764 10311 29802 I Thermal-Lib: Thermal-Lib-Client: Client request sent
05-04 18:37:18.764 10311 10485 I ThermalEngine: Thermal-Server: Thermal received msg from  freezing
05-04 18:37:18.764 10311 29801 I Thermal-Lib: Thermal-Lib-Client: Client request sent
05-04 18:37:18.826  1798  2034 E ANDR-PERF-UTIL: Failed to update node /proc/sys/walt/sched_per_task_boost with value 29609 0
05-04 18:37:18.826  1798  2034 E ANDR-PERF-OPTSHANDLER: can't reset task 29609
05-04 18:37:18.826  1798  2034 E ANDR-PERF-RESOURCEQS: Failed to reset optimization [3, 32]
05-04 18:37:21.249  3064  3736 D WifiStaIfaceHidlImpl: getCachedScanData is not implemented by HIDL
05-04 18:37:21.254  3064  3736 I HalDevMgr: bestIfaceCreationProposal is null, requestIface=STA, existingIface=[name=ap_br_wlan2 type=AP_BRIDGE, name=wlan0 type=STA]
05-04 18:37:21.442  1830 10078 I QC2Comp : [avcD_1124] Stats: Pending(9) i/p-done(5) Works: Q: 28/Done 20|Work-Rate: Q(0.0/s Avg=0.0/s) Done(0.000/s Avg=0.002/s)| Stream: 30.00fps 203.8Kbps
05-04 18:37:21.442  1830 10078 I QC2Comp : [avcD_1124] Mem-usage:  [In-1D: 6 bufs 17.930 MB] [1D-2226: 16 bufs 0.250 MB] [2D-2227: 20 bufs 28.438 MB] | Total: 46.617 MB
05-04 18:37:22.159  1737  7987 I vendor.qti.bluetooth@1.0-ibs_handler: ProcessIbsCmd: Received IBS_WAKE_IND: 0xFD
05-04 18:37:22.159  1737  7987 D vendor.qti.bluetooth@1.0-ibs_handler: SerialClockVote: vote for UART CLK ON
05-04 18:37:22.159  1737  7987 D vendor.qti.bluetooth@1.0-wake_lock: Acquire wakelock is acquired 
05-04 18:37:22.159  1737  7987 I vendor.qti.bluetooth@1.0-ibs_handler: ProcessIbsCmd: Writing IBS_WAKE_ACK
05-04 18:37:22.162  7916  7989 I bt_stack: [INFO:btm_ble_gap.cc(3287)] btm_ble_process_adv_pkt_cont Data Complete 31:8f:ff:cb:1e:ec
05-04 18:37:22.162  7916  7989 D bt_btm_ble: bool parse_adv_audio_uuids_from_adv_pkt(const uint8_t *, size_t, uint8_t): tmap_cap_pts: false
05-04 18:37:22.165 27765 29347 I NearbyConnections: Found BleAdvertisement [ 0x23 0x46 0x50 0x56 0x41 0x11 0x32 0x3c 0x3f 0xa7 0x9f 0xaf 0xe2 0x75 0x8f 0x17 0xf1 0xba 0x93 0xd0 0x7a 0x35 0x84 ] (with EndpointId FPVA and EndpointInfo [ 0x32 0x3c 0x3f 0xa7 0x9f 0xaf 0xe2 0x75 0x8f 0x17 0xf1 0xba 0x93 0xd0 0x7a 0x35 0x84 ])
05-04 18:37:22.167 27765 29347 I NearbyConnections: Unable to record discovered endpoint due to null currentDiscoveryPhase
05-04 18:37:22.167 27765 29347 I NearbyConnections: ClientProxy(214472614 0p:com.google.android.gms.nearby.sharing) reporting onEndpointFound(FPVA)
05-04 18:37:22.167 27765 29347 I NearbyConnections: ClientProxy(214472614) reporting onEndpointDistanceChanged(FPVA, UNKNOWN)
05-04 18:37:22.167 27765 29287 I NearbySharing: NearbySharing Internal event EndpointDiscovered(endpointId=FPVA)
05-04 18:37:22.202  1737  7987 I vendor.qti.bluetooth@1.0-ibs_handler: ProcessIbsCmd: Received IBS_SLEEP_IND: 0xFE
05-04 18:37:22.202  1737  7987 D vendor.qti.bluetooth@1.0-ibs_handler: SerialClockVote: vote for UART CLK OFF
05-04 18:37:22.267  3064  3524 D PowerManagerService: nativeAcquireSuspendBlocker name:PowerManagerService.WakeLocks duration ms: 1
05-04 18:37:22.270  3064  3064 D PowerManagerService: nativeReleaseSuspendBlocker name:PowerManagerService.WakeLocks duration ms: 0
05-04 18:37:22.272  3064  9177 D PowerManagerService: nativeAcquireSuspendBlocker name:PowerManagerService.WakeLocks duration ms: 0
05-04 18:37:22.275  3064  9177 D PowerManagerService: nativeReleaseSuspendBlocker name:PowerManagerService.WakeLocks duration ms: 0
05-04 18:37:22.352  1737  7960 D vendor.qti.bluetooth@1.0-wake_lock: Release wakelock is released 
05-04 18:37:23.170  3064  3477 I ActivityManager: PendingStartActivityUids startActivity to updateOomAdj delay:5381ms, uid:10296
05-04 18:37:24.264  3064  3736 D WifiStaIfaceHidlImpl: getCachedScanData is not implemented by HIDL
05-04 18:37:24.269  3064  3736 I HalDevMgr: bestIfaceCreationProposal is null, requestIface=STA, existingIface=[name=ap_br_wlan2 type=AP_BRIDGE, name=wlan0 type=STA]
05-04 18:37:24.447 27765 29287 I NearbyMediums: Found Fast Ble Advertisements :
05-04 18:37:24.447 27765 29287 I NearbyMediums: BleAdvertisement { version=2, socketVersion=2, isFast=true, serviceIdHash=null, data=[ 0x23 0x46 0x50 0x56 0x41 0x11 0x32 0x3c 0x3f 0xa7 0x9f 0xaf 0xe2 0x75 0x8f 0x17 0xf1 0xba 0x93 0xd0 0x7a 0x35 0x84 ], deviceToken=[ 0x3e 0x82 ], rxAdvertisement=null } : 1 times.
05-04 18:37:24.447 27765 29287 I NearbyMediums: Total 1 fast advertisements from 1 unique advertisers.
05-04 18:37:24.447 27765 29287 I NearbyMediums: Current Tracked Scanning Clients are : {NearbyConnections.EnvironmentMonitor, NearbySharing, NearbyConnections.TxAdvertisement}
05-04 18:37:24.599  3064  3524 D PowerManagerService: nativeAcquireSuspendBlocker name:PowerManagerService.WakeLocks duration ms: 1
05-04 18:37:24.601  3064 29803 D PowerManagerService: nativeReleaseSuspendBlocker name:PowerManagerService.WakeLocks duration ms: 1
05-04 18:37:26.291  1737  7987 I vendor.qti.bluetooth@1.0-ibs_handler: ProcessIbsCmd: Received IBS_WAKE_IND: 0xFD
05-04 18:37:26.291  1737  7987 D vendor.qti.bluetooth@1.0-ibs_handler: SerialClockVote: vote for UART CLK ON
05-04 18:37:26.291  1737  7987 D vendor.qti.bluetooth@1.0-wake_lock: Acquire wakelock is acquired 
05-04 18:37:26.291  1737  7987 I vendor.qti.bluetooth@1.0-ibs_handler: ProcessIbsCmd: Writing IBS_WAKE_ACK
05-04 18:37:26.293  7916  7989 I bt_stack: [INFO:btm_ble_gap.cc(3287)] btm_ble_process_adv_pkt_cont Data Complete 31:8f:ff:cb:1e:ec
05-04 18:37:26.293  7916  7989 D bt_btm_ble: bool parse_adv_audio_uuids_from_adv_pkt(const uint8_t *, size_t, uint8_t): tmap_cap_pts: false
05-04 18:37:26.333  1737  7987 I vendor.qti.bluetooth@1.0-ibs_handler: ProcessIbsCmd: Received IBS_SLEEP_IND: 0xFE
05-04 18:37:26.333  1737  7987 D vendor.qti.bluetooth@1.0-ibs_handler: SerialClockVote: vote for UART CLK OFF
05-04 18:37:26.444  1830 10078 I QC2Comp : [avcD_1124] Stats: Pending(9) i/p-done(5) Works: Q: 28/Done 20|Work-Rate: Q(0.0/s Avg=0.0/s) Done(0.000/s Avg=0.002/s)| Stream: 30.00fps 203.8Kbps
05-04 18:37:26.444  1830 10078 I QC2Comp : [avcD_1124] Mem-usage:  [In-1D: 6 bufs 17.930 MB] [1D-2226: 16 bufs 0.250 MB] [2D-2227: 20 bufs 28.438 MB] | Total: 46.617 MB
05-04 18:37:26.484  1737  7960 D vendor.qti.bluetooth@1.0-wake_lock: Release wakelock is released 
05-04 18:37:27.275  3064  3524 D PowerManagerService: nativeAcquireSuspendBlocker name:PowerManagerService.WakeLocks duration ms: 1
05-04 18:37:27.276  3064  3379 W ProcessStats: Tracking association SourceState{e6e0fa7 com.google.android.gms.persistent/10192 BTop #2032687} whose proc state 2 is better than process ProcessState{e07f7ec com.google.android.gms/10192 pkg=com.google.android.gms} proc state 14 (536 skipped)
05-04 18:37:27.278  3064  3064 D PowerManagerService: nativeReleaseSuspendBlocker name:PowerManagerService.WakeLocks duration ms: 0
05-04 18:37:27.280  3064  3736 D WifiStaIfaceHidlImpl: getCachedScanData is not implemented by HIDL
05-04 18:37:27.280  3064  4512 D PowerManagerService: nativeAcquireSuspendBlocker name:PowerManagerService.WakeLocks duration ms: 0
05-04 18:37:27.284  3064  3736 I HalDevMgr: bestIfaceCreationProposal is null, requestIface=STA, existingIface=[name=ap_br_wlan2 type=AP_BRIDGE, name=wlan0 type=STA]
05-04 18:37:27.286  3827  3827 D StatusBarIconController: ignoring old pipeline callback because the new wifi icon is enabled
05-04 18:37:27.299 27765 29234 I NetworkScheduler.Stats: (REDACTED) Task %s/%s started execution. cause:%s exec_start_elapsed_seconds: %s
05-04 18:37:27.301 14578 29698 I PlayGamesServices[GamesSyncAdapter]: Starting sync for 2d1042dc
05-04 18:37:27.301 14578 29698 I PlayGamesServices[GamesSyncAdapter]: Sync duration for 2d1042dc: 0
05-04 18:37:27.305 27765 29705 I NetworkScheduler.Stats: (REDACTED) Task %s/%s started execution. cause:%s exec_start_elapsed_seconds: %s
05-04 18:37:27.305 14578 23932 I PlayGamesServices[GamesSyncAdapter]: Starting sync for 4f702f45
05-04 18:37:27.307 14578 23932 I PlayGamesServices[GamesSyncAdapter]: Sync duration for 4f702f45: 1
05-04 18:37:27.325 14578 23932 W PlayGamesServices[DataBroker]: No player ID found when refreshing
05-04 18:37:27.325 14578 23932 W PlayGamesServices[DataBroker]: No player ID found when refreshing
05-04 18:37:27.325 14578 23932 W PlayGamesServices[DataBroker]: No player ID found when refreshing
05-04 18:37:27.325 14578 29698 W PlayGamesServices[DataBroker]: No player ID found when refreshing
05-04 18:37:27.325 14578 29698 W PlayGamesServices[DataBroker]: No player ID found when refreshing
05-04 18:37:27.325 14578 29698 W PlayGamesServices[DataBroker]: No player ID found when refreshing
05-04 18:37:27.327  3064  9177 D PowerManagerService: nativeReleaseSuspendBlocker name:PowerManagerService.WakeLocks duration ms: 0
05-04 18:37:27.327  3064  5857 D PowerManagerService: nativeAcquireSuspendBlocker name:PowerManagerService.WakeLocks duration ms: 0
05-04 18:37:27.328 27765 29807 I NetworkScheduler.Stats: (REDACTED) Task %s/%s finished executing. cause:%s result: %s elapsed_millis: %s uptime_millis: %s exec_start_elapsed_seconds: %s
05-04 18:37:27.329  3064  9177 D PowerManagerService: nativeReleaseSuspendBlocker name:PowerManagerService.WakeLocks duration ms: 0
05-04 18:37:27.330  3064  4512 D PowerManagerService: nativeAcquireSuspendBlocker name:PowerManagerService.WakeLocks duration ms: 1
05-04 18:37:27.331 27765 29807 I NetworkScheduler.Stats: (REDACTED) Task %s/%s finished executing. cause:%s result: %s elapsed_millis: %s uptime_millis: %s exec_start_elapsed_seconds: %s
05-04 18:37:27.331 14578 15594 W PlayGamesServices[UiUtils]: AppVersion: Cannot find the installed destination app.
05-04 18:37:27.331 14578 15594 I GetServiceValidatorImpl: (REDACTED) onGetService() from Client SDK version [%s], Module version [%s], PGA version [%s], Account [%s], Calling package [%s], Game package [%s]
05-04 18:37:27.332 14578 15594 W GetGamesServiceReqFacto: Parsing request with ignored arguments. signInOptionsBundle [Bundle[{com.google.android.gms.signin.internal.serverClientId=null, com.google.android.gms.signin.internal.usePromptModeForAuthCode=true, com.google.android.gms.signin.internal.logSessionId=null, com.google.android.gms.signin.internal.hostedDomain=null, com.google.android.gms.signin.internal.offlineAccessRequested=false, com.google.android.gms.signin.internal.waitForAccessTokenRefresh=false, com.google.android.gms.signin.internal.clientRequestedAccount=Account {name=<<default account>>, type=com.google}, com.google.android.gms.signin.internal.idTokenRequested=false, com.google.android.gms.signin.internal.forceCodeForRefreshToken=false}]], isRetryingSignIn [false], skipWelcomePopup [false], requireGooglePlus [false]
05-04 18:37:27.332 14578 15594 I GetGamesServiceReqFacto: Replacing request for `games` scope with `games_lite`
05-04 18:37:27.336 14578 29808 I SignInPerformer-15: (REDACTED) Handling request [%s], isFirstPartyCaller [%s]
05-04 18:37:27.336 14578 29808 I SignInPerformer-15: Successfully brokered first-party unauthenticated GamesService [CONTEXT service_id=1 ]
05-04 18:37:27.336 14578 29808 I GetGamesServiceV2Op: (REDACTED) Successfully brokered GamesService for request %s
05-04 18:37:27.337 14578 15594 W PlayGamesServices[UiUtils]: AppVersion: Cannot find the installed destination app.
05-04 18:37:27.337 14578 15594 W PlayGamesServices[UiUtils]: AppVersionName: Cannot find the installed destination app.
05-04 18:37:27.338 14578 15594 W PlayGamesServices[UiUtils]: AppVersion: Cannot find the installed destination app.
05-04 18:37:27.338 14578 15594 W PlayGamesServices[UiUtils]: AppVersionName: Cannot find the installed destination app.
05-04 18:37:27.344 27765 29806 I NetworkScheduler.Stats: (REDACTED) Task %s/%s started execution. cause:%s exec_start_elapsed_seconds: %s
05-04 18:37:27.356 27765 29806 I NetworkScheduler.Stats: (REDACTED) Task %s/%s finished executing. cause:%s result: %s elapsed_millis: %s uptime_millis: %s exec_start_elapsed_seconds: %s
05-04 18:37:27.360 14578 23932 I PlayGamesServices[GamesSyncAdapter]: Starting sync for 9b385bb2
05-04 18:37:27.361 14578 23932 I PlayGamesServices[GamesSyncAdapter]: Sync duration for 9b385bb2: 1
05-04 18:37:27.362 27765 29806 I NetworkScheduler.Stats: (REDACTED) Task %s/%s started execution. cause:%s exec_start_elapsed_seconds: %s
05-04 18:37:27.367 14578 23932 W PlayGamesServices[DataBroker]: No player ID found when refreshing
05-04 18:37:27.367 14578 23932 W PlayGamesServices[DataBroker]: No player ID found when refreshing
05-04 18:37:27.367 14578 23932 W PlayGamesServices[DataBroker]: No player ID found when refreshing
05-04 18:37:27.368 14578 15594 W PlayGamesServices[UiUtils]: AppVersion: Cannot find the installed destination app.
05-04 18:37:27.368 14578 15594 W PlayGamesServices[UiUtils]: AppVersionName: Cannot find the installed destination app.
05-04 18:37:27.374 27765 29806 I NetworkScheduler.Stats: (REDACTED) Task %s/%s started execution. cause:%s exec_start_elapsed_seconds: %s
05-04 18:37:27.375 14578 29698 I PlayGamesServices[GamesSyncAdapter]: Starting sync for 439b5d2c
05-04 18:37:27.375 27765 29806 I NetworkScheduler.Stats: (REDACTED) Task %s/%s finished executing. cause:%s result: %s elapsed_millis: %s uptime_millis: %s exec_start_elapsed_seconds: %s
05-04 18:37:27.377 14578 29698 I PlayGamesServices[GamesSyncAdapter]: Sync duration for 439b5d2c: 2
05-04 18:37:27.383 14578 29698 W PlayGamesServices[DataBroker]: No player ID found when refreshing
05-04 18:37:27.383 14578 29698 W PlayGamesServices[DataBroker]: No player ID found when refreshing
05-04 18:37:27.383 14578 29698 W PlayGamesServices[DataBroker]: No player ID found when refreshing
05-04 18:37:27.384 14578 15594 W PlayGamesServices[UiUtils]: AppVersion: Cannot find the installed destination app.
05-04 18:37:27.384 14578 15594 W PlayGamesServices[UiUtils]: AppVersionName: Cannot find the installed destination app.
05-04 18:37:27.390 27765 29705 I NetworkScheduler.Stats: (REDACTED) Task %s/%s started execution. cause:%s exec_start_elapsed_seconds: %s
05-04 18:37:27.390 14578 23932 I PlayGamesServices[GamesSyncAdapter]: Starting sync for 3c228fd5
05-04 18:37:27.391 14578 23932 I PlayGamesServices[GamesSyncAdapter]: Sync duration for 3c228fd5: 1
05-04 18:37:27.392 27765 29705 I NetworkScheduler.Stats: (REDACTED) Task %s/%s finished executing. cause:%s result: %s elapsed_millis: %s uptime_millis: %s exec_start_elapsed_seconds: %s
05-04 18:37:27.396 14578 23932 W PlayGamesServices[DataBroker]: No player ID found when refreshing
05-04 18:37:27.396 14578 23932 W PlayGamesServices[DataBroker]: No player ID found when refreshing
05-04 18:37:27.396 14578 23932 W PlayGamesServices[DataBroker]: No player ID found when refreshing
05-04 18:37:27.397 14578 15594 W PlayGamesServices[UiUtils]: AppVersion: Cannot find the installed destination app.
05-04 18:37:27.397 14578 15594 W PlayGamesServices[UiUtils]: AppVersionName: Cannot find the installed destination app.
05-04 18:37:27.408 27765 29234 I NetworkScheduler.Stats: (REDACTED) Task %s/%s finished executing. cause:%s result: %s elapsed_millis: %s uptime_millis: %s exec_start_elapsed_seconds: %s
05-04 18:37:27.413 27765 29234 I NetworkScheduler.Stats: (REDACTED) Task %s/%s started execution. cause:%s exec_start_elapsed_seconds: %s
05-04 18:37:27.422 14578 29698 E Ads     : Failed to retrieve DSID: 
05-04 18:37:27.422 14578 29698 E Ads     : cwyh: Failed to process request
05-04 18:37:27.422 14578 29698 E Ads     : 	at cwyo.a(:com.google.android.gms@261631029@26.16.31 (190400-900800821):23)
05-04 18:37:27.422 14578 29698 E Ads     : 	at cxck.b(:com.google.android.gms@261631029@26.16.31 (190400-900800821):15)
05-04 18:37:27.422 14578 29698 E Ads     : 	at cxdb.onFailed(:com.google.android.gms@261631029@26.16.31 (190400-900800821):15)
05-04 18:37:27.422 14578 29698 E Ads     : 	at m1.nu.onFailed(:com.google.android.gms.dynamite_cronetdynamite@261631029@26.16.31 (190400-0):3)
05-04 18:37:27.422 14578 29698 E Ads     : 	at m1.mq.run(:com.google.android.gms.dynamite_cronetdynamite@261631029@26.16.31 (190400-0):16)
05-04 18:37:27.422 14578 29698 E Ads     : 	at biwf.c(:com.google.android.gms@261631029@26.16.31 (190400-900800821):50)
05-04 18:37:27.422 14578 29698 E Ads     : 	at biwf.run(:com.google.android.gms@261631029@26.16.31 (190400-900800821):66)
05-04 18:37:27.422 14578 29698 E Ads     : 	at java.util.concurrent.ThreadPoolExecutor.runWorker(ThreadPoolExecutor.java:1154)
05-04 18:37:27.422 14578 29698 E Ads     : 	at java.util.concurrent.ThreadPoolExecutor$Worker.run(ThreadPoolExecutor.java:652)
05-04 18:37:27.422 14578 29698 E Ads     : 	at bjbw.run(:com.google.android.gms@261631029@26.16.31 (190400-900800821):8)
05-04 18:37:27.422 14578 29698 E Ads     : 	at java.lang.Thread.run(Thread.java:1564)
05-04 18:37:27.422 14578 29698 E Ads     : Caused by: m1.nd: Exception in CronetUrlRequest: net::ERR_CONNECTION_REFUSED, ErrorCode=7, InternalErrorCode=-102, Retryable=false
05-04 18:37:27.422 14578 29698 E Ads     : 	at org.chromium.net.impl.CronetUrlRequest.onError(:com.google.android.gms.dynamite_cronetdynamite@261631029@26.16.31 (190400-0):3)
05-04 18:37:27.429 14578 29698 E Ads     : Failed to retrieve DSID: 
05-04 18:37:27.429 14578 29698 E Ads     : cwyh: Failed to process request
05-04 18:37:27.429 14578 29698 E Ads     : 	at cwyo.a(:com.google.android.gms@261631029@26.16.31 (190400-900800821):23)
05-04 18:37:27.429 14578 29698 E Ads     : 	at cxck.b(:com.google.android.gms@261631029@26.16.31 (190400-900800821):15)
05-04 18:37:27.429 14578 29698 E Ads     : 	at cxdb.onFailed(:com.google.android.gms@261631029@26.16.31 (190400-900800821):15)
05-04 18:37:27.429 14578 29698 E Ads     : 	at m1.nu.onFailed(:com.google.android.gms.dynamite_cronetdynamite@261631029@26.16.31 (190400-0):3)
05-04 18:37:27.429 14578 29698 E Ads     : 	at m1.mq.run(:com.google.android.gms.dynamite_cronetdynamite@261631029@26.16.31 (190400-0):16)
05-04 18:37:27.429 14578 29698 E Ads     : 	at biwf.c(:com.google.android.gms@261631029@26.16.31 (190400-900800821):50)
05-04 18:37:27.429 14578 29698 E Ads     : 	at biwf.run(:com.google.android.gms@261631029@26.16.31 (190400-900800821):66)
05-04 18:37:27.429 14578 29698 E Ads     : 	at java.util.concurrent.ThreadPoolExecutor.runWorker(ThreadPoolExecutor.java:1154)
05-04 18:37:27.429 14578 29698 E Ads     : 	at java.util.concurrent.ThreadPoolExecutor$Worker.run(ThreadPoolExecutor.java:652)
05-04 18:37:27.429 14578 29698 E Ads     : 	at bjbw.run(:com.google.android.gms@261631029@26.16.31 (190400-900800821):8)
05-04 18:37:27.429 14578 29698 E Ads     : 	at java.lang.Thread.run(Thread.java:1564)
05-04 18:37:27.429 14578 29698 E Ads     : Caused by: m1.nd: Exception in CronetUrlRequest: net::ERR_CONNECTION_REFUSED, ErrorCode=7, InternalErrorCode=-102, Retryable=false
05-04 18:37:27.429 14578 29698 E Ads     : 	at org.chromium.net.impl.CronetUrlRequest.onError(:com.google.android.gms.dynamite_cronetdynamite@261631029@26.16.31 (190400-0):3)
05-04 18:37:27.437 14578 29698 E Ads     : Failed to retrieve DSID: 
05-04 18:37:27.437 14578 29698 E Ads     : cwyh: Failed to process request
05-04 18:37:27.437 14578 29698 E Ads     : 	at cwyo.a(:com.google.android.gms@261631029@26.16.31 (190400-900800821):23)
05-04 18:37:27.437 14578 29698 E Ads     : 	at cxck.b(:com.google.android.gms@261631029@26.16.31 (190400-900800821):15)
05-04 18:37:27.437 14578 29698 E Ads     : 	at cxdb.onFailed(:com.google.android.gms@261631029@26.16.31 (190400-900800821):15)
05-04 18:37:27.437 14578 29698 E Ads     : 	at m1.nu.onFailed(:com.google.android.gms.dynamite_cronetdynamite@261631029@26.16.31 (190400-0):3)
05-04 18:37:27.437 14578 29698 E Ads     : 	at m1.mq.run(:com.google.android.gms.dynamite_cronetdynamite@261631029@26.16.31 (190400-0):16)
05-04 18:37:27.437 14578 29698 E Ads     : 	at biwf.c(:com.google.android.gms@261631029@26.16.31 (190400-900800821):50)
05-04 18:37:27.437 14578 29698 E Ads     : 	at biwf.run(:com.google.android.gms@261631029@26.16.31 (190400-900800821):66)
05-04 18:37:27.437 14578 29698 E Ads     : 	at java.util.concurrent.ThreadPoolExecutor.runWorker(ThreadPoolExecutor.java:1154)
05-04 18:37:27.437 14578 29698 E Ads     : 	at java.util.concurrent.ThreadPoolExecutor$Worker.run(ThreadPoolExecutor.java:652)
05-04 18:37:27.437 14578 29698 E Ads     : 	at bjbw.run(:com.google.android.gms@261631029@26.16.31 (190400-900800821):8)
05-04 18:37:27.437 14578 29698 E Ads     : 	at java.lang.Thread.run(Thread.java:1564)
05-04 18:37:27.437 14578 29698 E Ads     : Caused by: m1.nd: Exception in CronetUrlRequest: net::ERR_CONNECTION_REFUSED, ErrorCode=7, InternalErrorCode=-102, Retryable=false
05-04 18:37:27.437 14578 29698 E Ads     : 	at org.chromium.net.impl.CronetUrlRequest.onError(:com.google.android.gms.dynamite_cronetdynamite@261631029@26.16.31 (190400-0):3)
05-04 18:37:27.444 14578 29698 E Ads     : Failed to retrieve DSID: 
05-04 18:37:27.444 14578 29698 E Ads     : cwyh: Failed to process request
05-04 18:37:27.444 14578 29698 E Ads     : 	at cwyo.a(:com.google.android.gms@261631029@26.16.31 (190400-900800821):23)
05-04 18:37:27.444 14578 29698 E Ads     : 	at cxck.b(:com.google.android.gms@261631029@26.16.31 (190400-900800821):15)
05-04 18:37:27.444 14578 29698 E Ads     : 	at cxdb.onFailed(:com.google.android.gms@261631029@26.16.31 (190400-900800821):15)
05-04 18:37:27.444 14578 29698 E Ads     : 	at m1.nu.onFailed(:com.google.android.gms.dynamite_cronetdynamite@261631029@26.16.31 (190400-0):3)
05-04 18:37:27.444 14578 29698 E Ads     : 	at m1.mq.run(:com.google.android.gms.dynamite_cronetdynamite@261631029@26.16.31 (190400-0):16)
05-04 18:37:27.444 14578 29698 E Ads     : 	at biwf.c(:com.google.android.gms@261631029@26.16.31 (190400-900800821):50)
05-04 18:37:27.444 14578 29698 E Ads     : 	at biwf.run(:com.google.android.gms@261631029@26.16.31 (190400-900800821):66)
05-04 18:37:27.444 14578 29698 E Ads     : 	at java.util.concurrent.ThreadPoolExecutor.runWorker(ThreadPoolExecutor.java:1154)
05-04 18:37:27.444 14578 29698 E Ads     : 	at java.util.concurrent.ThreadPoolExecutor$Worker.run(ThreadPoolExecutor.java:652)
05-04 18:37:27.444 14578 29698 E Ads     : 	at bjbw.run(:com.google.android.gms@261631029@26.16.31 (190400-900800821):8)
05-04 18:37:27.444 14578 29698 E Ads     : 	at java.lang.Thread.run(Thread.java:1564)
05-04 18:37:27.444 14578 29698 E Ads     : Caused by: m1.nd: Exception in CronetUrlRequest: net::ERR_CONNECTION_REFUSED, ErrorCode=7, InternalErrorCode=-102, Retryable=false
05-04 18:37:27.444 14578 29698 E Ads     : 	at org.chromium.net.impl.CronetUrlRequest.onError(:com.google.android.gms.dynamite_cronetdynamite@261631029@26.16.31 (190400-0):3)
05-04 18:37:27.453 14578 29698 E Ads     : Failed to retrieve DSID: 
05-04 18:37:27.453 14578 29698 E Ads     : cwyh: Failed to process request
05-04 18:37:27.453 14578 29698 E Ads     : 	at cwyo.a(:com.google.android.gms@261631029@26.16.31 (190400-900800821):23)
05-04 18:37:27.453 14578 29698 E Ads     : 	at cxck.b(:com.google.android.gms@261631029@26.16.31 (190400-900800821):15)
05-04 18:37:27.453 14578 29698 E Ads     : 	at cxdb.onFailed(:com.google.android.gms@261631029@26.16.31 (190400-900800821):15)
05-04 18:37:27.453 14578 29698 E Ads     : 	at m1.nu.onFailed(:com.google.android.gms.dynamite_cronetdynamite@261631029@26.16.31 (190400-0):3)
05-04 18:37:27.453 14578 29698 E Ads     : 	at m1.mq.run(:com.google.android.gms.dynamite_cronetdynamite@261631029@26.16.31 (190400-0):16)
05-04 18:37:27.453 14578 29698 E Ads     : 	at biwf.c(:com.google.android.gms@261631029@26.16.31 (190400-900800821):50)
05-04 18:37:27.453 14578 29698 E Ads     : 	at biwf.run(:com.google.android.gms@261631029@26.16.31 (190400-900800821):66)
05-04 18:37:27.453 14578 29698 E Ads     : 	at java.util.concurrent.ThreadPoolExecutor.runWorker(ThreadPoolExecutor.java:1154)
05-04 18:37:27.453 14578 29698 E Ads     : 	at java.util.concurrent.ThreadPoolExecutor$Worker.run(ThreadPoolExecutor.java:652)
05-04 18:37:27.453 14578 29698 E Ads     : 	at bjbw.run(:com.google.android.gms@261631029@26.16.31 (190400-900800821):8)
05-04 18:37:27.453 14578 29698 E Ads     : 	at java.lang.Thread.run(Thread.java:1564)
05-04 18:37:27.453 14578 29698 E Ads     : Caused by: m1.nd: Exception in CronetUrlRequest: net::ERR_CONNECTION_REFUSED, ErrorCode=7, InternalErrorCode=-102, Retryable=false
05-04 18:37:27.453 14578 29698 E Ads     : 	at org.chromium.net.impl.CronetUrlRequest.onError(:com.google.android.gms.dynamite_cronetdynamite@261631029@26.16.31 (190400-0):3)
05-04 18:37:27.454  3064  5857 D PowerManagerService: nativeReleaseSuspendBlocker name:PowerManagerService.WakeLocks duration ms: 0
05-04 18:37:27.455  3064  4512 D PowerManagerService: nativeAcquireSuspendBlocker name:PowerManagerService.WakeLocks duration ms: 1
05-04 18:37:27.456 27765 29705 I NetworkScheduler.Stats: (REDACTED) Task %s/%s finished executing. cause:%s result: %s elapsed_millis: %s uptime_millis: %s exec_start_elapsed_seconds: %s
05-04 18:37:27.458  3064  9177 D PowerManagerService: nativeReleaseSuspendBlocker name:PowerManagerService.WakeLocks duration ms: 0
05-04 18:37:27.459  3064  9177 D PowerManagerService: nativeAcquireSuspendBlocker name:PowerManagerService.WakeLocks duration ms: 0
05-04 18:37:27.462  3064  9177 D PowerManagerService: nativeReleaseSuspendBlocker name:PowerManagerService.WakeLocks duration ms: 0
05-04 18:37:27.630  1336 29770 I keystore2: system/security/keystore2/src/watchdog.rs:319 - Watchdog thread idle -> terminating. Have a great day.
05-04 18:37:29.588 14578 14578 D BoundBrokerSvc: onUnbind: Intent { act=com.google.android.gms.safetynet.service.START pkg=com.google.android.gms }
05-04 18:37:30.296  3064  3736 D WifiStaIfaceHidlImpl: getCachedScanData is not implemented by HIDL
05-04 18:37:30.301  3064  3736 I HalDevMgr: bestIfaceCreationProposal is null, requestIface=STA, existingIface=[name=ap_br_wlan2 type=AP_BRIDGE, name=wlan0 type=STA]
05-04 18:37:30.494 14578 14578 D BoundBrokerSvc: onUnbind: Intent { act=com.google.android.gms.feedback.internal.IFeedbackService dat=chimera-action:/... cmp=com.google.android.gms/.chimera.GmsBoundBrokerService }
05-04 18:37:31.444  1830 10078 I QC2Comp : [avcD_1124] Stats: Pending(9) i/p-done(5) Works: Q: 28/Done 20|Work-Rate: Q(0.0/s Avg=0.0/s) Done(0.000/s Avg=0.002/s)| Stream: 30.00fps 203.8Kbps
05-04 18:37:31.444  1830 10078 I QC2Comp : [avcD_1124] Mem-usage:  [In-1D: 6 bufs 17.930 MB] [1D-2226: 16 bufs 0.250 MB] [2D-2227: 20 bufs 28.438 MB] | Total: 46.617 MB
05-04 18:37:32.321  2313  2313 I CNSS    : cnss_open_log_file: directory /data/vendor/wifi/wlan_logs/ created
05-04 18:37:32.709  1731  3697 I slpi    : STK3A5X ALS_OC: lux:2601.191895, last_ps:0[1232], CH0:1947, CH2:247, CH4:11, AWAIT:32, ACRL:33, AGAIN:33, INT1:9, INT2:0, PS:114, LED:128, flag:65, state:7, scale:167.560,als_sel:1(0)(cnt:0)
05-04 18:37:32.918  1731  3697 I slpi    : STK3A5X ALS_OC: lux:2185.696045, last_ps:0[1239], CH0:1636, CH2:207, CH4:9, AWAIT:32, ACRL:33, AGAIN:33, INT1:9, INT2:0, PS:114, LED:128, flag:65, state:7, scale:167.560,als_sel:1(0)(cnt:0)
05-04 18:37:33.126  1731  3697 I slpi    : STK3A5X ALS_OC: lux:1881.088013, last_ps:0[1232], CH0:1408, CH2:179, CH4:8, AWAIT:32, ACRL:33, AGAIN:33, INT1:9, INT2:0, PS:114, LED:128, flag:65, state:7, scale:167.560,als_sel:1(0)(cnt:0)
05-04 18:37:33.315  3064  3736 D WifiStaIfaceHidlImpl: getCachedScanData is not implemented by HIDL
05-04 18:37:33.320  3064  3736 I HalDevMgr: bestIfaceCreationProposal is null, requestIface=STA, existingIface=[name=ap_br_wlan2 type=AP_BRIDGE, name=wlan0 type=STA]
05-04 18:37:33.321  3827  3827 D StatusBarIconController: ignoring old pipeline callback because the new wifi icon is enabled
05-04 18:37:33.856  1731  3697 I slpi    : STK3A5X ALS_OC: lux:2092.176025, last_ps:0[1238], CH0:1566, CH2:198, CH4:9, AWAIT:32, ACRL:33, AGAIN:33, INT1:9, INT2:0, PS:114, LED:128, flag:65, state:7, scale:167.560,als_sel:1(0)(cnt:0)
05-04 18:37:34.379  1731  3697 I slpi    : STK3A5X ALS_OC: lux:2316.624023, last_ps:0[1234], CH0:1734, CH2:221, CH4:9, AWAIT:32, ACRL:33, AGAIN:33, INT1:9, INT2:0, PS:114, LED:128, flag:65, state:7, scale:167.560,als_sel:1(0)(cnt:0)
05-04 18:37:34.449 27765 29596 I NearbyMediums: Found Fast Ble Advertisements :
05-04 18:37:34.449 27765 29596 I NearbyMediums: BleAdvertisement { version=2, socketVersion=2, isFast=true, serviceIdHash=null, data=[ 0x23 0x46 0x50 0x56 0x41 0x11 0x32 0x3c 0x3f 0xa7 0x9f 0xaf 0xe2 0x75 0x8f 0x17 0xf1 0xba 0x93 0xd0 0x7a 0x35 0x84 ], deviceToken=[ 0x3e 0x82 ], rxAdvertisement=null } : 1 times.
05-04 18:37:34.449 27765 29596 I NearbyMediums: Total 1 fast advertisements from 1 unique advertisers.
05-04 18:37:34.450 27765 29596 I NearbyMediums: Current Tracked Scanning Clients are : {NearbyConnections.EnvironmentMonitor, NearbySharing, NearbyConnections.TxAdvertisement}
05-04 18:37:34.589  1737  7987 I vendor.qti.bluetooth@1.0-ibs_handler: ProcessIbsCmd: Received IBS_WAKE_IND: 0xFD
05-04 18:37:34.589  1737  7987 D vendor.qti.bluetooth@1.0-ibs_handler: SerialClockVote: vote for UART CLK ON
05-04 18:37:34.589  1737  7987 D vendor.qti.bluetooth@1.0-wake_lock: Acquire wakelock is acquired 
05-04 18:37:34.589  1737  7987 I vendor.qti.bluetooth@1.0-ibs_handler: ProcessIbsCmd: Writing IBS_WAKE_ACK
05-04 18:37:34.591  7916  7989 I bt_stack: [INFO:btm_ble_gap.cc(3287)] btm_ble_process_adv_pkt_cont Data Complete 31:8f:ff:cb:1e:ec
05-04 18:37:34.591  7916  7989 D bt_btm_ble: bool parse_adv_audio_uuids_from_adv_pkt(const uint8_t *, size_t, uint8_t): tmap_cap_pts: false
05-04 18:37:34.630  1737  7987 I vendor.qti.bluetooth@1.0-ibs_handler: ProcessIbsCmd: Received IBS_SLEEP_IND: 0xFE
05-04 18:37:34.630  1737  7987 D vendor.qti.bluetooth@1.0-ibs_handler: SerialClockVote: vote for UART CLK OFF
05-04 18:37:34.685  1737  1737 D vendor.qti.bluetooth@1.0-ibs_handler: SerialClockVote: vote for UART CLK ON
05-04 18:37:34.685  1737  1737 I vendor.qti.bluetooth@1.0-ibs_handler: DeviceWakeUp: Writing IBS_WAKE_IND
05-04 18:37:34.685  1737  7987 I vendor.qti.bluetooth@1.0-ibs_handler: ProcessIbsCmd: Received IBS_WAKE_ACK: 0xFC
05-04 18:37:34.685  1737  7987 I vendor.qti.bluetooth@1.0-ibs_handler: ProcessIbsCmd: Signal wack_cond_
05-04 18:37:34.685  1737  1737 D vendor.qti.bluetooth@1.0-ibs_handler: DeviceWakeUp: Unblocked from waiting for FC, pthread_cond_timedwait ret = 0
05-04 18:37:34.686  3064  5857 D PowerManagerService: nativeAcquireSuspendBlocker name:PowerManagerService.WakeLocks duration ms: 1
05-04 18:37:34.686  1737  7987 I vendor.qti.bluetooth@1.0-ibs_handler: ProcessIbsCmd: Received IBS_WAKE_IND: 0xFD
05-04 18:37:34.686  1737  7987 I vendor.qti.bluetooth@1.0-ibs_handler: ProcessIbsCmd: Writing IBS_WAKE_ACK
05-04 18:37:34.690  3064  3736 D WifiStaIfaceHidlImpl: getCachedScanData is not implemented by HIDL
05-04 18:37:34.692  3064  4412 D TelephonyManager: requestModemActivityInfo: Sending result to app: ModemActivityInfo{ mTimestamp=1298716658 mSleepTimeMs=1005148344 mIdleTimeMs=11073334 mActivityStatsTechSpecificInfo=[{mRat=UNKNOWN,mFrequencyRange=UNKNOWN,mTxTimeMs[]=[4277807, 2954301, 2912470, 3532032, 3466626],mRxTimeMs=265341437}]}
05-04 18:37:34.693  3064  4412 D PowerManagerService: nativeReleaseSuspendBlocker name:PowerManagerService.WakeLocks duration ms: 0
05-04 18:37:34.727  1737  7987 I vendor.qti.bluetooth@1.0-ibs_handler: ProcessIbsCmd: Received IBS_SLEEP_IND: 0xFE
05-04 18:37:34.736  3064  3411 W CpuPowerCalculator: UID 10476 CPU freq # mismatch: Power Profile # 52 actual # 54
05-04 18:37:34.736  3064  3411 W CpuPowerCalculator: UID 10476 CPU freq # mismatch: Power Profile # 52 actual # 54
05-04 18:37:34.736  3064  3411 W CpuPowerCalculator: UID 10469 CPU freq # mismatch: Power Profile # 52 actual # 54
05-04 18:37:34.736  3064  3411 W CpuPowerCalculator: UID 10469 CPU freq # mismatch: Power Profile # 52 actual # 54
05-04 18:37:34.736  3064  3411 W CpuPowerCalculator: UID 10469 CPU freq # mismatch: Power Profile # 52 actual # 54
05-04 18:37:34.736  3064  3411 W CpuPowerCalculator: UID 10448 CPU freq # mismatch: Power Profile # 52 actual # 54
05-04 18:37:34.736  3064  3411 W CpuPowerCalculator: UID 10448 CPU freq # mismatch: Power Profile # 52 actual # 54
05-04 18:37:34.736  3064  3411 W CpuPowerCalculator: UID 10448 CPU freq # mismatch: Power Profile # 52 actual # 54
05-04 18:37:34.736  3064  3411 W CpuPowerCalculator: UID 10442 CPU freq # mismatch: Power Profile # 52 actual # 54
05-04 18:37:34.736  3064  3411 W CpuPowerCalculator: UID 10442 CPU freq # mismatch: Power Profile # 52 actual # 54
05-04 18:37:34.736  3064  3411 W CpuPowerCalculator: UID 10442 CPU freq # mismatch: Power Profile # 52 actual # 54
05-04 18:37:34.736  3064  3411 W CpuPowerCalculator: UID 10392 CPU freq # mismatch: Power Profile # 52 actual # 54
05-04 18:37:34.736  3064  3411 W CpuPowerCalculator: UID 10392 CPU freq # mismatch: Power Profile # 52 actual # 54
05-04 18:37:34.736  3064  3411 W CpuPowerCalculator: UID 10392 CPU freq # mismatch: Power Profile # 52 actual # 54
05-04 18:37:34.736  3064  3411 W CpuPowerCalculator: UID 10386 CPU freq # mismatch: Power Profile # 52 actual # 54
05-04 18:37:34.736  3064  3411 W CpuPowerCalculator: UID 10386 CPU freq # mismatch: Power Profile # 52 actual # 54
05-04 18:37:34.736  3064  3411 W CpuPowerCalculator: UID 10383 CPU freq # mismatch: Power Profile # 52 actual # 54
05-04 18:37:34.736  3064  3411 W CpuPowerCalculator: UID 10383 CPU freq # mismatch: Power Profile # 52 actual # 54
05-04 18:37:34.736  3064  3411 W CpuPowerCalculator: UID 10383 CPU freq # mismatch: Power Profile # 52 actual # 54
05-04 18:37:34.736  3064  3411 W CpuPowerCalculator: UID 10376 CPU freq # mismatch: Power Profile # 52 actual # 54
05-04 18:37:34.736  3064  3411 W CpuPowerCalculator: UID 10376 CPU freq # mismatch: Power Profile # 52 actual # 54
05-04 18:37:34.736  3064  3411 W CpuPowerCalculator: UID 10376 CPU freq # mismatch: Power Profile # 52 actual # 54
05-04 18:37:34.736  3064  3411 W CpuPowerCalculator: UID 10375 CPU freq # mismatch: Power Profile # 52 actual # 54
05-04 18:37:34.736  3064  3411 W CpuPowerCalculator: UID 10375 CPU freq # mismatch: Power Profile # 52 actual # 54
05-04 18:37:34.736  3064  3411 W CpuPowerCalculator: UID 10367 CPU freq # mismatch: Power Profile # 52 actual # 54
05-04 18:37:34.736  3064  3411 W CpuPowerCalculator: UID 10367 CPU freq # mismatch: Power Profile # 52 actual # 54
05-04 18:37:34.736  3064  3411 W CpuPowerCalculator: UID 10367 CPU freq # mismatch: Power Profile # 52 actual # 54
05-04 18:37:34.736  3064  3411 W CpuPowerCalculator: UID 10366 CPU freq # mismatch: Power Profile # 52 actual # 54
05-04 18:37:34.736  3064  3411 W CpuPowerCalculator: UID 10366 CPU freq # mismatch: Power Profile # 52 actual # 54
05-04 18:37:34.736  3064  3411 W CpuPowerCalculator: UID 10365 CPU freq # mismatch: Power Profile # 52 actual # 54
05-04 18:37:34.736  3064  3411 W CpuPowerCalculator: UID 10365 CPU freq # mismatch: Power Profile # 52 actual # 54
05-04 18:37:34.736  3064  3411 W CpuPowerCalculator: UID 10363 CPU freq # mismatch: Power Profile # 52 actual # 54
05-04 18:37:34.736  3064  3411 W CpuPowerCalculator: UID 10363 CPU freq # mismatch: Power Profile # 52 actual # 54
05-04 18:37:34.736  3064  3411 W CpuPowerCalculator: UID 10357 CPU freq # mismatch: Power Profile # 52 actual # 54
05-04 18:37:34.736  3064  3411 W CpuPowerCalculator: UID 10357 CPU freq # mismatch: Power Profile # 52 actual # 54
05-04 18:37:34.736  3064  3411 W CpuPowerCalculator: UID 10357 CPU freq # mismatch: Power Profile # 52 actual # 54
05-04 18:37:34.736  3064  3411 W CpuPowerCalculator: UID 10357 CPU freq # mismatch: Power Profile # 52 actual # 54
05-04 18:37:34.736  3064  3411 W CpuPowerCalculator: UID 10351 CPU freq # mismatch: Power Profile # 52 actual # 54
05-04 18:37:34.736  3064  3411 W CpuPowerCalculator: UID 10351 CPU freq # mismatch: Power Profile # 52 actual # 54
05-04 18:37:34.736  3064  3411 W CpuPowerCalculator: UID 10350 CPU freq # mismatch: Power Profile # 52 actual # 54
05-04 18:37:34.736  3064  3411 W CpuPowerCalculator: UID 10350 CPU freq # mismatch: Power Profile # 52 actual # 54
05-04 18:37:34.736  3064  3411 W CpuPowerCalculator: UID 10347 CPU freq # mismatch: Power Profile # 52 actual # 54
05-04 18:37:34.736  3064  3411 W CpuPowerCalculator: UID 10347 CPU freq # mismatch: Power Profile # 52 actual # 54
05-04 18:37:34.736  3064  3411 W CpuPowerCalculator: UID 10347 CPU freq # mismatch: Power Profile # 52 actual # 54
05-04 18:37:34.736  3064  3411 W CpuPowerCalculator: UID 10347 CPU freq # mismatch: Power Profile # 52 actual # 54
05-04 18:37:34.736  3064  3411 W CpuPowerCalculator: UID 10346 CPU freq # mismatch: Power Profile # 52 actual # 54
05-04 18:37:34.736  3064  3411 W CpuPowerCalculator: UID 10346 CPU freq # mismatch: Power Profile # 52 actual # 54
05-04 18:37:34.736  3064  3411 W CpuPowerCalculator: UID 10345 CPU freq # mismatch: Power Profile # 52 actual # 54
05-04 18:37:34.736  3064  3411 W CpuPowerCalculator: UID 10345 CPU freq # mismatch: Power Profile # 52 actual # 54
05-04 18:37:34.737  3064  3411 W CpuPowerCalculator: UID 10344 CPU freq # mismatch: Power Profile # 52 actual # 54
05-04 18:37:34.737  3064  3411 W CpuPowerCalculator: UID 10344 CPU freq # mismatch: Power Profile # 52 actual # 54
05-04 18:37:34.737  3064  3411 W CpuPowerCalculator: UID 10343 CPU freq # mismatch: Power Profile # 52 actual # 54
05-04 18:37:34.737  3064  3411 W CpuPowerCalculator: UID 10343 CPU freq # mismatch: Power Profile # 52 actual # 54
05-04 18:37:34.737  3064  3411 W CpuPowerCalculator: UID 10342 CPU freq # mismatch: Power Profile # 52 actual # 54
05-04 18:37:34.737  3064  3411 W CpuPowerCalculator: UID 10342 CPU freq # mismatch: Power Profile # 52 actual # 54
05-04 18:37:34.737  3064  3411 W CpuPowerCalculator: UID 10342 CPU freq # mismatch: Power Profile # 52 actual # 54
05-04 18:37:34.737  3064  3411 W CpuPowerCalculator: UID 10340 CPU freq # mismatch: Power Profile # 52 actual # 54
05-04 18:37:34.737  3064  3411 W CpuPowerCalculator: UID 10340 CPU freq # mismatch: Power Profile # 52 actual # 54
05-04 18:37:34.737  3064  3411 W CpuPowerCalculator: UID 10338 CPU freq # mismatch: Power Profile # 52 actual # 54
05-04 18:37:34.737  3064  3411 W CpuPowerCalculator: UID 10338 CPU freq # mismatch: Power Profile # 52 actual # 54
05-04 18:37:34.737  3064  3411 W CpuPowerCalculator: UID 10335 CPU freq # mismatch: Power Profile # 52 actual # 54
05-04 18:37:34.737  3064  3411 W CpuPowerCalculator: UID 10335 CPU freq # mismatch: Power Profile # 52 actual # 54
05-04 18:37:34.737  3064  3411 W CpuPowerCalculator: UID 10332 CPU freq # mismatch: Power Profile # 52 actual # 54
05-04 18:37:34.737  3064  3411 W CpuPowerCalculator: UID 10332 CPU freq # mismatch: Power Profile # 52 actual # 54
05-04 18:37:34.737  3064  3411 W CpuPowerCalculator: UID 10331 CPU freq # mismatch: Power Profile # 52 actual # 54
05-04 18:37:34.737  3064  3411 W CpuPowerCalculator: UID 10331 CPU freq # mismatch: Power Profile # 52 actual # 54
05-04 18:37:34.737  3064  3411 W CpuPowerCalculator: UID 10329 CPU freq # mismatch: Power Profile # 52 actual # 54
05-04 18:37:34.737  3064  3411 W CpuPowerCalculator: UID 10329 CPU freq # mismatch: Power Profile # 52 actual # 54
05-04 18:37:34.737  3064  3411 W CpuPowerCalculator: UID 10326 CPU freq # mismatch: Power Profile # 52 actual # 54
05-04 18:37:34.737  3064  3411 W CpuPowerCalculator: UID 10326 CPU freq # mismatch: Power Profile # 52 actual # 54
05-04 18:37:34.737  3064  3411 W CpuPowerCalculator: UID 10326 CPU freq # mismatch: Power Profile # 52 actual # 54
05-04 18:37:34.737  3064  3411 W CpuPowerCalculator: UID 10325 CPU freq # mismatch: Power Profile # 52 actual # 54
05-04 18:37:34.737  3064  3411 W CpuPowerCalculator: UID 10325 CPU freq # mismatch: Power Profile # 52 actual # 54
05-04 18:37:34.737  3064  3411 W CpuPowerCalculator: UID 10318 CPU freq # mismatch: Power Profile # 52 actual # 54
05-04 18:37:34.737  3064  3411 W CpuPowerCalculator: UID 10318 CPU freq # mismatch: Power Profile # 52 actual # 54
05-04 18:37:34.737  3064  3411 W CpuPowerCalculator: UID 10316 CPU freq # mismatch: Power Profile # 52 actual # 54
05-04 18:37:34.737  3064  3411 W CpuPowerCalculator: UID 10316 CPU freq # mismatch: Power Profile # 52 actual # 54
05-04 18:37:34.737  3064  3411 W CpuPowerCalculator: UID 10310 CPU freq # mismatch: Power Profile # 52 actual # 54
05-04 18:37:34.737  3064  3411 W CpuPowerCalculator: UID 10310 CPU freq # mismatch: Power Profile # 52 actual # 54
05-04 18:37:34.737  3064  3411 W CpuPowerCalculator: UID 10305 CPU freq # mismatch: Power Profile # 52 actual # 54
05-04 18:37:34.737  3064  3411 W CpuPowerCalculator: UID 10305 CPU freq # mismatch: Power Profile # 52 actual # 54
05-04 18:37:34.737  3064  3411 W CpuPowerCalculator: UID 10302 CPU freq # mismatch: Power Profile # 52 actual # 54
05-04 18:37:34.737  3064  3411 W CpuPowerCalculator: UID 10302 CPU freq # mismatch: Power Profile # 52 actual # 54
05-04 18:37:34.737  3064  3411 W CpuPowerCalculator: UID 10302 CPU freq # mismatch: Power Profile # 52 actual # 54
05-04 18:37:34.737  3064  3411 W CpuPowerCalculator: UID 10301 CPU freq # mismatch: Power Profile # 52 actual # 54
05-04 18:37:34.737  3064  3411 W CpuPowerCalculator: UID 10301 CPU freq # mismatch: Power Profile # 52 actual # 54
05-04 18:37:34.737  3064  3411 W CpuPowerCalculator: UID 10299 CPU freq # mismatch: Power Profile # 52 actual # 54
05-04 18:37:34.737  3064  3411 W CpuPowerCalculator: UID 10299 CPU freq # mismatch: Power Profile # 52 actual # 54
05-04 18:37:34.737  3064  3411 W CpuPowerCalculator: UID 10296 CPU freq # mismatch: Power Profile # 52 actual # 54
05-04 18:37:34.737  3064  3411 W CpuPowerCalculator: UID 10296 CPU freq # mismatch: Power Profile # 52 actual # 54
05-04 18:37:34.737  3064  3411 W CpuPowerCalculator: UID 10296 CPU freq # mismatch: Power Profile # 52 actual # 54
05-04 18:37:34.737  3064  3411 W CpuPowerCalculator: UID 10292 CPU freq # mismatch: Power Profile # 52 actual # 54
05-04 18:37:34.737  3064  3411 W CpuPowerCalculator: UID 10292 CPU freq # mismatch: Power Profile # 52 actual # 54
05-04 18:37:34.737  3064  3411 W CpuPowerCalculator: UID 10290 CPU freq # mismatch: Power Profile # 52 actual # 54
05-04 18:37:34.737  3064  3411 W CpuPowerCalculator: UID 10290 CPU freq # mismatch: Power Profile # 52 actual # 54
05-04 18:37:34.737  3064  3411 W CpuPowerCalculator: UID 10289 CPU freq # mismatch: Power Profile # 52 actual # 54
05-04 18:37:34.737  3064  3411 W CpuPowerCalculator: UID 10289 CPU freq # mismatch: Power Profile # 52 actual # 54
05-04 18:37:34.737  3064  3411 W CpuPowerCalculator: UID 10288 CPU freq # mismatch: Power Profile # 52 actual # 54
05-04 18:37:34.737  3064  3411 W CpuPowerCalculator: UID 10288 CPU freq # mismatch: Power Profile # 52 actual # 54
05-04 18:37:34.737  3064  3411 W CpuPowerCalculator: UID 10285 CPU freq # mismatch: Power Profile # 52 actual # 54
05-04 18:37:34.737  3064  3411 W CpuPowerCalculator: UID 10285 CPU freq # mismatch: Power Profile # 52 actual # 54
05-04 18:37:34.737  3064  3411 W CpuPowerCalculator: UID 10285 CPU freq # mismatch: Power Profile # 52 actual # 54
05-04 18:37:34.737  3064  3411 W CpuPowerCalculator: UID 10276 CPU freq # mismatch: Power Profile # 52 actual # 54
05-04 18:37:34.737  3064  3411 W CpuPowerCalculator: UID 10276 CPU freq # mismatch: Power Profile # 52 actual # 54
05-04 18:37:34.737  3064  3411 W CpuPowerCalculator: UID 10276 CPU freq # mismatch: Power Profile # 52 actual # 54
05-04 18:37:34.737  3064  3411 W CpuPowerCalculator: UID 10275 CPU freq # mismatch: Power Profile # 52 actual # 54
05-04 18:37:34.737  3064  3411 W CpuPowerCalculator: UID 10275 CPU freq # mismatch: Power Profile # 52 actual # 54
05-04 18:37:34.737  3064  3411 W CpuPowerCalculator: UID 10274 CPU freq # mismatch: Power Profile # 52 actual # 54
05-04 18:37:34.737  3064  3411 W CpuPowerCalculator: UID 10274 CPU freq # mismatch: Power Profile # 52 actual # 54
05-04 18:37:34.737  3064  3411 W CpuPowerCalculator: UID 10266 CPU freq # mismatch: Power Profile # 52 actual # 54
05-04 18:37:34.737  3064  3411 W CpuPowerCalculator: UID 10266 CPU freq # mismatch: Power Profile # 52 actual # 54
05-04 18:37:34.737  3064  3411 W CpuPowerCalculator: UID 10266 CPU freq # mismatch: Power Profile # 52 actual # 54
05-04 18:37:34.737  3064  3411 W CpuPowerCalculator: UID 10260 CPU freq # mismatch: Power Profile # 52 actual # 54
05-04 18:37:34.737  3064  3411 W CpuPowerCalculator: UID 10260 CPU freq # mismatch: Power Profile # 52 actual # 54
05-04 18:37:34.737  3064  3411 W CpuPowerCalculator: UID 10260 CPU freq # mismatch: Power Profile # 52 actual # 54
05-04 18:37:34.737  3064  3411 W CpuPowerCalculator: UID 10260 CPU freq # mismatch: Power Profile # 52 actual # 54
05-04 18:37:34.738  3064  3411 W CpuPowerCalculator: UID 10252 CPU freq # mismatch: Power Profile # 52 actual # 54
05-04 18:37:34.738  3064  3411 W CpuPowerCalculator: UID 10252 CPU freq # mismatch: Power Profile # 52 actual # 54
05-04 18:37:34.738  3064  3411 W CpuPowerCalculator: UID 10251 CPU freq # mismatch: Power Profile # 52 actual # 54
05-04 18:37:34.738  3064  3411 W CpuPowerCalculator: UID 10251 CPU freq # mismatch: Power Profile # 52 actual # 54
05-04 18:37:34.738  3064  3411 W CpuPowerCalculator: UID 10250 CPU freq # mismatch: Power Profile # 52 actual # 54
05-04 18:37:34.738  3064  3411 W CpuPowerCalculator: UID 10250 CPU freq # mismatch: Power Profile # 52 actual # 54
05-04 18:37:34.738  3064  3411 W CpuPowerCalculator: UID 10250 CPU freq # mismatch: Power Profile # 52 actual # 54
05-04 18:37:34.738  3064  3411 W CpuPowerCalculator: UID 10239 CPU freq # mismatch: Power Profile # 52 actual # 54
05-04 18:37:34.738  3064  3411 W CpuPowerCalculator: UID 10239 CPU freq # mismatch: Power Profile # 52 actual # 54
05-04 18:37:34.738  3064  3411 W CpuPowerCalculator: UID 10239 CPU freq # mismatch: Power Profile # 52 actual # 54
05-04 18:37:34.738  3064  3411 W CpuPowerCalculator: UID 10233 CPU freq # mismatch: Power Profile # 52 actual # 54
05-04 18:37:34.738  3064  3411 W CpuPowerCalculator: UID 10233 CPU freq # mismatch: Power Profile # 52 actual # 54
05-04 18:37:34.738  3064  3411 W CpuPowerCalculator: UID 10230 CPU freq # mismatch: Power Profile # 52 actual # 54
05-04 18:37:34.738  3064  3411 W CpuPowerCalculator: UID 10230 CPU freq # mismatch: Power Profile # 52 actual # 54
05-04 18:37:34.738  3064  3411 W CpuPowerCalculator: UID 10230 CPU freq # mismatch: Power Profile # 52 actual # 54
05-04 18:37:34.738  3064  3411 W CpuPowerCalculator: UID 10228 CPU freq # mismatch: Power Profile # 52 actual # 54
05-04 18:37:34.738  3064  3411 W CpuPowerCalculator: UID 10228 CPU freq # mismatch: Power Profile # 52 actual # 54
05-04 18:37:34.738  3064  3411 W CpuPowerCalculator: UID 10228 CPU freq # mismatch: Power Profile # 52 actual # 54
05-04 18:37:34.738  3064  3411 W CpuPowerCalculator: UID 10226 CPU freq # mismatch: Power Profile # 52 actual # 54
05-04 18:37:34.738  3064  3411 W CpuPowerCalculator: UID 10226 CPU freq # mismatch: Power Profile # 52 actual # 54
05-04 18:37:34.738  3064  3411 W CpuPowerCalculator: UID 10223 CPU freq # mismatch: Power Profile # 52 actual # 54
05-04 18:37:34.738  3064  3411 W CpuPowerCalculator: UID 10223 CPU freq # mismatch: Power Profile # 52 actual # 54
05-04 18:37:34.738  3064  3411 W CpuPowerCalculator: UID 10223 CPU freq # mismatch: Power Profile # 52 actual # 54
05-04 18:37:34.738  3064  3411 W CpuPowerCalculator: UID 10223 CPU freq # mismatch: Power Profile # 52 actual # 54
05-04 18:37:34.738  3064  3411 W CpuPowerCalculator: UID 10221 CPU freq # mismatch: Power Profile # 52 actual # 54
05-04 18:37:34.738  3064  3411 W CpuPowerCalculator: UID 10221 CPU freq # mismatch: Power Profile # 52 actual # 54
05-04 18:37:34.738  3064  3411 W CpuPowerCalculator: UID 10218 CPU freq # mismatch: Power Profile # 52 actual # 54
05-04 18:37:34.738  3064  3411 W CpuPowerCalculator: UID 10218 CPU freq # mismatch: Power Profile # 52 actual # 54
05-04 18:37:34.738  3064  3411 W CpuPowerCalculator: UID 10214 CPU freq # mismatch: Power Profile # 52 actual # 54
05-04 18:37:34.738  3064  3411 W CpuPowerCalculator: UID 10214 CPU freq # mismatch: Power Profile # 52 actual # 54
05-04 18:37:34.738  3064  3411 W CpuPowerCalculator: UID 10214 CPU freq # mismatch: Power Profile # 52 actual # 54
05-04 18:37:34.738  3064  3411 W CpuPowerCalculator: UID 10210 CPU freq # mismatch: Power Profile # 52 actual # 54
05-04 18:37:34.738  3064  3411 W CpuPowerCalculator: UID 10210 CPU freq # mismatch: Power Profile # 52 actual # 54
05-04 18:37:34.738  3064  3411 W CpuPowerCalculator: UID 10210 CPU freq # mismatch: Power Profile # 52 actual # 54
05-04 18:37:34.738  3064  3411 W CpuPowerCalculator: UID 10207 CPU freq # mismatch: Power Profile # 52 actual # 54
05-04 18:37:34.738  3064  3411 W CpuPowerCalculator: UID 10207 CPU freq # mismatch: Power Profile # 52 actual # 54
05-04 18:37:34.738  3064  3411 W CpuPowerCalculator: UID 10207 CPU freq # mismatch: Power Profile # 52 actual # 54
05-04 18:37:34.738  3064  3411 W CpuPowerCalculator: UID 10207 CPU freq # mismatch: Power Profile # 52 actual # 54
05-04 18:37:34.738  3064  3411 W CpuPowerCalculator: UID 10200 CPU freq # mismatch: Power Profile # 52 actual # 54
05-04 18:37:34.738  3064  3411 W CpuPowerCalculator: UID 10200 CPU freq # mismatch: Power Profile # 52 actual # 54
05-04 18:37:34.738  3064  3411 W CpuPowerCalculator: UID 10199 CPU freq # mismatch: Power Profile # 52 actual # 54
05-04 18:37:34.738  3064  3411 W CpuPowerCalculator: UID 10199 CPU freq # mismatch: Power Profile # 52 actual # 54
05-04 18:37:34.738  3064  3411 W CpuPowerCalculator: UID 10197 CPU freq # mismatch: Power Profile # 52 actual # 54
05-04 18:37:34.738  3064  3411 W CpuPowerCalculator: UID 10197 CPU freq # mismatch: Power Profile # 52 actual # 54
05-04 18:37:34.738  3064  3411 W CpuPowerCalculator: UID 10193 CPU freq # mismatch: Power Profile # 52 actual # 54
05-04 18:37:34.738  3064  3411 W CpuPowerCalculator: UID 10193 CPU freq # mismatch: Power Profile # 52 actual # 54
05-04 18:37:34.738  3064  3411 W CpuPowerCalculator: UID 10193 CPU freq # mismatch: Power Profile # 52 actual # 54
05-04 18:37:34.738  3064  3411 W CpuPowerCalculator: UID 10192 CPU freq # mismatch: Power Profile # 52 actual # 54
05-04 18:37:34.738  3064  3411 W CpuPowerCalculator: UID 10192 CPU freq # mismatch: Power Profile # 52 actual # 54
05-04 18:37:34.738  3064  3411 W CpuPowerCalculator: UID 10192 CPU freq # mismatch: Power Profile # 52 actual # 54
05-04 18:37:34.738  3064  3411 W CpuPowerCalculator: UID 10184 CPU freq # mismatch: Power Profile # 52 actual # 54
05-04 18:37:34.738  3064  3411 W CpuPowerCalculator: UID 10184 CPU freq # mismatch: Power Profile # 52 actual # 54
05-04 18:37:34.738  3064  3411 W CpuPowerCalculator: UID 10183 CPU freq # mismatch: Power Profile # 52 actual # 54
05-04 18:37:34.738  3064  3411 W CpuPowerCalculator: UID 10183 CPU freq # mismatch: Power Profile # 52 actual # 54
05-04 18:37:34.738  3064  3411 W CpuPowerCalculator: UID 10181 CPU freq # mismatch: Power Profile # 52 actual # 54
05-04 18:37:34.738  3064  3411 W CpuPowerCalculator: UID 10181 CPU freq # mismatch: Power Profile # 52 actual # 54
05-04 18:37:34.738  3064  3411 W CpuPowerCalculator: UID 10181 CPU freq # mismatch: Power Profile # 52 actual # 54
05-04 18:37:34.738  3064  3411 W CpuPowerCalculator: UID 10179 CPU freq # mismatch: Power Profile # 52 actual # 54
05-04 18:37:34.738  3064  3411 W CpuPowerCalculator: UID 10179 CPU freq # mismatch: Power Profile # 52 actual # 54
05-04 18:37:34.738  3064  3411 W CpuPowerCalculator: UID 10178 CPU freq # mismatch: Power Profile # 52 actual # 54
05-04 18:37:34.738  3064  3411 W CpuPowerCalculator: UID 10178 CPU freq # mismatch: Power Profile # 52 actual # 54
05-04 18:37:34.738  3064  3411 W CpuPowerCalculator: UID 10178 CPU freq # mismatch: Power Profile # 52 actual # 54
05-04 18:37:34.738  3064  3411 W CpuPowerCalculator: UID 10178 CPU freq # mismatch: Power Profile # 52 actual # 54
05-04 18:37:34.738  3064  3411 W CpuPowerCalculator: UID 10178 CPU freq # mismatch: Power Profile # 52 actual # 54
05-04 18:37:34.738  3064  3411 W CpuPowerCalculator: UID 10177 CPU freq # mismatch: Power Profile # 52 actual # 54
05-04 18:37:34.738  3064  3411 W CpuPowerCalculator: UID 10177 CPU freq # mismatch: Power Profile # 52 actual # 54
05-04 18:37:34.738  3064  3411 W CpuPowerCalculator: UID 10170 CPU freq # mismatch: Power Profile # 52 actual # 54
05-04 18:37:34.738  3064  3411 W CpuPowerCalculator: UID 10170 CPU freq # mismatch: Power Profile # 52 actual # 54
05-04 18:37:34.738  3064  3411 W CpuPowerCalculator: UID 10170 CPU freq # mismatch: Power Profile # 52 actual # 54
05-04 18:37:34.738  3064  3411 W CpuPowerCalculator: UID 10163 CPU freq # mismatch: Power Profile # 52 actual # 54
05-04 18:37:34.738  3064  3411 W CpuPowerCalculator: UID 10163 CPU freq # mismatch: Power Profile # 52 actual # 54
05-04 18:37:34.739  3064  3411 W CpuPowerCalculator: UID 10162 CPU freq # mismatch: Power Profile # 52 actual # 54
05-04 18:37:34.739  3064  3411 W CpuPowerCalculator: UID 10162 CPU freq # mismatch: Power Profile # 52 actual # 54
05-04 18:37:34.739  3064  3411 W CpuPowerCalculator: UID 10150 CPU freq # mismatch: Power Profile # 52 actual # 54
05-04 18:37:34.739  3064  3411 W CpuPowerCalculator: UID 10150 CPU freq # mismatch: Power Profile # 52 actual # 54
05-04 18:37:34.739  3064  3411 W CpuPowerCalculator: UID 10139 CPU freq # mismatch: Power Profile # 52 actual # 54
05-04 18:37:34.739  3064  3411 W CpuPowerCalculator: UID 10139 CPU freq # mismatch: Power Profile # 52 actual # 54
05-04 18:37:34.739  3064  3411 W CpuPowerCalculator: UID 10139 CPU freq # mismatch: Power Profile # 52 actual # 54
05-04 18:37:34.739  3064  3411 W CpuPowerCalculator: UID 10130 CPU freq # mismatch: Power Profile # 52 actual # 54
05-04 18:37:34.739  3064  3411 W CpuPowerCalculator: UID 10130 CPU freq # mismatch: Power Profile # 52 actual # 54
05-04 18:37:34.739  3064  3411 W CpuPowerCalculator: UID 10130 CPU freq # mismatch: Power Profile # 52 actual # 54
05-04 18:37:34.739  3064  3411 W CpuPowerCalculator: UID 10125 CPU freq # mismatch: Power Profile # 52 actual # 54
05-04 18:37:34.739  3064  3411 W CpuPowerCalculator: UID 10125 CPU freq # mismatch: Power Profile # 52 actual # 54
05-04 18:37:34.739  3064  3411 W CpuPowerCalculator: UID 10124 CPU freq # mismatch: Power Profile # 52 actual # 54
05-04 18:37:34.739  3064  3411 W CpuPowerCalculator: UID 10124 CPU freq # mismatch: Power Profile # 52 actual # 54
05-04 18:37:34.739  3064  3411 W CpuPowerCalculator: UID 10122 CPU freq # mismatch: Power Profile # 52 actual # 54
05-04 18:37:34.739  3064  3411 W CpuPowerCalculator: UID 10122 CPU freq # mismatch: Power Profile # 52 actual # 54
05-04 18:37:34.739  3064  3411 W CpuPowerCalculator: UID 10122 CPU freq # mismatch: Power Profile # 52 actual # 54
05-04 18:37:34.739  3064  3411 W CpuPowerCalculator: UID 10114 CPU freq # mismatch: Power Profile # 52 actual # 54
05-04 18:37:34.739  3064  3411 W CpuPowerCalculator: UID 10114 CPU freq # mismatch: Power Profile # 52 actual # 54
05-04 18:37:34.739  3064  3411 W CpuPowerCalculator: UID 10114 CPU freq # mismatch: Power Profile # 52 actual # 54
05-04 18:37:34.739  3064  3411 W CpuPowerCalculator: UID 10114 CPU freq # mismatch: Power Profile # 52 actual # 54
05-04 18:37:34.739  3064  3411 W CpuPowerCalculator: UID 10114 CPU freq # mismatch: Power Profile # 52 actual # 54
05-04 18:37:34.739  3064  3411 W CpuPowerCalculator: UID 9999 CPU freq # mismatch: Power Profile # 52 actual # 54
05-04 18:37:34.739  3064  3411 W CpuPowerCalculator: UID 2906 CPU freq # mismatch: Power Profile # 52 actual # 54
05-04 18:37:34.739  3064  3411 W CpuPowerCalculator: UID 2903 CPU freq # mismatch: Power Profile # 52 actual # 54
05-04 18:37:34.739  3064  3411 W CpuPowerCalculator: UID 2000 CPU freq # mismatch: Power Profile # 52 actual # 54
05-04 18:37:34.739  3064  3411 W CpuPowerCalculator: UID 1092 CPU freq # mismatch: Power Profile # 52 actual # 54
05-04 18:37:34.739  3064  3411 W CpuPowerCalculator: UID 1073 CPU freq # mismatch: Power Profile # 52 actual # 54
05-04 18:37:34.739  3064  3411 W CpuPowerCalculator: UID 1073 CPU freq # mismatch: Power Profile # 52 actual # 54
05-04 18:37:34.739  3064  3411 W CpuPowerCalculator: UID 1072 CPU freq # mismatch: Power Profile # 52 actual # 54
05-04 18:37:34.739  3064  3411 W CpuPowerCalculator: UID 1069 CPU freq # mismatch: Power Profile # 52 actual # 54
05-04 18:37:34.739  3064  3411 W CpuPowerCalculator: UID 1068 CPU freq # mismatch: Power Profile # 52 actual # 54
05-04 18:37:34.739  3064  3411 W CpuPowerCalculator: UID 1068 CPU freq # mismatch: Power Profile # 52 actual # 54
05-04 18:37:34.739  3064  3411 W CpuPowerCalculator: UID 1066 CPU freq # mismatch: Power Profile # 52 actual # 54
05-04 18:37:34.739  3064  3411 W CpuPowerCalculator: UID 1053 CPU freq # mismatch: Power Profile # 52 actual # 54
05-04 18:37:34.739  3064  3411 W CpuPowerCalculator: UID 1052 CPU freq # mismatch: Power Profile # 52 actual # 54
05-04 18:37:34.739  3064  3411 W CpuPowerCalculator: UID 1047 CPU freq # mismatch: Power Profile # 52 actual # 54
05-04 18:37:34.739  3064  3411 W CpuPowerCalculator: UID 1046 CPU freq # mismatch: Power Profile # 52 actual # 54
05-04 18:37:34.739  3064  3411 W CpuPowerCalculator: UID 1041 CPU freq # mismatch: Power Profile # 52 actual # 54
05-04 18:37:34.739  3064  3411 W CpuPowerCalculator: UID 1040 CPU freq # mismatch: Power Profile # 52 actual # 54
05-04 18:37:34.739  3064  3411 W CpuPowerCalculator: UID 1036 CPU freq # mismatch: Power Profile # 52 actual # 54
05-04 18:37:34.739  3064  3411 W CpuPowerCalculator: UID 1027 CPU freq # mismatch: Power Profile # 52 actual # 54
05-04 18:37:34.739  3064  3411 W CpuPowerCalculator: UID 1027 CPU freq # mismatch: Power Profile # 52 actual # 54
05-04 18:37:34.739  3064  3411 W CpuPowerCalculator: UID 1021 CPU freq # mismatch: Power Profile # 52 actual # 54
05-04 18:37:34.740  3064  3411 W CpuPowerCalculator: UID 1019 CPU freq # mismatch: Power Profile # 52 actual # 54
05-04 18:37:34.740  3064  3411 W CpuPowerCalculator: UID 1017 CPU freq # mismatch: Power Profile # 52 actual # 54
05-04 18:37:34.740  3064  3411 W CpuPowerCalculator: UID 1013 CPU freq # mismatch: Power Profile # 52 actual # 54
05-04 18:37:34.740  3064  3411 W CpuPowerCalculator: UID 1010 CPU freq # mismatch: Power Profile # 52 actual # 54
05-04 18:37:34.740  3064  3411 W CpuPowerCalculator: UID 1007 CPU freq # mismatch: Power Profile # 52 actual # 54
05-04 18:37:34.740  3064  3411 W CpuPowerCalculator: UID 1007 CPU freq # mismatch: Power Profile # 52 actual # 54
05-04 18:37:34.740  3064  3411 W CpuPowerCalculator: UID 1002 CPU freq # mismatch: Power Profile # 52 actual # 54
05-04 18:37:34.740  3064  3411 W CpuPowerCalculator: UID 1002 CPU freq # mismatch: Power Profile # 52 actual # 54
05-04 18:37:34.740  3064  3411 W CpuPowerCalculator: UID 1001 CPU freq # mismatch: Power Profile # 52 actual # 54
05-04 18:37:34.740  3064  3411 W CpuPowerCalculator: UID 1001 CPU freq # mismatch: Power Profile # 52 actual # 54
05-04 18:37:34.740  3064  3411 W CpuPowerCalculator: UID 1000 CPU freq # mismatch: Power Profile # 52 actual # 54
05-04 18:37:34.740  3064  3411 W CpuPowerCalculator: UID 0 CPU freq # mismatch: Power Profile # 52 actual # 54
05-04 18:37:35.491  3974 26498 D IpClient/wlan0: interfaceLinkStateChanged: ifindex 27 up
05-04 18:37:35.686  1737  7992 I vendor.qti.bluetooth@1.0-ibs_handler: DeviceSleep: TX Awake, Sending SLEEP_IND
05-04 18:37:35.686  1737  7992 D vendor.qti.bluetooth@1.0-ibs_handler: SerialClockVote: vote for UART CLK OFF
05-04 18:37:35.837  1737  7960 D vendor.qti.bluetooth@1.0-wake_lock: Release wakelock is released 
05-04 18:37:35.986 17524 17677 I AiAiStatsd: No op: the most recent atoms from the date 2026-05-03 have been uploaded.
05-04 18:37:36.333  3064  3736 D WifiStaIfaceHidlImpl: getCachedScanData is not implemented by HIDL
05-04 18:37:36.338  3064  3736 I HalDevMgr: bestIfaceCreationProposal is null, requestIface=STA, existingIface=[name=ap_br_wlan2 type=AP_BRIDGE, name=wlan0 type=STA]
05-04 18:37:36.444  1830 10078 I QC2Comp : [avcD_1124] Stats: Pending(9) i/p-done(5) Works: Q: 28/Done 20|Work-Rate: Q(0.0/s Avg=0.0/s) Done(0.000/s Avg=0.002/s)| Stream: 30.00fps 203.8Kbps
05-04 18:37:36.445  1830 10078 I QC2Comp : [avcD_1124] Mem-usage:  [In-1D: 6 bufs 17.930 MB] [1D-2226: 16 bufs 0.250 MB] [2D-2227: 20 bufs 28.438 MB] | Total: 46.617 MB
05-04 18:37:37.824  1731  3697 I slpi    : STK3A5X ALS_OC: lux:2050.760010, last_ps:0[1235], CH0:1535, CH2:194, CH4:9, AWAIT:32, ACRL:33, AGAIN:33, INT1:9, INT2:0, PS:114, LED:128, flag:65, state:7, scale:167.560,als_sel:1(0)(cnt:0)
05-04 18:37:38.034  1731  3697 I slpi    : STK3A5X ALS_OC: lux:1772.871948, last_ps:0[1236], CH0:1327, CH2:171, CH4:8, AWAIT:32, ACRL:33, AGAIN:33, INT1:9, INT2:0, PS:114, LED:128, flag:65, state:7, scale:167.560,als_sel:1(0)(cnt:0)
05-04 18:37:38.243  1731  3697 I slpi    : STK3A5X ALS_OC: lux:1501.663940, last_ps:0[1231], CH0:1124, CH2:143, CH4:7, AWAIT:32, ACRL:33, AGAIN:33, INT1:9, INT2:0, PS:114, LED:128, flag:65, state:7, scale:167.560,als_sel:1(0)(cnt:0)
05-04 18:37:38.452  1731  3697 I slpi    : STK3A5X ALS_OC: lux:1342.680054, last_ps:0[1232], CH0:1005, CH2:126, CH4:7, AWAIT:32, ACRL:33, AGAIN:33, INT1:9, INT2:0, PS:114, LED:128, flag:65, state:7, scale:167.560,als_sel:1(0)(cnt:0)
05-04 18:37:39.353  3064  3736 D WifiStaIfaceHidlImpl: getCachedScanData is not implemented by HIDL
05-04 18:37:39.358  5998  6251 I ModemStats: [DataStallDetectService] onCapabilitiesChanged networkCapabilities=[ Transports: WIFI Capabilities: NOT_METERED&INTERNET&NOT_RESTRICTED&TRUSTED&NOT_VPN&VALIDATED&NOT_ROAMING&FOREGROUND&NOT_CONGESTED&NOT_SUSPENDED&NOT_VCN_MANAGED LinkUpBandwidth>=1636Kbps LinkDnBandwidth>=37611Kbps TransportInfo: <SSID: <unknown ssid>, BSSID: 02:00:00:00:00:00, MAC: 02:00:00:00:00:00, IP: /192.168.1.2, Security type: 2, Supplicant state: COMPLETED, Wi-Fi standard: 11ac, RSSI: -60, Link speed: 263Mbps, Tx Link speed: 263Mbps, Max Supported Tx Link speed: 866Mbps, Rx Link speed: 6Mbps, Max Supported Rx Link speed: 866Mbps, Frequency: 5765MHz, Net ID: -1, Metered hint: false, score: 100, isUsable: true, CarrierMerged: false, SubscriptionId: -1, IsPrimary: -1, Trusted: true, Restricted: false, Ephemeral: false, OEM paid: false, OEM private: false, OSU AP: false, FQDN: <none>, Provider friendly name: <none>, Requesting package name: <none><none>MLO Information: , Is TID-To-Link negotiation supported by the AP: false, AP MLD Address: <none>, AP MLO Link Id: <none>, AP MLO Affiliated links: <none>, Vendor Data: <none>> SignalStrength: -60 UnderlyingNetworks: Null]
05-04 18:37:39.358  5998  6251 I ModemStats: [DataStallDetectService] onCapabilitiesChanged NET_CAPABILITY_VALIDATED=true
05-04 18:37:39.358  5998  6251 I ModemStats: [DataStallDetectService] onCapabilitiesChanged mDataStallManager.mDataStallInstance=null
05-04 18:37:39.358  5998  6251 I ModemStats: [DataStallDetectService] onCapabilitiesChanged mDataStallSmart5gManager.mDataStallInstance=null
05-04 18:37:39.359  4043  4925 D QCNEJ/NativeHalConnector: -> SND notifyDefaultNetworkChanged(1)
05-04 18:37:39.360  3064  3064 D EnhancedConnectivityController: Wifi onCapabilitiesChanged
05-04 18:37:39.360  3064  3064 D EnhancedConnectivityController: Default net onCapabilitiesChanged
05-04 18:37:39.360  3064  3064 D EnhancedConnectivityController: updateDefaultNet:648
05-04 18:37:39.360  3064  3064 D EnhancedConnectivityController: mayUpdateNotification: shouldShow=false,UidsBlocked=false, net info=net:648,ifName=wlan0,securityType=2,isDefault=true,ssid="Airtel_Siddhanth's wifi",notificationId=0
05-04 18:37:39.361  3064  3736 I HalDevMgr: bestIfaceCreationProposal is null, requestIface=STA, existingIface=[name=ap_br_wlan2 type=AP_BRIDGE, name=wlan0 type=STA]
05-04 18:37:39.362 27765 27774 I NullBinder: NullBinder for android.net.action.RECOMMEND_NETWORKS triggering remote TransactionTooLargeException due to Service without Chimera impl, calling uid: 1000, calling pid: 0
05-04 18:37:39.362 27765 27774 W Binder  : reply too large data on java level: InterfaceDescriptor = null, code = 1
05-04 18:37:39.362 27765 27774 W .gms.persistent: Large reply transaction of 1056768 bytes, interface descriptor , code 1
05-04 18:37:39.865 27765 29287 I NearbySharing: Network state changed: NetworkState(isRestricted=false, isOnline=true, isCongested=false, isMetered=false, isWifiConnected=true)
05-04 18:37:39.914  1731  3697 I slpi    : STK3A5X ALS_OC: lux:1175.680054, last_ps:0[1232], CH0:880, CH2:117, CH4:6, AWAIT:32, ACRL:33, AGAIN:33, INT1:9, INT2:0, PS:114, LED:128, flag:65, state:7, scale:167.560,als_sel:1(0)(cnt:0)
05-04 18:37:41.262  3064  3524 D PowerManagerService: nativeAcquireSuspendBlocker name:PowerManagerService.WakeLocks duration ms: 2
05-04 18:37:41.263  3064  3064 D PowerManagerService: nativeReleaseSuspendBlocker name:PowerManagerService.WakeLocks duration ms: 0
05-04 18:37:41.264  3064  3477 D PowerManagerService: nativeAcquireSuspendBlocker name:PowerManagerService.WakeLocks duration ms: 1
05-04 18:37:41.271 26177 26177 I Finsky  : [2] SCH: job service start with id 9694.
05-04 18:37:41.276 26177 29631 I Finsky  : [1260] SCH: Satisfied jobs for 9694 are: 12-1
05-04 18:37:41.276 26177 29823 I Finsky  : [1264] SCH: Job 12-1 starting
05-04 18:37:41.277 26177 26177 I Finsky  : [2] WM::SCH: Logging work start for 12-1
05-04 18:37:41.277 26177 26177 I Finsky  : [2] [ContentSync] job started
05-04 18:37:41.290 17524 17679 I AiAiSuperpacks: No superpacks to release, will no-op
05-04 18:37:41.290 17524 17667 I SP.AiAi : Starting garbage collection
05-04 18:37:41.309 17524 17667 I SP.AiAi : GC for 'global' (1) with ttl of 172800000 ms took 18 ms (0/18/0)
05-04 18:37:41.445  1830 10078 I QC2Comp : [avcD_1124] Stats: Pending(9) i/p-done(5) Works: Q: 28/Done 20|Work-Rate: Q(0.0/s Avg=0.0/s) Done(0.000/s Avg=0.002/s)| Stream: 30.00fps 203.8Kbps
05-04 18:37:41.445  1830 10078 I QC2Comp : [avcD_1124] Mem-usage:  [In-1D: 6 bufs 17.930 MB] [1D-2226: 16 bufs 0.250 MB] [2D-2227: 20 bufs 28.438 MB] | Total: 46.617 MB
05-04 18:37:41.530 26177 26177 W Finsky  : [2] STU: Failed to get storage stats for package 'com.google.mainline.primary.libs' (1601: Error getting stats: android.content.pm.PackageManager.NameNotFoundException)
05-04 18:37:41.626 26177 26177 W Finsky  : [2] STU: Failed to get storage stats for package 'com.android.apex.cts.shim' (1601: Error getting stats: android.content.pm.PackageManager.NameNotFoundException)
05-04 18:37:41.646 26177 26177 W Finsky  : [2] STU: Failed to get storage stats for package 'com.google.android.appsearch' (1601: Error getting stats: android.content.pm.PackageManager.NameNotFoundException)
05-04 18:37:41.651 26177 26177 W Finsky  : [2] STU: Failed to get storage stats for package 'com.google.android.art' (1601: Error getting stats: android.content.pm.PackageManager.NameNotFoundException)
05-04 18:37:41.678 26177 26177 W Finsky  : [2] STU: Failed to get storage stats for package 'com.google.android.mediaprovider' (1601: Error getting stats: android.content.pm.PackageManager.NameNotFoundException)
05-04 18:37:41.697 26177 26177 W Finsky  : [2] STU: Failed to get storage stats for package 'com.android.virt' (1601: Error getting stats: android.content.pm.PackageManager.NameNotFoundException)
05-04 18:37:41.702 26177 26177 W Finsky  : [2] STU: Failed to get storage stats for package 'com.google.android.resolv' (1601: Error getting stats: android.content.pm.PackageManager.NameNotFoundException)
05-04 18:37:41.716 26177 26177 W Finsky  : [2] STU: Failed to get storage stats for package 'com.google.android.configinfrastructure' (1601: Error getting stats: android.content.pm.PackageManager.NameNotFoundException)
05-04 18:37:41.716 26177 26177 W Finsky  : [2] STU: Failed to get storage stats for package 'com.google.android.media' (1601: Error getting stats: android.content.pm.PackageManager.NameNotFoundException)
05-04 18:37:41.729 26177 26177 W Finsky  : [2] STU: Failed to get storage stats for package 'com.android.vndk.v31' (1601: Error getting stats: android.content.pm.PackageManager.NameNotFoundException)
05-04 18:37:41.731 26177 26177 W Finsky  : [2] STU: Failed to get storage stats for package 'com.android.vndk.v30' (1601: Error getting stats: android.content.pm.PackageManager.NameNotFoundException)
05-04 18:37:41.732 26177 26177 W Finsky  : [2] STU: Failed to get storage stats for package 'com.android.vndk.v33' (1601: Error getting stats: android.content.pm.PackageManager.NameNotFoundException)
05-04 18:37:41.733 26177 26177 W Finsky  : [2] STU: Failed to get storage stats for package 'com.android.vndk.v32' (1601: Error getting stats: android.content.pm.PackageManager.NameNotFoundException)
05-04 18:37:41.737 26177 26177 W Finsky  : [2] STU: Failed to get storage stats for package 'com.android.vndk.v34' (1601: Error getting stats: android.content.pm.PackageManager.NameNotFoundException)
05-04 18:37:41.772 26177 26177 W Finsky  : [2] STU: Failed to get storage stats for package 'com.google.android.sdkext' (1601: Error getting stats: android.content.pm.PackageManager.NameNotFoundException)
05-04 18:37:41.782 26177 26177 W Finsky  : [2] STU: Failed to get storage stats for package 'com.google.android.adservices' (1601: Error getting stats: android.content.pm.PackageManager.NameNotFoundException)
05-04 18:37:41.784 26177 26177 W Finsky  : [2] STU: Failed to get storage stats for package 'com.google.android.tethering' (1601: Error getting stats: android.content.pm.PackageManager.NameNotFoundException)
05-04 18:37:41.802 26177 26177 W Finsky  : [2] STU: Failed to get storage stats for package 'com.android.runtime' (1601: Error getting stats: android.content.pm.PackageManager.NameNotFoundException)
05-04 18:37:41.816 26177 26177 W Finsky  : [2] STU: Failed to get storage stats for package 'com.google.android.cellbroadcast' (1601: Error getting stats: android.content.pm.PackageManager.NameNotFoundException)
05-04 18:37:41.880 26177 26177 W Finsky  : [2] STU: Failed to get storage stats for package 'com.motorola.enterprise' (1601: Error getting stats: android.content.pm.PackageManager.NameNotFoundException)
05-04 18:37:41.911 26177 26177 W Finsky  : [2] STU: Failed to get storage stats for package 'com.google.android.tzdata5' (1601: Error getting stats: android.content.pm.PackageManager.NameNotFoundException)
05-04 18:37:41.932 26177 26177 W Finsky  : [2] STU: Failed to get storage stats for package 'com.google.android.permission' (1601: Error getting stats: android.content.pm.PackageManager.NameNotFoundException)
05-04 18:37:41.952 26177 26177 W Finsky  : [2] STU: Failed to get storage stats for package 'com.google.android.wifi' (1601: Error getting stats: android.content.pm.PackageManager.NameNotFoundException)
05-04 18:37:42.002  1731  3697 I slpi    : STK3A5X ALS_OC: lux:1055.439941, last_ps:0[1228], CH0:790, CH2:103, CH4:6, AWAIT:32, ACRL:33, AGAIN:33, INT1:9, INT2:0, PS:114, LED:128, flag:65, state:7, scale:167.560,als_sel:1(0)(cnt:0)
05-04 18:37:42.271  1731  3697 I slpi    : STK3A5X:PRXCAL 1 Near 0 K 2396 PDATA 1229 PLT 1784 PHT 2298 - 72,7f,80,21,21,1|9,0,81|7,oil 0|irq_r 4748
05-04 18:37:42.370  3064  3736 D WifiStaIfaceHidlImpl: getCachedScanData is not implemented by HIDL
05-04 18:37:42.374  3064  3736 I HalDevMgr: bestIfaceCreationProposal is null, requestIface=STA, existingIface=[name=ap_br_wlan2 type=AP_BRIDGE, name=wlan0 type=STA]
05-04 18:37:42.375  3827  3827 D StatusBarIconController: ignoring old pipeline callback because the new wifi icon is enabled
05-04 18:37:42.385  3974 26498 D IpClient/wlan0: interfaceLinkStateChanged: ifindex 27 up
05-04 18:37:42.394  3064  5857 W ProcessStats: Tracking association SourceState{8c40fe2 com.google.android.googlequicksearchbox:googleapp/10228 BTop #2032750} whose proc state 2 is better than process ProcessState{bf547ef com.google.android.gms.persistent/10192 pkg=com.google.android.gms} proc state 3 (512 skipped)
05-04 18:37:42.431 27765 27765 D BoundBrokerSvc: onUnbind: Intent { act=com.google.android.gms.presencemanager.service.START dat=chimera-action:/... cmp=com.google.android.gms/.chimera.PersistentApiService }
05-04 18:37:42.432 27765 27765 D BoundBrokerSvc: onUnbind: Intent { act=com.google.android.gms.presencemanager.service.INTERNAL_IDENTITY dat=chimera-action:/... cmp=com.google.android.gms/.chimera.PersistentApiService }
05-04 18:37:42.440 26370 26376 W .apps.wellbeing: ApkAssets: Deleting an ApkAssets object '<empty> and /product/overlay/DisplayCutoutEmulationNoCutout/DisplayCutoutEmulationNoCutoutOverlay.apk' with 1 weak references
05-04 18:37:42.441 26370 26376 W .apps.wellbeing: ApkAssets: Deleting an ApkAssets object '<empty> and /system_ext/priv-app/MotoDesktopCore/MotoDesktopCore.apk' with 1 weak references
05-04 18:37:42.441 26370 26376 W .apps.wellbeing: ApkAssets: Deleting an ApkAssets object '<empty> and /data/app/~~_AuFnfCB2iT4vi2AsAIbgA==/com.google.android.apps.subscriptions.red-EXfqgaVzC4oX2xqHrNyCdg==/base.apk' with 1 weak references
05-04 18:37:42.442 26370 26376 W .apps.wellbeing: ApkAssets: Deleting an ApkAssets object '<empty> and /data/app/~~_AuFnfCB2iT4vi2AsAIbgA==/com.google.android.apps.subscriptions.red-EXfqgaVzC4oX2xqHrNyCdg==/split_config.arm64_v8a.apk' with 1 weak references
05-04 18:37:42.442 26370 26376 W .apps.wellbeing: ApkAssets: Deleting an ApkAssets object '<empty> and /data/app/~~_AuFnfCB2iT4vi2AsAIbgA==/com.google.android.apps.subscriptions.red-EXfqgaVzC4oX2xqHrNyCdg==/split_config.en.apk' with 1 weak references
05-04 18:37:42.442 26370 26376 W .apps.wellbeing: ApkAssets: Deleting an ApkAssets object '<empty> and /data/app/~~_AuFnfCB2iT4vi2AsAIbgA==/com.google.android.apps.subscriptions.red-EXfqgaVzC4oX2xqHrNyCdg==/split_config.xxhdpi.apk' with 1 weak references
05-04 18:37:42.442 26370 26376 W .apps.wellbeing: ApkAssets: Deleting an ApkAssets object '<empty> and /data/app/~~vw7sJK69EMssoERG9UZodA==/com.whatsapp.w4b-lCKBl0GosA6UNq62oakxmA==/base.apk' with 1 weak references
05-04 18:37:42.443 26370 26376 W .apps.wellbeing: ApkAssets: Deleting an ApkAssets object '<empty> and /data/app/~~vw7sJK69EMssoERG9UZodA==/com.whatsapp.w4b-lCKBl0GosA6UNq62oakxmA==/split_config.arm64_v8a.apk' with 1 weak references
05-04 18:37:42.443 26370 26376 W .apps.wellbeing: ApkAssets: Deleting an ApkAssets object '<empty> and /data/app/~~vw7sJK69EMssoERG9UZodA==/com.whatsapp.w4b-lCKBl0GosA6UNq62oakxmA==/split_config.xxhdpi.apk' with 1 weak references
05-04 18:37:42.443 26370 26376 W .apps.wellbeing: ApkAssets: Deleting an ApkAssets object '<empty> and /data/app/~~Kf-7PpbPP2iBleDgqCT5dQ==/com.ideopay.user-xX9RIOzF0SKNYBfXyyTteQ==/base.apk' with 1 weak references
05-04 18:37:42.444 26370 26376 W .apps.wellbeing: ApkAssets: Deleting an ApkAssets object '<empty> and /data/app/~~Kf-7PpbPP2iBleDgqCT5dQ==/com.ideopay.user-xX9RIOzF0SKNYBfXyyTteQ==/split_config.arm64_v8a.apk' with 1 weak references
05-04 18:37:42.444 26370 26376 W .apps.wellbeing: ApkAssets: Deleting an ApkAssets object '<empty> and /data/app/~~Kf-7PpbPP2iBleDgqCT5dQ==/com.ideopay.user-xX9RIOzF0SKNYBfXyyTteQ==/split_config.bn.apk' with 1 weak references
05-04 18:37:42.444 26370 26376 W .apps.wellbeing: ApkAssets: Deleting an ApkAssets object '<empty> and /data/app/~~Kf-7PpbPP2iBleDgqCT5dQ==/com.ideopay.user-xX9RIOzF0SKNYBfXyyTteQ==/split_config.en.apk' with 1 weak references
05-04 18:37:42.444 26370 26376 W .apps.wellbeing: ApkAssets: Deleting an ApkAssets object '<empty> and /data/app/~~Kf-7PpbPP2iBleDgqCT5dQ==/com.ideopay.user-xX9RIOzF0SKNYBfXyyTteQ==/split_config.gu.apk' with 1 weak references
05-04 18:37:42.444 26370 26376 W .apps.wellbeing: ApkAssets: Deleting an ApkAssets object '<empty> and /data/app/~~Kf-7PpbPP2iBleDgqCT5dQ==/com.ideopay.user-xX9RIOzF0SKNYBfXyyTteQ==/split_config.hi.apk' with 1 weak references
05-04 18:37:42.444 26370 26376 W .apps.wellbeing: ApkAssets: Deleting an ApkAssets object '<empty> and /data/app/~~Kf-7PpbPP2iBleDgqCT5dQ==/com.ideopay.user-xX9RIOzF0SKNYBfXyyTteQ==/split_config.mr.apk' with 1 weak references
05-04 18:37:42.444 26370 26376 W .apps.wellbeing: ApkAssets: Deleting an ApkAssets object '<empty> and /data/app/~~Kf-7PpbPP2iBleDgqCT5dQ==/com.ideopay.user-xX9RIOzF0SKNYBfXyyTteQ==/split_config.xxhdpi.apk' with 1 weak references
05-04 18:37:42.445 26370 26376 W .apps.wellbeing: ApkAssets: Deleting an ApkAssets object '<empty> and /data/app/~~WCk0Xouo6OG13g8wNBX4dQ==/com.google.android.youtube-47MG5Uo5IvIbaAHo79YEyQ==/base.apk' with 1 weak references
05-04 18:37:42.445 26370 26376 W .apps.wellbeing: ApkAssets: Deleting an ApkAssets object '<empty> and /data/app/~~WCk0Xouo6OG13g8wNBX4dQ==/com.google.android.youtube-47MG5Uo5IvIbaAHo79YEyQ==/split_config.arm64_v8a.apk' with 1 weak references
05-04 18:37:42.445 26370 26376 W .apps.wellbeing: ApkAssets: Deleting an ApkAssets object '<empty> and /data/app/~~WCk0Xouo6OG13g8wNBX4dQ==/com.google.android.youtube-47MG5Uo5IvIbaAHo79YEyQ==/split_config.en.apk' with 1 weak references
05-04 18:37:42.445 26370 26376 W .apps.wellbeing: ApkAssets: Deleting an ApkAssets object '<empty> and /data/app/~~WCk0Xouo6OG13g8wNBX4dQ==/com.google.android.youtube-47MG5Uo5IvIbaAHo79YEyQ==/split_config.xxhdpi.apk' with 1 weak references
05-04 18:37:42.446 26370 26376 W .apps.wellbeing: ApkAssets: Deleting an ApkAssets object '<empty> and /product/app/VzwAPNLibWs/VzwAPNLibWs.apk' with 1 weak references
05-04 18:37:42.446 26370 26376 W .apps.wellbeing: ApkAssets: Deleting an ApkAssets object '<empty> and /data/app/~~W6139kneGaFyEfe5yfyjfw==/com.paisabazaar-MDoj29chx3RCbA_CMXPhNQ==/base.apk' with 1 weak references
05-04 18:37:42.446 26370 26376 W .apps.wellbeing: ApkAssets: Deleting an ApkAssets object '<empty> and /data/app/~~W6139kneGaFyEfe5yfyjfw==/com.paisabazaar-MDoj29chx3RCbA_CMXPhNQ==/split_config.arm64_v8a.apk' with 1 weak references
05-04 18:37:42.446 26370 26376 W .apps.wellbeing: ApkAssets: Deleting an ApkAssets object '<empty> and /data/app/~~W6139kneGaFyEfe5yfyjfw==/com.paisabazaar-MDoj29chx3RCbA_CMXPhNQ==/split_config.xxhdpi.apk' with 1 weak references
05-04 18:37:42.446 26370 26376 W .apps.wellbeing: ApkAssets: Deleting an ApkAssets object '<empty> and /product/priv-app/BuaCloudContactAdapter/BuaCloudContactAdapter.apk' with 1 weak references
05-04 18:37:42.446 26370 26376 W .apps.wellbeing: ApkAssets: Deleting an ApkAssets object '<empty> and /apex/com.android.uwb/priv-app/ServiceUwbResources@U1SHS34M.1-177-6-4/ServiceUwbResources.apk' with 1 weak references
05-04 18:37:42.447 26370 26376 W .apps.wellbeing: ApkAssets: Deleting an ApkAssets object '<empty> and /product/overlay/DisplayCutoutEmulationCorner/DisplayCutoutEmulationCornerOverlay.apk' with 1 weak references
05-04 18:37:42.447 26370 26376 W .apps.wellbeing: ApkAssets: Deleting an ApkAssets object '<empty> and /apex/com.android.extservices/priv-app/GoogleExtServices@361153320/GoogleExtServices.apk' with 1 weak references
05-04 18:37:42.447 26370 26376 W .apps.wellbeing: ApkAssets: Deleting an ApkAssets object '<empty> and /system_ext/priv-app/MotoCare/MotoCare.apk' with 1 weak references
05-04 18:37:42.448 26370 26376 W .apps.wellbeing: ApkAssets: Deleting an ApkAssets object '<empty> and /product/priv-app/MotoTour/MotoTour.apk' with 1 weak references
05-04 18:37:42.448 26370 26376 W .apps.wellbeing: ApkAssets: Deleting an ApkAssets object '<empty> and /product/overlay/DisplayCutoutEmulationDouble/DisplayCutoutEmulationDoubleOverlay.apk' with 1 weak references
05-04 18:37:42.448 26370 26376 W .apps.wellbeing: ApkAssets: Deleting an ApkAssets object '<empty> and /system/priv-app/TelephonyProvider/TelephonyProvider.apk' with 1 weak references
05-04 18:37:42.448 26370 26376 W .apps.wellbeing: ApkAssets: Deleting an ApkAssets object '/product/overlay/TelephonyProviderCarrierSettingsRRO.apk' with 1 weak references
05-04 18:37:42.448 26370 26376 W .apps.wellbeing: ApkAssets: Deleting an ApkAssets object '<empty> and /system/priv-app/DynamicSystemInstallationService/DynamicSystemInstallationService.apk' with 1 weak references
05-04 18:37:42.449 26370 26376 W .apps.wellbeing: ApkAssets: Deleting an ApkAssets object '<empty> and /product/priv-app/MotoFeedbackAssistant/MotoFeedbackAssistant.apk' with 1 weak references
05-04 18:37:42.449 26370 26376 W .apps.wellbeing: ApkAssets: Deleting an ApkAssets object '<empty> and /product/overlay/IconShapePebble/IconShapePebbleOverlay.apk' with 1 weak references
05-04 18:37:42.449 26370 26376 W .apps.wellbeing: ApkAssets: Deleting an ApkAssets object '<empty> and /data/app/~~NIZyaE1E4sgNIMwnjahj8A==/com.google.android.googlequicksearchbox-kuMc78MYht-jjXEvqrwLHQ==/base.apk' with 1 weak references
05-04 18:37:42.450 26370 26376 W .apps.wellbeing: ApkAssets: Deleting an ApkAssets object '<empty> and /data/app/~~NIZyaE1E4sgNIMwnjahj8A==/com.google.android.googlequicksearchbox-kuMc78MYht-jjXEvqrwLHQ==/split_config.xxhdpi.apk' with 1 weak references
05-04 18:37:42.450 26370 26376 W .apps.wellbeing: ApkAssets: Deleting an ApkAssets object '<empty> and /data/app/~~NIZyaE1E4sgNIMwnjahj8A==/com.google.android.googlequicksearchbox-kuMc78MYht-jjXEvqrwLHQ==/split_lens_ondevice_engine_play_ml_module.apk' with 1 weak references
05-04 18:37:42.450 26370 26376 W .apps.wellbeing: ApkAssets: Deleting an ApkAssets object '<empty> and /system_ext/priv-app/RevokerServices/RevokerServices.apk' with 1 weak references
05-04 18:37:42.451 26370 26376 W .apps.wellbeing: ApkAssets: Deleting an ApkAssets object '<empty> and /product/priv-app/VzwMVS/VzwMVS.apk' with 1 weak references
05-04 18:37:42.451 26370 26376 W .apps.wellbeing: ApkAssets: Deleting an ApkAssets object '<empty> and /product/app/VzwAPNLibWs/VzwAPNLibWs.apk' with 4 weak references
05-04 18:37:42.452 26370 26376 W .apps.wellbeing: ApkAssets: Deleting an ApkAssets object '<empty> and /system/priv-app/CalendarProvider/CalendarProvider.apk' with 1 weak references
05-04 18:37:42.452 26370 26376 W .apps.wellbeing: ApkAssets: Deleting an ApkAssets object '<empty> and /product/priv-app/DishNetworkCompanionApp/DishNetworkCompanionApp.apk' with 1 weak references
05-04 18:37:42.453 26370 26376 W .apps.wellbeing: ApkAssets: Deleting an ApkAssets object '<empty> and /data/app/~~jVilmhzNBUfF0rySX15adg==/com.google.android.apps.googleassistant-dSfhOgkb2iprGSDIzju5FQ==/base.apk' with 1 weak references
05-04 18:37:42.453 26370 26376 W .apps.wellbeing: ApkAssets: Deleting an ApkAssets object '<empty> and /product/priv-app/vzwPcoExt/vzwPcoExt.apk' with 1 weak references
05-04 18:37:42.453 26370 26376 W .apps.wellbeing: ApkAssets: Deleting an ApkAssets object '<empty> and /data/app/~~VPdiKMLd06evtyLgWmupzQ==/org.altruist.BajajExperia-4gw-GIhhjTn45hiNG5w75Q==/base.apk' with 1 weak references
05-04 18:37:42.453 26370 26376 W .apps.wellbeing: ApkAssets: Deleting an ApkAssets object '<empty> and /data/app/~~VPdiKMLd06evtyLgWmupzQ==/org.altruist.BajajExperia-4gw-GIhhjTn45hiNG5w75Q==/split_config.arm64_v8a.apk' with 1 weak references
05-04 18:37:42.453 26370 26376 W .apps.wellbeing: ApkAssets: Deleting an ApkAssets object '<empty> and /data/app/~~VPdiKMLd06evtyLgWmupzQ==/org.altruist.BajajExperia-4gw-GIhhjTn45hiNG5w75Q==/split_config.xxhdpi.apk' with 1 weak references
05-04 18:37:42.454 26370 26376 W .apps.wellbeing: ApkAssets: Deleting an ApkAssets object '<empty> and /data/app/~~LatRKOJ5oXlDoJchy4Ao5Q==/com.google.android.apps.docs.editors.docs-0F_9QUi_2yydwlHL6_vM4w==/base.apk' with 1 weak references
05-04 18:37:42.454 26370 26376 W .apps.wellbeing: ApkAssets: Deleting an ApkAssets object '<empty> and /data/app/~~LatRKOJ5oXlDoJchy4Ao5Q==/com.google.android.apps.docs.editors.docs-0F_9QUi_2yydwlHL6_vM4w==/split_config.arm64_v8a.apk' with 1 weak references
05-04 18:37:42.454 26370 26376 W .apps.wellbeing: ApkAssets: Deleting an ApkAssets object '<empty> and /data/app/~~LatRKOJ5oXlDoJchy4Ao5Q==/com.google.android.apps.docs.editors.docs-0F_9QUi_2yydwlHL6_vM4w==/split_config.en.apk' with 1 weak references
05-04 18:37:42.454 26370 26376 W .apps.wellbeing: ApkAssets: Deleting an ApkAssets object '<empty> and /data/app/~~LatRKOJ5oXlDoJchy4Ao5Q==/com.google.android.apps.docs.editors.docs-0F_9QUi_2yydwlHL6_vM4w==/split_config.xxhdpi.apk' with 1 weak references
05-04 18:37:42.454 26370 26376 W .apps.wellbeing: ApkAssets: Deleting an ApkAssets object '<empty> and /data/app/~~dyDCiov7rsOU8KzA0FWytQ==/com.phonepe.app-athAHYc7UdkOwJXf0xQSOg==/base.apk' with 1 weak references
05-04 18:37:42.454 26370 26376 W .apps.wellbeing: ApkAssets: Deleting an ApkAssets object '<empty> and /data/app/~~dyDCiov7rsOU8KzA0FWytQ==/com.phonepe.app-athAHYc7UdkOwJXf0xQSOg==/split_config.arm64_v8a.apk' with 1 weak references
05-04 18:37:42.454 26370 26376 W .apps.wellbeing: ApkAssets: Deleting an ApkAssets object '<empty> and /data/app/~~dyDCiov7rsOU8KzA0FWytQ==/com.phonepe.app-athAHYc7UdkOwJXf0xQSOg==/split_config.xxhdpi.apk' with 1 weak references
05-04 18:37:42.455 26370 26376 W .apps.wellbeing: ApkAssets: Deleting an ApkAssets object '<empty> and /product/priv-app/GoogleOneTimeInitializer/GoogleOneTimeInitializer.apk' with 1 weak references
05-04 18:37:42.455 26370 26376 W .apps.wellbeing: ApkAssets: Deleting an ApkAssets object '<empty> and /system/app/GoogleExtShared/GoogleExtShared.apk' with 1 weak references
05-04 18:37:42.455 26370 26376 W .apps.wellbeing: ApkAssets: Deleting an ApkAssets object '<empty> and /product/priv-app/BRApps2/BRApps2.apk' with 1 weak references
05-04 18:37:42.455 26370 26376 W .apps.wellbeing: ApkAssets: Deleting an ApkAssets object '<empty> and /product/overlay/NavigationBarModeGesturalWideBack/NavigationBarModeGesturalOverlayWideBack.apk' with 1 weak references
05-04 18:37:42.455 26370 26376 W .apps.wellbeing: ApkAssets: Deleting an ApkAssets object '<empty> and /product/priv-app/MotoLeanbackLauncher/MotoLeanbackLauncher.apk' with 1 weak references
05-04 18:37:42.456 26370 26376 W .apps.wellbeing: ApkAssets: Deleting an ApkAssets object '<empty> and /data/app/~~RKRFxbHYttDllcZVnXmDmg==/com.rbl.rblmycard-SK02GtfpzNXIBtv18gtlnw==/base.apk' with 1 weak references
05-04 18:37:42.456 26370 26376 W .apps.wellbeing: ApkAssets: Deleting an ApkAssets object '<empty> and /data/app/~~RKRFxbHYttDllcZVnXmDmg==/com.rbl.rblmycard-SK02GtfpzNXIBtv18gtlnw==/split_config.arm64_v8a.apk' with 1 weak references
05-04 18:37:42.456 26370 26376 W .apps.wellbeing: ApkAssets: Deleting an ApkAssets object '<empty> and /data/app/~~RKRFxbHYttDllcZVnXmDmg==/com.rbl.rblmycard-SK02GtfpzNXIBtv18gtlnw==/split_config.xxhdpi.apk' with 1 weak references
05-04 18:37:42.456 26370 26376 W .apps.wellbeing: ApkAssets: Deleting an ApkAssets object '<empty> and /product/priv-app/InmobiInstaller/InmobiInstaller.apk' with 1 weak references
05-04 18:37:42.456 26370 26376 W .apps.wellbeing: ApkAssets: Deleting an ApkAssets object '<empty> and /data/app/~~csvASRJxXCCBfuH9Ng-huQ==/com.niksoftware.snapseed-78JXQH5-RBYHauLdcsFlkA==/base.apk' with 1 weak references
05-04 18:37:42.456 26370 26376 W .apps.wellbeing: ApkAssets: Deleting an ApkAssets object '<empty> and /system_ext/priv-app/GestureNavigationTutorial/GestureNavigationTutorial.apk' with 1 weak references
05-04 18:37:42.457 26370 26376 W .apps.wellbeing: ApkAssets: Deleting an ApkAssets object '<empty> and /system_ext/priv-app/PaksNotification/PaksNotification.apk' with 1 weak references
05-04 18:37:42.457 26370 26376 W .apps.wellbeing: ApkAssets: Deleting an ApkAssets object '<empty> and /system_ext/priv-app/rcsConfigService/rcsConfigService.apk' with 1 weak references
05-04 18:37:42.457 26370 26376 W .apps.wellbeing: ApkAssets: Deleting an ApkAssets object '<empty> and /system_ext/priv-app/3c_devicemanagement-binary/3c_devicemanagement-binary.apk' with 1 weak references
05-04 18:37:42.457 26370 26376 W .apps.wellbeing: ApkAssets: Deleting an ApkAssets object '<empty> and /system_ext/app/FMRadioService/FMRadioService.apk' with 1 weak references
05-04 18:37:42.458 26370 26376 W .apps.wellbeing: ApkAssets: Deleting an ApkAssets object '<empty> and /product/overlay/FontExo2RegularSource/FontExo2RegularSourceOverlay.apk' with 1 weak references
05-04 18:37:42.458 26370 26376 W .apps.wellbeing: ApkAssets: Deleting an ApkAssets object '<empty> and /data/app/~~YjWEBs1wypQrLkkqCRWIkA==/com.google.android.apps.podcasts-9hyfk8GcbcYrDlLflDTN4A==/base.apk' with 1 weak references
05-04 18:37:42.458 26370 26376 W .apps.wellbeing: ApkAssets: Deleting an ApkAssets object '<empty> and /data/app/~~FFLfFQ0tkrw5eGynJnhQzQ==/com.dbs.in.cbcards-Xa8U6oXfZGBWC03_ezjn0g==/base.apk' with 1 weak references
05-04 18:37:42.458 26370 26376 W .apps.wellbeing: ApkAssets: Deleting an ApkAssets object '<empty> and /data/app/~~FFLfFQ0tkrw5eGynJnhQzQ==/com.dbs.in.cbcards-Xa8U6oXfZGBWC03_ezjn0g==/split_config.arm64_v8a.apk' with 1 weak references
05-04 18:37:42.458 26370 26376 W .apps.wellbeing: ApkAssets: Deleting an ApkAssets object '<empty> and /data/app/~~FFLfFQ0tkrw5eGynJnhQzQ==/com.dbs.in.cbcards-Xa8U6oXfZGBWC03_ezjn0g==/split_config.bn.apk' with 1 weak references
05-04 18:37:42.458 26370 26376 W .apps.wellbeing: ApkAssets: Deleting an ApkAssets object '<empty> and /data/app/~~FFLfFQ0tkrw5eGynJnhQzQ==/com.dbs.in.cbcards-Xa8U6oXfZGBWC03_ezjn0g==/split_config.en.apk' with 1 weak references
05-04 18:37:42.458 26370 26376 W .apps.wellbeing: ApkAssets: Deleting an ApkAssets object '<empty> and /data/app/~~FFLfFQ0tkrw5eGynJnhQzQ==/com.dbs.in.cbcards-Xa8U6oXfZGBWC03_ezjn0g==/split_config.gu.apk' with 1 weak references
05-04 18:37:42.458 26370 26376 W .apps.wellbeing: ApkAssets: Deleting an ApkAssets object '<empty> and /data/app/~~FFLfFQ0tkrw5eGynJnhQzQ==/com.dbs.in.cbcards-Xa8U6oXfZGBWC03_ezjn0g==/split_config.hi.apk' with 1 weak references
05-04 18:37:42.458 26370 26376 W .apps.wellbeing: ApkAssets: Deleting an ApkAssets object '<empty> and /data/app/~~FFLfFQ0tkrw5eGynJnhQzQ==/com.dbs.in.cbcards-Xa8U6oXfZGBWC03_ezjn0g==/split_config.kn.apk' with 1 weak references
05-04 18:37:42.458 26370 26376 W .apps.wellbeing: ApkAssets: Deleting an ApkAssets object '<empty> and /data/app/~~FFLfFQ0tkrw5eGynJnhQzQ==/com.dbs.in.cbcards-Xa8U6oXfZGBWC03_ezjn0g==/split_config.mr.apk' with 1 weak references
05-04 18:37:42.458 26370 26376 W .apps.wellbeing: ApkAssets: Deleting an ApkAssets object '<empty> and /data/app/~~FFLfFQ0tkrw5eGynJnhQzQ==/com.dbs.in.cbcards-Xa8U6oXfZGBWC03_ezjn0g==/split_config.ta.apk' with 1 weak references
05-04 18:37:42.458 26370 26376 W .apps.wellbeing: ApkAssets: Deleting an ApkAssets object '<empty> and /data/app/~~FFLfFQ0tkrw5eGynJnhQzQ==/com.dbs.in.cbcards-Xa8U6oXfZGBWC03_ezjn0g==/split_config.te.apk' with 1 weak references
05-04 18:37:42.458 26370 26376 W .apps.wellbeing: ApkAssets: Deleting an ApkAssets object '<empty> and /data/app/~~FFLfFQ0tkrw5eGynJnhQzQ==/com.dbs.in.cbcards-Xa8U6oXfZGBWC03_ezjn0g==/split_config.xxhdpi.apk' with 1 weak references
05-04 18:37:42.459 26370 26376 W .apps.wellbeing: ApkAssets: Deleting an ApkAssets object '<empty> and /system/priv-app/ExternalStorageProvider/ExternalStorageProvider.apk' with 1 weak references
05-04 18:37:42.459 26370 26376 W .apps.wellbeing: ApkAssets: Deleting an ApkAssets object '<empty> and /product/priv-app/DMService/DMService.apk' with 1 weak references
05-04 18:37:42.459 26370 26376 W .apps.wellbeing: ApkAssets: Deleting an ApkAssets object '<empty> and /system/app/HTMLViewer/HTMLViewer.apk' with 1 weak references
05-04 18:37:42.459 26370 26376 W .apps.wellbeing: ApkAssets: Deleting an ApkAssets object '<empty> and /system_ext/priv-app/MotoBtAptxMode/MotoBtAptxMode.apk' with 1 weak references
05-04 18:37:42.459 26370 26376 W .apps.wellbeing: ApkAssets: Deleting an ApkAssets object '<empty> and /system/app/CompanionDeviceManager/CompanionDeviceManager.apk' with 1 weak references
05-04 18:37:42.460 26370 26376 W .apps.wellbeing: ApkAssets: Deleting an ApkAssets object '<empty> and /data/app/~~t7W7YkNpO0h5UA9Zcqmdbg==/com.google.android.apps.docs.editors.sheets--yWh64Fdnc09DwVEpydbnA==/base.apk' with 1 weak references
05-04 18:37:42.460 26370 26376 W .apps.wellbeing: ApkAssets: Deleting an ApkAssets object '<empty> and /data/app/~~t7W7YkNpO0h5UA9Zcqmdbg==/com.google.android.apps.docs.editors.sheets--yWh64Fdnc09DwVEpydbnA==/split_config.arm64_v8a.apk' with 1 weak references
05-04 18:37:42.460 26370 26376 W .apps.wellbeing: ApkAssets: Deleting an ApkAssets object '<empty> and /data/app/~~t7W7YkNpO0h5UA9Zcqmdbg==/com.google.android.apps.docs.editors.sheets--yWh64Fdnc09DwVEpydbnA==/split_config.en.apk' with 1 weak references
05-04 18:37:42.460 26370 26376 W .apps.wellbeing: ApkAssets: Deleting an ApkAssets object '<empty> and /data/app/~~t7W7YkNpO0h5UA9Zcqmdbg==/com.google.android.apps.docs.editors.sheets--yWh64Fdnc09DwVEpydbnA==/split_config.xxhdpi.apk' with 1 weak references
05-04 18:37:42.460 26370 26376 W .apps.wellbeing: ApkAssets: Deleting an ApkAssets object '<empty> and /data/app/~~eTYystLVWFk-hFL0qqZc0Q==/com.google.android.apps.docs.editors.slides-T16sXbdioO_mJ43wvPZJGQ==/base.apk' with 1 weak references
05-04 18:37:42.460 26370 26376 W .apps.wellbeing: ApkAssets: Deleting an ApkAssets object '<empty> and /data/app/~~eTYystLVWFk-hFL0qqZc0Q==/com.google.android.apps.docs.editors.slides-T16sXbdioO_mJ43wvPZJGQ==/split_config.arm64_v8a.apk' with 1 weak references
05-04 18:37:42.460 26370 26376 W .apps.wellbeing: ApkAssets: Deleting an ApkAssets object '<empty> and /data/app/~~eTYystLVWFk-hFL0qqZc0Q==/com.google.android.apps.docs.editors.slides-T16sXbdioO_mJ43wvPZJGQ==/split_config.en.apk' with 1 weak references
05-04 18:37:42.460 26370 26376 W .apps.wellbeing: ApkAssets: Deleting an ApkAssets object '<empty> and /data/app/~~eTYystLVWFk-hFL0qqZc0Q==/com.google.android.apps.docs.editors.slides-T16sXbdioO_mJ43wvPZJGQ==/split_config.xxhdpi.apk' with 1 weak references
05-04 18:37:42.461 26370 26376 W .apps.wellbeing: ApkAssets: Deleting an ApkAssets object '<empty> and /system/priv-app/DownloadProvider/DownloadProvider.apk' with 1 weak references
05-04 18:37:42.461 26370 26376 W .apps.wellbeing: ApkAssets: Deleting an ApkAssets object '<empty> and /system_ext/priv-app/CoreSettingsExt/CoreSettingsExt.apk' with 1 weak references
05-04 18:37:42.461 26370 26376 W .apps.wellbeing: ApkAssets: Deleting an ApkAssets object '/product/overlay/MotoCoreSettingsDoubleTapOverlay.apk' with 1 weak references
05-04 18:37:42.461 26370 26376 W .apps.wellbeing: ApkAssets: Deleting an ApkAssets object '/product/overlay/MotoCoreSettingsExtHiphiOverlay.apk' with 1 weak references
05-04 18:37:42.462 26370 26376 W .apps.wellbeing: ApkAssets: Deleting an ApkAssets object '<empty> and /data/app/~~wAf6iAflyUQtaPiVz7oWrQ==/com.google.android.apps.messaging-ubzKL3d0N2sarz5pB0d0oA==/base.apk' with 1 weak references
05-04 18:37:42.462 26370 26376 W .apps.wellbeing: ApkAssets: Deleting an ApkAssets object '<empty> and /data/app/~~wAf6iAflyUQtaPiVz7oWrQ==/com.google.android.apps.messaging-ubzKL3d0N2sarz5pB0d0oA==/split_config.arm64_v8a.apk' with 1 weak references
05-04 18:37:42.462 26370 26376 W .apps.wellbeing: ApkAssets: Deleting an ApkAssets object '<empty> and /data/app/~~wAf6iAflyUQtaPiVz7oWrQ==/com.google.android.apps.messaging-ubzKL3d0N2sarz5pB0d0oA==/split_config.en.apk' with 1 weak references
05-04 18:37:42.462 26370 26376 W .apps.wellbeing: ApkAssets: Deleting an ApkAssets object '<empty> and /data/app/~~wAf6iAflyUQtaPiVz7oWrQ==/com.google.android.apps.messaging-ubzKL3d0N2sarz5pB0d0oA==/split_config.xxhdpi.apk' with 1 weak references
05-04 18:37:42.462 26370 26376 W .apps.wellbeing: ApkAssets: Deleting an ApkAssets object '<empty> and /data/app/~~Xn7VO8HW6YvOdcHgz04zCA==/ru.zdevs.zarchiver-JV21dW96e8Bg8GayoFiYvQ==/base.apk' with 1 weak references
05-04 18:37:42.463 26370 26376 W .apps.wellbeing: ApkAssets: Deleting an ApkAssets object '<empty> and /product/priv-app/VzwMyVerizon-v18-4-2/VzwMyVerizon-v18-4-2.apk' with 1 weak references
05-04 18:37:42.463 26370 26376 W .apps.wellbeing: ApkAssets: Deleting an ApkAssets object '<empty> and /product/priv-app/Entitlement/Entitlement.apk' with 1 weak references
05-04 18:37:42.463 26370 26376 W .apps.wellbeing: ApkAssets: Deleting an ApkAssets object '<empty> and /apex/com.motorola.enterprise/priv-app/MotoThinkUEM@U1SM34M.1/MotoThinkUEM.apk' with 1 weak references
05-04 18:37:42.464 26370 26376 W .apps.wellbeing: ApkAssets: Deleting an ApkAssets object '<empty> and /data/app/~~OkmI2spcTWr7tdmwuqdnoA==/com.motorola.spaces-ha3nPWBO2bt_q0U6lIn7Dg==/base.apk' with 1 weak references
05-04 18:37:42.464 26370 26376 W .apps.wellbeing: ApkAssets: Deleting an ApkAssets object '<empty> and /data/app/~~OkmI2spcTWr7tdmwuqdnoA==/com.motorola.spaces-ha3nPWBO2bt_q0U6lIn7Dg==/split_config.arm64_v8a.apk' with 1 weak references
05-04 18:37:42.464 26370 26376 W .apps.wellbeing: ApkAssets: Deleting an ApkAssets object '<empty> and /data/app/~~OkmI2spcTWr7tdmwuqdnoA==/com.motorola.spaces-ha3nPWBO2bt_q0U6lIn7Dg==/split_config.en.apk' with 1 weak references
05-04 18:37:42.464 26370 26376 W .apps.wellbeing: ApkAssets: Deleting an ApkAssets object '<empty> and /data/app/~~OkmI2spcTWr7tdmwuqdnoA==/com.motorola.spaces-ha3nPWBO2bt_q0U6lIn7Dg==/split_config.xxhdpi.apk' with 1 weak references
05-04 18:37:42.464 26370 26376 W .apps.wellbeing: ApkAssets: Deleting an ApkAssets object '<empty> and /product/priv-app/MotoStylus/MotoStylus.apk' with 1 weak references
05-04 18:37:42.465 26370 26376 W .apps.wellbeing: ApkAssets: Deleting an ApkAssets object '<empty> and /system/app/MotoSignature2App/MotoSignature2App.apk' with 1 weak references
05-04 18:37:42.465 26370 26376 W .apps.wellbeing: ApkAssets: Deleting an ApkAssets object '<empty> and /data/app/~~H-anVScvmGv_rXeKrYzkkg==/com.kreditbee.android-9yjnsT720zXL7otYVQ2BLg==/base.apk' with 1 weak references
05-04 18:37:42.465 26370 26376 W .apps.wellbeing: ApkAssets: Deleting an ApkAssets object '<empty> and /product/priv-app/AttPhoneExt/AttPhoneExt.apk' with 1 weak references
05-04 18:37:42.465 26370 26376 W .apps.wellbeing: ApkAssets: Deleting an ApkAssets object '<empty> and /data/app/~~BiXfyhbFVxiNFf2CGV9PJw==/com.naviapp-950A8QLKIp5ndVlhk7lizg==/base.apk' with 1 weak references
05-04 18:37:42.466 26370 26376 W .apps.wellbeing: ApkAssets: Deleting an ApkAssets object '<empty> and /data/app/~~BiXfyhbFVxiNFf2CGV9PJw==/com.naviapp-950A8QLKIp5ndVlhk7lizg==/split_config.arm64_v8a.apk' with 1 weak references
05-04 18:37:42.466 26370 26376 W .apps.wellbeing: ApkAssets: Deleting an ApkAssets object '<empty> and /data/app/~~BiXfyhbFVxiNFf2CGV9PJw==/com.naviapp-950A8QLKIp5ndVlhk7lizg==/split_config.xxhdpi.apk' with 1 weak references
05-04 18:37:42.466 26370 26376 W .apps.wellbeing: ApkAssets: Deleting an ApkAssets object '<empty> and /product/priv-app/VVM3/VVM3.apk' with 1 weak references
05-04 18:37:42.466 26370 26376 W .apps.wellbeing: ApkAssets: Deleting an ApkAssets object '<empty> and /system_ext/app/3c_main/3c_main.apk' with 1 weak references
05-04 18:37:42.466 26370 26376 W .apps.wellbeing: ApkAssets: Deleting an ApkAssets object '<empty> and /product/priv-app/VzwCloud/VzwCloud.apk' with 1 weak references
05-04 18:37:42.467 26370 26376 W .apps.wellbeing: ApkAssets: Deleting an ApkAssets object '<empty> and /product/priv-app/VzwDM/VzwDM.apk' with 1 weak references
05-04 18:37:42.467 26370 26376 W .apps.wellbeing: ApkAssets: Deleting an ApkAssets object '<empty> and /apex/com.motorola.enterprise/priv-app/EnterpriseAdapterService@U1SM34M.1/EnterpriseAdapterService.apk' with 1 weak references
05-04 18:37:42.468 26370 26376 W .apps.wellbeing: ApkAssets: Deleting an ApkAssets object '<empty> and /product/priv-app/MotCamera4/MotCamera4.apk' with 1 weak references
05-04 18:37:42.468 26370 26376 W .apps.wellbeing: ApkAssets: Deleting an ApkAssets object '<empty> and /data/app/~~pkDf8c74QZCQWvC19100ng==/in.amazon.mShop.android.shopping-_CbzlVXlxklz1cHnPhaqYw==/base.apk' with 1 weak references
05-04 18:37:42.468 26370 26376 W .apps.wellbeing: ApkAssets: Deleting an ApkAssets object '<empty> and /data/app/~~pkDf8c74QZCQWvC19100ng==/in.amazon.mShop.android.shopping-_CbzlVXlxklz1cHnPhaqYw==/split_config.arm64_v8a.apk' with 1 weak references
05-04 18:37:42.468 26370 26376 W .apps.wellbeing: ApkAssets: Deleting an ApkAssets object '<empty> and /data/app/~~pkDf8c74QZCQWvC19100ng==/in.amazon.mShop.android.shopping-_CbzlVXlxklz1cHnPhaqYw==/split_config.xxhdpi.apk' with 1 weak references
05-04 18:37:42.469 26370 26376 W .apps.wellbeing: ApkAssets: Deleting an ApkAssets object '<empty> and /apex/com.android.mediaprovider/priv-app/MediaProviderGoogle@361521100/MediaProviderGoogle.apk' with 1 weak references
05-04 18:37:42.469 26370 26376 W .apps.wellbeing: ApkAssets: Deleting an ApkAssets object '<empty> and /product/priv-app/MotoAppForecast/MotoAppForecast.apk' with 1 weak references
05-04 18:37:42.469 26370 26376 W .apps.wellbeing: ApkAssets: Deleting an ApkAssets object '<empty> and /system_ext/app/NFWLocationAttribution/NFWLocationAttribution.apk' with 1 weak references
05-04 18:37:42.470 26370 26376 W .apps.wellbeing: ApkAssets: Deleting an ApkAssets object '<empty> and /system_ext/priv-app/3c_ota/3c_ota.apk' with 1 weak references
05-04 18:37:42.470 26370 26376 W .apps.wellbeing: ApkAssets: Deleting an ApkAssets object '<empty> and /data/app/~~CNC17nwqIm87ioaf3GtiHg==/com.motorola.ccc.notification-o9NaYsqMH2_GJnGBRCWflQ==/base.apk' with 1 weak references
05-04 18:37:42.471 26370 26376 W .apps.wellbeing: ApkAssets: Deleting an ApkAssets object '<empty> and /data/app/~~WkIn6j88qnvnduYAz4KuGA==/com.google.android.apps.safetyhub-iwZCc0cTX1gs-z3zdWpTNA==/base.apk' with 1 weak references
05-04 18:37:42.471 26370 26376 W .apps.wellbeing: ApkAssets: Deleting an ApkAssets object '<empty> and /data/app/~~WkIn6j88qnvnduYAz4KuGA==/com.google.android.apps.safetyhub-iwZCc0cTX1gs-z3zdWpTNA==/split_config.arm64_v8a.apk' with 1 weak references
05-04 18:37:42.471 26370 26376 W .apps.wellbeing: ApkAssets: Deleting an ApkAssets object '<empty> and /data/app/~~WkIn6j88qnvnduYAz4KuGA==/com.google.android.apps.safetyhub-iwZCc0cTX1gs-z3zdWpTNA==/split_config.xxhdpi.apk' with 1 weak references
05-04 18:37:42.471 26370 26376 W .apps.wellbeing: ApkAssets: Deleting an ApkAssets object '<empty> and /data/app/~~4uxXIPzxKZjwpBGi8Ex0aQ==/com.google.ar.core-sWuoQbPQJKFE-SkfaJXL8A==/base.apk' with 1 weak references
05-04 18:37:42.471 26370 26376 W .apps.wellbeing: ApkAssets: Deleting an ApkAssets object '<empty> and /data/app/~~4uxXIPzxKZjwpBGi8Ex0aQ==/com.google.ar.core-sWuoQbPQJKFE-SkfaJXL8A==/split_config.en.apk' with 1 weak references
05-04 18:37:42.471 26370 26376 W .apps.wellbeing: ApkAssets: Deleting an ApkAssets object '<empty> and /data/app/~~4uxXIPzxKZjwpBGi8Ex0aQ==/com.google.ar.core-sWuoQbPQJKFE-SkfaJXL8A==/split_config.xxhdpi.apk' with 1 weak references
05-04 18:37:42.472 26370 26376 W .apps.wellbeing: ApkAssets: Deleting an ApkAssets object '<empty> and /system/priv-app/DownloadProviderUi/DownloadProviderUi.apk' with 1 weak references
05-04 18:37:42.472 26370 26376 W .apps.wellbeing: ApkAssets: Deleting an ApkAssets object '<empty> and /apex/com.android.wifi/app/OsuLoginGoogle@361524080/OsuLoginGoogle.apk' with 1 weak references
05-04 18:37:42.472 26370 26376 W .apps.wellbeing: ApkAssets: Deleting an ApkAssets object '<empty> and /data/app/~~QCUDrzGYNsxYH62OoS3LFg==/com.android.vending-wHEjzsN4vygIK1z_RDdmPg==/base.apk' with 1 weak references
05-04 18:37:42.472 26370 26376 W .apps.wellbeing: ApkAssets: Deleting an ApkAssets object '<empty> and /data/app/~~QCUDrzGYNsxYH62OoS3LFg==/com.android.vending-wHEjzsN4vygIK1z_RDdmPg==/split_config.arm64_v8a.apk' with 1 weak references
05-04 18:37:42.472 26370 26376 W .apps.wellbeing: ApkAssets: Deleting an ApkAssets object '<empty> and /data/app/~~QCUDrzGYNsxYH62OoS3LFg==/com.android.vending-wHEjzsN4vygIK1z_RDdmPg==/split_config.en.apk' with 1 weak references
05-04 18:37:42.472 26370 26376 W .apps.wellbeing: ApkAssets: Deleting an ApkAssets object '<empty> and /data/app/~~QCUDrzGYNsxYH62OoS3LFg==/com.android.vending-wHEjzsN4vygIK1z_RDdmPg==/split_phonesky_data_loader.apk' with 1 weak references
05-04 18:37:42.472 26370 26376 W .apps.wellbeing: ApkAssets: Deleting an ApkAssets object '<empty> and /data/app/~~QCUDrzGYNsxYH62OoS3LFg==/com.android.vending-wHEjzsN4vygIK1z_RDdmPg==/split_phonesky_data_loader.config.arm64_v8a.apk' with 1 weak references
05-04 18:37:42.472 26370 26376 W .apps.wellbeing: ApkAssets: Deleting an ApkAssets object '<empty> and /data/app/~~QCUDrzGYNsxYH62OoS3LFg==/com.android.vending-wHEjzsN4vygIK1z_RDdmPg==/split_phonesky_webrtc_native_lib.apk' with 1 weak references
05-04 18:37:42.472 26370 26376 W .apps.wellbeing: ApkAssets: Deleting an ApkAssets object '<empty> and /data/app/~~QCUDrzGYNsxYH62OoS3LFg==/com.android.vending-wHEjzsN4vygIK1z_RDdmPg==/split_phonesky_webrtc_native_lib.config.arm64_v8a.apk' with 1 weak references
05-04 18:37:42.472 26370 26376 W .apps.wellbeing: ApkAssets: Deleting an ApkAssets object '<empty> and /system/app/PacProcessor/PacProcessor.apk' with 1 weak references
05-04 18:37:42.473 26370 26376 W .apps.wellbeing: ApkAssets: Deleting an ApkAssets object '<empty> and /system/app/SimAppDialog/SimAppDialog.apk' with 1 weak references
05-04 18:37:42.473 26370 26376 W .apps.wellbeing: ApkAssets: Deleting an ApkAssets object '<empty> and /system_ext/priv-app/daxService/daxService.apk' with 1 weak references
05-04 18:37:42.473 26370 26376 W .apps.wellbeing: ApkAssets: Deleting an ApkAssets object '<empty> and /product/priv-app/MotoFaceUnlockArcSoft/MotoFaceUnlockArcSoft.apk' with 1 weak references
05-04 18:37:42.473 26370 26376 W .apps.wellbeing: ApkAssets: Deleting an ApkAssets object '<empty> and /apex/com.android.adservices/priv-app/AdServicesApkGoogle@361153320/AdServicesApkGoogle.apk' with 1 weak references
05-04 18:37:42.474 26370 26376 W .apps.wellbeing: ApkAssets: Deleting an ApkAssets object '<empty> and /data/app/~~l50Og8K7rO095poSMDegMQ==/in.rebase.app-8EGpnx012wTNX5Mv3JA5DQ==/base.apk' with 1 weak references
05-04 18:37:42.474 26370 26376 W .apps.wellbeing: ApkAssets: Deleting an ApkAssets object '<empty> and /data/app/~~l50Og8K7rO095poSMDegMQ==/in.rebase.app-8EGpnx012wTNX5Mv3JA5DQ==/split_config.arm64_v8a.apk' with 1 weak references
05-04 18:37:42.474 26370 26376 W .apps.wellbeing: ApkAssets: Deleting an ApkAssets object '<empty> and /data/app/~~l50Og8K7rO095poSMDegMQ==/in.rebase.app-8EGpnx012wTNX5Mv3JA5DQ==/split_config.xxhdpi.apk' with 1 weak references
05-04 18:37:42.474 26370 26376 W .apps.wellbeing: ApkAssets: Deleting an ApkAssets object '<empty> and /product/overlay/NavigationBarModeHideGestural/NavigationBarModeHideGesturalOverlay.apk' with 1 weak references
05-04 18:37:42.474 26370 26376 W .apps.wellbeing: ApkAssets: Deleting an ApkAssets object '<empty> and /product/priv-app/DishAppCloudStub/DishAppCloudStub.apk' with 1 weak references
05-04 18:37:42.474 26370 26376 W .apps.wellbeing: ApkAssets: Deleting an ApkAssets object '<empty> and /product/overlay/DisplayCutoutEmulationHole/DisplayCutoutEmulationHoleOverlay.apk' with 1 weak references
05-04 18:37:42.475 26370 26376 W .apps.wellbeing: ApkAssets: Deleting an ApkAssets object '<empty> and /product/overlay/DisplayCutoutEmulationTall/DisplayCutoutEmulationTallOverlay.apk' with 1 weak references
05-04 18:37:42.475 26370 26376 W .apps.wellbeing: ApkAssets: Deleting an ApkAssets object '<empty> and /system/app/CertInstaller/CertInstaller.apk' with 1 weak references
05-04 18:37:42.475 26370 26376 W .apps.wellbeing: ApkAssets: Deleting an ApkAssets object '<empty> and /data/app/~~hTKR4WR8xrj-rC3vk57Z4g==/com.google.android.marvin.talkback-7YCFd0H_98uYzL2s4TZvnQ==/base.apk' with 1 weak references
05-04 18:37:42.476 26370 26376 W .apps.wellbeing: ApkAssets: Deleting an ApkAssets object '<empty> and /data/app/~~hTKR4WR8xrj-rC3vk57Z4g==/com.google.android.marvin.talkback-7YCFd0H_98uYzL2s4TZvnQ==/split_config.arm64_v8a.apk' with 1 weak references
05-04 18:37:42.476 26370 26376 W .apps.wellbeing: ApkAssets: Deleting an ApkAssets object '<empty> and /product/overlay/NavigationBarMode3Button/NavigationBarMode3ButtonOverlay.apk' with 1 weak references
05-04 18:37:42.476 26370 26376 W .apps.wellbeing: ApkAssets: Deleting an ApkAssets object '<empty> and /data/app/~~llGoy7Q5WiHoz6bIC61TrA==/com.motorola.securevault-3tzqdyAQWhDx8pp3Tlynjw==/base.apk' with 1 weak references
05-04 18:37:42.476 26370 26376 W .apps.wellbeing: ApkAssets: Deleting an ApkAssets object '<empty> and /data/app/~~llGoy7Q5WiHoz6bIC61TrA==/com.motorola.securevault-3tzqdyAQWhDx8pp3Tlynjw==/split_config.arm64_v8a.apk' with 1 weak references
05-04 18:37:42.476 26370 26376 W .apps.wellbeing: ApkAssets: Deleting an ApkAssets object '<empty> and /data/app/~~llGoy7Q5WiHoz6bIC61TrA==/com.motorola.securevault-3tzqdyAQWhDx8pp3Tlynjw==/split_config.en.apk' with 1 weak references
05-04 18:37:42.476 26370 26376 W .apps.wellbeing: ApkAssets: Deleting an ApkAssets object '<empty> and /data/app/~~llGoy7Q5WiHoz6bIC61TrA==/com.motorola.securevault-3tzqdyAQWhDx8pp3Tlynjw==/split_config.xxhdpi.apk' with 1 weak references
05-04 18:37:42.476 26370 26376 W .apps.wellbeing: ApkAssets: Deleting an ApkAssets object '<empty> and /product/priv-app/HotwordEnrollmentXGoogleHEXAGON_WIDEBAND/HotwordEnrollmentXGoogleHEXAGON_WIDEBAND.apk' with 1 weak references
05-04 18:37:42.476 26370 26376 W .apps.wellbeing: ApkAssets: Deleting an ApkAssets object '<empty> and /product/priv-app/Contacts/Contacts.apk' with 1 weak references
05-04 18:37:42.477 26370 26376 W .apps.wellbeing: ApkAssets: Deleting an ApkAssets object '<empty> and /data/app/~~Ptgi_pjL8yQOa7WxI-F6dA==/org.kde.kdeconnect_tp-jXgInvrOyP2DMqjrGnU22w==/base.apk' with 1 weak references
05-04 18:37:42.477 26370 26376 W .apps.wellbeing: ApkAssets: Deleting an ApkAssets object '<empty> and /system_ext/priv-app/WfdService/WfdService.apk' with 1 weak references
05-04 18:37:42.478 26370 26376 W .apps.wellbeing: ApkAssets: Deleting an ApkAssets object '<empty> and /product/priv-app/OMAProvisioning/OMAProvisioning.apk' with 1 weak references
05-04 18:37:42.478 26370 26376 W .apps.wellbeing: ApkAssets: Deleting an ApkAssets object '<empty> and /system_ext/priv-app/MotoTaskBar/MotoTaskBar.apk' with 1 weak references
05-04 18:37:42.478 26370 26376 W .apps.wellbeing: ApkAssets: Deleting an ApkAssets object '<empty> and /product/priv-app/VzwAPNServiceWs/VzwAPNServiceWs.apk' with 1 weak references
05-04 18:37:42.478 26370 26376 W .apps.wellbeing: ApkAssets: Deleting an ApkAssets object '<empty> and /data/app/~~ZfZ9kbT0tQnrD3a7LxBF7Q==/com.olx.southasia-BMX_bul8e4V0WXXIe9ucsg==/base.apk' with 1 weak references
05-04 18:37:42.478 26370 26376 W .apps.wellbeing: ApkAssets: Deleting an ApkAssets object '<empty> and /data/app/~~ZfZ9kbT0tQnrD3a7LxBF7Q==/com.olx.southasia-BMX_bul8e4V0WXXIe9ucsg==/split_config.arm64_v8a.apk' with 1 weak references
05-04 18:37:42.479 26370 26376 W .apps.wellbeing: ApkAssets: Deleting an ApkAssets object '<empty> and /data/app/~~ZfZ9kbT0tQnrD3a7LxBF7Q==/com.olx.southasia-BMX_bul8e4V0WXXIe9ucsg==/split_config.xxhdpi.apk' with 1 weak references
05-04 18:37:42.479 26370 26376 W .apps.wellbeing: ApkAssets: Deleting an ApkAssets object '<empty> and /product/priv-app/vzwPhoneExt/vzwPhoneExt.apk' with 1 weak references
05-04 18:37:42.479 26370 26376 W .apps.wellbeing: ApkAssets: Deleting an ApkAssets object '<empty> and /data/app/~~IrlF06fzlEMGdGYSsa-9Gw==/com.dp.logcatapp-_g_qkfgg7EEZF1g4w52dmg==/base.apk' with 1 weak references
05-04 18:37:42.479 26370 26376 W .apps.wellbeing: ApkAssets: Deleting an ApkAssets object '<empty> and /data/app/~~nFOfEpKE7yEfVtk9jFJpCw==/com.motorola.mobiledesktop-kvxS9yOwKzQGBXghfw_ZRg==/base.apk' with 1 weak references
05-04 18:37:42.480 26370 26376 W .apps.wellbeing: ApkAssets: Deleting an ApkAssets object '<empty> and /data/app/~~vyiVW9c0rY7xjVQg4xO5Hg==/com.confirmtkt.lite-kKl9TTtBcJJr434CYHxpiQ==/base.apk' with 1 weak references
05-04 18:37:42.480 26370 26376 W .apps.wellbeing: ApkAssets: Deleting an ApkAssets object '<empty> and /data/app/~~vyiVW9c0rY7xjVQg4xO5Hg==/com.confirmtkt.lite-kKl9TTtBcJJr434CYHxpiQ==/split_config.arm64_v8a.apk' with 1 weak references
05-04 18:37:42.480 26370 26376 W .apps.wellbeing: ApkAssets: Deleting an ApkAssets object '<empty> and /data/app/~~vyiVW9c0rY7xjVQg4xO5Hg==/com.confirmtkt.lite-kKl9TTtBcJJr434CYHxpiQ==/split_config.xxhdpi.apk' with 1 weak references
05-04 18:37:42.480 26370 26376 W .apps.wellbeing: ApkAssets: Deleting an ApkAssets object '<empty> and /data/app/~~UPjAiT4qyQ8Q8O5iU0Ak3Q==/com.motorola.securityhub-vC8kYZOdYOGYlNndC7ZNDA==/base.apk' with 1 weak references
05-04 18:37:42.480 26370 26376 W .apps.wellbeing: ApkAssets: Deleting an ApkAssets object '<empty> and /data/app/~~UPjAiT4qyQ8Q8O5iU0Ak3Q==/com.motorola.securityhub-vC8kYZOdYOGYlNndC7ZNDA==/split_config.arm64_v8a.apk' with 1 weak references
05-04 18:37:42.480 26370 26376 W .apps.wellbeing: ApkAssets: Deleting an ApkAssets object '<empty> and /data/app/~~UPjAiT4qyQ8Q8O5iU0Ak3Q==/com.motorola.securityhub-vC8kYZOdYOGYlNndC7ZNDA==/split_config.en.apk' with 1 weak references
05-04 18:37:42.480 26370 26376 W .apps.wellbeing: ApkAssets: Deleting an ApkAssets object '<empty> and /data/app/~~UPjAiT4qyQ8Q8O5iU0Ak3Q==/com.motorola.securityhub-vC8kYZOdYOGYlNndC7ZNDA==/split_config.xxhdpi.apk' with 1 weak references
05-04 18:37:42.480 26370 26376 W .apps.wellbeing: ApkAssets: Deleting an ApkAssets object '<empty> and /system_ext/priv-app/HiddenMenu/HiddenMenu.apk' with 1 weak references
05-04 18:37:42.481 26370 26376 W .apps.wellbeing: ApkAssets: Deleting an ApkAssets object '<empty> and /system/app/EasterEgg/EasterEgg.apk' with 1 weak references
05-04 18:37:42.481 26370 26376 W .apps.wellbeing: ApkAssets: Deleting an ApkAssets object '<empty> and /system/priv-app/MtpService/MtpService.apk' with 1 weak references
05-04 18:37:42.481 26370 26376 W .apps.wellbeing: ApkAssets: Deleting an ApkAssets object '<empty> and /system_ext/app/Nfc_st/Nfc_st.apk' with 1 weak references
05-04 18:37:42.481 26370 26376 W .apps.wellbeing: ApkAssets: Deleting an ApkAssets object '<empty> and /system/app/Stk/Stk.apk' with 1 weak references
05-04 18:37:42.482 26370 26376 W .apps.wellbeing: ApkAssets: Deleting an ApkAssets object '<empty> and /product/app/MotoPhotoEditor/MotoPhotoEditor.apk' with 1 weak references
05-04 18:37:42.482 26370 26376 W .apps.wellbeing: ApkAssets: Deleting an ApkAssets object '<empty> and /data/app/~~098odboA591UA-73HiIE6w==/com.amazon.dee.app-ikioHrRcjZC7-eKOAG1zQQ==/base.apk' with 1 weak references
05-04 18:37:42.483 26370 26376 W .apps.wellbeing: ApkAssets: Deleting an ApkAssets object '<empty> and /data/app/~~098odboA591UA-73HiIE6w==/com.amazon.dee.app-ikioHrRcjZC7-eKOAG1zQQ==/split_config.arm64_v8a.apk' with 1 weak references
05-04 18:37:42.483 26370 26376 W .apps.wellbeing: ApkAssets: Deleting an ApkAssets object '<empty> and /data/app/~~098odboA591UA-73HiIE6w==/com.amazon.dee.app-ikioHrRcjZC7-eKOAG1zQQ==/split_config.xxhdpi.apk' with 1 weak references
05-04 18:37:42.483 26370 26376 W .apps.wellbeing: ApkAssets: Deleting an ApkAssets object '<empty> and /product/priv-app/VzwSettingsExt/VzwSettingsExt.apk' with 1 weak references
05-04 18:37:42.483 26370 26376 W .apps.wellbeing: ApkAssets: Deleting an ApkAssets object '<empty> and /system/app/MotoDolbyDax3/MotoDolbyDax3.apk' with 1 weak references
05-04 18:37:42.483 26370 26376 W .apps.wellbeing: ApkAssets: Deleting an ApkAssets object '<empty> and /data/app/~~oVAN7LDAEaVqYB73txv8Hw==/com.motorola.timeweatherwidget-z3kTy5x08JkHqtimkbcrMg==/base.apk' with 1 weak references
05-04 18:37:42.484 26370 26376 W .apps.wellbeing: ApkAssets: Deleting an ApkAssets object '<empty> and /product/priv-app/VzwCarrierLoginEngine/VzwCarrierLoginEngine.apk' with 1 weak references
05-04 18:37:42.484 26370 26376 W .apps.wellbeing: ApkAssets: Deleting an ApkAssets object '<empty> and /data/app/~~6IuMhM4a1OXe8mCWRZQY4g==/com.google.android.deskclock-lh9f_quEY19RpREk8Gkrvg==/base.apk' with 1 weak references
05-04 18:37:42.485 26370 26376 W .apps.wellbeing: ApkAssets: Deleting an ApkAssets object '<empty> and /data/app/~~6IuMhM4a1OXe8mCWRZQY4g==/com.google.android.deskclock-lh9f_quEY19RpREk8Gkrvg==/split_config.xxhdpi.apk' with 1 weak references
05-04 18:37:42.485 26370 26376 W .apps.wellbeing: ApkAssets: Deleting an ApkAssets object '<empty> and /data/app/~~YWf55H2HFwTJHYblKa7G1A==/com.pinterest-UkRR5IfrHCdLOH4x7FEFdA==/base.apk' with 1 weak references
05-04 18:37:42.485 26370 26376 W .apps.wellbeing: ApkAssets: Deleting an ApkAssets object '<empty> and /data/app/~~YWf55H2HFwTJHYblKa7G1A==/com.pinterest-UkRR5IfrHCdLOH4x7FEFdA==/split_config.arm64_v8a.apk' with 1 weak references
05-04 18:37:42.485 26370 26376 W .apps.wellbeing: ApkAssets: Deleting an ApkAssets object '<empty> and /data/app/~~YWf55H2HFwTJHYblKa7G1A==/com.pinterest-UkRR5IfrHCdLOH4x7FEFdA==/split_config.en.apk' with 1 weak references
05-04 18:37:42.485 26370 26376 W .apps.wellbeing: ApkAssets: Deleting an ApkAssets object '<empty> and /data/app/~~YWf55H2HFwTJHYblKa7G1A==/com.pinterest-UkRR5IfrHCdLOH4x7FEFdA==/split_config.xxhdpi.apk' with 1 weak references
05-04 18:37:42.485 26370 26376 W .apps.wellbeing: ApkAssets: Deleting an ApkAssets object '<empty> and /product/overlay/FontRobotoSlabRegular/FontRobotoSlabRegularOverlay.apk' with 1 weak references
05-04 18:37:42.485 26370 26376 W .apps.wellbeing: ApkAssets: Deleting an ApkAssets object '<empty> and /product/priv-app/MotoScreenshotEditor/MotoScreenshotEditor.apk' with 1 weak references
05-04 18:37:42.486 26370 26376 W .apps.wellbeing: ApkAssets: Deleting an ApkAssets object '<empty> and /data/app/~~hClGSCrSizqRa0Ho_Mbr5g==/com.google.android.as-dhNoiZWwfcFCh1qwDpY0UQ==/base.apk' with 1 weak references
05-04 18:37:42.486 26370 26376 W .apps.wellbeing: ApkAssets: Deleting an ApkAssets object '<empty> and /data/app/~~Qekt5E3zDfW2MQ0E4STgaQ==/com.google.android.gm-tvIKHVUlQrT_KaUlGRS1JA==/base.apk' with 1 weak references
05-04 18:37:42.486 26370 26376 W .apps.wellbeing: ApkAssets: Deleting an ApkAssets object '<empty> and /data/app/~~Qekt5E3zDfW2MQ0E4STgaQ==/com.google.android.gm-tvIKHVUlQrT_KaUlGRS1JA==/split_config.arm64_v8a.apk' with 1 weak references
05-04 18:37:42.486 26370 26376 W .apps.wellbeing: ApkAssets: Deleting an ApkAssets object '<empty> and /data/app/~~Qekt5E3zDfW2MQ0E4STgaQ==/com.google.android.gm-tvIKHVUlQrT_KaUlGRS1JA==/split_config.en.apk' with 1 weak references
05-04 18:37:42.487 26370 26376 W .apps.wellbeing: ApkAssets: Deleting an ApkAssets object '<empty> and /data/app/~~Qekt5E3zDfW2MQ0E4STgaQ==/com.google.android.gm-tvIKHVUlQrT_KaUlGRS1JA==/split_config.xxhdpi.apk' with 1 weak references
05-04 18:37:42.487 26370 26376 W .apps.wellbeing: ApkAssets: Deleting an ApkAssets object '<empty> and /data/app/~~IjjCLoYRXVHlHDQJdvxCZw==/com.google.android.apps.tachyon-lkONX4giKqr_Y32ooQmcRA==/base.apk' with 1 weak references
05-04 18:37:42.487 26370 26376 W .apps.wellbeing: ApkAssets: Deleting an ApkAssets object '<empty> and /data/app/~~IjjCLoYRXVHlHDQJdvxCZw==/com.google.android.apps.tachyon-lkONX4giKqr_Y32ooQmcRA==/split_config.arm64_v8a.apk' with 1 weak references
05-04 18:37:42.487 26370 26376 W .apps.wellbeing: ApkAssets: Deleting an ApkAssets object '<empty> and /data/app/~~IjjCLoYRXVHlHDQJdvxCZw==/com.google.android.apps.tachyon-lkONX4giKqr_Y32ooQmcRA==/split_config.en.apk' with 1 weak references
05-04 18:37:42.487 26370 26376 W .apps.wellbeing: ApkAssets: Deleting an ApkAssets object '<empty> and /data/app/~~IjjCLoYRXVHlHDQJdvxCZw==/com.google.android.apps.tachyon-lkONX4giKqr_Y32ooQmcRA==/split_config.xxhdpi.apk' with 1 weak references
05-04 18:37:42.487 26370 26376 W .apps.wellbeing: ApkAssets: Deleting an ApkAssets object '<empty> and /system_ext/priv-app/CQATest/CQATest.apk' with 1 weak references
05-04 18:37:42.488 26370 26376 W .apps.wellbeing: ApkAssets: Deleting an ApkAssets object '<empty> and /product/priv-app/SettingsIntelligence/SettingsIntelligence.apk' with 1 weak references
05-04 18:37:42.488 26370 26376 W .apps.wellbeing: ApkAssets: Deleting an ApkAssets object '<empty> and /product/priv-app/SprintSettings/SprintSettings.apk' with 1 weak references
05-04 18:37:42.488 26370 26376 W .apps.wellbeing: ApkAssets: Deleting an ApkAssets object '<empty> and /product/overlay/NavigationBarModeGesturalExtraWideBack/NavigationBarModeGesturalOverlayExtraWideBack.apk' with 1 weak references
05-04 18:37:42.488 26370 26376 W .apps.wellbeing: ApkAssets: Deleting an ApkAssets object '<empty> and /apex/com.android.permission/priv-app/GooglePermissionController@361524160/GooglePermissionController.apk' with 1 weak references
05-04 18:37:42.490 26370 26376 W .apps.wellbeing: ApkAssets: Deleting an ApkAssets object '/product/overlay/GooglePermissionControllerOverlay.apk' with 1 weak references
05-04 18:37:42.490 26370 26376 W .apps.wellbeing: ApkAssets: Deleting an ApkAssets object '<empty> and /product/priv-app/VzwUnifiedSettingsApp/VzwUnifiedSettingsApp.apk' with 1 weak references
05-04 18:37:42.490 26370 26376 W .apps.wellbeing: ApkAssets: Deleting an ApkAssets object '<empty> and /system_ext/priv-app/SetupWizard/SetupWizard.apk' with 1 weak references
05-04 18:37:42.490 26370 26376 W .apps.wellbeing: ApkAssets: Deleting an ApkAssets object '<empty> and /system_ext/priv-app/xrvdservice/xrvdservice.apk' with 1 weak references
05-04 18:37:42.490 26370 26376 W .apps.wellbeing: ApkAssets: Deleting an ApkAssets object '<empty> and /product/overlay/IconShapeRound/IconShapeRoundOverlay.apk' with 1 weak references
05-04 18:37:42.491 26370 26376 W .apps.wellbeing: ApkAssets: Deleting an ApkAssets object '<empty> and /product/priv-app/MotoColorBook/MotoColorBook.apk' with 1 weak references
05-04 18:37:42.491 26370 26376 W .apps.wellbeing: ApkAssets: Deleting an ApkAssets object '<empty> and /system/priv-app/SettingsProvider/SettingsProvider.apk' with 1 weak references
05-04 18:37:42.491 26370 26376 W .apps.wellbeing: ApkAssets: Deleting an ApkAssets object '/product/overlay/SettingsProvider__auto_generated_rro_product.apk' with 1 weak references
05-04 18:37:42.491 26370 26376 W .apps.wellbeing: ApkAssets: Deleting an ApkAssets object '<empty> and /data/app/~~U1RguHTcBgBidlLe56R6HQ==/com.deepeye.musicpro.debug-EesjKYhiR0hrJ8ALn5DL1g==/base.apk' with 1 weak references
05-04 18:37:42.492 26370 26376 W .apps.wellbeing: ApkAssets: Deleting an ApkAssets object '<empty> and /data/app/~~51VZBl-rGO-Mhe6LN6oThQ==/com.facebook.services-j9TijVMt02_4lzSmg8Vztw==/base.apk' with 1 weak references
05-04 18:37:42.492 26370 26376 W .apps.wellbeing: ApkAssets: Deleting an ApkAssets object '<empty> and /system/app/PrintSpooler/PrintSpooler.apk' with 1 weak references
05-04 18:37:42.492 26370 26376 W .apps.wellbeing: ApkAssets: Deleting an ApkAssets object '<empty> and /product/priv-app/HotwordEnrollmentOKGoogleHEXAGON_WIDEBAND/HotwordEnrollmentOKGoogleHEXAGON_WIDEBAND.apk' with 1 weak references
05-04 18:37:42.492 26370 26376 W .apps.wellbeing: ApkAssets: Deleting an ApkAssets object '<empty> and /product/overlay/FontRookeryRegular/FontRookeryRegularOverlay.apk' with 1 weak references
05-04 18:37:42.492 26370 26376 W .apps.wellbeing: ApkAssets: Deleting an ApkAssets object '<empty> and /system/app/BasicDreams/BasicDreams.apk' with 1 weak references
05-04 18:37:42.492 26370 26376 W .apps.wellbeing: ApkAssets: Deleting an ApkAssets object '<empty> and /data/app/~~erxLAPnd4ZemAh9NoJkFVQ==/com.google.android.as.oss-ehE29A2zFlGorgTCZJnf6g==/base.apk' with 1 weak references
05-04 18:37:42.493 26370 26376 W .apps.wellbeing: ApkAssets: Deleting an ApkAssets object '<empty> and /product/priv-app/LenovoId/LenovoId.apk' with 1 weak references
05-04 18:37:42.493 26370 26376 W .apps.wellbeing: ApkAssets: Deleting an ApkAssets object '<empty> and /product/priv-app/udc/udc.apk' with 1 weak references
05-04 18:37:42.493 26370 26376 W .apps.wellbeing: ApkAssets: Deleting an ApkAssets object '<empty> and /system/priv-app/InputDevices/InputDevices.apk' with 1 weak references
05-04 18:37:42.494 26370 26376 W .apps.wellbeing: ApkAssets: Deleting an ApkAssets object '<empty> and /apex/com.android.rkpd/priv-app/rkpdapp@U1SHS34M.1-177-6-4/rkpdapp.apk' with 1 weak references
05-04 18:37:42.494 26370 26376 W .apps.wellbeing: ApkAssets: Deleting an ApkAssets object '<empty> and /system_ext/priv-app/com.motorola.android.nativedropboxagent/com.motorola.android.nativedropboxagent.apk' with 1 weak references
05-04 18:37:42.494 26370 26376 W .apps.wellbeing: ApkAssets: Deleting an ApkAssets object '<empty> and /data/app/~~7sAe0RY4wOo_tgfhCMAjkw==/com.google.android.dialer-0LK0n37aGz3RjQGdJ2ojmw==/base.apk' with 1 weak references
05-04 18:37:42.495 26370 26376 W .apps.wellbeing: ApkAssets: Deleting an ApkAssets object '<empty> and /product/app/YTMusicSetupWizard/YTMusicSetupWizard.apk' with 1 weak references
05-04 18:37:42.495 26370 26376 W .apps.wellbeing: ApkAssets: Deleting an ApkAssets object '<empty> and /system_ext/app/NfcSetup/NfcSetup.apk' with 1 weak references
05-04 18:37:42.495 26370 26376 W .apps.wellbeing: ApkAssets: Deleting an ApkAssets object '<empty> and /system/priv-app/BuiltInPrintService/BuiltInPrintService.apk' with 1 weak references
05-04 18:37:42.495 26370 26376 W .apps.wellbeing: ApkAssets: Deleting an ApkAssets object '<empty> and /data/app/~~bSiE7ahW7DavtGEqPRGm0Q==/com.google.android.apps.nbu.files-dUaMQowXNtL4C2YdJb1pXw==/base.apk' with 1 weak references
05-04 18:37:42.495 26370 26376 W .apps.wellbeing: ApkAssets: Deleting an ApkAssets object '<empty> and /data/app/~~bSiE7ahW7DavtGEqPRGm0Q==/com.google.android.apps.nbu.files-dUaMQowXNtL4C2YdJb1pXw==/split_config.arm64_v8a.apk' with 1 weak references
05-04 18:37:42.496 26370 26376 W .apps.wellbeing: ApkAssets: Deleting an ApkAssets object '<empty> and /data/app/~~bSiE7ahW7DavtGEqPRGm0Q==/com.google.android.apps.nbu.files-dUaMQowXNtL4C2YdJb1pXw==/split_config.en.apk' with 1 weak references
05-04 18:37:42.496 26370 26376 W .apps.wellbeing: ApkAssets: Deleting an ApkAssets object '<empty> and /data/app/~~bSiE7ahW7DavtGEqPRGm0Q==/com.google.android.apps.nbu.files-dUaMQowXNtL4C2YdJb1pXw==/split_config.xxhdpi.apk' with 1 weak references
05-04 18:37:42.496 26370 26376 W .apps.wellbeing: ApkAssets: Deleting an ApkAssets object '<empty> and /system/app/MotoSignatureApp/MotoSignatureApp.apk' with 1 weak references
05-04 18:37:42.496 26370 26376 W .apps.wellbeing: ApkAssets: Deleting an ApkAssets object '<empty> and /system_ext/priv-app/MotoStylusService/MotoStylusService.apk' with 1 weak references
05-04 18:37:42.496 26370 26376 W .apps.wellbeing: ApkAssets: Deleting an ApkAssets object '<empty> and /data/app/~~3Va7M4uJjNrJEaIIXjt57g==/com.google.android.captiveportallogin-EyHWIM3e5L4lFeftI7_l6g==/base.apk' with 1 weak references
05-04 18:37:42.496 26370 26376 W .apps.wellbeing: ApkAssets: Deleting an ApkAssets object '<empty> and /data/app/~~3Va7M4uJjNrJEaIIXjt57g==/com.google.android.captiveportallogin-EyHWIM3e5L4lFeftI7_l6g==/split_config.xxhdpi.apk' with 1 weak references
05-04 18:37:42.496 26370 26376 W .apps.wellbeing: ApkAssets: Deleting an ApkAssets object '<empty> and /data/app/~~IVOsi0cYzHg8biG6_461sg==/com.google.ambient.streaming-2e0DXlUiA9B-PIecqpA04g==/base.apk' with 1 weak references
05-04 18:37:42.497 26370 26376 W .apps.wellbeing: ApkAssets: Deleting an ApkAssets object '<empty> and /data/app/~~IVOsi0cYzHg8biG6_461sg==/com.google.ambient.streaming-2e0DXlUiA9B-PIecqpA04g==/split_config.arm64_v8a.apk' with 1 weak references
05-04 18:37:42.497 26370 26376 W .apps.wellbeing: ApkAssets: Deleting an ApkAssets object '<empty> and /data/app/~~IVOsi0cYzHg8biG6_461sg==/com.google.ambient.streaming-2e0DXlUiA9B-PIecqpA04g==/split_config.bn.apk' with 1 weak references
05-04 18:37:42.497 26370 26376 W .apps.wellbeing: ApkAssets: Deleting an ApkAssets object '<empty> and /data/app/~~IVOsi0cYzHg8biG6_461sg==/com.google.ambient.streaming-2e0DXlUiA9B-PIecqpA04g==/split_config.en.apk' with 1 weak references
05-04 18:37:42.497 26370 26376 W .apps.wellbeing: ApkAssets: Deleting an ApkAssets object '<empty> and /data/app/~~IVOsi0cYzHg8biG6_461sg==/com.google.ambient.streaming-2e0DXlUiA9B-PIecqpA04g==/split_config.gu.apk' with 1 weak references
05-04 18:37:42.497 26370 26376 W .apps.wellbeing: ApkAssets: Deleting an ApkAssets object '<empty> and /data/app/~~IVOsi0cYzHg8biG6_461sg==/com.google.ambient.streaming-2e0DXlUiA9B-PIecqpA04g==/split_config.hi.apk' with 1 weak references
05-04 18:37:42.497 26370 26376 W .apps.wellbeing: ApkAssets: Deleting an ApkAssets object '<empty> and /data/app/~~IVOsi0cYzHg8biG6_461sg==/com.google.ambient.streaming-2e0DXlUiA9B-PIecqpA04g==/split_config.kn.apk' with 1 weak references
05-04 18:37:42.497 26370 26376 W .apps.wellbeing: ApkAssets: Deleting an ApkAssets object '<empty> and /data/app/~~IVOsi0cYzHg8biG6_461sg==/com.google.ambient.streaming-2e0DXlUiA9B-PIecqpA04g==/split_config.mr.apk' with 1 weak references
05-04 18:37:42.497 26370 26376 W .apps.wellbeing: ApkAssets: Deleting an ApkAssets object '<empty> and /data/app/~~IVOsi0cYzHg8biG6_461sg==/com.google.ambient.streaming-2e0DXlUiA9B-PIecqpA04g==/split_config.ta.apk' with 1 weak references
05-04 18:37:42.497 26370 26376 W .apps.wellbeing: ApkAssets: Deleting an ApkAssets object '<empty> and /data/app/~~IVOsi0cYzHg8biG6_461sg==/com.google.ambient.streaming-2e0DXlUiA9B-PIecqpA04g==/split_config.te.apk' with 1 weak references
05-04 18:37:42.497 26370 26376 W .apps.wellbeing: ApkAssets: Deleting an ApkAssets object '<empty> and /data/app/~~IVOsi0cYzHg8biG6_461sg==/com.google.ambient.streaming-2e0DXlUiA9B-PIecqpA04g==/split_config.xxhdpi.apk' with 1 weak references
05-04 18:37:42.497 26370 26376 W .apps.wellbeing: ApkAssets: Deleting an ApkAssets object '<empty> and /product/app/BC360Control-rogue/BC360Control-rogue.apk' with 1 weak references
05-04 18:37:42.498 26370 26376 W .apps.wellbeing: ApkAssets: Deleting an ApkAssets object '<empty> and /data/app/~~CbDRg1-GntMF7vH-O8sTJw==/com.csam.icici.bank.imobile-yjTtZycaQHeyDzMX4m3JiA==/base.apk' with 1 weak references
05-04 18:37:42.498 26370 26376 W .apps.wellbeing: ApkAssets: Deleting an ApkAssets object '<empty> and /data/app/~~CbDRg1-GntMF7vH-O8sTJw==/com.csam.icici.bank.imobile-yjTtZycaQHeyDzMX4m3JiA==/split_config.arm64_v8a.apk' with 1 weak references
05-04 18:37:42.498 26370 26376 W .apps.wellbeing: ApkAssets: Deleting an ApkAssets object '<empty> and /data/app/~~CbDRg1-GntMF7vH-O8sTJw==/com.csam.icici.bank.imobile-yjTtZycaQHeyDzMX4m3JiA==/split_config.xxhdpi.apk' with 1 weak references
05-04 18:37:42.498 26370 26376 W .apps.wellbeing: ApkAssets: Deleting an ApkAssets object '<empty> and /data/app/~~5IQFpY0EjoL1VMevDmZx0Q==/com.google.android.apps.docs-pFrMqRChPvW_43WQ4IrU0w==/base.apk' with 1 weak references
05-04 18:37:42.499 26370 26376 W .apps.wellbeing: ApkAssets: Deleting an ApkAssets object '<empty> and /data/app/~~5IQFpY0EjoL1VMevDmZx0Q==/com.google.android.apps.docs-pFrMqRChPvW_43WQ4IrU0w==/split_config.arm64_v8a.apk' with 1 weak references
05-04 18:37:42.499 26370 26376 W .apps.wellbeing: ApkAssets: Deleting an ApkAssets object '<empty> and /data/app/~~5IQFpY0EjoL1VMevDmZx0Q==/com.google.android.apps.docs-pFrMqRChPvW_43WQ4IrU0w==/split_config.en.apk' with 1 weak references
05-04 18:37:42.499 26370 26376 W .apps.wellbeing: ApkAssets: Deleting an ApkAssets object '<empty> and /data/app/~~5IQFpY0EjoL1VMevDmZx0Q==/com.google.android.apps.docs-pFrMqRChPvW_43WQ4IrU0w==/split_config.xxhdpi.apk' with 1 weak references
05-04 18:37:42.499 26370 26376 W .apps.wellbeing: ApkAssets: Deleting an ApkAssets object '<empty> and /data/app/~~0pnmzqVj8rUIZBAffJ3Hqg==/com.google.android.apps.maps-kqfJqM7mm-jjx4c9kYihhQ==/base.apk' with 1 weak references
05-04 18:37:42.499 26370 26376 W .apps.wellbeing: ApkAssets: Deleting an ApkAssets object '<empty> and /data/app/~~0pnmzqVj8rUIZBAffJ3Hqg==/com.google.android.apps.maps-kqfJqM7mm-jjx4c9kYihhQ==/split_config.arm64_v8a.apk' with 1 weak references
05-04 18:37:42.499 26370 26376 W .apps.wellbeing: ApkAssets: Deleting an ApkAssets object '<empty> and /data/app/~~0pnmzqVj8rUIZBAffJ3Hqg==/com.google.android.apps.maps-kqfJqM7mm-jjx4c9kYihhQ==/split_config.en.apk' with 1 weak references
05-04 18:37:42.499 26370 26376 W .apps.wellbeing: ApkAssets: Deleting an ApkAssets object '<empty> and /data/app/~~0pnmzqVj8rUIZBAffJ3Hqg==/com.google.android.apps.maps-kqfJqM7mm-jjx4c9kYihhQ==/split_config.xxhdpi.apk' with 1 weak references
05-04 18:37:42.499 26370 26376 W .apps.wellbeing: ApkAssets: Deleting an ApkAssets object '<empty> and /data/app/~~cddWDE0DVDmpOTUXgV7W9A==/com.earlysalary.android-PBftHFGD679OBI3hUGC8QQ==/base.apk' with 1 weak references
05-04 18:37:42.500 26370 26376 W .apps.wellbeing: ApkAssets: Deleting an ApkAssets object '<empty> and /data/app/~~cddWDE0DVDmpOTUXgV7W9A==/com.earlysalary.android-PBftHFGD679OBI3hUGC8QQ==/split_config.arm64_v8a.apk' with 1 weak references
05-04 18:37:42.500 26370 26376 W .apps.wellbeing: ApkAssets: Deleting an ApkAssets object '<empty> and /data/app/~~cddWDE0DVDmpOTUXgV7W9A==/com.earlysalary.android-PBftHFGD679OBI3hUGC8QQ==/split_config.en.apk' with 1 weak references
05-04 18:37:42.500 26370 26376 W .apps.wellbeing: ApkAssets: Deleting an ApkAssets object '<empty> and /data/app/~~cddWDE0DVDmpOTUXgV7W9A==/com.earlysalary.android-PBftHFGD679OBI3hUGC8QQ==/split_config.xxhdpi.apk' with 1 weak references
05-04 18:37:42.500 26370 26376 W .apps.wellbeing: ApkAssets: Deleting an ApkAssets object '<empty> and /data/app/~~Ct-Z9vZ8dhJhZs2CGASJIQ==/com.google.android.modulemetadata-G4vqeEAQU4FCZ5blaupPHg==/base.apk' with 1 weak references
05-04 18:37:42.500 26370 26376 W .apps.wellbeing: ApkAssets: Deleting an ApkAssets object '<empty> and /data/app/~~_0lkH7cdxz9mXiug_5aSOg==/com.dreamplug.androidapp-uQS-IHfARcSOvbIY1mRyKQ==/base.apk' with 1 weak references
05-04 18:37:42.500 26370 26376 W .apps.wellbeing: ApkAssets: Deleting an ApkAssets object '<empty> and /data/app/~~_0lkH7cdxz9mXiug_5aSOg==/com.dreamplug.androidapp-uQS-IHfARcSOvbIY1mRyKQ==/split_config.arm64_v8a.apk' with 1 weak references
05-04 18:37:42.500 26370 26376 W .apps.wellbeing: ApkAssets: Deleting an ApkAssets object '<empty> and /data/app/~~_0lkH7cdxz9mXiug_5aSOg==/com.dreamplug.androidapp-uQS-IHfARcSOvbIY1mRyKQ==/split_config.xxhdpi.apk' with 1 weak references
05-04 18:37:42.500 26370 26376 W .apps.wellbeing: ApkAssets: Deleting an ApkAssets object '<empty> and /data/app/~~_0lkH7cdxz9mXiug_5aSOg==/com.dreamplug.androidapp-uQS-IHfARcSOvbIY1mRyKQ==/split_tapvisacore.apk' with 1 weak references
05-04 18:37:42.500 26370 26376 W .apps.wellbeing: ApkAssets: Deleting an ApkAssets object '<empty> and /data/app/~~_0lkH7cdxz9mXiug_5aSOg==/com.dreamplug.androidapp-uQS-IHfARcSOvbIY1mRyKQ==/split_tapvisacore.config.xxhdpi.apk' with 1 weak references
05-04 18:37:42.501 26370 26376 W .apps.wellbeing: ApkAssets: Deleting an ApkAssets object '<empty> and /product/priv-app/ComcastSettingsExt/ComcastSettingsExt.apk' with 1 weak references
05-04 18:37:42.501 26370 26376 W .apps.wellbeing: ApkAssets: Deleting an ApkAssets object '<empty> and /product/overlay/IconShapeTeardrop/IconShapeTeardropOverlay.apk' with 1 weak references
05-04 18:37:42.501 26370 26376 W .apps.wellbeing: ApkAssets: Deleting an ApkAssets object '<empty> and /system_ext/priv-app/MotoSecurityHubExt/MotoSecurityHubExt.apk' with 1 weak references
05-04 18:37:42.501 26370 26376 W .apps.wellbeing: ApkAssets: Deleting an ApkAssets object '<empty> and /product/priv-app/AmazonAppManager/AmazonAppManager.apk' with 1 weak references
05-04 18:37:42.501 26370 26376 W .apps.wellbeing: ApkAssets: Deleting an ApkAssets object '<empty> and /data/app/~~O2JXyfEWerIwRQ4BFq_DpA==/com.google.android.networkstack-XN2LSpKeBjtrMPAIuCCkbA==/base.apk' with 1 weak references
05-04 18:37:42.502 26370 26376 W .apps.wellbeing: ApkAssets: Deleting an ApkAssets object '<empty> and /data/app/~~O2JXyfEWerIwRQ4BFq_DpA==/com.google.android.networkstack-XN2LSpKeBjtrMPAIuCCkbA==/split_config.arm64_v8a.apk' with 1 weak references
05-04 18:37:42.502 26370 26376 W .apps.wellbeing: ApkAssets: Deleting an ApkAssets object '/product/overlay/NetworkStackMcc460Overlay.apk' with 1 weak references
05-04 18:37:42.502 26370 26376 W .apps.wellbeing: ApkAssets: Deleting an ApkAssets object '<empty> and /data/app/~~5pxqr3kLOPUYLqkPZLAmaw==/com.google.android.contactkeys-LeWKTmUsX6RdvETDvoQ5hA==/base.apk' with 1 weak references
05-04 18:37:42.502 26370 26376 W .apps.wellbeing: ApkAssets: Deleting an ApkAssets object '<empty> and /data/app/~~5pxqr3kLOPUYLqkPZLAmaw==/com.google.android.contactkeys-LeWKTmUsX6RdvETDvoQ5hA==/split_config.arm64_v8a.apk' with 1 weak references
05-04 18:37:42.502 26370 26376 W .apps.wellbeing: ApkAssets: Deleting an ApkAssets object '<empty> and /data/app/~~5pxqr3kLOPUYLqkPZLAmaw==/com.google.android.contactkeys-LeWKTmUsX6RdvETDvoQ5hA==/split_config.en.apk' with 1 weak references
05-04 18:37:42.502 26370 26376 W .apps.wellbeing: ApkAssets: Deleting an ApkAssets object '<empty> and /data/app/~~5pxqr3kLOPUYLqkPZLAmaw==/com.google.android.contactkeys-LeWKTmUsX6RdvETDvoQ5hA==/split_config.xxhdpi.apk' with 1 weak references
05-04 18:37:42.502 26370 26376 W .apps.wellbeing: ApkAssets: Deleting an ApkAssets object '<empty> and /data/app/~~2MdFEH6cDyKgcISc91kiag==/com.google.android.contacts-pBuhSFj-vUO2eILResNVhA==/base.apk' with 1 weak references
05-04 18:37:42.502 26370 26376 W .apps.wellbeing: ApkAssets: Deleting an ApkAssets object '<empty> and /data/app/~~2MdFEH6cDyKgcISc91kiag==/com.google.android.contacts-pBuhSFj-vUO2eILResNVhA==/split_config.arm64_v8a.apk' with 1 weak references
05-04 18:37:42.502 26370 26376 W .apps.wellbeing: ApkAssets: Deleting an ApkAssets object '<empty> and /data/app/~~2MdFEH6cDyKgcISc91kiag==/com.google.android.contacts-pBuhSFj-vUO2eILResNVhA==/split_config.en.apk' with 1 weak references
05-04 18:37:42.502 26370 26376 W .apps.wellbeing: ApkAssets: Deleting an ApkAssets object '<empty> and /data/app/~~2MdFEH6cDyKgcISc91kiag==/com.google.android.contacts-pBuhSFj-vUO2eILResNVhA==/split_config.xxhdpi.apk' with 1 weak references
05-04 18:37:42.503 26370 26376 W .apps.wellbeing: ApkAssets: Deleting an ApkAssets object '<empty> and /data/app/~~kRSucyhKGgSfnh0upElNDQ==/com.google.android.apps.fitness-n4GnQ8surVGep1SeJc1yQA==/base.apk' with 1 weak references
05-04 18:37:42.503 26370 26376 W .apps.wellbeing: ApkAssets: Deleting an ApkAssets object '<empty> and /data/app/~~kRSucyhKGgSfnh0upElNDQ==/com.google.android.apps.fitness-n4GnQ8surVGep1SeJc1yQA==/split_config.arm64_v8a.apk' with 1 weak references
05-04 18:37:42.503 26370 26376 W .apps.wellbeing: ApkAssets: Deleting an ApkAssets object '<empty> and /data/app/~~kRSucyhKGgSfnh0upElNDQ==/com.google.android.apps.fitness-n4GnQ8surVGep1SeJc1yQA==/split_config.en.apk' with 1 weak references
05-04 18:37:42.503 26370 26376 W .apps.wellbeing: ApkAssets: Deleting an ApkAssets object '<empty> and /data/app/~~kRSucyhKGgSfnh0upElNDQ==/com.google.android.apps.fitness-n4GnQ8surVGep1SeJc1yQA==/split_config.xxhdpi.apk' with 1 weak references
05-04 18:37:42.503 26370 26376 W .apps.wellbeing: ApkAssets: Deleting an ApkAssets object '<empty> and /product/priv-app/PreloadContacts/PreloadContacts.apk' with 1 weak references
05-04 18:37:42.503 26370 26376 W .apps.wellbeing: ApkAssets: Deleting an ApkAssets object '<empty> and /system/priv-app/Telecom/Telecom.apk' with 1 weak references
05-04 18:37:42.503 26370 26376 W .apps.wellbeing: ApkAssets: Deleting an ApkAssets object '<empty> and /system_ext/priv-app/MotorolaSettingsProvider/MotorolaSettingsProvider.apk' with 1 weak references
05-04 18:37:42.504 26370 26376 W .apps.wellbeing: ApkAssets: Deleting an ApkAssets object '/vendor/overlay/MotorolaSettingsProvider__auto_generated_rro_vendor.apk' with 1 weak references
05-04 18:37:42.504 26370 26376 W .apps.wellbeing: ApkAssets: Deleting an ApkAssets object '/product/overlay/MotorolaSettingsProvider__auto_generated_rro_product.apk' with 1 weak references
05-04 18:37:42.504 26370 26376 W .apps.wellbeing: ApkAssets: Deleting an ApkAssets object '<empty> and /system/app/KeyChain/KeyChain.apk' with 1 weak references
05-04 18:37:42.504 26370 26376 W .apps.wellbeing: ApkAssets: Deleting an ApkAssets object '<empty> and /data/app/~~iTq67ext8_D8ARv9DLmRwQ==/com.google.android.calculator--Bs_gh94wcVN97pJEAId3w==/base.apk' with 1 weak references
05-04 18:37:42.504 26370 26376 W .apps.wellbeing: ApkAssets: Deleting an ApkAssets object '<empty> and /data/app/~~iTq67ext8_D8ARv9DLmRwQ==/com.google.android.calculator--Bs_gh94wcVN97pJEAId3w==/split_config.xxhdpi.apk' with 1 weak references
05-04 18:37:42.504 26370 26376 W .apps.wellbeing: ApkAssets: Deleting an ApkAssets object '<empty> and /data/app/~~CGQ6fNYHE4blZ8c2orz1PQ==/com.android.chrome-Rt43Dq77kXqmVHlrR-LCvA==/base.apk' with 1 weak references
05-04 18:37:42.504 26370 26376 W .apps.wellbeing: ApkAssets: Deleting an ApkAssets object '<empty> and /data/app/~~CGQ6fNYHE4blZ8c2orz1PQ==/com.android.chrome-Rt43Dq77kXqmVHlrR-LCvA==/split_chrome.apk' with 1 weak references
05-04 18:37:42.504 26370 26376 W .apps.wellbeing: ApkAssets: Deleting an ApkAssets object '<empty> and /data/app/~~CGQ6fNYHE4blZ8c2orz1PQ==/com.android.chrome-Rt43Dq77kXqmVHlrR-LCvA==/split_config.en.apk' with 1 weak references
05-04 18:37:42.505 26370 26376 W .apps.wellbeing: ApkAssets: Deleting an ApkAssets object '<empty> and /data/app/~~CGQ6fNYHE4blZ8c2orz1PQ==/com.android.chrome-Rt43Dq77kXqmVHlrR-LCvA==/split_dev_ui.apk' with 1 weak references
05-04 18:37:42.505 26370 26376 W .apps.wellbeing: ApkAssets: Deleting an ApkAssets object '<empty> and /data/app/~~CGQ6fNYHE4blZ8c2orz1PQ==/com.android.chrome-Rt43Dq77kXqmVHlrR-LCvA==/split_on_demand.apk' with 1 weak references
05-04 18:37:42.505 26370 26376 W .apps.wellbeing: ApkAssets: Deleting an ApkAssets object '<empty> and /data/app/~~CGQ6fNYHE4blZ8c2orz1PQ==/com.android.chrome-Rt43Dq77kXqmVHlrR-LCvA==/split_stack_unwinder.apk' with 1 weak references
05-04 18:37:42.505 26370 26376 W .apps.wellbeing: ApkAssets: Deleting an ApkAssets object '<empty> and /data/app/~~CGQ6fNYHE4blZ8c2orz1PQ==/com.android.chrome-Rt43Dq77kXqmVHlrR-LCvA==/split_test_dummy.apk' with 1 weak references
05-04 18:37:42.505 26370 26376 W .apps.wellbeing: ApkAssets: Deleting an ApkAssets object '<empty> and /data/app/~~9EOyX6p2TQ41lHqv4U8BzA==/com.google.android.trichromelibrary_772713733-mRFMje2nf8TGhpfJlMWwpA==/base.apk' with 1 weak references
05-04 18:37:42.505 26370 26376 W .apps.wellbeing: ApkAssets: Deleting an ApkAssets object '<empty> and /product/priv-app/Dialer/Dialer.apk' with 1 weak references
05-04 18:37:42.506 26370 26376 W .apps.wellbeing: ApkAssets: Deleting an ApkAssets object '<empty> and /system/priv-app/GooglePackageInstaller/GooglePackageInstaller.apk' with 1 weak references
05-04 18:37:42.506 26370 26376 W .apps.wellbeing: ApkAssets: Deleting an ApkAssets object '<empty> and /data/app/~~PUhE4W2uBXrEkGAAEBiq0w==/com.google.android.gms--Ck5ZGrrO_6TuPDI4fgJVw==/base.apk' with 1 weak references
05-04 18:37:42.506 26370 26376 W .apps.wellbeing: ApkAssets: Deleting an ApkAssets object '<empty> and /data/app/~~PUhE4W2uBXrEkGAAEBiq0w==/com.google.android.gms--Ck5ZGrrO_6TuPDI4fgJVw==/split_AdsDynamite_installtime.apk' with 1 weak references
05-04 18:37:42.507 26370 26376 W .apps.wellbeing: ApkAssets: Deleting an ApkAssets object '<empty> and /data/app/~~PUhE4W2uBXrEkGAAEBiq0w==/com.google.android.gms--Ck5ZGrrO_6TuPDI4fgJVw==/split_CronetDynamite_installtime.apk' with 1 weak references
05-04 18:37:42.507 26370 26376 W .apps.wellbeing: ApkAssets: Deleting an ApkAssets object '<empty> and /data/app/~~PUhE4W2uBXrEkGAAEBiq0w==/com.google.android.gms--Ck5ZGrrO_6TuPDI4fgJVw==/split_DynamiteLoader_installtime.apk' with 1 weak references
05-04 18:37:42.507 26370 26376 W .apps.wellbeing: ApkAssets: Deleting an ApkAssets object '<empty> and /data/app/~~PUhE4W2uBXrEkGAAEBiq0w==/com.google.android.gms--Ck5ZGrrO_6TuPDI4fgJVw==/split_DynamiteModulesA_installtime.apk' with 1 weak references
05-04 18:37:42.507 26370 26376 W .apps.wellbeing: ApkAssets: Deleting an ApkAssets object '<empty> and /data/app/~~PUhE4W2uBXrEkGAAEBiq0w==/com.google.android.gms--Ck5ZGrrO_6TuPDI4fgJVw==/split_DynamiteModulesC_installtime.apk' with 1 weak references
05-04 18:37:42.507 26370 26376 W .apps.wellbeing: ApkAssets: Deleting an ApkAssets object '<empty> and /data/app/~~PUhE4W2uBXrEkGAAEBiq0w==/com.google.android.gms--Ck5ZGrrO_6TuPDI4fgJVw==/split_GoogleCertificates_installtime.apk' with 1 weak references
05-04 18:37:42.507 26370 26376 W .apps.wellbeing: ApkAssets: Deleting an ApkAssets object '<empty> and /data/app/~~PUhE4W2uBXrEkGAAEBiq0w==/com.google.android.gms--Ck5ZGrrO_6TuPDI4fgJVw==/split_MapsDynamite_installtime.apk' with 1 weak references
05-04 18:37:42.507 26370 26376 W .apps.wellbeing: ApkAssets: Deleting an ApkAssets object '<empty> and /data/app/~~PUhE4W2uBXrEkGAAEBiq0w==/com.google.android.gms--Ck5ZGrrO_6TuPDI4fgJVw==/split_MeasurementDynamite_installtime.apk' with 1 weak references
05-04 18:37:42.507 26370 26376 W .apps.wellbeing: ApkAssets: Deleting an ApkAssets object '<empty> and /data/app/~~PUhE4W2uBXrEkGAAEBiq0w==/com.google.android.gms--Ck5ZGrrO_6TuPDI4fgJVw==/split_config.en.apk' with 1 weak references
05-04 18:37:42.507 26370 26376 W .apps.wellbeing: ApkAssets: Deleting an ApkAssets object '<empty> and /data/app/~~PUhE4W2uBXrEkGAAEBiq0w==/com.google.android.gms--Ck5ZGrrO_6TuPDI4fgJVw==/split_config.xxhdpi.apk' with 1 weak references
05-04 18:37:42.507 26370 26376 W .apps.wellbeing: ApkAssets: Deleting an ApkAssets object '<empty> and /system_ext/priv-app/GoogleServicesFramework/GoogleServicesFramework.apk' with 1 weak references
05-04 18:37:42.508 26370 26376 W .apps.wellbeing: ApkAssets: Deleting an ApkAssets object '<empty> and /system/priv-app/TagGoogle/TagGoogle.apk' with 1 weak references
05-04 18:37:42.508 26370 26376 W .apps.wellbeing: ApkAssets: Deleting an ApkAssets object '<empty> and /data/app/~~RMnbFpyEUW9SComXvIFRNQ==/com.google.android.tts-5_hfLbSPl-E-n54U3EEZTA==/base.apk' with 1 weak references
05-04 18:37:42.508 26370 26376 W .apps.wellbeing: ApkAssets: Deleting an ApkAssets object '<empty> and /data/app/~~RMnbFpyEUW9SComXvIFRNQ==/com.google.android.tts-5_hfLbSPl-E-n54U3EEZTA==/split_config.arm64_v8a.apk' with 1 weak references
05-04 18:37:42.508 26370 26376 W .apps.wellbeing: ApkAssets: Deleting an ApkAssets object '<empty> and /data/app/~~RMnbFpyEUW9SComXvIFRNQ==/com.google.android.tts-5_hfLbSPl-E-n54U3EEZTA==/split_config.en.apk' with 1 weak references
05-04 18:37:42.508 26370 26376 W .apps.wellbeing: ApkAssets: Deleting an ApkAssets object '<empty> and /data/app/~~RMnbFpyEUW9SComXvIFRNQ==/com.google.android.tts-5_hfLbSPl-E-n54U3EEZTA==/split_config.xxhdpi.apk' with 1 weak references
05-04 18:37:42.508 26370 26376 W .apps.wellbeing: ApkAssets: Deleting an ApkAssets object '<empty> and /system/priv-app/CallLogBackup/CallLogBackup.apk' with 1 weak references
05-04 18:37:42.509 26370 26376 W .apps.wellbeing: ApkAssets: Deleting an ApkAssets object '<empty> and /data/app/~~K5tzYNj7axD2kd1XPOhLYQ==/com.google.android.partnersetup-izP7LkrJKE1vqBnc_fH5Ng==/base.apk' with 1 weak references
05-04 18:37:42.509 26370 26376 W .apps.wellbeing: ApkAssets: Deleting an ApkAssets object '<empty> and /data/app/~~K5tzYNj7axD2kd1XPOhLYQ==/com.google.android.partnersetup-izP7LkrJKE1vqBnc_fH5Ng==/split_config.bn.apk' with 1 weak references
05-04 18:37:42.509 26370 26376 W .apps.wellbeing: ApkAssets: Deleting an ApkAssets object '<empty> and /data/app/~~K5tzYNj7axD2kd1XPOhLYQ==/com.google.android.partnersetup-izP7LkrJKE1vqBnc_fH5Ng==/split_config.en.apk' with 1 weak references
05-04 18:37:42.509 26370 26376 W .apps.wellbeing: ApkAssets: Deleting an ApkAssets object '<empty> and /data/app/~~K5tzYNj7axD2kd1XPOhLYQ==/com.google.android.partnersetup-izP7LkrJKE1vqBnc_fH5Ng==/split_config.gu.apk' with 1 weak references
05-04 18:37:42.509 26370 26376 W .apps.wellbeing: ApkAssets: Deleting an ApkAssets object '<empty> and /data/app/~~K5tzYNj7axD2kd1XPOhLYQ==/com.google.android.partnersetup-izP7LkrJKE1vqBnc_fH5Ng==/split_config.hi.apk' with 1 weak references
05-04 18:37:42.509 26370 26376 W .apps.wellbeing: ApkAssets: Deleting an ApkAssets object '<empty> and /data/app/~~K5tzYNj7axD2kd1XPOhLYQ==/com.google.android.partnersetup-izP7LkrJKE1vqBnc_fH5Ng==/split_config.kn.apk' with 1 weak references
05-04 18:37:42.509 26370 26376 W .apps.wellbeing: ApkAssets: Deleting an ApkAssets object '<empty> and /data/app/~~K5tzYNj7axD2kd1XPOhLYQ==/com.google.android.partnersetup-izP7LkrJKE1vqBnc_fH5Ng==/split_config.mr.apk' with 1 weak references
05-04 18:37:42.509 26370 26376 W .apps.wellbeing: ApkAssets: Deleting an ApkAssets object '<empty> and /data/app/~~K5tzYNj7axD2kd1XPOhLYQ==/com.google.android.partnersetup-izP7LkrJKE1vqBnc_fH5Ng==/split_config.ta.apk' with 1 weak references
05-04 18:37:42.509 26370 26376 W .apps.wellbeing: ApkAssets: Deleting an ApkAssets object '<empty> and /data/app/~~K5tzYNj7axD2kd1XPOhLYQ==/com.google.android.partnersetup-izP7LkrJKE1vqBnc_fH5Ng==/split_config.te.apk' with 1 weak references
05-04 18:37:42.509 26370 26376 W .apps.wellbeing: ApkAssets: Deleting an ApkAssets object '<empty> and /data/app/~~K5tzYNj7axD2kd1XPOhLYQ==/com.google.android.partnersetup-izP7LkrJKE1vqBnc_fH5Ng==/split_config.xxhdpi.apk' with 1 weak references
05-04 18:37:42.509 26370 26376 W .apps.wellbeing: ApkAssets: Deleting an ApkAssets object '<empty> and /data/app/~~dy3rDKizgui-zI9ArNA5hw==/com.motorola.genie-dGFBTk6td5iGpHkYLe4Kaw==/base.apk' with 1 weak references
05-04 18:37:42.510 26370 26376 W .apps.wellbeing: ApkAssets: Deleting an ApkAssets object '<empty> and /data/app/~~0qwJXl7WYCjzs9UtpFxL1g==/org.torproject.torbrowser-eBYn6MnmBkWAZ0O6p8Wmww==/base.apk' with 1 weak references
05-04 18:37:42.510 26370 26376 W .apps.wellbeing: ApkAssets: Deleting an ApkAssets object '<empty> and /system/app/CameraExtensionsProxy/CameraExtensionsProxy.apk' with 1 weak references
05-04 18:37:42.510 26370 26376 W .apps.wellbeing: ApkAssets: Deleting an ApkAssets object '<empty> and /product/priv-app/VzwECID/VzwECID.apk' with 1 weak references
05-04 18:37:42.511 26370 26376 W .apps.wellbeing: ApkAssets: Deleting an ApkAssets object '<empty> and /system_ext/priv-app/SetupWizardExt/SetupWizardExt.apk' with 1 weak references
05-04 18:37:42.511 26370 26376 W .apps.wellbeing: ApkAssets: Deleting an ApkAssets object '/product/overlay/SetupWizardExt__auto_generated_rro_product.apk' with 1 weak references
05-04 18:37:42.511 26370 26376 W .apps.wellbeing: ApkAssets: Deleting an ApkAssets object '<empty> and /product/priv-app/VzwSecurityPrivacy-v6-11-0-815/VzwSecurityPrivacy-v6-11-0-815.apk' with 1 weak references
05-04 18:37:42.512 26370 26376 W .apps.wellbeing: ApkAssets: Deleting an ApkAssets object '<empty> and /data/app/~~noDXo2AMsFYsRCVa3d4HSQ==/com.google.android.videos-YELgxSU6jyFzv-9r6Rys4g==/base.apk' with 1 weak references
05-04 18:37:42.512 26370 26376 W .apps.wellbeing: ApkAssets: Deleting an ApkAssets object '<empty> and /data/app/~~noDXo2AMsFYsRCVa3d4HSQ==/com.google.android.videos-YELgxSU6jyFzv-9r6Rys4g==/split_config.arm64_v8a.apk' with 1 weak references
05-04 18:37:42.512 26370 26376 W .apps.wellbeing: ApkAssets: Deleting an ApkAssets object '<empty> and /data/app/~~noDXo2AMsFYsRCVa3d4HSQ==/com.google.android.videos-YELgxSU6jyFzv-9r6Rys4g==/split_config.en.apk' with 1 weak references
05-04 18:37:42.512 26370 26376 W .apps.wellbeing: ApkAssets: Deleting an ApkAssets object '<empty> and /data/app/~~noDXo2AMsFYsRCVa3d4HSQ==/com.google.android.videos-YELgxSU6jyFzv-9r6Rys4g==/split_config.xxhdpi.apk' with 1 weak references
05-04 18:37:42.512 26370 26376 W .apps.wellbeing: ApkAssets: Deleting an ApkAssets object '<empty> and /product/priv-app/CloudSetup/CloudSetup.apk' with 1 weak references
05-04 18:37:42.512 26370 26376 W .apps.wellbeing: ApkAssets: Deleting an ApkAssets object '<empty> and /system/app/CarrierDefaultApp/CarrierDefaultApp.apk' with 1 weak references
05-04 18:37:42.513 26370 26376 W .apps.wellbeing: ApkAssets: Deleting an ApkAssets object '<empty> and /data/app/~~zDz-wq6vdyVRTSWioGmetw==/com.motorola.aiservices-WCGxfSNFQw804BNf0HY2uA==/base.apk' with 1 weak references
05-04 18:37:42.513 26370 26376 W .apps.wellbeing: ApkAssets: Deleting an ApkAssets object '<empty> and /data/app/~~zDz-wq6vdyVRTSWioGmetw==/com.motorola.aiservices-WCGxfSNFQw804BNf0HY2uA==/split_adaptivebrightness.apk' with 1 weak references
05-04 18:37:42.513 26370 26376 W .apps.wellbeing: ApkAssets: Deleting an ApkAssets object '<empty> and /data/app/~~zDz-wq6vdyVRTSWioGmetw==/com.motorola.aiservices-WCGxfSNFQw804BNf0HY2uA==/split_adaptivebrightness.config.arm64_v8a.apk' with 1 weak references
05-04 18:37:42.513 26370 26376 W .apps.wellbeing: ApkAssets: Deleting an ApkAssets object '<empty> and /data/app/~~zDz-wq6vdyVRTSWioGmetw==/com.motorola.aiservices-WCGxfSNFQw804BNf0HY2uA==/split_adaptiveicons.apk' with 1 weak references
05-04 18:37:42.513 26370 26376 W .apps.wellbeing: ApkAssets: Deleting an ApkAssets object '<empty> and /data/app/~~zDz-wq6vdyVRTSWioGmetw==/com.motorola.aiservices-WCGxfSNFQw804BNf0HY2uA==/split_aicropping.apk' with 1 weak references
05-04 18:37:42.513 26370 26376 W .apps.wellbeing: ApkAssets: Deleting an ApkAssets object '<empty> and /data/app/~~zDz-wq6vdyVRTSWioGmetw==/com.motorola.aiservices-WCGxfSNFQw804BNf0HY2uA==/split_aisepia.apk' with 1 weak references
05-04 18:37:42.513 26370 26376 W .apps.wellbeing: ApkAssets: Deleting an ApkAssets object '<empty> and /data/app/~~zDz-wq6vdyVRTSWioGmetw==/com.motorola.aiservices-WCGxfSNFQw804BNf0HY2uA==/split_appusage.apk' with 1 weak references
05-04 18:37:42.513 26370 26376 W .apps.wellbeing: ApkAssets: Deleting an ApkAssets object '<empty> and /data/app/~~zDz-wq6vdyVRTSWioGmetw==/com.motorola.aiservices-WCGxfSNFQw804BNf0HY2uA==/split_bwart.apk' with 1 weak references
05-04 18:37:42.513 26370 26376 W .apps.wellbeing: ApkAssets: Deleting an ApkAssets object '<empty> and /data/app/~~zDz-wq6vdyVRTSWioGmetw==/com.motorola.aiservices-WCGxfSNFQw804BNf0HY2uA==/split_bwregular.apk' with 1 weak references
05-04 18:37:42.513 26370 26376 W .apps.wellbeing: ApkAssets: Deleting an ApkAssets object '<empty> and /data/app/~~zDz-wq6vdyVRTSWioGmetw==/com.motorola.aiservices-WCGxfSNFQw804BNf0HY2uA==/split_cartoongan.apk' with 1 weak references
05-04 18:37:42.513 26370 26376 W .apps.wellbeing: ApkAssets: Deleting an ApkAssets object '<empty> and /data/app/~~zDz-wq6vdyVRTSWioGmetw==/com.motorola.aiservices-WCGxfSNFQw804BNf0HY2uA==/split_config.arm64_v8a.apk' with 1 weak references
05-04 18:37:42.513 26370 26376 W .apps.wellbeing: ApkAssets: Deleting an ApkAssets object '<empty> and /data/app/~~zDz-wq6vdyVRTSWioGmetw==/com.motorola.aiservices-WCGxfSNFQw804BNf0HY2uA==/split_config.xxhdpi.apk' with 1 weak references
05-04 18:37:42.513 26370 26376 W .apps.wellbeing: ApkAssets: Deleting an ApkAssets object '<empty> and /data/app/~~zDz-wq6vdyVRTSWioGmetw==/com.motorola.aiservices-WCGxfSNFQw804BNf0HY2uA==/split_imagequality.apk' with 1 weak references
05-04 18:37:42.513 26370 26376 W .apps.wellbeing: ApkAssets: Deleting an ApkAssets object '<empty> and /data/app/~~zDz-wq6vdyVRTSWioGmetw==/com.motorola.aiservices-WCGxfSNFQw804BNf0HY2uA==/split_optimizedcharging.apk' with 1 weak references
05-04 18:37:42.514 26370 26376 W .apps.wellbeing: ApkAssets: Deleting an ApkAssets object '<empty> and /data/app/~~zDz-wq6vdyVRTSWioGmetw==/com.motorola.aiservices-WCGxfSNFQw804BNf0HY2uA==/split_peoplenatureclassifier.apk' with 1 weak references
05-04 18:37:42.514 26177 26177 W Finsky  : [2] STU: Failed to get storage stats for package 'com.google.android.media.swcodec' (1601: Error getting stats: android.content.pm.PackageManager.NameNotFoundException)
05-04 18:37:42.514 26370 26376 W .apps.wellbeing: ApkAssets: Deleting an ApkAssets object '<empty> and /data/app/~~zDz-wq6vdyVRTSWioGmetw==/com.motorola.aiservices-WCGxfSNFQw804BNf0HY2uA==/split_phishing.apk' with 1 weak references
05-04 18:37:42.514 26370 26376 W .apps.wellbeing: ApkAssets: Deleting an ApkAssets object '<empty> and /data/app/~~zDz-wq6vdyVRTSWioGmetw==/com.motorola.aiservices-WCGxfSNFQw804BNf0HY2uA==/split_styletransfer.apk' with 1 weak references
05-04 18:37:42.514 26370 26376 W .apps.wellbeing: ApkAssets: Deleting an ApkAssets object '<empty> and /data/app/~~74KmPg6WTZYpkAVYxU43QQ==/com.motorola.livewallpaper3-d4NoWEBSzTSKqnzDStewTw==/base.apk' with 1 weak references
05-04 18:37:42.514 26370 26376 W .apps.wellbeing: ApkAssets: Deleting an ApkAssets object '<empty> and /data/app/~~74KmPg6WTZYpkAVYxU43QQ==/com.motorola.livewallpaper3-d4NoWEBSzTSKqnzDStewTw==/split_bundle_cool_bamboo.apk' with 1 weak references
05-04 18:37:42.514 26370 26376 W .apps.wellbeing: ApkAssets: Deleting an ApkAssets object '<empty> and /data/app/~~74KmPg6WTZYpkAVYxU43QQ==/com.motorola.livewallpaper3-d4NoWEBSzTSKqnzDStewTw==/split_bundle_digital_revolution.apk' with 1 weak references
05-04 18:37:42.514 26370 26376 W .apps.wellbeing: ApkAssets: Deleting an ApkAssets object '<empty> and /data/app/~~74KmPg6WTZYpkAVYxU43QQ==/com.motorola.livewallpaper3-d4NoWEBSzTSKqnzDStewTw==/split_config.arm64_v8a.apk' with 1 weak references
05-04 18:37:42.514 26370 26376 W .apps.wellbeing: ApkAssets: Deleting an ApkAssets object '<empty> and /system/priv-app/CredentialManager/CredentialManager.apk' with 1 weak references
05-04 18:37:42.515 26370 26376 W .apps.wellbeing: ApkAssets: Deleting an ApkAssets object '<empty> and /system_ext/priv-app/LifetimeData/LifetimeData.apk' with 1 weak references
05-04 18:37:42.515 26370 26376 W .apps.wellbeing: ApkAssets: Deleting an ApkAssets object '<empty> and /system/priv-app/AppDirectedSmsProxy/AppDirectedSmsProxy.apk' with 1 weak references
05-04 18:37:42.515 26370 26376 W .apps.wellbeing: ApkAssets: Deleting an ApkAssets object '<empty> and /system/priv-app/ProxyHandler/ProxyHandler.apk' with 1 weak references
05-04 18:37:42.515 26370 26376 W .apps.wellbeing: ApkAssets: Deleting an ApkAssets object '<empty> and /apex/com.android.permission/priv-app/GoogleSafetyCenterResources@361524160/GoogleSafetyCenterResources.apk' with 1 weak references
05-04 18:37:42.515 26370 26376 W .apps.wellbeing: ApkAssets: Deleting an ApkAssets object '/product/overlay/MotoSafetyCenterResourceOverlay.apk' with 1 weak references
05-04 18:37:42.516 26370 26376 W .apps.wellbeing: ApkAssets: Deleting an ApkAssets object '<empty> and /product/overlay/DisplayCutoutEmulationWaterfall/DisplayCutoutEmulationWaterfallOverlay.apk' with 1 weak references
05-04 18:37:42.516 26370 26376 W .apps.wellbeing: ApkAssets: Deleting an ApkAssets object '<empty> and /system/priv-app/IntentResolver/IntentResolver.apk' with 1 weak references
05-04 18:37:42.517 26370 26376 W .apps.wellbeing: ApkAssets: Deleting an ApkAssets object '<empty> and /product/app/ThermalService/ThermalService.apk' with 1 weak references
05-04 18:37:42.517 26370 26376 W .apps.wellbeing: ApkAssets: Deleting an ApkAssets object '<empty> and /data/app/~~PCz8xfBjYTSWdXvwufvF9A==/com.mobikwik_new-5Z4JZ6DML5z6wplF2FlBHg==/base.apk' with 1 weak references
05-04 18:37:42.517 26370 26376 W .apps.wellbeing: ApkAssets: Deleting an ApkAssets object '<empty> and /data/app/~~PCz8xfBjYTSWdXvwufvF9A==/com.mobikwik_new-5Z4JZ6DML5z6wplF2FlBHg==/split_config.arm64_v8a.apk' with 1 weak references
05-04 18:37:42.517 26370 26376 W .apps.wellbeing: ApkAssets: Deleting an ApkAssets object '<empty> and /data/app/~~PCz8xfBjYTSWdXvwufvF9A==/com.mobikwik_new-5Z4JZ6DML5z6wplF2FlBHg==/split_config.xxhdpi.apk' with 1 weak references
05-04 18:37:42.518 26370 26376 W .apps.wellbeing: ApkAssets: Deleting an ApkAssets object '<empty> and /product/priv-app/TMOConfig/TMOConfig.apk' with 1 weak references
05-04 18:37:42.518 26370 26376 W .apps.wellbeing: ApkAssets: Deleting an ApkAssets object '<empty> and /data/app/~~CGj3VX9BXoeE3wFpJSjrkg==/org.videolan.vlc-gwbnMVmjx1ICws85AcRoWw==/base.apk' with 1 weak references
05-04 18:37:42.518 26370 26376 W .apps.wellbeing: ApkAssets: Deleting an ApkAssets object '<empty> and /data/app/~~CGj3VX9BXoeE3wFpJSjrkg==/org.videolan.vlc-gwbnMVmjx1ICws85AcRoWw==/split_config.arm64_v8a.apk' with 1 weak references
05-04 18:37:42.518 26370 26376 W .apps.wellbeing: ApkAssets: Deleting an ApkAssets object '<empty> and /data/app/~~CGj3VX9BXoeE3wFpJSjrkg==/org.videolan.vlc-gwbnMVmjx1ICws85AcRoWw==/split_config.xxhdpi.apk' with 1 weak references
05-04 18:37:42.518 26370 26376 W .apps.wellbeing: ApkAssets: Deleting an ApkAssets object '<empty> and /product/overlay/TransparentNavigationBar/TransparentNavigationBarOverlay.apk' with 1 weak references
05-04 18:37:42.518 26370 26376 W .apps.wellbeing: ApkAssets: Deleting an ApkAssets object '<empty> and /apex/com.android.tethering/priv-app/ServiceConnectivityResourcesGoogle@361524140/ServiceConnectivityResourcesGoogle.apk' with 1 weak references
05-04 18:37:42.519 26370 26376 W .apps.wellbeing: ApkAssets: Deleting an ApkAssets object '/product/overlay/MotoServiceConnectivityResOverlay.apk' with 1 weak references
05-04 18:37:42.519 26370 26376 W .apps.wellbeing: ApkAssets: Deleting an ApkAssets object '<empty> and /data/app/~~yaBypXB_mj6jOEMCDAua6Q==/com.jio.myjio-NU7PRYzBaMUavgfrOM0-Xg==/base.apk' with 1 weak references
05-04 18:37:42.519 26370 26376 W .apps.wellbeing: ApkAssets: Deleting an ApkAssets object '<empty> and /data/app/~~yaBypXB_mj6jOEMCDAua6Q==/com.jio.myjio-NU7PRYzBaMUavgfrOM0-Xg==/split_config.arm64_v8a.apk' with 1 weak references
05-04 18:37:42.519 26370 26376 W .apps.wellbeing: ApkAssets: Deleting an ApkAssets object '<empty> and /data/app/~~yaBypXB_mj6jOEMCDAua6Q==/com.jio.myjio-NU7PRYzBaMUavgfrOM0-Xg==/split_config.xxhdpi.apk' with 1 weak references
05-04 18:37:42.519 26370 26376 W .apps.wellbeing: ApkAssets: Deleting an ApkAssets object '<empty> and /system_ext/priv-app/GoogleFeedback/GoogleFeedback.apk' with 1 weak references
05-04 18:37:42.520 26370 26376 W .apps.wellbeing: ApkAssets: Deleting an ApkAssets object '<empty> and /system/app/GooglePrintRecommendationService/GooglePrintRecommendationService.apk' with 1 weak references
05-04 18:37:42.520 26370 26376 W .apps.wellbeing: ApkAssets: Deleting an ApkAssets object '<empty> and /data/app/~~CL5skIPxyIM_BBoIceVG_w==/com.google.android.apps.photos-TE7Jj7Jw0D98Kohr7-HNsQ==/base.apk' with 1 weak references
05-04 18:37:42.520 26370 26376 W .apps.wellbeing: ApkAssets: Deleting an ApkAssets object '<empty> and /data/app/~~CL5skIPxyIM_BBoIceVG_w==/com.google.android.apps.photos-TE7Jj7Jw0D98Kohr7-HNsQ==/split_config.arm64_v8a.apk' with 1 weak references
05-04 18:37:42.520 26370 26376 W .apps.wellbeing: ApkAssets: Deleting an ApkAssets object '<empty> and /data/app/~~CL5skIPxyIM_BBoIceVG_w==/com.google.android.apps.photos-TE7Jj7Jw0D98Kohr7-HNsQ==/split_config.en.apk' with 1 weak references
05-04 18:37:42.520 26370 26376 W .apps.wellbeing: ApkAssets: Deleting an ApkAssets object '<empty> and /data/app/~~CL5skIPxyIM_BBoIceVG_w==/com.google.android.apps.photos-TE7Jj7Jw0D98Kohr7-HNsQ==/split_config.xxhdpi.apk' with 1 weak references
05-04 18:37:42.520 26370 26376 W .apps.wellbeing: ApkAssets: Deleting an ApkAssets object '<empty> and /data/app/~~fkiYdwvFq3IRq20iVBq4Pg==/com.google.android.calendar-PKUaP6IFNJ5rGAl-G0Py3A==/base.apk' with 1 weak references
05-04 18:37:42.520 26370 26376 W .apps.wellbeing: ApkAssets: Deleting an ApkAssets object '<empty> and /data/app/~~fkiYdwvFq3IRq20iVBq4Pg==/com.google.android.calendar-PKUaP6IFNJ5rGAl-G0Py3A==/split_config.arm64_v8a.apk' with 1 weak references
05-04 18:37:42.520 26370 26376 W .apps.wellbeing: ApkAssets: Deleting an ApkAssets object '<empty> and /data/app/~~fkiYdwvFq3IRq20iVBq4Pg==/com.google.android.calendar-PKUaP6IFNJ5rGAl-G0Py3A==/split_config.en.apk' with 1 weak references
05-04 18:37:42.520 26370 26376 W .apps.wellbeing: ApkAssets: Deleting an ApkAssets object '<empty> and /data/app/~~fkiYdwvFq3IRq20iVBq4Pg==/com.google.android.calendar-PKUaP6IFNJ5rGAl-G0Py3A==/split_config.xxhdpi.apk' with 1 weak references
05-04 18:37:42.521 26370 26376 W .apps.wellbeing: ApkAssets: Deleting an ApkAssets object '<empty> and /product/priv-app/BC360Service-rogue/BC360Service-rogue.apk' with 1 weak references
05-04 18:37:42.521 26370 26376 W .apps.wellbeing: ApkAssets: Deleting an ApkAssets object '<empty> and /system/priv-app/ManagedProvisioning/ManagedProvisioning.apk' with 1 weak references
05-04 18:37:42.521 26370 26376 W .apps.wellbeing: ApkAssets: Deleting an ApkAssets object '<empty> and /product/app/LauncherConfig/LauncherConfig.apk' with 1 weak references
05-04 18:37:42.521 26370 26376 W .apps.wellbeing: ApkAssets: Deleting an ApkAssets object '<empty> and /data/app/~~tRCCZXqioL39B2Q7Mx55yQ==/com.kotak811mobilebankingapp.instantsavingsupiscanandpayrecharge-bPchmreckkxioeNZLx9WvQ==/base.apk' with 1 weak references
05-04 18:37:42.522 26370 26376 W .apps.wellbeing: ApkAssets: Deleting an ApkAssets object '<empty> and /data/app/~~tRCCZXqioL39B2Q7Mx55yQ==/com.kotak811mobilebankingapp.instantsavingsupiscanandpayrecharge-bPchmreckkxioeNZLx9WvQ==/split_config.arm64_v8a.apk' with 1 weak references
05-04 18:37:42.522 26370 26376 W .apps.wellbeing: ApkAssets: Deleting an ApkAssets object '<empty> and /data/app/~~tRCCZXqioL39B2Q7Mx55yQ==/com.kotak811mobilebankingapp.instantsavingsupiscanandpayrecharge-bPchmreckkxioeNZLx9WvQ==/split_config.bn.apk' with 1 weak references
05-04 18:37:42.522 26370 26376 W .apps.wellbeing: ApkAssets: Deleting an ApkAssets object '<empty> and /data/app/~~tRCCZXqioL39B2Q7Mx55yQ==/com.kotak811mobilebankingapp.instantsavingsupiscanandpayrecharge-bPchmreckkxioeNZLx9WvQ==/split_config.en.apk' with 1 weak references
05-04 18:37:42.522 26370 26376 W .apps.wellbeing: ApkAssets: Deleting an ApkAssets object '<empty> and /data/app/~~tRCCZXqioL39B2Q7Mx55yQ==/com.kotak811mobilebankingapp.instantsavingsupiscanandpayrecharge-bPchmreckkxioeNZLx9WvQ==/split_config.gu.apk' with 1 weak references
05-04 18:37:42.522 26370 26376 W .apps.wellbeing: ApkAssets: Deleting an ApkAssets object '<empty> and /data/app/~~tRCCZXqioL39B2Q7Mx55yQ==/com.kotak811mobilebankingapp.instantsavingsupiscanandpayrecharge-bPchmreckkxioeNZLx9WvQ==/split_config.hi.apk' with 1 weak references
05-04 18:37:42.522 26370 26376 W .apps.wellbeing: ApkAssets: Deleting an ApkAssets object '<empty> and /data/app/~~tRCCZXqioL39B2Q7Mx55yQ==/com.kotak811mobilebankingapp.instantsavingsupiscanandpayrecharge-bPchmreckkxioeNZLx9WvQ==/split_config.kn.apk' with 1 weak references
05-04 18:37:42.522 26370 26376 W .apps.wellbeing: ApkAssets: Deleting an ApkAssets object '<empty> and /data/app/~~tRCCZXqioL39B2Q7Mx55yQ==/com.kotak811mobilebankingapp.instantsavingsupiscanandpayrecharge-bPchmreckkxioeNZLx9WvQ==/split_config.mr.apk' with 1 weak references
05-04 18:37:42.522 26370 26376 W .apps.wellbeing: ApkAssets: Deleting an ApkAssets object '<empty> and /data/app/~~tRCCZXqioL39B2Q7Mx55yQ==/com.kotak811mobilebankingapp.instantsavingsupiscanandpayrecharge-bPchmreckkxioeNZLx9WvQ==/split_config.ta.apk' with 1 weak references
05-04 18:37:42.522 26370 26376 W .apps.wellbeing: ApkAssets: Deleting an ApkAssets object '<empty> and /data/app/~~tRCCZXqioL39B2Q7Mx55yQ==/com.kotak811mobilebankingapp.instantsavingsupiscanandpayrecharge-bPchmreckkxioeNZLx9WvQ==/split_config.te.apk' with 1 weak references
05-04 18:37:42.522 26370 26376 W .apps.wellbeing: ApkAssets: Deleting an ApkAssets object '<empty> and /data/app/~~tRCCZXqioL39B2Q7Mx55yQ==/com.kotak811mobilebankingapp.instantsavingsupiscanandpayrecharge-bPchmreckkxioeNZLx9WvQ==/split_config.xxhdpi.apk' with 1 weak references
05-04 18:37:42.522 26370 26376 W .apps.wellbeing: ApkAssets: Deleting an ApkAssets object '<empty> and /system/priv-app/SoundPicker/SoundPicker.apk' with 1 weak references
05-04 18:37:42.523 26370 26376 W .apps.wellbeing: ApkAssets: Deleting an ApkAssets object '<empty> and /data/app/~~nJq11LUpNjxwVuv_IPCI4g==/com.google.android.documentsui-gIsz090bALHfnLEC2mcozQ==/base.apk' with 1 weak references
05-04 18:37:42.523 26370 26376 W .apps.wellbeing: ApkAssets: Deleting an ApkAssets object '<empty> and /data/app/~~nJq11LUpNjxwVuv_IPCI4g==/com.google.android.documentsui-gIsz090bALHfnLEC2mcozQ==/split_config.xxhdpi.apk' with 1 weak references
05-04 18:37:42.523 26370 26376 W .apps.wellbeing: ApkAssets: Deleting an ApkAssets object '/product/overlay/GoogleDocumentsUIOverlay.apk' with 1 weak references
05-04 18:37:42.523 26370 26376 W .apps.wellbeing: ApkAssets: Deleting an ApkAssets object '<empty> and /data/app/~~Z1yWOtnQYrGG3un_ECyswg==/com.motorola.gamemode-hoClpJyHa2xUVVpKHobgsA==/base.apk' with 1 weak references
05-04 18:37:42.523 26370 26376 W .apps.wellbeing: ApkAssets: Deleting an ApkAssets object '<empty> and /data/app/~~Z1yWOtnQYrGG3un_ECyswg==/com.motorola.gamemode-hoClpJyHa2xUVVpKHobgsA==/split_config.arm64_v8a.apk' with 1 weak references
05-04 18:37:42.524 26370 26376 W .apps.wellbeing: ApkAssets: Deleting an ApkAssets object '<empty> and /data/app/~~BQYesMb51M409ksgc8gnFg==/com.google.android.accessibility.switchaccess-JJ7o5nUUua6fB9f1C_oMcQ==/base.apk' with 1 weak references
05-04 18:37:42.524 26370 26376 W .apps.wellbeing: ApkAssets: Deleting an ApkAssets object '<empty> and /data/app/~~BQYesMb51M409ksgc8gnFg==/com.google.android.accessibility.switchaccess-JJ7o5nUUua6fB9f1C_oMcQ==/split_config.arm64_v8a.apk' with 1 weak references
05-04 18:37:42.524 26370 26376 W .apps.wellbeing: ApkAssets: Deleting an ApkAssets object '<empty> and /data/app/~~Jj8qSYHJZyDu__RbqtbgVQ==/ai.perplexity.app.android-gfLuhmErQVQ2B0gS7Jw3JQ==/base.apk' with 1 weak references
05-04 18:37:42.525 26370 26376 W .apps.wellbeing: ApkAssets: Deleting an ApkAssets object '<empty> and /data/app/~~Jj8qSYHJZyDu__RbqtbgVQ==/ai.perplexity.app.android-gfLuhmErQVQ2B0gS7Jw3JQ==/split_config.arm64_v8a.apk' with 1 weak references
05-04 18:37:42.525 26370 26376 W .apps.wellbeing: ApkAssets: Deleting an ApkAssets object '<empty> and /data/app/~~Jj8qSYHJZyDu__RbqtbgVQ==/ai.perplexity.app.android-gfLuhmErQVQ2B0gS7Jw3JQ==/split_config.xxhdpi.apk' with 1 weak references
05-04 18:37:42.525 26370 26376 W .apps.wellbeing: ApkAssets: Deleting an ApkAssets object '<empty> and /data/app/~~qwAELUS29wqmsPPyN2o4rQ==/com.google.mainline.telemetry-RuvS-p2NEC55H1XiuOen2A==/base.apk' with 1 weak references
05-04 18:37:42.525 26370 26376 W .apps.wellbeing: ApkAssets: Deleting an ApkAssets object '<empty> and /system_ext/priv-app/SpectrumSetupExt/SpectrumSetupExt.apk' with 1 weak references
05-04 18:37:42.526 26370 26376 W .apps.wellbeing: ApkAssets: Deleting an ApkAssets object '<empty> and /system_ext/priv-app/DemoMode/DemoMode.apk' with 1 weak references
05-04 18:37:42.526 26370 26376 W .apps.wellbeing: ApkAssets: Deleting an ApkAssets object '<empty> and /data/app/~~rV6yhwSfxUt2YPWa26N6Aw==/com.motorola.help-5nLeGL1KXa51csXPm67HKg==/base.apk' with 1 weak references
05-04 18:37:42.526 26370 26376 W .apps.wellbeing: ApkAssets: Deleting an ApkAssets object '<empty> and /data/app/~~b3nzTs21oI2jjacVle2C1A==/com.motorola.moto-1kWd9zKZJbQ60EKmwMYEOA==/base.apk' with 1 weak references
05-04 18:37:42.527 26370 26376 W .apps.wellbeing: ApkAssets: Deleting an ApkAssets object '<empty> and /data/app/~~b3nzTs21oI2jjacVle2C1A==/com.motorola.moto-1kWd9zKZJbQ60EKmwMYEOA==/split_config.en.apk' with 1 weak references
05-04 18:37:42.527 26370 26376 W .apps.wellbeing: ApkAssets: Deleting an ApkAssets object '<empty> and /data/app/~~b3nzTs21oI2jjacVle2C1A==/com.motorola.moto-1kWd9zKZJbQ60EKmwMYEOA==/split_config.xxhdpi.apk' with 1 weak references
05-04 18:37:42.527 26370 26376 W .apps.wellbeing: ApkAssets: Deleting an ApkAssets object '<empty> and /system_ext/priv-app/PAKS/PAKS.apk' with 1 weak references
05-04 18:37:42.527 26370 26376 W .apps.wellbeing: ApkAssets: Deleting an ApkAssets object '<empty> and /product/priv-app/MotoHandWriting/MotoHandWriting.apk' with 1 weak references
05-04 18:37:42.528 26370 26376 W .apps.wellbeing: ApkAssets: Deleting an ApkAssets object '<empty> and /data/app/~~cjR47Qt0qZnCMXGvXf6Ehw==/com.motorola.audiorecorder-r2O-_EfmdoFr0wUUT0bBgg==/base.apk' with 1 weak references
05-04 18:37:42.528 26370 26376 W .apps.wellbeing: ApkAssets: Deleting an ApkAssets object '<empty> and /data/app/~~cjR47Qt0qZnCMXGvXf6Ehw==/com.motorola.audiorecorder-r2O-_EfmdoFr0wUUT0bBgg==/split_config.arm64_v8a.apk' with 1 weak references
05-04 18:37:42.528 26370 26376 W .apps.wellbeing: ApkAssets: Deleting an ApkAssets object '<empty> and /data/app/~~cjR47Qt0qZnCMXGvXf6Ehw==/com.motorola.audiorecorder-r2O-_EfmdoFr0wUUT0bBgg==/split_config.en.apk' with 1 weak references
05-04 18:37:42.528 26370 26376 W .apps.wellbeing: ApkAssets: Deleting an ApkAssets object '<empty> and /data/app/~~cjR47Qt0qZnCMXGvXf6Ehw==/com.motorola.audiorecorder-r2O-_EfmdoFr0wUUT0bBgg==/split_config.xxhdpi.apk' with 1 weak references
05-04 18:37:42.528 26370 26376 W .apps.wellbeing: ApkAssets: Deleting an ApkAssets object '<empty> and /product/priv-app/MotoMultiVolume/MotoMultiVolume.apk' with 1 weak references
05-04 18:37:42.529 26370 26376 W .apps.wellbeing: ApkAssets: Deleting an ApkAssets object '<empty> and /product/overlay/NotesRoleEnabled/NotesRoleEnabledOverlay.apk' with 1 weak references
05-04 18:37:42.529 26370 26376 W .apps.wellbeing: ApkAssets: Deleting an ApkAssets object '<empty> and /system/priv-app/LiveWallpapersPicker/LiveWallpapersPicker.apk' with 1 weak references
05-04 18:37:42.529 26370 26376 W .apps.wellbeing: ApkAssets: Deleting an ApkAssets object '<empty> and /product/priv-app/CarrierSettingsExt/CarrierSettingsExt.apk' with 1 weak references
05-04 18:37:42.529 26370 26376 W .apps.wellbeing: ApkAssets: Deleting an ApkAssets object '<empty> and /system_ext/priv-app/Fota/Fota.apk' with 1 weak references
05-04 18:37:42.529 26370 26376 W .apps.wellbeing: ApkAssets: Deleting an ApkAssets object '<empty> and /system_ext/priv-app/MotoFreeForm/MotoFreeForm.apk' with 1 weak references
05-04 18:37:42.530 26370 26376 W .apps.wellbeing: ApkAssets: Deleting an ApkAssets object '<empty> and /data/app/~~mlsQvSvQhrbY86cysmn6SA==/com.google.mainline.adservices-k26A37uO_Abt6uS_kwP8RQ==/base.apk' with 1 weak references
05-04 18:37:42.530 26370 26376 W .apps.wellbeing: ApkAssets: Deleting an ApkAssets object '<empty> and /product/priv-app/DishDM/DishDM.apk' with 1 weak references
05-04 18:37:42.530 26370 26376 W .apps.wellbeing: ApkAssets: Deleting an ApkAssets object '<empty> and /data/app/~~bT8M4TsEoWyvoaPgMKR2eg==/com.facebook.system-4c6OVNZ9UDRPL2UlNtTbNg==/base.apk' with 1 weak references
05-04 18:37:42.530 26370 26376 W .apps.wellbeing: ApkAssets: Deleting an ApkAssets object '<empty> and /apex/com.android.healthfitness/priv-app/HealthConnectControllerGoogle@361420700/HealthConnectControllerGoogle.apk' with 1 weak references
05-04 18:37:42.531 26370 26376 W .apps.wellbeing: ApkAssets: Deleting an ApkAssets object '<empty> and /data/app/~~_FmKKA1kEDATOFChHjCZoA==/org.mozilla.firefox-gQoOiY1jqXyvPfMPG-7MaA==/base.apk' with 1 weak references
05-04 18:37:42.531 26370 26376 W .apps.wellbeing: ApkAssets: Deleting an ApkAssets object '<empty> and /data/app/~~_FmKKA1kEDATOFChHjCZoA==/org.mozilla.firefox-gQoOiY1jqXyvPfMPG-7MaA==/split_config.arm64_v8a.apk' with 1 weak references
05-04 18:37:42.531 26370 26376 W .apps.wellbeing: ApkAssets: Deleting an ApkAssets object '<empty> and /data/app/~~_FmKKA1kEDATOFChHjCZoA==/org.mozilla.firefox-gQoOiY1jqXyvPfMPG-7MaA==/split_config.xxhdpi.apk' with 1 weak references
05-04 18:37:42.531 26370 26376 W .apps.wellbeing: ApkAssets: Deleting an ApkAssets object '<empty> and /system_ext/app/DciStatsService/DciStatsService.apk' with 1 weak references
05-04 18:37:42.531 26370 26376 W .apps.wellbeing: ApkAssets: Deleting an ApkAssets object '<empty> and /data/app/~~_ozRPGkA-zvNPjdN7n-j3A==/idm.internet.download.manager.plus-ADGdbCbAhsyaOTCts11-fQ==/base.apk' with 1 weak references
05-04 18:37:42.532 26370 26376 W .apps.wellbeing: ApkAssets: Deleting an ApkAssets object '<empty> and /data/app/~~_ozRPGkA-zvNPjdN7n-j3A==/idm.internet.download.manager.plus-ADGdbCbAhsyaOTCts11-fQ==/split_config.arm64_v8a.apk' with 1 weak references
05-04 18:37:42.532 26370 26376 W .apps.wellbeing: ApkAssets: Deleting an ApkAssets object '<empty> and /data/app/~~_ozRPGkA-zvNPjdN7n-j3A==/idm.internet.download.manager.plus-ADGdbCbAhsyaOTCts11-fQ==/split_config.xxhdpi.apk' with 1 weak references
05-04 18:37:42.532 26370 26376 W .apps.wellbeing: ApkAssets: Deleting an ApkAssets object '<empty> and /data/app/~~K9kXtI7vWgaBKI7M-CmiAQ==/com.google.android.apps.translate-3R_skcK2GFs_omblf9Huxw==/base.apk' with 1 weak references
05-04 18:37:42.532 26370 26376 W .apps.wellbeing: ApkAssets: Deleting an ApkAssets object '<empty> and /product/priv-app/FamilyLinkParentalControls/FamilyLinkParentalControls.apk' with 1 weak references
05-04 18:37:42.533 26370 26376 W .apps.wellbeing: ApkAssets: Deleting an ApkAssets object '<empty> and /data/app/~~8sZiSgQYGMnMRAT4FN--Pg==/com.adobe.reader-SDD933Ljl7bFhmj6o56vIQ==/base.apk' with 1 weak references
05-04 18:37:42.533 26370 26376 W .apps.wellbeing: ApkAssets: Deleting an ApkAssets object '<empty> and /data/app/~~8sZiSgQYGMnMRAT4FN--Pg==/com.adobe.reader-SDD933Ljl7bFhmj6o56vIQ==/split_FASOpenCVDF.apk' with 1 weak references
05-04 18:37:42.533 26370 26376 W .apps.wellbeing: ApkAssets: Deleting an ApkAssets object '<empty> and /data/app/~~8sZiSgQYGMnMRAT4FN--Pg==/com.adobe.reader-SDD933Ljl7bFhmj6o56vIQ==/split_FASOpenCVDF.config.arm64_v8a.apk' with 1 weak references
05-04 18:37:42.533 26370 26376 W .apps.wellbeing: ApkAssets: Deleting an ApkAssets object '<empty> and /data/app/~~8sZiSgQYGMnMRAT4FN--Pg==/com.adobe.reader-SDD933Ljl7bFhmj6o56vIQ==/split_LMCODModelDF.apk' with 1 weak references
05-04 18:37:42.533 26370 26376 W .apps.wellbeing: ApkAssets: Deleting an ApkAssets object '<empty> and /data/app/~~8sZiSgQYGMnMRAT4FN--Pg==/com.adobe.reader-SDD933Ljl7bFhmj6o56vIQ==/split_LMCODModelDF.config.arm64_v8a.apk' with 1 weak references
05-04 18:37:42.533 26370 26376 W .apps.wellbeing: ApkAssets: Deleting an ApkAssets object '<empty> and /data/app/~~8sZiSgQYGMnMRAT4FN--Pg==/com.adobe.reader-SDD933Ljl7bFhmj6o56vIQ==/split_OCRCoreDF.apk' with 1 weak references
05-04 18:37:42.533 26370 26376 W .apps.wellbeing: ApkAssets: Deleting an ApkAssets object '<empty> and /data/app/~~8sZiSgQYGMnMRAT4FN--Pg==/com.adobe.reader-SDD933Ljl7bFhmj6o56vIQ==/split_OCRCoreDF.config.arm64_v8a.apk' with 1 weak references
05-04 18:37:42.533 26370 26376 W .apps.wellbeing: ApkAssets: Deleting an ApkAssets object '<empty> and /data/app/~~8sZiSgQYGMnMRAT4FN--Pg==/com.adobe.reader-SDD933Ljl7bFhmj6o56vIQ==/split_PDFEditFontsDF.apk' with 1 weak references
05-04 18:37:42.533 26370 26376 W .apps.wellbeing: ApkAssets: Deleting an ApkAssets object '<empty> and /data/app/~~8sZiSgQYGMnMRAT4FN--Pg==/com.adobe.reader-SDD933Ljl7bFhmj6o56vIQ==/split_SAMSDKNativeDF.apk' with 1 weak references
05-04 18:37:42.533 26370 26376 W .apps.wellbeing: ApkAssets: Deleting an ApkAssets object '<empty> and /data/app/~~8sZiSgQYGMnMRAT4FN--Pg==/com.adobe.reader-SDD933Ljl7bFhmj6o56vIQ==/split_SAMSDKNativeDF.config.arm64_v8a.apk' with 1 weak references
05-04 18:37:42.533 26370 26376 W .apps.wellbeing: ApkAssets: Deleting an ApkAssets object '<empty> and /data/app/~~8sZiSgQYGMnMRAT4FN--Pg==/com.adobe.reader-SDD933Ljl7bFhmj6o56vIQ==/split_ScanSDKDF.apk' with 1 weak references
05-04 18:37:42.533 26370 26376 W .apps.wellbeing: ApkAssets: Deleting an ApkAssets object '<empty> and /data/app/~~8sZiSgQYGMnMRAT4FN--Pg==/com.adobe.reader-SDD933Ljl7bFhmj6o56vIQ==/split_ScanSDKDF.config.arm64_v8a.apk' with 1 weak references
05-04 18:37:42.533 26370 26376 W .apps.wellbeing: ApkAssets: Deleting an ApkAssets object '<empty> and /data/app/~~8sZiSgQYGMnMRAT4FN--Pg==/com.adobe.reader-SDD933Ljl7bFhmj6o56vIQ==/split_ScanSDKDF.config.en.apk' with 1 weak references
05-04 18:37:42.534 26370 26376 W .apps.wellbeing: ApkAssets: Deleting an ApkAssets object '<empty> and /data/app/~~8sZiSgQYGMnMRAT4FN--Pg==/com.adobe.reader-SDD933Ljl7bFhmj6o56vIQ==/split_VADYamnetDF.apk' with 1 weak references
05-04 18:37:42.534 26370 26376 W .apps.wellbeing: ApkAssets: Deleting an ApkAssets object '<empty> and /data/app/~~8sZiSgQYGMnMRAT4FN--Pg==/com.adobe.reader-SDD933Ljl7bFhmj6o56vIQ==/split_VADYamnetDF.config.arm64_v8a.apk' with 1 weak references
05-04 18:37:42.534 26370 26376 W .apps.wellbeing: ApkAssets: Deleting an ApkAssets object '<empty> and /data/app/~~8sZiSgQYGMnMRAT4FN--Pg==/com.adobe.reader-SDD933Ljl7bFhmj6o56vIQ==/split_config.arm64_v8a.apk' with 1 weak references
05-04 18:37:42.534 26370 26376 W .apps.wellbeing: ApkAssets: Deleting an ApkAssets object '<empty> and /data/app/~~8sZiSgQYGMnMRAT4FN--Pg==/com.adobe.reader-SDD933Ljl7bFhmj6o56vIQ==/split_config.en.apk' with 1 weak references
05-04 18:37:42.534 26370 26376 W .apps.wellbeing: ApkAssets: Deleting an ApkAssets object '<empty> and /data/app/~~8sZiSgQYGMnMRAT4FN--Pg==/com.adobe.reader-SDD933Ljl7bFhmj6o56vIQ==/split_config.xxhdpi.apk' with 1 weak references
05-04 18:37:42.534 26370 26376 W .apps.wellbeing: ApkAssets: Deleting an ApkAssets object '<empty> and /product/priv-app/DishVVM/DishVVM.apk' with 1 weak references
05-04 18:37:42.534 26370 26376 W .apps.wellbeing: ApkAssets: Deleting an ApkAssets object '<empty> and /system_ext/priv-app/StorageManager/StorageManager.apk' with 1 weak references
05-04 18:37:42.535 26370 26376 W .apps.wellbeing: ApkAssets: Deleting an ApkAssets object '<empty> and /product/priv-app/DishCarrierApp/DishCarrierApp.apk' with 1 weak references
05-04 18:37:42.535 26370 26376 W .apps.wellbeing: ApkAssets: Deleting an ApkAssets object '<empty> and /data/app/~~tB3iZXKyluKXcrUAjKrobw==/com.creditcard.onecard-2f_zksV39-rLyV0wAEcc2g==/base.apk' with 1 weak references
05-04 18:37:42.535 26370 26376 W .apps.wellbeing: ApkAssets: Deleting an ApkAssets object '<empty> and /data/app/~~tB3iZXKyluKXcrUAjKrobw==/com.creditcard.onecard-2f_zksV39-rLyV0wAEcc2g==/split_config.arm64_v8a.apk' with 1 weak references
05-04 18:37:42.535 26370 26376 W .apps.wellbeing: ApkAssets: Deleting an ApkAssets object '<empty> and /data/app/~~tB3iZXKyluKXcrUAjKrobw==/com.creditcard.onecard-2f_zksV39-rLyV0wAEcc2g==/split_config.en.apk' with 1 weak references
05-04 18:37:42.535 26370 26376 W .apps.wellbeing: ApkAssets: Deleting an ApkAssets object '<empty> and /data/app/~~tB3iZXKyluKXcrUAjKrobw==/com.creditcard.onecard-2f_zksV39-rLyV0wAEcc2g==/split_config.xxhdpi.apk' with 1 weak references
05-04 18:37:42.536 26370 26376 W .apps.wellbeing: ApkAssets: Deleting an ApkAssets object '<empty> and /system_ext/priv-app/MSimSettings/MSimSettings.apk' with 1 weak references
05-04 18:37:42.536 26370 26376 W .apps.wellbeing: ApkAssets: Deleting an ApkAssets object '<empty> and /system/app/BookmarkProvider/BookmarkProvider.apk' with 1 weak references
05-04 18:37:42.536 26370 26376 W .apps.wellbeing: ApkAssets: Deleting an ApkAssets object '<empty> and /system_ext/priv-app/Settings/Settings.apk' with 1 weak references
05-04 18:37:42.539 26370 26376 W .apps.wellbeing: ApkAssets: Deleting an ApkAssets object '/product/overlay/Settings__auto_generated_rro_product.apk' with 1 weak references
05-04 18:37:42.539 26370 26376 W .apps.wellbeing: ApkAssets: Deleting an ApkAssets object '/product/overlay/MotoSettingsGlobalOverlay.apk' with 1 weak references
05-04 18:37:42.539 26370 26376 W .apps.wellbeing: ApkAssets: Deleting an ApkAssets object '/product/overlay/MotoSettingsFPSSideOverlay.apk' with 1 weak references
05-04 18:37:42.539 26370 26376 W .apps.wellbeing: ApkAssets: Deleting an ApkAssets object '/product/overlay/MotoSettingsUsbWebcamOverlay.apk' with 1 weak references
05-04 18:37:42.539 26370 26376 W .apps.wellbeing: ApkAssets: Deleting an ApkAssets object '<empty> and /product/priv-app/WfcActivation/WfcActivation.apk' with 1 weak references
05-04 18:37:42.540 26370 26376 W .apps.wellbeing: ApkAssets: Deleting an ApkAssets object '<empty> and /data/app/~~O3xl4X96ZZDO9lXLOCfL0w==/android.autoinstalls.config.motorola.layout-1eZISrezjj4XXhPUEL_z_w==/base.apk' with 1 weak references
05-04 18:37:42.540 26370 26376 W .apps.wellbeing: ApkAssets: Deleting an ApkAssets object '<empty> and /data/app/~~pWr-lG-5Tc3FtMJvoPBh3Q==/com.google.android.projection.gearhead-PuBx29VGgI_kBB7hVttDrg==/base.apk' with 1 weak references
05-04 18:37:42.540 26370 26376 W .apps.wellbeing: ApkAssets: Deleting an ApkAssets object '<empty> and /data/app/~~pWr-lG-5Tc3FtMJvoPBh3Q==/com.google.android.projection.gearhead-PuBx29VGgI_kBB7hVttDrg==/split_config.arm64_v8a.apk' with 1 weak references
05-04 18:37:42.540 26370 26376 W .apps.wellbeing: ApkAssets: Deleting an ApkAssets object '<empty> and /data/app/~~pWr-lG-5Tc3FtMJvoPBh3Q==/com.google.android.projection.gearhead-PuBx29VGgI_kBB7hVttDrg==/split_config.en.apk' with 1 weak references
05-04 18:37:42.540 26370 26376 W .apps.wellbeing: ApkAssets: Deleting an ApkAssets object '<empty> and /data/app/~~pWr-lG-5Tc3FtMJvoPBh3Q==/com.google.android.projection.gearhead-PuBx29VGgI_kBB7hVttDrg==/split_config.xxhdpi.apk' with 1 weak references
05-04 18:37:42.540 26370 26376 W .apps.wellbeing: ApkAssets: Deleting an ApkAssets object '<empty> and /product/priv-app/VzwOBDMStub/VzwOBDMStub.apk' with 1 weak references
05-04 18:37:42.540 26370 26376 W .apps.wellbeing: ApkAssets: Deleting an ApkAssets object '<empty> and /product/priv-app/Turbo/Turbo.apk' with 1 weak references
05-04 18:37:42.541 26370 26376 W .apps.wellbeing: ApkAssets: Deleting an ApkAssets object '<empty> and /data/app/~~GWP0iffMQeaFU6s1W-mDbg==/com.anthropic.claude-CQHar76g7TtF5IZD2FqvCA==/base.apk' with 1 weak references
05-04 18:37:42.541 26370 26376 W .apps.wellbeing: ApkAssets: Deleting an ApkAssets object '<empty> and /data/app/~~GWP0iffMQeaFU6s1W-mDbg==/com.anthropic.claude-CQHar76g7TtF5IZD2FqvCA==/split_config.arm64_v8a.apk' with 1 weak references
05-04 18:37:42.541 26370 26376 W .apps.wellbeing: ApkAssets: Deleting an ApkAssets object '<empty> and /data/app/~~GWP0iffMQeaFU6s1W-mDbg==/com.anthropic.claude-CQHar76g7TtF5IZD2FqvCA==/split_config.bn.apk' with 1 weak references
05-04 18:37:42.541 26370 26376 W .apps.wellbeing: ApkAssets: Deleting an ApkAssets object '<empty> and /data/app/~~GWP0iffMQeaFU6s1W-mDbg==/com.anthropic.claude-CQHar76g7TtF5IZD2FqvCA==/split_config.en.apk' with 1 weak references
05-04 18:37:42.541 26370 26376 W .apps.wellbeing: ApkAssets: Deleting an ApkAssets object '<empty> and /data/app/~~GWP0iffMQeaFU6s1W-mDbg==/com.anthropic.claude-CQHar76g7TtF5IZD2FqvCA==/split_config.gu.apk' with 1 weak references
05-04 18:37:42.541 26370 26376 W .apps.wellbeing: ApkAssets: Deleting an ApkAssets object '<empty> and /data/app/~~GWP0iffMQeaFU6s1W-mDbg==/com.anthropic.claude-CQHar76g7TtF5IZD2FqvCA==/split_config.kn.apk' with 1 weak references
05-04 18:37:42.541 26370 26376 W .apps.wellbeing: ApkAssets: Deleting an ApkAssets object '<empty> and /data/app/~~GWP0iffMQeaFU6s1W-mDbg==/com.anthropic.claude-CQHar76g7TtF5IZD2FqvCA==/split_config.mr.apk' with 1 weak references
05-04 18:37:42.541 26370 26376 W .apps.wellbeing: ApkAssets: Deleting an ApkAssets object '<empty> and /data/app/~~GWP0iffMQeaFU6s1W-mDbg==/com.anthropic.claude-CQHar76g7TtF5IZD2FqvCA==/split_config.ta.apk' with 1 weak references
05-04 18:37:42.541 26370 26376 W .apps.wellbeing: ApkAssets: Deleting an ApkAssets object '<empty> and /data/app/~~GWP0iffMQeaFU6s1W-mDbg==/com.anthropic.claude-CQHar76g7TtF5IZD2FqvCA==/split_config.te.apk' with 1 weak references
05-04 18:37:42.541 26370 26376 W .apps.wellbeing: ApkAssets: Deleting an ApkAssets object '<empty> and /data/app/~~GWP0iffMQeaFU6s1W-mDbg==/com.anthropic.claude-CQHar76g7TtF5IZD2FqvCA==/split_config.xxhdpi.apk' with 1 weak references
05-04 18:37:42.542 26370 26376 W .apps.wellbeing: ApkAssets: Deleting an ApkAssets object '<empty> and /data/app/~~NMb063APO-wcx_52dVHD7g==/com.google.android.safetycore-J6HxIi5MuCFHHhFpcGw3bQ==/base.apk' with 1 weak references
05-04 18:37:42.542 26370 26376 W .apps.wellbeing: ApkAssets: Deleting an ApkAssets object '<empty> and /data/app/~~NMb063APO-wcx_52dVHD7g==/com.google.android.safetycore-J6HxIi5MuCFHHhFpcGw3bQ==/split_config.arm64_v8a.apk' with 1 weak references
05-04 18:37:42.542 26370 26376 W .apps.wellbeing: ApkAssets: Deleting an ApkAssets object '<empty> and /data/app/~~NMb063APO-wcx_52dVHD7g==/com.google.android.safetycore-J6HxIi5MuCFHHhFpcGw3bQ==/split_config.bn.apk' with 1 weak references
05-04 18:37:42.542 26370 26376 W .apps.wellbeing: ApkAssets: Deleting an ApkAssets object '<empty> and /data/app/~~NMb063APO-wcx_52dVHD7g==/com.google.android.safetycore-J6HxIi5MuCFHHhFpcGw3bQ==/split_config.en.apk' with 1 weak references
05-04 18:37:42.542 26370 26376 W .apps.wellbeing: ApkAssets: Deleting an ApkAssets object '<empty> and /data/app/~~NMb063APO-wcx_52dVHD7g==/com.google.android.safetycore-J6HxIi5MuCFHHhFpcGw3bQ==/split_config.gu.apk' with 1 weak references
05-04 18:37:42.542 26370 26376 W .apps.wellbeing: ApkAssets: Deleting an ApkAssets object '<empty> and /data/app/~~NMb063APO-wcx_52dVHD7g==/com.google.android.safetycore-J6HxIi5MuCFHHhFpcGw3bQ==/split_config.hi.apk' with 1 weak references
05-04 18:37:42.542 26370 26376 W .apps.wellbeing: ApkAssets: Deleting an ApkAssets object '<empty> and /data/app/~~NMb063APO-wcx_52dVHD7g==/com.google.android.safetycore-J6HxIi5MuCFHHhFpcGw3bQ==/split_config.kn.apk' with 1 weak references
05-04 18:37:42.542 26370 26376 W .apps.wellbeing: ApkAssets: Deleting an ApkAssets object '<empty> and /data/app/~~NMb063APO-wcx_52dVHD7g==/com.google.android.safetycore-J6HxIi5MuCFHHhFpcGw3bQ==/split_config.mr.apk' with 1 weak references
05-04 18:37:42.542 26370 26376 W .apps.wellbeing: ApkAssets: Deleting an ApkAssets object '<empty> and /data/app/~~NMb063APO-wcx_52dVHD7g==/com.google.android.safetycore-J6HxIi5MuCFHHhFpcGw3bQ==/split_config.ta.apk' with 1 weak references
05-04 18:37:42.542 26370 26376 W .apps.wellbeing: ApkAssets: Deleting an ApkAssets object '<empty> and /data/app/~~NMb063APO-wcx_52dVHD7g==/com.google.android.safetycore-J6HxIi5MuCFHHhFpcGw3bQ==/split_config.te.apk' with 1 weak references
05-04 18:37:42.542 26370 26376 W .apps.wellbeing: ApkAssets: Deleting an ApkAssets object '<empty> and /data/app/~~NMb063APO-wcx_52dVHD7g==/com.google.android.safetycore-J6HxIi5MuCFHHhFpcGw3bQ==/split_config.xxhdpi.apk' with 1 weak references
05-04 18:37:42.542 26370 26376 W .apps.wellbeing: ApkAssets: Deleting an ApkAssets object '<empty> and /data/app/~~FQTe1n4saBLC8UIDFdhG8g==/com.google.android.apps.chromecast.app-Fdmfucj8joV73FrvQhNvPA==/base.apk' with 1 weak references
05-04 18:37:42.543 26370 26376 W .apps.wellbeing: ApkAssets: Deleting an ApkAssets object '<empty> and /data/app/~~FQTe1n4saBLC8UIDFdhG8g==/com.google.android.apps.chromecast.app-Fdmfucj8joV73FrvQhNvPA==/split_config.arm64_v8a.apk' with 1 weak references
05-04 18:37:42.543 26370 26376 W .apps.wellbeing: ApkAssets: Deleting an ApkAssets object '<empty> and /data/app/~~FQTe1n4saBLC8UIDFdhG8g==/com.google.android.apps.chromecast.app-Fdmfucj8joV73FrvQhNvPA==/split_config.en.apk' with 1 weak references
05-04 18:37:42.543 26370 26376 W .apps.wellbeing: ApkAssets: Deleting an ApkAssets object '<empty> and /data/app/~~FQTe1n4saBLC8UIDFdhG8g==/com.google.android.apps.chromecast.app-Fdmfucj8joV73FrvQhNvPA==/split_config.xxhdpi.apk' with 1 weak references
05-04 18:37:42.543 26370 26376 W .apps.wellbeing: ApkAssets: Deleting an ApkAssets object '<empty> and /system_ext/priv-app/Launcher3QuickStep/Launcher3QuickStep.apk' with 1 weak references
05-04 18:37:42.543 26370 26376 W .apps.wellbeing: ApkAssets: Deleting an ApkAssets object '/product/overlay/MotoLauncherOverlayLowTier.apk' with 1 weak references
05-04 18:37:42.543 26370 26376 W .apps.wellbeing: ApkAssets: Deleting an ApkAssets object '<empty> and /product/priv-app/SpectrumCM/SpectrumCM.apk' with 1 weak references
05-04 18:37:42.544 26370 26376 W .apps.wellbeing: ApkAssets: Deleting an ApkAssets object '<empty> and /apex/com.android.wifi/priv-app/ServiceWifiResourcesGoogle@361524080/ServiceWifiResourcesGoogle.apk' with 1 weak references
05-04 18:37:42.544 26177 26177 W Finsky  : [2] STU: Failed to get storage stats for package 'com.google.android.adbd' (1601: Error getting stats: android.content.pm.PackageManager.NameNotFoundException)
05-04 18:37:42.544 26370 26376 W .apps.wellbeing: ApkAssets: Deleting an ApkAssets object '/vendor/overlay/WifiRes6GhzEnable.apk' with 1 weak references
05-04 18:37:42.544 26370 26376 W .apps.wellbeing: ApkAssets: Deleting an ApkAssets object '/vendor/overlay/WifiResDualStaApDisableROW.apk' with 1 weak references
05-04 18:37:42.544 26370 26376 W .apps.wellbeing: ApkAssets: Deleting an ApkAssets object '/vendor/overlay/WifiResSoftap80211axEnable.apk' with 1 weak references
05-04 18:37:42.544 26370 26376 W .apps.wellbeing: ApkAssets: Deleting an ApkAssets object '/vendor/overlay/WifiResDualStaApEnableROW.apk' with 1 weak references
05-04 18:37:42.544 26370 26376 W .apps.wellbeing: ApkAssets: Deleting an ApkAssets object '/product/overlay/WifiResCommonOverlay.apk' with 1 weak references
05-04 18:37:42.545 26370 26376 W .apps.wellbeing: ApkAssets: Deleting an ApkAssets object '<empty> and /system_ext/app/SlpcSystem/SlpcSystem.apk' with 1 weak references
05-04 18:37:42.545 26370 26376 W .apps.wellbeing: ApkAssets: Deleting an ApkAssets object '<empty> and /product/priv-app/VzwPhoneService/VzwPhoneService.apk' with 1 weak references
05-04 18:37:42.545 26370 26376 W .apps.wellbeing: ApkAssets: Deleting an ApkAssets object '<empty> and /data/app/~~tv-hoHS9_tjSNkPmP-z5Eg==/com.motorola.actions-CvrpF7L3p8MGakPadjEqfQ==/base.apk' with 1 weak references
05-04 18:37:42.545 26370 26376 W .apps.wellbeing: ApkAssets: Deleting an ApkAssets object '<empty> and /system_ext/priv-app/GoogleWallpapers/GoogleWallpapers.apk' with 1 weak references
05-04 18:37:42.546 26370 26376 W .apps.wellbeing: ApkAssets: Deleting an ApkAssets object '<empty> and /system_ext/priv-app/ModemStatsService/ModemStatsService.apk' with 1 weak references
05-04 18:37:42.546 26370 26376 W .apps.wellbeing: ApkAssets: Deleting an ApkAssets object '<empty> and /system/priv-app/TeleService/TeleService.apk' with 1 weak references
05-04 18:37:42.547 26370 26376 W .apps.wellbeing: ApkAssets: Deleting an ApkAssets object '/product/overlay/TeleServiceCarrierSettingsRRO.apk' with 1 weak references
05-04 18:37:42.547 26370 26376 W .apps.wellbeing: ApkAssets: Deleting an ApkAssets object '/product/overlay/TelephonyResMotCommon.apk' with 1 weak references
05-04 18:37:42.547 26370 26376 W .apps.wellbeing: ApkAssets: Deleting an ApkAssets object '/product/overlay/TelephonyResCommonQcomRRO.apk' with 1 weak references
05-04 18:37:42.547 26370 26376 W .apps.wellbeing: ApkAssets: Deleting an ApkAssets object '<empty> and /system/priv-app/Shell/Shell.apk' with 1 weak references
05-04 18:37:42.547 26370 26376 W .apps.wellbeing: ApkAssets: Deleting an ApkAssets object '<empty> and /system/priv-app/BlockedNumberProvider/BlockedNumberProvider.apk' with 1 weak references
05-04 18:37:42.548 26370 26376 W .apps.wellbeing: ApkAssets: Deleting an ApkAssets object '<empty> and /system_ext/priv-app/Personalize/Personalize.apk' with 1 weak references
05-04 18:37:42.548 26370 26376 W .apps.wellbeing: ApkAssets: Deleting an ApkAssets object '<empty> and /system/priv-app/UserDictionaryProvider/UserDictionaryProvider.apk' with 1 weak references
05-04 18:37:42.548 26370 26376 W .apps.wellbeing: ApkAssets: Deleting an ApkAssets object '<empty> and /data/app/~~o8EDBfOIjUi-muzv7WDwRA==/com.google.android.apps.carrier.carrierwifi-Irkw5lfmvWGaBvPoAyOskg==/base.apk' with 1 weak references
05-04 18:37:42.549 26370 26376 W .apps.wellbeing: ApkAssets: Deleting an ApkAssets object '<empty> and /data/app/~~uZYlzWeg2E2RxzdxwM-E7A==/in.swiggy.android-rjbI9TBzK_b4GD5CDd-YMA==/base.apk' with 1 weak references
05-04 18:37:42.549 26370 26376 W .apps.wellbeing: ApkAssets: Deleting an ApkAssets object '<empty> and /data/app/~~uZYlzWeg2E2RxzdxwM-E7A==/in.swiggy.android-rjbI9TBzK_b4GD5CDd-YMA==/split_config.arm64_v8a.apk' with 1 weak references
05-04 18:37:42.549 26370 26376 W .apps.wellbeing: ApkAssets: Deleting an ApkAssets object '<empty> and /data/app/~~uZYlzWeg2E2RxzdxwM-E7A==/in.swiggy.android-rjbI9TBzK_b4GD5CDd-YMA==/split_config.xxhdpi.apk' with 1 weak references
05-04 18:37:42.549 26370 26376 W .apps.wellbeing: ApkAssets: Deleting an ApkAssets object '<empty> and /system_ext/priv-app/xrcbservice/xrcbservice.apk' with 1 weak references
05-04 18:37:42.549 26370 26376 W .apps.wellbeing: ApkAssets: Deleting an ApkAssets object '<empty> and /product/app/GoogleLocationHistory/GoogleLocationHistory.apk' with 1 weak references
05-04 18:37:42.550 26370 26376 W .apps.wellbeing: ApkAssets: Deleting an ApkAssets object '<empty> and /product/overlay/NavigationBarModeGestural/NavigationBarModeGesturalOverlay.apk' with 1 weak references
05-04 18:37:42.550 26370 26376 W .apps.wellbeing: ApkAssets: Deleting an ApkAssets object '<empty> and /system/priv-app/FusedLocation/FusedLocation.apk' with 1 weak references
05-04 18:37:42.550 26370 26376 W .apps.wellbeing: ApkAssets: Deleting an ApkAssets object '<empty> and /system_ext/priv-app/SystemUIMoto/SystemUIMoto.apk' with 1 weak references
05-04 18:37:42.550 26370 26376 W .apps.wellbeing: ApkAssets: Deleting an ApkAssets object '/vendor/overlay/SystemUI__auto_generated_rro_vendor.apk' with 1 weak references
05-04 18:37:42.550 26370 26376 W .apps.wellbeing: ApkAssets: Deleting an ApkAssets object '/product/overlay/SystemUIMoto__auto_generated_rro_product.apk' with 1 weak references
05-04 18:37:42.550 26177 26177 W Finsky  : [2] STU: Failed to get storage stats for package 'com.android.i18n' (1601: Error getting stats: android.content.pm.PackageManager.NameNotFoundException)
05-04 18:37:42.551 26370 26376 W .apps.wellbeing: ApkAssets: Deleting an ApkAssets object '<empty> and /product/app/MotCamera3AI/MotCamera3AI.apk' with 1 weak references
05-04 18:37:42.551 26370 26376 W .apps.wellbeing: ApkAssets: Deleting an ApkAssets object '<empty> and /product/priv-app/DishInstallerApp/DishInstallerApp.apk' with 1 weak references
05-04 18:37:42.551 26370 26376 W .apps.wellbeing: ApkAssets: Deleting an ApkAssets object '<empty> and /data/app/~~78ywkWHWEPypjtynYzB8BA==/com.google.android.apps.youtube.music-l5g7nMYpfWyY4iyMmWgkNw==/base.apk' with 1 weak references
05-04 18:37:42.552 26370 26376 W .apps.wellbeing: ApkAssets: Deleting an ApkAssets object '<empty> and /data/app/~~78ywkWHWEPypjtynYzB8BA==/com.google.android.apps.youtube.music-l5g7nMYpfWyY4iyMmWgkNw==/split_config.en.apk' with 1 weak references
05-04 18:37:42.552 26370 26376 W .apps.wellbeing: ApkAssets: Deleting an ApkAssets object '<empty> and /data/app/~~78ywkWHWEPypjtynYzB8BA==/com.google.android.apps.youtube.music-l5g7nMYpfWyY4iyMmWgkNw==/split_config.xxhdpi.apk' with 1 weak references
05-04 18:37:42.552 26370 26376 W .apps.wellbeing: ApkAssets: Deleting an ApkAssets object '<empty> and /product/priv-app/EasyPrefix/EasyPrefix.apk' with 1 weak references
05-04 18:37:42.552 26370 26376 W .apps.wellbeing: ApkAssets: Deleting an ApkAssets object '<empty> and /data/app/~~lGhoM-bAmr8n4mDnaUub4A==/com.whizdm.moneyview.loans-JIUy_pviyHhymllykvXwMw==/base.apk' with 1 weak references
05-04 18:37:42.552 26370 26376 W .apps.wellbeing: ApkAssets: Deleting an ApkAssets object '<empty> and /data/app/~~lGhoM-bAmr8n4mDnaUub4A==/com.whizdm.moneyview.loans-JIUy_pviyHhymllykvXwMw==/split_config.arm64_v8a.apk' with 1 weak references
05-04 18:37:42.553 26370 26376 W .apps.wellbeing: ApkAssets: Deleting an ApkAssets object '<empty> and /data/app/~~lGhoM-bAmr8n4mDnaUub4A==/com.whizdm.moneyview.loans-JIUy_pviyHhymllykvXwMw==/split_config.xxhdpi.apk' with 1 weak references
05-04 18:37:42.553 26370 26376 W .apps.wellbeing: ApkAssets: Deleting an ApkAssets object '<empty> and /system/app/BluetoothMidiService/BluetoothMidiService.apk' with 1 weak references
05-04 18:37:42.553 26370 26376 W .apps.wellbeing: ApkAssets: Deleting an ApkAssets object '<empty> and /data/app/~~uiE1nlW6kxU1tjCYf4Szcg==/com.facebook.appmanager-9A7eR_oM-hH1iDCq3z__5Q==/base.apk' with 1 weak references
05-04 18:37:42.553 26177 26177 W Finsky  : [2] STU: Failed to get storage stats for package 'com.google.android.conscrypt' (1601: Error getting stats: android.content.pm.PackageManager.NameNotFoundException)
05-04 18:37:42.553 26370 26376 W .apps.wellbeing: ApkAssets: Deleting an ApkAssets object '<empty> and /product/priv-app/coreservice/coreservice.apk' with 1 weak references
05-04 18:37:42.553 26370 26376 W .apps.wellbeing: ApkAssets: Deleting an ApkAssets object '<empty> and /data/app/~~l2xVWjSMIkkTkrPj1b1HyA==/com.myprog.netscan-XfsnnQhGzGQv8sqx7WVmWA==/base.apk' with 1 weak references
05-04 18:37:42.554 26370 26376 W .apps.wellbeing: ApkAssets: Deleting an ApkAssets object '<empty> and /data/app/~~l2xVWjSMIkkTkrPj1b1HyA==/com.myprog.netscan-XfsnnQhGzGQv8sqx7WVmWA==/split_config.arm64_v8a.apk' with 1 weak references
05-04 18:37:42.554 26370 26376 W .apps.wellbeing: ApkAssets: Deleting an ApkAssets object '<empty> and /data/app/~~l2xVWjSMIkkTkrPj1b1HyA==/com.myprog.netscan-XfsnnQhGzGQv8sqx7WVmWA==/split_config.bn.apk' with 1 weak references
05-04 18:37:42.554 26370 26376 W .apps.wellbeing: ApkAssets: Deleting an ApkAssets object '<empty> and /data/app/~~l2xVWjSMIkkTkrPj1b1HyA==/com.myprog.netscan-XfsnnQhGzGQv8sqx7WVmWA==/split_config.en.apk' with 1 weak references
05-04 18:37:42.554 26370 26376 W .apps.wellbeing: ApkAssets: Deleting an ApkAssets object '<empty> and /data/app/~~l2xVWjSMIkkTkrPj1b1HyA==/com.myprog.netscan-XfsnnQhGzGQv8sqx7WVmWA==/split_config.gu.apk' with 1 weak references
05-04 18:37:42.554 26370 26376 W .apps.wellbeing: ApkAssets: Deleting an ApkAssets object '<empty> and /data/app/~~l2xVWjSMIkkTkrPj1b1HyA==/com.myprog.netscan-XfsnnQhGzGQv8sqx7WVmWA==/split_config.hi.apk' with 1 weak references
05-04 18:37:42.554 26370 26376 W .apps.wellbeing: ApkAssets: Deleting an ApkAssets object '<empty> and /data/app/~~l2xVWjSMIkkTkrPj1b1HyA==/com.myprog.netscan-XfsnnQhGzGQv8sqx7WVmWA==/split_config.kn.apk' with 1 weak references
05-04 18:37:42.554 26370 26376 W .apps.wellbeing: ApkAssets: Deleting an ApkAssets object '<empty> and /data/app/~~l2xVWjSMIkkTkrPj1b1HyA==/com.myprog.netscan-XfsnnQhGzGQv8sqx7WVmWA==/split_config.mr.apk' with 1 weak references
05-04 18:37:42.554 26370 26376 W .apps.wellbeing: ApkAssets: Deleting an ApkAssets object '<empty> and /data/app/~~l2xVWjSMIkkTkrPj1b1HyA==/com.myprog.netscan-XfsnnQhGzGQv8sqx7WVmWA==/split_config.ta.apk' with 1 weak references
05-04 18:37:42.554 26370 26376 W .apps.wellbeing: ApkAssets: Deleting an ApkAssets object '<empty> and /data/app/~~l2xVWjSMIkkTkrPj1b1HyA==/com.myprog.netscan-XfsnnQhGzGQv8sqx7WVmWA==/split_config.te.apk' with 1 weak references
05-04 18:37:42.554 26370 26376 W .apps.wellbeing: ApkAssets: Deleting an ApkAssets object '<empty> and /data/app/~~l2xVWjSMIkkTkrPj1b1HyA==/com.myprog.netscan-XfsnnQhGzGQv8sqx7WVmWA==/split_config.xxhdpi.apk' with 1 weak references
05-04 18:37:42.554 26370 26376 W .apps.wellbeing: ApkAssets: Deleting an ApkAssets object '<empty> and /system/app/Traceur/Traceur.apk' with 1 weak references
05-04 18:37:42.555 26370 26376 W .apps.wellbeing: ApkAssets: Deleting an ApkAssets object '<empty> and /apex/com.android.cellbroadcast/priv-app/GoogleCellBroadcastApp@361524280/GoogleCellBroadcastApp.apk' with 1 weak references
05-04 18:37:42.558 26370 26376 W .apps.wellbeing: ApkAssets: Deleting an ApkAssets object '/product/overlay/MotoCellBroadcastReceiverOverlay.apk' with 1 weak references
05-04 18:37:42.558 26370 26376 W .apps.wellbeing: ApkAssets: Deleting an ApkAssets object '<empty> and /product/priv-app/VzwDeviceSetup/VzwDeviceSetup.apk' with 1 weak references
05-04 18:37:42.559 26370 26376 W .apps.wellbeing: ApkAssets: Deleting an ApkAssets object '<empty> and /system_ext/priv-app/MotoFeatureDiscovery/MotoFeatureDiscovery.apk' with 1 weak references
05-04 18:37:42.559 26370 26376 W .apps.wellbeing: ApkAssets: Deleting an ApkAssets object '<empty> and /data/app/~~P-QFNjfpQ8fBJQ5MDvD-rQ==/com.motorola.motcameradesktop-gAptgFbhbOQhXEv2Vy1Ulw==/base.apk' with 1 weak references
05-04 18:37:42.559 26370 26376 W .apps.wellbeing: ApkAssets: Deleting an ApkAssets object '<empty> and /system_ext/app/QCC/QCC.apk' with 1 weak references
05-04 18:37:42.559 26370 26376 W .apps.wellbeing: ApkAssets: Deleting an ApkAssets object '<empty> and /data/app/~~bjj439o3keL8pEKTJzZ5rg==/com.google.android.apps.magazines-zMqXAo8N-Ep2SxS-EOSiIQ==/base.apk' with 1 weak references
05-04 18:37:42.559 26370 26376 W .apps.wellbeing: ApkAssets: Deleting an ApkAssets object '<empty> and /data/app/~~bjj439o3keL8pEKTJzZ5rg==/com.google.android.apps.magazines-zMqXAo8N-Ep2SxS-EOSiIQ==/split_config.arm64_v8a.apk' with 1 weak references
05-04 18:37:42.559 26370 26376 W .apps.wellbeing: ApkAssets: Deleting an ApkAssets object '<empty> and /data/app/~~bjj439o3keL8pEKTJzZ5rg==/com.google.android.apps.magazines-zMqXAo8N-Ep2SxS-EOSiIQ==/split_config.en.apk' with 1 weak references
05-04 18:37:42.559 26370 26376 W .apps.wellbeing: ApkAssets: Deleting an ApkAssets object '<empty> and /data/app/~~bjj439o3keL8pEKTJzZ5rg==/com.google.android.apps.magazines-zMqXAo8N-Ep2SxS-EOSiIQ==/split_config.xxhdpi.apk' with 1 weak references
05-04 18:37:42.560 26370 26376 W .apps.wellbeing: ApkAssets: Deleting an ApkAssets object '<empty> and /system/app/Bluetooth/Bluetooth.apk' with 1 weak references
05-04 18:37:42.560 26370 26376 W .apps.wellbeing: ApkAssets: Deleting an ApkAssets object '<empty> and /system/priv-app/ContactsProvider/ContactsProvider.apk' with 1 weak references
05-04 18:37:42.560 26370 26376 W .apps.wellbeing: ApkAssets: Deleting an ApkAssets object '<empty> and /product/priv-app/VzwController/VzwController.apk' with 1 weak references
05-04 18:37:42.561 26370 26376 W .apps.wellbeing: ApkAssets: Deleting an ApkAssets object '<empty> and /product/overlay/IconShapeRoundedRect/IconShapeRoundedRectOverlay.apk' with 1 weak references
05-04 18:37:42.561 26370 26376 W .apps.wellbeing: ApkAssets: Deleting an ApkAssets object '<empty> and /product/overlay/NavigationBarModeGesturalNarrowBack/NavigationBarModeGesturalOverlayNarrowBack.apk' with 1 weak references
05-04 18:37:42.561 26370 26376 W .apps.wellbeing: ApkAssets: Deleting an ApkAssets object '<empty> and /apex/com.android.devicelock/priv-app/DeviceLockController@U1SHS34M.1-177-6-4/DeviceLockController.apk' with 1 weak references
05-04 18:37:42.561 26370 26376 W .apps.wellbeing: ApkAssets: Deleting an ApkAssets object '<empty> and /system_ext/priv-app/ImagerTuning-U/ImagerTuning-U.apk' with 1 weak references
05-04 18:37:42.561 26370 26376 W .apps.wellbeing: ApkAssets: Deleting an ApkAssets object '<empty> and /apex/com.android.mediaprovider/priv-app/PhotopickerGoogle@361521100/PhotopickerGoogle.apk' with 1 weak references
05-04 18:37:42.562 26370 26376 W .apps.wellbeing: ApkAssets: Deleting an ApkAssets object '<empty> and /product/priv-app/VzwMessages/VzwMessages.apk' with 1 weak references
05-04 18:37:42.563 26370 26376 W .apps.wellbeing: ApkAssets: Deleting an ApkAssets object '<empty> and /data/app/~~jOmbti9WnlFtTPBfw0Klgg==/com.google.android.inputmethod.latin-QXSG_InZ3WdHSUj4cvAzQg==/base.apk' with 1 weak references
05-04 18:37:42.563 26370 26376 W .apps.wellbeing: ApkAssets: Deleting an ApkAssets object '<empty> and /data/app/~~jOmbti9WnlFtTPBfw0Klgg==/com.google.android.inputmethod.latin-QXSG_InZ3WdHSUj4cvAzQg==/split_brella_feature_split.apk' with 1 weak references
05-04 18:37:42.563 26370 26376 W .apps.wellbeing: ApkAssets: Deleting an ApkAssets object '<empty> and /data/app/~~jOmbti9WnlFtTPBfw0Klgg==/com.google.android.inputmethod.latin-QXSG_InZ3WdHSUj4cvAzQg==/split_config.xxhdpi.apk' with 1 weak references
05-04 18:37:42.563 26370 26376 W .apps.wellbeing: ApkAssets: Deleting an ApkAssets object '<empty> and /data/app/~~jOmbti9WnlFtTPBfw0Klgg==/com.google.android.inputmethod.latin-QXSG_InZ3WdHSUj4cvAzQg==/split_tenoranimation_feature_split.apk' with 1 weak references
05-04 18:37:42.563 26370 26376 W .apps.wellbeing: ApkAssets: Deleting an ApkAssets object '<empty> and /product/priv-app/Vowifi/Vowifi.apk' with 1 weak references
05-04 18:37:42.563 26370 26376 W .apps.wellbeing: ApkAssets: Deleting an ApkAssets object '<empty> and /data/app/~~zmROWK1BC_R3y_NKV7yHZw==/com.dti.motorola-fkM_ph19gIcvCtJMM9o_vQ==/base.apk' with 1 weak references
05-04 18:37:42.563 26370 26376 W .apps.wellbeing: ApkAssets: Deleting an ApkAssets object '<empty> and /data/app/~~zmROWK1BC_R3y_NKV7yHZw==/com.dti.motorola-fkM_ph19gIcvCtJMM9o_vQ==/split_attribution.apk' with 1 weak references
05-04 18:37:42.564 26370 26376 W .apps.wellbeing: ApkAssets: Deleting an ApkAssets object '<empty> and /data/app/~~zmROWK1BC_R3y_NKV7yHZw==/com.dti.motorola-fkM_ph19gIcvCtJMM9o_vQ==/split_contentMedia.apk' with 1 weak references
05-04 18:37:42.564 26370 26376 W .apps.wellbeing: ApkAssets: Deleting an ApkAssets object '<empty> and /data/app/~~zmROWK1BC_R3y_NKV7yHZw==/com.dti.motorola-fkM_ph19gIcvCtJMM9o_vQ==/split_dynamicInstalls.apk' with 1 weak references
05-04 18:37:42.564 26370 26376 W .apps.wellbeing: ApkAssets: Deleting an ApkAssets object '<empty> and /data/app/~~zmROWK1BC_R3y_NKV7yHZw==/com.dti.motorola-fkM_ph19gIcvCtJMM9o_vQ==/split_igniteCompat.apk' with 1 weak references
05-04 18:37:42.564 26370 26376 W .apps.wellbeing: ApkAssets: Deleting an ApkAssets object '<empty> and /data/app/~~zmROWK1BC_R3y_NKV7yHZw==/com.dti.motorola-fkM_ph19gIcvCtJMM9o_vQ==/split_motorola.apk' with 1 weak references
05-04 18:37:42.564 26370 26376 W .apps.wellbeing: ApkAssets: Deleting an ApkAssets object '<empty> and /data/app/~~zmROWK1BC_R3y_NKV7yHZw==/com.dti.motorola-fkM_ph19gIcvCtJMM9o_vQ==/split_notification.apk' with 1 weak references
05-04 18:37:42.564 26370 26376 W .apps.wellbeing: ApkAssets: Deleting an ApkAssets object '<empty> and /data/app/~~zmROWK1BC_R3y_NKV7yHZw==/com.dti.motorola-fkM_ph19gIcvCtJMM9o_vQ==/split_serviceLayer.apk' with 1 weak references
05-04 18:37:42.564 26370 26376 W .apps.wellbeing: ApkAssets: Deleting an ApkAssets object '<empty> and /data/app/~~zmROWK1BC_R3y_NKV7yHZw==/com.dti.motorola-fkM_ph19gIcvCtJMM9o_vQ==/split_singleTap.apk' with 1 weak references
05-04 18:37:42.564 26370 26376 W .apps.wellbeing: ApkAssets: Deleting an ApkAssets object '<empty> and /data/app/~~zmROWK1BC_R3y_NKV7yHZw==/com.dti.motorola-fkM_ph19gIcvCtJMM9o_vQ==/split_ui.apk' with 1 weak references
05-04 18:37:42.564 26370 26376 W .apps.wellbeing: ApkAssets: Deleting an ApkAssets object '<empty> and /data/app/~~zmROWK1BC_R3y_NKV7yHZw==/com.dti.motorola-fkM_ph19gIcvCtJMM9o_vQ==/split_webview.apk' with 1 weak references
05-04 18:37:42.564 26370 26376 W .apps.wellbeing: ApkAssets: Deleting an ApkAssets object '<empty> and /data/app/~~zmROWK1BC_R3y_NKV7yHZw==/com.dti.motorola-fkM_ph19gIcvCtJMM9o_vQ==/split_wizard.apk' with 1 weak references
05-04 18:37:42.565 26370 26376 W .apps.wellbeing: ApkAssets: Deleting an ApkAssets object '<empty> and /data/app/~~u1op4uYgGPuKW1F-jSPg4Q==/com.google.android.apps.restore-047YmyX27IjhMN8ItjRDlg==/base.apk' with 1 weak references
05-04 18:37:42.565 26370 26376 W .apps.wellbeing: ApkAssets: Deleting an ApkAssets object '<empty> and /data/app/~~u1op4uYgGPuKW1F-jSPg4Q==/com.google.android.apps.restore-047YmyX27IjhMN8ItjRDlg==/split_config.xxhdpi.apk' with 1 weak references
05-04 18:37:42.566 26177 26177 W Finsky  : [2] STU: Failed to get storage stats for package 'com.google.android.neuralnetworks' (1601: Error getting stats: android.content.pm.PackageManager.NameNotFoundException)
05-04 18:37:42.569 26177 26177 W Finsky  : [2] STU: Failed to get storage stats for package 'com.google.android.ipsec' (1601: Error getting stats: android.content.pm.PackageManager.NameNotFoundException)
05-04 18:37:42.571 26177 26177 W Finsky  : [2] STU: Failed to get storage stats for package 'com.android.devicelock' (1601: Error getting stats: android.content.pm.PackageManager.NameNotFoundException)
05-04 18:37:42.576 26177 26177 W Finsky  : [2] STU: Failed to get storage stats for package 'com.google.android.ondevicepersonalization' (1601: Error getting stats: android.content.pm.PackageManager.NameNotFoundException)
05-04 18:37:42.580 26177 26177 W Finsky  : [2] STU: Failed to get storage stats for package 'com.google.android.healthfitness' (1601: Error getting stats: android.content.pm.PackageManager.NameNotFoundException)
05-04 18:37:42.593 26177 26177 W Finsky  : [2] STU: Failed to get storage stats for package 'com.android.uwb' (1601: Error getting stats: android.content.pm.PackageManager.NameNotFoundException)
05-04 18:37:42.593 26177 26177 W Finsky  : [2] STU: Failed to get storage stats for package 'com.google.android.extservices' (1601: Error getting stats: android.content.pm.PackageManager.NameNotFoundException)
05-04 18:37:42.609 26177 26177 W Finsky  : [2] STU: Failed to get storage stats for package 'com.google.android.os.statsd' (1601: Error getting stats: android.content.pm.PackageManager.NameNotFoundException)
05-04 18:37:42.615 26177 26177 W Finsky  : [2] STU: Failed to get storage stats for package 'com.android.rkpd' (1601: Error getting stats: android.content.pm.PackageManager.NameNotFoundException)
05-04 18:37:42.624 26177 26177 W Finsky  : [2] STU: Failed to get storage stats for package 'com.google.android.scheduling' (1601: Error getting stats: android.content.pm.PackageManager.NameNotFoundException)
05-04 18:37:42.640 26177 26177 I Finsky  : [2] App states replicator found 37 unowned apps
05-04 18:37:42.658 26177 26219 I Finsky  : [1155] Completed 0 account content syncs with 0 successful.
05-04 18:37:42.658 26177 26177 I Finsky  : [2] [ContentSync] Installation state replication succeeded.
05-04 18:37:42.658 26177 26177 I Finsky  : [2] SCH: jobFinished: 12-1. TimeElapsed: 1381ms.
05-04 18:37:42.658 26177 26177 I Finsky  : [2] WM::SCH: Logging work end for 12-1
05-04 18:37:42.664 26177 26219 I Finsky  : [1155] SCH: Scheduling phonesky job Id: 1-1337, CT: 1777885233358, Constraints: [{ L: 43002871, D: 86202871, C: CHARGING_NONE, I: IDLE_NONE, N: NET_ANY, B: BATTERY_ANY }]
05-04 18:37:42.664 26177 26219 I Finsky  : [1155] SCH: Scheduling phonesky job Id: 34-1554, CT: 1777841887547, Constraints: [{ L: 604800000, D: 2587360940, C: CHARGING_NONE, I: IDLE_NONE, N: NET_ANY, B: BATTERY_ANY }]
05-04 18:37:42.664 26177 26219 I Finsky  : [1155] SCH: Scheduling phonesky job Id: 34-1558, CT: 1777841887548, Constraints: [{ L: 74560757, D: 1370560757, C: CHARGING_NONE, I: IDLE_NONE, N: NET_ANY, B: BATTERY_ANY }]
05-04 18:37:42.666 26177 26220 I Finsky  : [1156] SCH: Scheduling 1 system job(s)
05-04 18:37:42.666 26177 26220 I Finsky  : [1156] SCH: Scheduling system job Id: 9699, L: 16385639, D: 71373563, C: false, I: false, N: 1
05-04 18:37:42.669 26177 29823 I Finsky  : [1264] SCH: job service finished with id 9694.
05-04 18:37:42.670  3064  5855 D PowerManagerService: nativeReleaseSuspendBlocker name:PowerManagerService.WakeLocks duration ms: 0
05-04 18:37:42.788 10311 10487 I ThermalEngine: ACTION: freeze_rule - Setting freeze_rule to 0
05-04 18:37:42.788 10311 10487 I ThermalEngine: Monitor:INACTIVE:FREEZE-CHG:freeze_rule=1:DETECT-STANDBY=0
05-04 18:37:42.788 10311 10485 I ThermalEngine: Thermal-Server: Thermal received msg from  freezing
05-04 18:37:42.788 10311 10487 I ThermalEngine: ACTION: override_c - Setting override_c to 0
05-04 18:37:42.788 10311 10487 I ThermalEngine: Monitor:INACTIVE:OVERRIDE-CHG:internal_override=1:DETECT-STANDBY=0
05-04 18:37:42.788 10311 29827 I Thermal-Lib: Thermal-Lib-Client: Client request sent
05-04 18:37:42.789 10311 10485 I ThermalEngine: Thermal-Server: Thermal received msg from  override_c
05-04 18:37:42.789 10311 29828 I Thermal-Lib: Thermal-Lib-Client: Client request sent
05-04 18:37:43.687  3064  3524 D PowerManagerService: nativeAcquireSuspendBlocker name:PowerManagerService.WakeLocks duration ms: 2
05-04 18:37:43.688 27765 29287 I FusedLocation: (REDACTED) location delivery to %s blocked - too close
05-04 18:37:43.688 27765 29287 I FusedLocation: (REDACTED) location delivery to %s blocked - too close
05-04 18:37:43.690 27765 29287 I FusedLocation: (REDACTED) location delivery to %s blocked - too close
05-04 18:37:43.690 27765 29287 I FusedLocation: (REDACTED) location delivery to %s blocked - too close
05-04 18:37:43.695  3064  5857 D PowerManagerService: nativeReleaseSuspendBlocker name:PowerManagerService.WakeLocks duration ms: 0
05-04 18:37:43.700  3064  4512 D PowerManagerService: nativeAcquireSuspendBlocker name:PowerManagerService.WakeLocks duration ms: 1
05-04 18:37:43.703 14578 14578 D BoundBrokerSvc: onRebind: Intent { act=com.google.android.gms.onboardingconsent.api.ConsentManagerApiService.START dat=chimera-action:/... cmp=com.google.android.gms/.chimera.GmsApiService }
05-04 18:37:43.703 14578 14806 W ConsentManagerApiServic: Consent Manager API is not enabled. [CONTEXT service_id=460 ]
05-04 18:37:43.707 27765 27765 D BoundBrokerSvc: onRebind: Intent { act=com.google.android.gms.common.telemetry.service.START dat=chimera-action:/... cmp=com.google.android.gms/.chimera.PersistentApiService }
05-04 18:37:43.718  3064  5857 D PowerManagerService: nativeReleaseSuspendBlocker name:PowerManagerService.WakeLocks duration ms: 0
05-04 18:37:43.730 27765 29705 I TFLite-in-PlayServices: Created interpreter.
05-04 18:37:43.736 27765 29705 I TFLite-in-PlayServices: Created interpreter.
05-04 18:37:43.741 27765 29705 I SemanticLocation: (REDACTED) [Inferrer] %s%s
05-04 18:37:43.777  1731  3697 I slpi    : STK3A5X ALS_OC: lux:1231.791992, last_ps:0[1237], CH0:922, CH2:124, CH4:6, AWAIT:32, ACRL:33, AGAIN:33, INT1:9, INT2:0, PS:114, LED:128, flag:65, state:7, scale:167.560,als_sel:1(0)(cnt:0)
05-04 18:37:43.788 10311 10487 I ThermalEngine: Monitor:ACTIVE:FREEZE-CHG:freeze_rule=1:DETECT-STANDBY=1
05-04 18:37:43.788 10311 10487 I ThermalEngine: ACTION: freeze_rule - Setting freeze_rule to 1
05-04 18:37:43.789 10311 10487 I ThermalEngine: Monitor:ACTIVE:OVERRIDE-CHG:internal_override=1:DETECT-STANDBY=1
05-04 18:37:43.789 10311 10487 I ThermalEngine: ACTION: override_c - Setting override_c to 1
05-04 18:37:43.789 10311 10485 I ThermalEngine: Thermal-Server: Thermal received msg from  freezing
05-04 18:37:43.789 10311 29836 I Thermal-Lib: Thermal-Lib-Client: Client request sent
05-04 18:37:43.789 10311 29835 I Thermal-Lib: Thermal-Lib-Client: Client request sent
05-04 18:37:43.789 10311 10485 I ThermalEngine: Thermal-Server: Thermal received msg from  override_c
05-04 18:37:43.813 27765 29705 I TFLite-in-PlayServices: Created interpreter.
05-04 18:37:43.818 27765 29705 I TFLite-in-PlayServices: Created interpreter.
05-04 18:37:43.823 27765 29705 I SemanticLocation: (REDACTED) [Inferrer] %s%s
05-04 18:37:44.450 27765 29596 I NearbyMediums: Found Fast Ble Advertisements :
05-04 18:37:44.450 27765 29596 I NearbyMediums: BleAdvertisement { version=2, socketVersion=2, isFast=true, serviceIdHash=null, data=[ 0x23 0x46 0x50 0x56 0x41 0x11 0x32 0x3c 0x3f 0xa7 0x9f 0xaf 0xe2 0x75 0x8f 0x17 0xf1 0xba 0x93 0xd0 0x7a 0x35 0x84 ], deviceToken=[ 0x3e 0x82 ], rxAdvertisement=null } : 1 times.
05-04 18:37:44.450 27765 29596 I NearbyMediums: Total 1 fast advertisements from 1 unique advertisers.
05-04 18:37:44.450 27765 29596 I NearbyMediums: Current Tracked Scanning Clients are : {NearbyConnections.EnvironmentMonitor, NearbySharing, NearbyConnections.TxAdvertisement}
05-04 18:37:44.698 27765 27765 D BoundBrokerSvc: onRebind: Intent { act=com.google.android.gms.libs.gmscorelogger.service.START dat=chimera-action:/... cmp=com.google.android.gms/.chimera.PersistentDirectBootAwareApiService }
05-04 18:37:45.386  3064  3736 D WifiStaIfaceHidlImpl: getCachedScanData is not implemented by HIDL
05-04 18:37:45.390  5998  6251 I ModemStats: [DataStallDetectService] onCapabilitiesChanged networkCapabilities=[ Transports: WIFI Capabilities: NOT_METERED&INTERNET&NOT_RESTRICTED&TRUSTED&NOT_VPN&VALIDATED&NOT_ROAMING&FOREGROUND&NOT_CONGESTED&NOT_SUSPENDED&NOT_VCN_MANAGED LinkUpBandwidth>=1636Kbps LinkDnBandwidth>=37611Kbps TransportInfo: <SSID: <unknown ssid>, BSSID: 02:00:00:00:00:00, MAC: 02:00:00:00:00:00, IP: /192.168.1.2, Security type: 2, Supplicant state: COMPLETED, Wi-Fi standard: 11ac, RSSI: -60, Link speed: 263Mbps, Tx Link speed: 263Mbps, Max Supported Tx Link speed: 866Mbps, Rx Link speed: 263Mbps, Max Supported Rx Link speed: 866Mbps, Frequency: 5765MHz, Net ID: -1, Metered hint: false, score: 100, isUsable: true, CarrierMerged: false, SubscriptionId: -1, IsPrimary: -1, Trusted: true, Restricted: false, Ephemeral: false, OEM paid: false, OEM private: false, OSU AP: false, FQDN: <none>, Provider friendly name: <none>, Requesting package name: <none><none>MLO Information: , Is TID-To-Link negotiation supported by the AP: false, AP MLD Address: <none>, AP MLO Link Id: <none>, AP MLO Affiliated links: <none>, Vendor Data: <none>> SignalStrength: -60 UnderlyingNetworks: Null]
05-04 18:37:45.390  5998  6251 I ModemStats: [DataStallDetectService] onCapabilitiesChanged NET_CAPABILITY_VALIDATED=true
05-04 18:37:45.390  5998  6251 I ModemStats: [DataStallDetectService] onCapabilitiesChanged mDataStallManager.mDataStallInstance=null
05-04 18:37:45.390  5998  6251 I ModemStats: [DataStallDetectService] onCapabilitiesChanged mDataStallSmart5gManager.mDataStallInstance=null
05-04 18:37:45.392  3064  3064 D EnhancedConnectivityController: Wifi onCapabilitiesChanged
05-04 18:37:45.392  3064  3064 D EnhancedConnectivityController: Default net onCapabilitiesChanged
05-04 18:37:45.392  3064  3064 D EnhancedConnectivityController: updateDefaultNet:648
05-04 18:37:45.392  3064  3064 D EnhancedConnectivityController: mayUpdateNotification: shouldShow=false,UidsBlocked=false, net info=net:648,ifName=wlan0,securityType=2,isDefault=true,ssid="Airtel_Siddhanth's wifi",notificationId=0
05-04 18:37:45.395  4043  4925 D QCNEJ/NativeHalConnector: -> SND notifyDefaultNetworkChanged(1)
05-04 18:37:45.397 27765 27943 I NullBinder: NullBinder for android.net.action.RECOMMEND_NETWORKS triggering remote TransactionTooLargeException due to Service without Chimera impl, calling uid: 1000, calling pid: 0
05-04 18:37:45.397 27765 27943 W Binder  : reply too large data on java level: InterfaceDescriptor = null, code = 1
05-04 18:37:45.397 27765 27943 W .gms.persistent: Large reply transaction of 1056768 bytes, interface descriptor , code 1
05-04 18:37:45.397  3064  3736 I HalDevMgr: bestIfaceCreationProposal is null, requestIface=STA, existingIface=[name=ap_br_wlan2 type=AP_BRIDGE, name=wlan0 type=STA]
05-04 18:37:45.398  3827  3827 D StatusBarIconController: ignoring old pipeline callback because the new wifi icon is enabled
05-04 18:37:45.514  3064  3421 V DisplayPowerController2[0]: Brightness [0.003937008] reason changing to: 'manual [ dim ]', previous reason: 'manual'.
05-04 18:37:45.514  3064  3421 I DisplayPowerController2[0]: 2026-05-04 13:07:45 - BrightnessEvent: disp=0, physDisp=local:4630947043778501762, brt=0.003937008, initBrt=0.57702327, rcmdBrt=NaN, preBrt=NaN, lux=0.0, preLux=0.0, brtNits=3.4030266, hdrNits=NaN, initNits=50.85272, preNits=NaN, rcmdNits=NaN, hdrBrightness=NaN, brt(%)=0%, brtInt=2, hbmMax=0.9999, hbmMode=off, rbcStrength=50, thrmMax=1.0, powerFactor=1.0, wasShortTermModelActive=false, flags=rbc , reason=manual [ dim ], autoBrightness=false, strategy=InvalidBrightnessStrategy
05-04 18:37:45.515  3064  3370 D DisplayManagerService: Ignore redundant display event 0/4 to 10381/6872
05-04 18:37:45.515  3064  3370 D DisplayManagerService: Ignore redundant display event 0/4 to 10388/8511
05-04 18:37:45.515  3064  3064 I BrightnessSynchronizer: New Update: {[12158] 0.57702327(f), mUpdatedTypes=0, mConfirmedTypes=0, mTimeUpdated=0, mState=2}
05-04 18:37:45.896 27765 29829 I NearbySharing: Network state changed: NetworkState(isRestricted=false, isOnline=true, isCongested=false, isMetered=false, isWifiConnected=true)
05-04 18:37:45.992  1737  7987 I vendor.qti.bluetooth@1.0-ibs_handler: ProcessIbsCmd: Received IBS_WAKE_IND: 0xFD
05-04 18:37:45.992  1737  7987 D vendor.qti.bluetooth@1.0-ibs_handler: SerialClockVote: vote for UART CLK ON
05-04 18:37:45.992  1737  7987 D vendor.qti.bluetooth@1.0-wake_lock: Acquire wakelock is acquired 
05-04 18:37:45.992  1737  7987 I vendor.qti.bluetooth@1.0-ibs_handler: ProcessIbsCmd: Writing IBS_WAKE_ACK
05-04 18:37:45.993  7916  7989 I bt_stack: [INFO:btm_ble_gap.cc(3287)] btm_ble_process_adv_pkt_cont Data Complete 31:8f:ff:cb:1e:ec
05-04 18:37:45.993  7916  7989 D bt_btm_ble: bool parse_adv_audio_uuids_from_adv_pkt(const uint8_t *, size_t, uint8_t): tmap_cap_pts: false
05-04 18:37:46.032  1737  7987 I vendor.qti.bluetooth@1.0-ibs_handler: ProcessIbsCmd: Received IBS_SLEEP_IND: 0xFE
05-04 18:37:46.032  1737  7987 D vendor.qti.bluetooth@1.0-ibs_handler: SerialClockVote: vote for UART CLK OFF
05-04 18:37:46.183  1737  7960 D vendor.qti.bluetooth@1.0-wake_lock: Release wakelock is released 
05-04 18:37:46.331  3064  3370 D DisplayManagerService: Ignore redundant display event 0/4 to 10381/6872
05-04 18:37:46.331  3064  3064 I BrightnessSynchronizer: New Update: {[12159] 0.57702327(f), mUpdatedTypes=0, mConfirmedTypes=0, mTimeUpdated=0, mState=2}
05-04 18:37:46.331  3064  3370 D DisplayManagerService: Ignore redundant display event 0/4 to 10388/8511
05-04 18:37:46.331  3064  3370 D DisplayManagerService: Ignore redundant display event 0/4 to 10285/22384
05-04 18:37:46.331  3064  3370 D DisplayManagerService: Ignore redundant display event 0/4 to 10392/22768
05-04 18:37:46.331  3064  3370 D DisplayManagerService: Ignore redundant display event 0/4 to 10207/26177
05-04 18:37:46.331  3064  3370 D DisplayManagerService: Ignore redundant display event 0/4 to 10376/27028
05-04 18:37:46.331  3064  3370 D DisplayManagerService: Ignore redundant display event 0/4 to 10178/32734
05-04 18:37:46.445  1830 10078 I QC2Comp : [avcD_1124] Stats: Pending(9) i/p-done(5) Works: Q: 28/Done 20|Work-Rate: Q(0.0/s Avg=0.0/s) Done(0.000/s Avg=0.002/s)| Stream: 30.00fps 203.8Kbps
05-04 18:37:46.446  1830 10078 I QC2Comp : [avcD_1124] Mem-usage:  [In-1D: 6 bufs 17.930 MB] [1D-2226: 16 bufs 0.250 MB] [2D-2227: 20 bufs 28.438 MB] | Total: 46.617 MB
05-04 18:37:48.409  3064  3736 D WifiStaIfaceHidlImpl: getCachedScanData is not implemented by HIDL
05-04 18:37:48.414  3064  3736 I HalDevMgr: bestIfaceCreationProposal is null, requestIface=STA, existingIface=[name=ap_br_wlan2 type=AP_BRIDGE, name=wlan0 type=STA]
05-04 18:37:48.416  3827  3827 D StatusBarIconController: ignoring old pipeline callback because the new wifi icon is enabled
05-04 18:37:48.728 14578 14578 D BoundBrokerSvc: onUnbind: Intent { act=com.google.android.gms.onboardingconsent.api.ConsentManagerApiService.START dat=chimera-action:/... cmp=com.google.android.gms/.chimera.GmsApiService }
05-04 18:37:48.729 27765 27765 D BoundBrokerSvc: onUnbind: Intent { act=com.google.android.gms.common.telemetry.service.START dat=chimera-action:/... cmp=com.google.android.gms/.chimera.PersistentApiService }
05-04 18:37:50.670  1731  3697 I slpi    : STK3A5X ALS_OC: lux:1369.400024, last_ps:0[1233], CH0:1025, CH2:141, CH4:7, AWAIT:32, ACRL:33, AGAIN:33, INT1:9, INT2:0, PS:114, LED:128, flag:65, state:7, scale:167.560,als_sel:1(0)(cnt:0)
05-04 18:37:51.425  3064  3736 D WifiStaIfaceHidlImpl: getCachedScanData is not implemented by HIDL
05-04 18:37:51.430  3064  3736 I HalDevMgr: bestIfaceCreationProposal is null, requestIface=STA, existingIface=[name=ap_br_wlan2 type=AP_BRIDGE, name=wlan0 type=STA]
05-04 18:37:51.446  1830 10078 I QC2Comp : [avcD_1124] Stats: Pending(9) i/p-done(5) Works: Q: 28/Done 20|Work-Rate: Q(0.0/s Avg=0.0/s) Done(0.000/s Avg=0.002/s)| Stream: 30.00fps 203.8Kbps
05-04 18:37:51.446  1830 10078 I QC2Comp : [avcD_1124] Mem-usage:  [In-1D: 6 bufs 17.930 MB] [1D-2226: 16 bufs 0.250 MB] [2D-2227: 20 bufs 28.438 MB] | Total: 46.617 MB
05-04 18:37:52.441  3064  3519 D ActivityManager: freezing 26370 com.google.android.apps.wellbeing, reason = oom_cached
05-04 18:37:52.512  3064  3421 I PowerGroup: Powering off display group due to timeout (groupId= 0, uid= 1000, millisSinceLastUserActivity=1800003, lastUserActivityEvent=touch)...
05-04 18:37:52.512  3064  3421 I PowerManagerService: Going to sleep due to timeout (uid 1000, screenOffTimeout=1800000, activityTimeoutWM=-1, maxDimRatio=0.20000005, maxDimDur=7000)...
05-04 18:37:52.513  3064  3064 I WindowManager: Started going to sleep... (groupId=0 why=OFF_BECAUSE_OF_TIMEOUT) pmSleepReason=timeout
05-04 18:37:52.514  3064  3370 D PanelsService: onAwakeStateChanged.. isAwake=false
05-04 18:37:52.514  3064  3370 D TouchHwService: onAwakeStateChanged.. isAwake=false
05-04 18:37:52.515 23155 23155 I GoogleInputMethodService: GoogleInputMethodService.onFinishInput():2259 
05-04 18:37:52.516 23155 23155 I Module  : DeviceLockedStatusModuleProvider$Module.updateDeviceLockedStatus():103 repeatCheckTimes = 0, locked = false
05-04 18:37:52.516  3064  3064 W ProcessStats: Tracking association SourceState{3c1221 com.google.android.googlequicksearchbox:googleapp/10228 BTop #2032794} whose proc state 2 is better than process ProcessState{7f8a66a com.google.android.adservices.api/10357 pkg=com.google.android.adservices.api} proc state 14 (230 skipped)
05-04 18:37:52.535  3064  3421 D Surface : Surface::disconnect
05-04 18:37:52.536  3064  3421 D BufferQueueProducer: [SurfaceTexture-1-3064-708](id:bf800000658,api:2,p:3064,c:3064) disconnect: api 2
05-04 18:37:52.536  3064  3421 I system_server: EglImage dataspace changed, need recreate
05-04 18:37:52.544  3064  3421 V DisplayPowerController2[0]: Brightness [0.57702327] reason changing to: 'manual', previous reason: 'manual [ dim ]'.
05-04 18:37:52.544  3064  3421 I DisplayPowerController2[0]: 2026-05-04 13:07:52 - BrightnessEvent: disp=0, physDisp=local:4630947043778501762, brt=0.57702327, initBrt=0.003937008, rcmdBrt=NaN, preBrt=NaN, lux=0.0, preLux=0.0, brtNits=50.85272, hdrNits=NaN, initNits=3.4030266, preNits=NaN, rcmdNits=NaN, hdrBrightness=NaN, brt(%)=58%, brtInt=148, hbmMax=0.9999, hbmMode=off, rbcStrength=50, thrmMax=1.0, powerFactor=1.0, wasShortTermModelActive=false, flags=rbc , reason=manual, autoBrightness=false, strategy=InvalidBrightnessStrategy
05-04 18:37:52.544  3064  3370 D DisplayManagerService: Ignore redundant display event 0/4 to 10381/6872
05-04 18:37:52.544  3064  3370 D DisplayManagerService: Ignore redundant display event 0/4 to 10388/8511
05-04 18:37:52.544  3064  3064 I BrightnessSynchronizer: New Update: {[12160] 0.57702327(f), mUpdatedTypes=0, mConfirmedTypes=0, mTimeUpdated=0, mState=2}
05-04 18:37:52.544  3064  3370 D DisplayManagerService: Ignore redundant display event 0/4 to 10285/22384
05-04 18:37:52.544  3064  3370 D DisplayManagerService: Ignore redundant display event 0/4 to 10392/22768
05-04 18:37:52.544  3064  3370 D DisplayManagerService: Ignore redundant display event 0/4 to 10207/26177
05-04 18:37:52.544  3064  3370 D DisplayManagerService: Ignore redundant display event 0/4 to 10376/27028
05-04 18:37:52.544  3064  3370 D DisplayManagerService: Ignore redundant display event 0/4 to 10178/32734
05-04 18:37:52.548  3827  3827 V TrustManager: clearAllBiometricRecognized unlockedUser=-10000 source=FINGERPRINT callers=com.android.keyguard.KeyguardUpdateMonitor.clearBiometricRecognized:21 com.android.keyguard.KeyguardUpdateMonitor$17.handleMessage:42 android.os.Handler.dispatchMessage:111 android.os.Looper.loopOnce:242 android.os.Looper.loop:362 
05-04 18:37:52.549  3064  3064 D TrustManagerService: refreshDeviceLockedForUser(userId=-1, unlockedUser=-10000), secure=true, showingKeyguard=false, trusted=false, biometricAuthenticated=false, currentUserIsUnlocked=false, deviceLocked=false
05-04 18:37:52.549  3827  3827 V TrustManager: clearAllBiometricRecognized unlockedUser=-10000 source=FACE callers=com.android.keyguard.KeyguardUpdateMonitor.clearBiometricRecognized:28 com.android.keyguard.KeyguardUpdateMonitor$17.handleMessage:42 android.os.Handler.dispatchMessage:111 android.os.Looper.loopOnce:242 android.os.Looper.loop:362 
05-04 18:37:52.549  3064  3064 D TrustManagerService: refreshDeviceLockedForUser(userId=-1, unlockedUser=-10000), secure=true, showingKeyguard=false, trusted=false, biometricAuthenticated=false, currentUserIsUnlocked=false, deviceLocked=false
05-04 18:37:52.553  3827  3827 D KeyguardUpdateMonitor: isEncryptedOrLockdownRealtime: isEncrypted: false isLockdown: false
05-04 18:37:52.555  3064  5857 D BiometricUtils: isEncrypted: false isLockdown: false
05-04 18:37:52.555  3064  3064 D BiometricUtils: isUdfpsLocalHbmSupport defaultSupport=false debugSupport=false
05-04 18:37:52.555  3064  3064 D BiometricScheduler/Fingerprint21: [Added] {[4287] com.android.server.biometrics.sensors.fingerprint.hidl.FingerprintUpdateActiveUserClient, proto=1, owner=android, cookie=0, requestId=-1, userId=0}, new queue size: 1
05-04 18:37:52.555  3064  3064 D BiometricScheduler/Fingerprint21: [Polled] {[4287] com.android.server.biometrics.sensors.fingerprint.hidl.FingerprintUpdateActiveUserClient, proto=1, owner=android, cookie=0, requestId=-1, userId=0}, State: 0
05-04 18:37:52.555  3064  3064 D BiometricScheduler/Fingerprint21: [Started] {[4287] com.android.server.biometrics.sensors.fingerprint.hidl.FingerprintUpdateActiveUserClient, proto=1, owner=android, cookie=0, requestId=-1, userId=0}
05-04 18:37:52.556  3064  3064 D FingerprintUpdateActiveUserClient: Setting active user: 0
05-04 18:37:52.565  2809  2809 I [GF_HAL][gf_hal]: [gf_hal_set_active_group] group_id=0
05-04 18:37:52.565  2809  2809 E [GF_HAL][gf_hal_common]: [gf_hal_common_set_active_group] group id are the same
05-04 18:37:52.565  3064  3064 D FingerprintUpdateActiveUserClient: Setting active user: 0 done.
05-04 18:37:52.566  2809  2809 I [GF_HAL][gf_hal]: [gf_hal_get_auth_id]
05-04 18:37:52.566  2809  2809 D [gf_ca_entry]: [gf_ca_invoke_command] enter
05-04 18:37:52.566  2809  2809 D [gf_ca_entry]: [gf_ta_send_modified_cmd_req] enter
05-04 18:37:52.566  2809  2809 D [gf_ca_entry]: [gf_ta_send_modified_cmd_req] begin token 11020, cmd_id=1011
05-04 18:37:52.567  2809  2809 D [gf_sec_ion]: [gf_sec_ion_malloc] enter
05-04 18:37:52.567  2809  2809 D [gf_sec_ion]: [gf_sec_ion_malloc] gf_sec_ion_malloc data_size = 192
05-04 18:37:52.567  2809  2809 D [gf_sec_ion]: [gf_sec_ion_malloc] exit
05-04 18:37:52.567  2809  2809 D [gf_ca_entry]: [gf_ta_send_modified_cmd_req] whitebox is disabled.
05-04 18:37:52.571  2809  2809 D [gf_sec_ion]: [gf_sec_ion_free] enter
05-04 18:37:52.571  2809  2809 D [gf_sec_ion]: [gf_sec_ion_free] gf_sec_ion_free ion_local_flag is not true
05-04 18:37:52.571  2809  2809 D [gf_sec_ion]: [gf_sec_ion_free] exit
05-04 18:37:52.571  2809  2809 D [gf_ca_entry]: [gf_ta_send_modified_cmd_req] exit
05-04 18:37:52.571  2809  2809 D [gf_ca_entry]: [gf_ca_invoke_command] gx_ta_send_modified_cmd_req success
05-04 18:37:52.571  2809  2809 D [gf_ca_entry]: [gf_ca_invoke_command] ta execution succeed
05-04 18:37:52.571  2809  2809 D [gf_ca_entry]: [gf_ca_invoke_command] exit
05-04 18:37:52.571  3064  3064 D BiometricSchedulerOperation: [Finished / destroy]: {[4287] com.android.server.biometrics.sensors.fingerprint.hidl.FingerprintUpdateActiveUserClient, proto=1, owner=android, cookie=0, requestId=-1, userId=0}
05-04 18:37:52.571  3064  3064 V BiometricSchedulerOperation: started: {[4287] com.android.server.biometrics.sensors.fingerprint.hidl.FingerprintUpdateActiveUserClient, proto=1, owner=android, cookie=0, requestId=-1, userId=0}, State: 5
05-04 18:37:52.573  3064  3064 D BiometricUtils: isUdfpsLocalHbmSupport defaultSupport=false debugSupport=false
05-04 18:37:52.574  3064  3064 D BiometricScheduler/Fingerprint21: [Added] {[4288] com.android.server.biometrics.sensors.fingerprint.hidl.FingerprintAuthenticationClient, proto=3, owner=com.android.systemui, cookie=0, requestId=801, userId=0}, new queue size: 1
05-04 18:37:52.574  3064  3064 V BiometricScheduler/Fingerprint21: Not idle, current operation: {[4287] com.android.server.biometrics.sensors.fingerprint.hidl.FingerprintUpdateActiveUserClient, proto=1, owner=android, cookie=0, requestId=-1, userId=0}, State: 5
05-04 18:37:52.574  3064  3064 D BiometricScheduler/Fingerprint21: [Finishing] {[4287] com.android.server.biometrics.sensors.fingerprint.hidl.FingerprintUpdateActiveUserClient, proto=1, owner=android, cookie=0, requestId=-1, userId=0}, success: true
05-04 18:37:52.574  3064  3064 D BiometricScheduler/Fingerprint21: [Polled] {[4288] com.android.server.biometrics.sensors.fingerprint.hidl.FingerprintAuthenticationClient, proto=3, owner=com.android.systemui, cookie=0, requestId=801, userId=0}, State: 0
05-04 18:37:52.574  3064  3064 D GestureAvailabilityTracker: Notifying gesture availability, active=false
05-04 18:37:52.574  3064  3064 D BiometricScheduler/Fingerprint21: [Started] {[4288] com.android.server.biometrics.sensors.fingerprint.hidl.FingerprintAuthenticationClient, proto=3, owner=com.android.systemui, cookie=0, requestId=801, userId=0}
05-04 18:37:52.574  3064  3064 D BiometricStateCallback: State updated from 0 to 2, client {[4288] com.android.server.biometrics.sensors.fingerprint.hidl.FingerprintAuthenticationClient, proto=3, owner=com.android.systemui, cookie=0, requestId=801, userId=0}
05-04 18:37:52.574  3064  3064 D SideFpsEventHandler: onStateChanged : 2
05-04 18:37:52.574  3064  3064 D Biometrics/AuthenticationClient: Requesting auth for com.android.systemui
05-04 18:37:52.574  2809  2809 I [GF_HAL][gf_hal]: [gf_hal_authenticate] group_id=0
05-04 18:37:52.574  2809  2809 D [gf_ca_entry]: [gf_ca_invoke_command] enter
05-04 18:37:52.574  2809  2809 D [gf_ca_entry]: [gf_ta_send_modified_cmd_req] enter
05-04 18:37:52.574  2809  2809 D [gf_ca_entry]: [gf_ta_send_modified_cmd_req] begin token 11021, cmd_id=1010
05-04 18:37:52.574  2809  2809 D [gf_sec_ion]: [gf_sec_ion_malloc] enter
05-04 18:37:52.574  2809  2809 D [gf_sec_ion]: [gf_sec_ion_malloc] gf_sec_ion_malloc data_size = 192
05-04 18:37:52.574  2809  2809 D [gf_sec_ion]: [gf_sec_ion_malloc] exit
05-04 18:37:52.574  2809  2809 D [gf_ca_entry]: [gf_ta_send_modified_cmd_req] whitebox is disabled.
05-04 18:37:52.594  2809  2809 D [gf_sec_ion]: [gf_sec_ion_free] enter
05-04 18:37:52.594  2809  2809 D [gf_sec_ion]: [gf_sec_ion_free] gf_sec_ion_free ion_local_flag is not true
05-04 18:37:52.594  2809  2809 D [gf_sec_ion]: [gf_sec_ion_free] exit
05-04 18:37:52.594  2809  2809 D [gf_ca_entry]: [gf_ta_send_modified_cmd_req] exit
05-04 18:37:52.594  2809  2809 D [gf_ca_entry]: [gf_ca_invoke_command] gx_ta_send_modified_cmd_req success
05-04 18:37:52.594  2809  2809 D [gf_ca_entry]: [gf_ca_invoke_command] ta execution succeed
05-04 18:37:52.594  2809  2809 D [gf_ca_entry]: [gf_ca_invoke_command] exit
05-04 18:37:52.594  2809  2809 D android.hardware.biometrics.fingerprint@2.1-service: onAcquired(6)
05-04 18:37:52.595  3064  3064 D BiometricStateCallback: onClientStateChanged client={[4288] com.android.server.biometrics.sensors.fingerprint.hidl.FingerprintAuthenticationClient, proto=3, owner=com.android.systemui, cookie=0, requestId=801, userId=0} newState=1
05-04 18:37:52.596  3064  3064 D BiometricScheduler/Fingerprint21: [StateChanged] {[4288] com.android.server.biometrics.sensors.fingerprint.hidl.FingerprintAuthenticationClient, proto=3, owner=com.android.systemui, cookie=0, requestId=801, userId=0}, state: 1
05-04 18:37:52.596  3064  3064 V BiometricSchedulerOperation: started: {[4288] com.android.server.biometrics.sensors.fingerprint.hidl.FingerprintAuthenticationClient, proto=3, owner=com.android.systemui, cookie=0, requestId=801, userId=0}, State: 2
05-04 18:37:52.596  3064  3064 V Biometrics/AcquisitionClient: Acquired: 6 1, shouldSend: true
05-04 18:37:52.601  3827  3827 I vol.VolumeDialogImpl: mDialog.dismiss() reason: volume_controller from: com.android.systemui.volume.VolumeDialogImpl$7.onDismissRequested:3 displayId: 0 mShowing: false mIsAnimatingDismiss: false
05-04 18:37:52.603  3827  3827 D KeyguardUpdateMonitor: handleFingerprintAcquired acquireInfo=6
05-04 18:37:52.603  3827  3827 W FingerprintManager: Invalid acquired message: 6, 1
05-04 18:37:52.903  3827  3827 I vol.VolumeDialogImpl: dismissH reason = volume_controller mDialog.isShowing(): false
05-04 18:37:52.951  3064  3421 I DisplayPowerController2[0]: Blocking screen off
05-04 18:37:52.951  3064  3421 I WindowManager: Display 0 turning off...
05-04 18:37:52.951  3064  3421 I DisplayPowerController2[0]: Unblocked screen off after 0 ms
05-04 18:37:52.953  3064  3421 I WindowManager: Display0 turned off...
05-04 18:37:52.969  3064  3421 D ActivityTaskManager: Top Process State changed to PROCESS_STATE_TOP_SLEEPING
05-04 18:37:52.970  3064  3421 D PowerManagerService: nativeAcquireSuspendBlocker name:PowerManagerService.WakeLocks duration ms: 1
05-04 18:37:52.971  3827  3912 V WindowManagerShell: Transition requested: android.os.BinderProxy@f7798f7 TransitionRequestInfo { type = 12, triggerTask = null, remoteTransition = null, displayChange = null, flags = 0 }
05-04 18:37:52.971  3064  3421 D ActivityTrigger: ActivityTrigger activityPauseTrigger 
05-04 18:37:52.972  3064  3367 V WindowManager: Sent Transition #6176 createdAt=05-04 18:37:52.971 via request=TransitionRequestInfo { type = 12, triggerTask = null, remoteTransition = null, displayChange = null, flags = 0 }
05-04 18:37:52.972  3064  3367 V WindowManager:     startWCT=null
05-04 18:37:52.972  3064  3367 V WindowManager:     info={id=6176 t=SLEEP f=0x0 trk=0 r=[] c=[]}
05-04 18:37:52.978  3064  5857 W Transition: Transition already started id=6176 state=2
05-04 18:37:52.978  3827  3912 V WindowManagerShell: onTransitionReady android.os.BinderProxy@f7798f7: {id=6176 t=SLEEP f=0x0 trk=0 r=[] c=[]}
05-04 18:37:52.978  3827  3912 V WindowManagerShell: No transition roots in (#6176)android.os.BinderProxy@f7798f7@0 so abort
05-04 18:37:52.979  3827  3912 V WindowManagerShell: Transition animation finished (aborted=true), notifying core (#6176)android.os.BinderProxy@f7798f7@0
05-04 18:37:52.981  1858  1858 I BpBinder: onLastStrongRef automatically unlinking death recipients: 
05-04 18:37:52.985  3064  3421 D Surface : Surface::disconnect
05-04 18:37:52.985  3064  3421 D BufferQueueProducer: [ColorFade#715(BLAST Consumer)715](id:bf800000657,api:1,p:3064,c:3064) disconnect: api 1
05-04 18:37:52.985  1731  1731 I sensors-hal: activate:173, android.sensor.device_orientation/271 en=0
05-04 18:37:52.985  3064  3367 V WindowManager: Finish Transition #6176: created at 05-04 18:37:52.971 collect-started=0.02ms request-sent=0.064ms started=0.272ms ready=0.269ms sent=0.413ms finished=13.96ms
05-04 18:37:52.985  3827  3912 V WindowManagerShell: Track 0 became idle
05-04 18:37:52.985  3827  3912 V WindowManagerShell: All active transition animations finished
05-04 18:37:52.985  3064  3421 I DisplayBrightnessStrategySelector: Changing the DisplayBrightnessStrategy from InvalidBrightnessStrategy toScreenOffBrightnessStrategy for display 0
05-04 18:37:52.986  3064  3421 V DisplayPowerController2[0]: Brightness [0.0] reason changing to: 'screen_off', previous reason: 'manual'.
05-04 18:37:52.986  3064  3421 I DisplayPowerController2[0]: 2026-05-04 13:07:52 - BrightnessEvent: disp=0, physDisp=local:4630947043778501762, brt=0.0, initBrt=0.57702327, rcmdBrt=NaN, preBrt=NaN, lux=0.0, preLux=0.0, brtNits=3.3960087, hdrNits=NaN, initNits=50.85272, preNits=NaN, rcmdNits=NaN, hdrBrightness=NaN, brt(%)=0%, brtInt=1, hbmMax=0.9999, hbmMode=off, rbcStrength=50, thrmMax=1.0, powerFactor=1.0, wasShortTermModelActive=false, flags=rbc , reason=screen_off, autoBrightness=false, strategy=ScreenOffBrightnessStrategy
05-04 18:37:52.987  1731  1731 I sensors-hal: activate:184, android.sensor.device_orientation/271 en=0 completed
05-04 18:37:52.987 10800 10837 D Surface : Surface::disconnect
05-04 18:37:52.987  1727  1987 E minksocket: MinkIPC_QRTR_Service: client with node 1 port 67c3 went down
05-04 18:37:52.987 10800 10837 D BufferQueueProducer: [VRI[GoogleDiscoverWindow]#38(BLAST Consumer)38](id:2a3000000026,api:1,p:10800,c:10800) disconnect: api 1
05-04 18:37:52.989  3064  3370 D DisplayManagerService: Ignore redundant display event 0/4 to 10381/6872
05-04 18:37:52.989  3064  3370 D DisplayManagerService: Ignore redundant display event 0/4 to 10388/8511
05-04 18:37:52.989  3064  3370 D DisplayManagerService: Ignore redundant display event 0/4 to 10285/22384
05-04 18:37:52.989  3064  3370 D DisplayManagerService: Ignore redundant display event 0/4 to 10392/22768
05-04 18:37:52.989  3064  3370 D DisplayManagerService: Ignore redundant display event 0/4 to 10207/26177
05-04 18:37:52.989  3064  3370 D DisplayManagerService: Ignore redundant display event 0/4 to 10376/27028
05-04 18:37:52.989  3064  3370 D DisplayManagerService: Ignore redundant display event 0/4 to 10178/32734
05-04 18:37:52.989  3064  3064 I BrightnessSynchronizer: New Update: {[12161] 0.57702327(f), mUpdatedTypes=0, mConfirmedTypes=0, mTimeUpdated=0, mState=2}
05-04 18:37:52.989  3064  3370 I DisplayDeviceRepository: Display device changed state: "Built-in Screen", OFF
05-04 18:37:52.991  3064  4512 W SurfaceControl: Invalid layer stack -1
05-04 18:37:52.991  3064  4512 I DisplayDevice: [0] Layerstack set to -1 for local:4630947043778501762
05-04 18:37:52.995  3064  3370 I InputManager-JNI: Viewport [0] to add: local:4630947043778501762, isActive: false
05-04 18:37:52.995 20981 21011 D Surface : Surface::disconnect
05-04 18:37:52.995 20981 21011 D BufferQueueProducer: [VRI[CustomizationPanelLauncher]#309(BLAST Consumer)309](id:51f50000045f,api:1,p:20981,c:20981) disconnect: api 1
05-04 18:37:52.996  3064  3367 D TouchHwService: updateDefaultDisplayState: mScreenOn=false
05-04 18:37:52.998  3064  5990 D CompatibilityChangeReporter: Compat change id reported: 170503758; UID 10192; state: ENABLED
05-04 18:37:53.000  3064  3064 D PanelsService: updateDefaultDisplayState: mScreenState=OFF
05-04 18:37:53.000  3064  3800 W ServiceManagerCppClient: Failed to get isDeclared for com.motorola.hardware.display.panel.IDisplayPanel/default: Status(-1, EX_SECURITY): 'SELinux denied.'
05-04 18:37:53.000  3064  3800 D DisplayPanelService: Setting panel dc mode: 1
05-04 18:37:53.000  3064  3715 I InputReader: Reconfiguring input devices, changes=DISPLAY_INFO
05-04 18:37:53.004  7916  7955 I BtGatt.ScanManager: msg.what = 8
05-04 18:37:53.004  7916  7955 D BtGatt.ScanManager: handleScreenOff()
05-04 18:37:53.006  3064  3715 I InputReader: Disabling goodix_ts,pen (device 7) because the associated viewport is not active
05-04 18:37:53.006  3064  3715 I InputReader: Device reconfigured: id=7, name='goodix_ts,pen', size 8641x19201, orientation 0, mode 0, display id 0
05-04 18:37:53.007 17482 17482 I MotoDesktopLog: [ R4DisplayService ] - getFoldType, mFoldType0
05-04 18:37:53.008  7916 26552 D BroadcastService: getBroadcastAddress
05-04 18:37:53.008  7916 26552 D BroadcastService: isBroadcastActive: Broadcast is turned to off
05-04 18:37:53.009  7916 26552 D BroadcastService: getBroadcastAddress
05-04 18:37:53.009  7916 26552 D BroadcastService: isBroadcastActive: Broadcast is turned to off
05-04 18:37:53.010  1858  1858 E Scheduler: trackPendingFrame: Invalid present fence
05-04 18:37:53.010 27765 29829 I NearbySharing: Screen is locked
05-04 18:37:53.010 27765 27765 I NearbyDiscovery: (REDACTED) FastPairDisplayObserver: %s -> %s
05-04 18:37:53.011  1752  1752 I DisplayPanel: setDcMode: DC mode = ON
05-04 18:37:53.011  3064  3715 I InputReader: Disabling goodix_ts (device 6) because the associated viewport is not active
05-04 18:37:53.011  3064  3715 I InputReader: Device reconfigured: id=6, name='goodix_ts', size 8641x19201, orientation 0, mode 0, display id 0
05-04 18:37:53.012  1858  1858 E Scheduler: trackPendingFrame: Invalid present fence
05-04 18:37:53.012  1752  1752 D DisplayPanel: setParam: Success set DC to 1 for Primary display
05-04 18:37:53.012  3827  3827 D CentralSurfaces: updateQsExpansionEnabled - QS Expand enabled: true
05-04 18:37:53.012  3064  3800 D LocalDisplayAdapter: setDisplayPowerMode mode=0 for display=android.os.BinderProxy@5ed226
05-04 18:37:53.012  1858  1858 D SurfaceFlinger: Setting power mode 0 on display 4630947043778501762
05-04 18:37:53.012 27765 29829 I NearbySharing: Stopping scanning because the screen is locked.
05-04 18:37:53.012 27765 29829 I NearbySharing: SendProvider: stopDiscovery called.
05-04 18:37:53.013  3064  3064 W ServiceManagerCppClient: Failed to get isDeclared for com.motorola.hardware.display.panel.IDisplayPanel/default: Status(-1, EX_SECURITY): 'SELinux denied.'
05-04 18:37:53.013  3064  3064 D DisplayPanelService: Setting panel dc mode: 0
05-04 18:37:53.013  1752  1752 I DisplayPanel: setDcMode: DC mode = OFF
05-04 18:37:53.013 17482 17482 I MotoDesktopLog: [ FS_ScreenSizeManager ] - [Display] Changed display: 0
05-04 18:37:53.013 23155 23155 I PkDeviceHelper: PkDeviceHelper.refreshDevices():87 refreshing devices
05-04 18:37:53.014  1752  1752 D DisplayPanel: setParam: Success set DC to 0 for Primary display
05-04 18:37:53.014  3064  4512 I ActivityManager: Killing 25932:com.google.android.documentsui/u0a124 (adj 999, setSvc -10000): empty #31
05-04 18:37:53.015 17482 17482 I MotoDesktopLog: [ FS_ScreenSizeManager ] - [Display] Current activity display id: null
05-04 18:37:53.016 23155 23155 I PkDeviceHelper: PkDeviceHelper.refreshDevices():87 refreshing devices
05-04 18:37:53.018 27765 29829 I NearbySharing: NearbySharing Internal event SendManagerEnd
05-04 18:37:53.018 17482 17482 I MotoDesktopLog: [ FS_ScreenSizeManager ] - [Logic] Retrieved display info: LogicDisplayInfo(width=1080, height=2400, orientation=1, rotation=0, displayId=0)
05-04 18:37:53.018 17482 17482 I MotoDesktopLog: [ FS_ScreenSizeManager ] - [Display] New logical size: 1080x2400
05-04 18:37:53.018 17482 17482 I MotoDesktopLog: [ FS_ScreenSizeManager ] - [Display] Screen width unchanged: 1080
05-04 18:37:53.018 27765 29829 I NearbySharing: Scanning has stopped.
05-04 18:37:53.020 27765 27785 I NearbyConnections: Client 214472614 requested discovery to stop.
05-04 18:37:53.020 10800 10800 I bwmt    : onPause
05-04 18:37:53.020 27765 29287 I NearbyMediums: Stopped BLE scanning, service-id=NearbySharing
05-04 18:37:53.020  3064  3404 I libprocessgroup: Successfully killed process cgroup uid 10124 pid 25932 in 5ms
05-04 18:37:53.021 20981 21005 I ImeTracker: com.motorola.launcher3:5c232dc9: onRequestHide at ORIGIN_CLIENT_HIDE_SOFT_INPUT reason HIDE_SOFT_INPUT
05-04 18:37:53.021 20981 21005 I ImeTracker: com.motorola.launcher3:5c232dc9: onFailed at PHASE_CLIENT_VIEW_SERVED
05-04 18:37:53.021 27765 29829 I NearbySharing: Stopping Fast Init advertisement because we're not scanning in the foreground.
05-04 18:37:53.022  1789  2259 I SDM     : DisplayBase::SetDisplayState: Set state = 0, display 57-0, teardown = 0
05-04 18:37:53.022 27765 29287 I NearbyMediums: [WifiAwareManagerHelper] Can't stop WiFi Aware subscribing because it was never started.
05-04 18:37:53.022 27765 29849 I NearbySharing: [NS_DEBUG] DiscoveryController stopped.
05-04 18:37:53.023 27765 29287 I NearbyMediums: Can't stop NFC discovery because it was never started.
05-04 18:37:53.023 27765 29287 I NearbyConnections: Unable to record discovery phase duration due to null currentDiscoveryPhase
05-04 18:37:53.023 27765 29829 I NearbySharing: NearbySharing Internal event ReceiveVisibilityChange(visibility=4)
05-04 18:37:53.025 27765 29287 I NearbyConnections: No longer listening to visibility changes for client 214472614
05-04 18:37:53.025 10800 10800 I bwmt    : onStop
05-04 18:37:53.025 27765 29829 I NearbySharing: Start advertising with mode SCREEN_OFF certificate visibility SELF_SHARE data usage preference ONLINE, bt advertising false, vendorId 0, deviceName included: false
05-04 18:37:53.026 27765 29829 I NearbySharing: Uwb feature is off.
05-04 18:37:53.026 27765 27945 I NearbyDiscovery: (REDACTED) PureOffloadFastPairScanner: eventType=%s, isInternalReq=%s, isScanning=%s, isScanningAllowed=%s
05-04 18:37:53.026 27765 29829 I NearbySharing: Updating advertising options for [dtbn@d3bd478] providers
05-04 18:37:53.026 27765 29829 I NearbySharing: Updating advertising options: AdvertisingOptions{mode=SCREEN_OFF, dataUsage=2, flowId=0, uwbSenderInfo=[], deviceType=1, bluetoothClassicEnabled=false, useStableIdentifiers=false, allowGattConnections=false, allowBleL2capConnections=false, vendorId=0, advertisePlaintextDeviceName=false, isPinCodeEnabled=false}
05-04 18:37:53.026 27765 27945 I NearbyDiscovery: (REDACTED) ApFastPairScanner: isScreenOn=%s, isLocationEnabled=%s, disableLocationRequirement=%s, isDiscoveryScanningEnabled=%s, during24GhzWifiWarmingUpPeriod=%s
05-04 18:37:53.026 27765 27945 D BluetoothAdapter: isLeEnabled(): ON
05-04 18:37:53.026 27765 27945 I NearbyDiscovery: (REDACTED) ApFastPairScanner: eventType=%s, intReq=%s, scanning=%s, scanAllowed=%s, bleEnabled=%s, lockScanRate=%s, startScanningByLowPowerMode=%s
05-04 18:37:53.026 27765 27945 I NearbyDiscovery: (REDACTED) ApFastPairScanner: Stopping scan, %s
05-04 18:37:53.026 27765 27945 D BluetoothAdapter: isLeEnabled(): ON
05-04 18:37:53.026 27765 29829 I NearbySharing: [RECEIVE_PROVIDER] update called.
05-04 18:37:53.027  7916 26552 D BtGatt.GattService: stopScan() - queue size =3
05-04 18:37:53.028 27765 29829 I NearbySharing: Advertising has started with mode SCREEN_OFF, Bt enabled : false
05-04 18:37:53.028 27765 29829 I NearbySharing: Stopping FastInitiation scanning because the screen is locked.
05-04 18:37:53.028 27765 29829 D BluetoothAdapter: isLeEnabled(): ON
05-04 18:37:53.029  7916  7955 I BtGatt.ScanManager: msg.what = 1
05-04 18:37:53.029  7916  7955 D BtGatt.ScanManager: handling stopping scan  [ScanClient scanModeApp 1 scanModeUsed 0 [appScanStats com.google.uid.shared:10192]]
05-04 18:37:53.029  7916 26552 D BtGatt.GattService: stopScan() - queue size =2
05-04 18:37:53.030  1789  2259 I SDM     : DRMPanelFeatureMgr::MarkForNullCommit: Marked 7 for null commit
05-04 18:37:53.030  7916 26552 D BtGatt.GattService: unregisterScanner() - scannerId=4
05-04 18:37:53.030  1789  2259 I SDM     : HWDeviceDRM::NullCommit: Null commit succeeded crtc=162
05-04 18:37:53.031  1737  1737 D vendor.qti.bluetooth@1.0-ibs_handler: SerialClockVote: vote for UART CLK ON
05-04 18:37:53.032  1737  1737 D vendor.qti.bluetooth@1.0-wake_lock: Acquire wakelock is acquired 
05-04 18:37:53.032  1737  1737 I vendor.qti.bluetooth@1.0-ibs_handler: DeviceWakeUp: Writing IBS_WAKE_IND
05-04 18:37:53.032  7916 26552 D BtGatt.GattService: unregisterScanner() - scannerId=17
05-04 18:37:53.033 27765 29829 I NearbySharing: Stopped scanning for FastInitiation
05-04 18:37:53.034 27765 29829 I NearbySharing: Fast Initiation Scanning has stopped
05-04 18:37:53.034 27765 29829 I NearbySharing: Dismissing HUN as there's no device nearby.
05-04 18:37:53.034 27765 29830 I NearbySharing: Loading certificates with visibility SELF_SHARE
05-04 18:37:53.035 27765 29830 I NearbySharing: Saving the private certificate to file nearby_sharing_private_certificate_file_for_self.
05-04 18:37:53.037  1737  7987 I vendor.qti.bluetooth@1.0-ibs_handler: ProcessIbsCmd: Received IBS_WAKE_ACK: 0xFC
05-04 18:37:53.037  1737  7987 I vendor.qti.bluetooth@1.0-ibs_handler: ProcessIbsCmd: Signal wack_cond_
05-04 18:37:53.037  1737  1737 D vendor.qti.bluetooth@1.0-ibs_handler: DeviceWakeUp: Unblocked from waiting for FC, pthread_cond_timedwait ret = 0
05-04 18:37:53.040  1737  7987 I vendor.qti.bluetooth@1.0-ibs_handler: ProcessIbsCmd: Received IBS_WAKE_IND: 0xFD
05-04 18:37:53.040 27765 29830 I NearbySharing: Network state changed: NetworkState(isRestricted=false, isOnline=true, isCongested=false, isMetered=false, isWifiConnected=true)
05-04 18:37:53.040  1737  7987 I vendor.qti.bluetooth@1.0-ibs_handler: ProcessIbsCmd: Writing IBS_WAKE_ACK
05-04 18:37:53.040 27765 29830 I NearbySharing: Network state changed: NetworkState(isRestricted=false, isOnline=true, isCongested=false, isMetered=false, isWifiConnected=true)
05-04 18:37:53.041 27765 27785 I NearbyConnections: ClientProxy(0p:com.google.android.gms.nearby.sharing) allow WebRtc to use mobile data.
05-04 18:37:53.041 27765 27785 I NearbyConnections: Client 214472614 requested to update advertising options.
05-04 18:37:53.041 27765 29829 I Nearby  : (REDACTED) Note nearby client %s for operation %s
05-04 18:37:53.042  7916  7941 D BtGatt.GattService: onScanFilterParamsConfigured() - clientIf=4, status=0, action=1, availableSpace=57
05-04 18:37:53.042  7916  7941 D BtGatt.ScanManager: callback done for scannerId - 4 status - 0
05-04 18:37:53.042 27765 29829 I NearbyMediums: In ScanningCancellationFlag, service-id=NearbyConnections.TxAdvertisement is the last scanner to stop scanning. The flag has been cancelled.
05-04 18:37:53.043 27765 29287 D BluetoothAdapter: isLeEnabled(): ON
05-04 18:37:53.043  7916  7941 D BtGatt.GattService: onScanFilterParamsConfigured() - clientIf=4, status=0, action=1, availableSpace=58
05-04 18:37:53.043  7916  7941 D BtGatt.ScanManager: callback done for scannerId - 4 status - 0
05-04 18:37:53.044  7916 26552 D BtGatt.GattService: stopScan() - queue size =2
05-04 18:37:53.044  7916  7941 D BtGatt.GattService: onScanFilterParamsConfigured() - clientIf=4, status=0, action=1, availableSpace=59
05-04 18:37:53.044  7916  7941 D BtGatt.ScanManager: callback done for scannerId - 4 status - 0
05-04 18:37:53.044  7916  7955 D BtGatt.ScanManager: configureRegularScanParams() - queue=2
05-04 18:37:53.044  7916  7955 D BtGatt.ScanManager: configureRegularScanParams() - ScanSetting LE 1M Scan mode=0ScanSetting LE Coded Scan mode=0 mLastConfiguredScanSettingLE1M=0 mLastConfiguredScanSettingLECoded=0scanPhy=255
05-04 18:37:53.044  7916  7955 I BtGatt.ScanManager: msg.what = 1
05-04 18:37:53.044  7916  7955 D BtGatt.ScanManager: handling stopping scan  [ScanClient scanModeApp 3 scanModeUsed 0 [appScanStats com.google.uid.shared:10192]]
05-04 18:37:53.045  3064  3216 D PowerManagerService: nativeReleaseSuspendBlocker name:PowerManagerService.WakeLocks duration ms: 1
05-04 18:37:53.046  7916 26552 D BtGatt.GattService: unregisterScanner() - scannerId=15
05-04 18:37:53.046 27765 29829 I NearbyMediums: Stopped BLE scanning, service-id=NearbyConnections.TxAdvertisement
05-04 18:37:53.046 27765 29829 I NearbyConnections: [InstantConnectionPcpMgr] In invalidateTxAdvertisementScanning(by pre_updateAdvertising) tx advertisement scanning skipped or stopped for endpointId:RS71 serviceId:NearbySharing isScreenUnlocked:false isAdvertising:true powerLevel:BALANCED isTxScanning:true
05-04 18:37:53.046 27765 29829 I NearbyConnections: [PcpManager] In updateAdvertisingOptions() advertisingMediums:[BLE] upgradeMediums:[USB, WIFI_LAN, WIFI_DIRECT, WIFI_AWARE, WIFI_HOTSPOT, WEB_RTC, BLE_L2CAP, BLUETOOTH, BLE, NFC] requireRegisterWifiStatusChangedCallback:true
05-04 18:37:53.046  7916  7941 D BtGatt.GattService: onScanFilterParamsConfigured() - clientIf=17, status=0, action=1, availableSpace=60
05-04 18:37:53.046  7916  7941 D BtGatt.ScanManager: callback done for scannerId - 17 status - 0
05-04 18:37:53.047  7916  7941 D BtGatt.GattService: onScanFilterParamsConfigured() - clientIf=17, status=0, action=1, availableSpace=61
05-04 18:37:53.047  7916  7941 D BtGatt.ScanManager: callback done for scannerId - 17 status - 0
05-04 18:37:53.047  7916  7955 D BtGatt.ScanManager: configureRegularScanParams() - queue=1
05-04 18:37:53.047  7916  7955 D BtGatt.ScanManager: configureRegularScanParams() - ScanSetting LE 1M Scan mode=0ScanSetting LE Coded Scan mode=-2147483648 mLastConfiguredScanSettingLE1M=0 mLastConfiguredScanSettingLECoded=0scanPhy=1
05-04 18:37:53.048  7916  7955 D BtGatt.ScanManager: configureRegularScanParams() - queue emtpy, scan stopped
05-04 18:37:53.048  7916  7955 D BtGatt.ScanManager: configureRegularScanParams - scanInterval LE 1M = 1400configureRegularScanParams - scanWindow LE 1M= 140configureRegularScanParams - scanInterval LE Coded= -2147483648configureRegularScanParams - scanWindow LE Coded= -2147483648
05-04 18:37:53.048 27765 29829 I NearbyConnections: Instant Connection Security key rotated.
05-04 18:37:53.048 27765 29829 I NearbyConnections: Scheduled invalidation of the HPKE key alarm (delayMillis:8000) for client 214472614
05-04 18:37:53.048  7916  7941 E BtGatt.ContextMap: Context not found for ID 15
05-04 18:37:53.048  7916  7941 E BtGatt.GattService: Advertise app or callback is null
05-04 18:37:53.048  7916  7955 I BtGatt.ScanManager: msg.what = 1
05-04 18:37:53.048  7916  7955 D BtGatt.ScanManager: handling stopping scan  [ScanClient scanModeApp 3 scanModeUsed 0 [appScanStats com.google.uid.shared:10192]]
05-04 18:37:53.048  7916  7955 D BtGatt.ScanManager: stop gattClientScanNative
05-04 18:37:53.048 27765 29829 I NearbyConnections: Get local endpoint id from random generation SXAY (last:RS71) for client 214472614
05-04 18:37:53.049 27765 29829 I NearbyConnections: generateRxInstantConnectionAdvBytes() returns null because in advertisingMediums: [BLE], there is no instant connection supported medium available for advertising.
05-04 18:37:53.049  7916 26552 D BtGatt.AdvertiseManager: stopAdvertisingSet() android.os.BinderProxy@7c99bea
05-04 18:37:53.050  7916 26552 D BtGatt.AdvertiseManager: stopAdvertisingSet() android.os.BinderProxy@93bf7d5
05-04 18:37:53.050 27765 29829 I NearbyMediums: Device token rotated, old deviceToken : [ 0xfb 0x1f ].
05-04 18:37:53.051 27765 29829 D BluetoothAdapter: isLeEnabled(): ON
05-04 18:37:53.051 27765 29829 D BluetoothLeAdvertiser:  Total bytes: size:10
05-04 18:37:53.051  7916 26552 D BtGatt.AdvertiseManager: startAdvertisingSet() - reg_id=-1157, callback: android.os.BinderProxy@2997233
05-04 18:37:53.051  7916  7941 D BtGatt.GattService: onScanFilterParamsConfigured() - clientIf=15, status=0, action=1, availableSpace=62
05-04 18:37:53.051  7916  7941 D BtGatt.ScanManager: callback done for scannerId - 15 status - 0
05-04 18:37:53.055  3064  3216 I ActivityManager: appDiedLocked: app=ProcessRecord{aad5495 25932:com.google.android.documentsui/u0a124} thread=android.os.BinderProxy@af554f0 fromBinderDied=true isKilledByAm=true reason=null
05-04 18:37:53.056  1587  1587 I Zygote  : Process 25932 exited due to signal 9 (Killed)
05-04 18:37:53.056  3064  3216 D RestartModeController: markWaitRestartAppIsSuicided null processName=com.google.android.documentsui
05-04 18:37:53.056  3064  3216 D ActivityTaskManager: handleAppDied: uid=10124,diedCount=1,lastDiedTime=724244730,forceStopUids=false
05-04 18:37:53.056  3064  3368 D DisplayManagerService: Drop pending events for gone uid 10124
05-04 18:37:53.059  7916  7941 D BtGatt.GattService: onScanFilterParamsConfigured() - clientIf=15, status=0, action=1, availableSpace=63
05-04 18:37:53.059  7916  7941 D BtGatt.ScanManager: callback done for scannerId - 15 status - 0
05-04 18:37:53.061  7916  7941 D BtGatt.GattService: onScanFilterParamsConfigured() - clientIf=15, status=0, action=1, availableSpace=64
05-04 18:37:53.061  7916  7941 D BtGatt.ScanManager: callback done for scannerId - 15 status - 0
05-04 18:37:53.061  7916  7955 D BtGatt.ScanManager: configureRegularScanParams() - queue=0
05-04 18:37:53.061  7916  7955 D BtGatt.ScanManager: configureRegularScanParams() - ScanSetting LE 1M Scan mode=-2147483648ScanSetting LE Coded Scan mode=-2147483648 mLastConfiguredScanSettingLE1M=0 mLastConfiguredScanSettingLECoded=-2147483648scanPhy=1
05-04 18:37:53.061  7916  7955 D BtGatt.ScanManager: configureRegularScanParams() - queue empty, scan stopped
05-04 18:37:53.061  7916  7955 D BtGatt.ScanManager: configureRegularScanParams() - queue emtpy, scan stopped
05-04 18:37:53.064  7916  7941 D BtGatt.AdvertiseManager: onAdvertisingSetStarted() - regId=-1157, advertiserId=0, status=0
05-04 18:37:53.065 27765 27765 I NearbyMediums: [InstantOnLostManager] Start instant onLost extended advertising, hashes = [ 0x8b 0x6f 0x4e 0xe4 ].
05-04 18:37:53.065 27765 29829 I NearbyMediums: Successfully stopped BLE advertising for service NearbySharing
05-04 18:37:53.065  3064  3746 I WifiService: releaseMulticastLock uid=1000 lockTag=NsdService
05-04 18:37:53.065  3064  3746 I serviceDiscovery: [MdnsAdvertiser] Removing service with ID 6092
05-04 18:37:53.066  3064  3216 I WifiService: releaseMulticastLock uid=10192 lockTag=nearby-connections-238224758
05-04 18:37:53.067 27765 29829 I Nearby  : (REDACTED) NsdManagerCompat released multicast lock %d.
05-04 18:37:53.067 27765 29829 I NearbyMediums: Stopped Wifi LAN advertising.
05-04 18:37:53.067 27765 29829 I NearbyMediums: Stopped listening for incoming Wifi Lan connections.
05-04 18:37:53.068 27765 26952 E NearbyMediums: MEDIUM_ERROR [SYSTEM][WIFI_LAN][START_LISTENING_INCOMING_CONNECTION][ACCEPT_CONNECTION_FAILED][SOCKET_CLOSED], service-id=NearbySharing
05-04 18:37:53.068 27765 26952 E NearbyMediums: Extra Sensitive/PII message : Socket closed
05-04 18:37:53.071 27765 29829 I NearbyMediums: BLE extended advertising not started.
05-04 18:37:53.071 27765 29829 D BluetoothAdapter: isLeEnabled(): ON
05-04 18:37:53.071 27765 29829 D BluetoothLeAdvertiser:  Total bytes: size:31
05-04 18:37:53.072  7916 26552 D BtGatt.AdvertiseManager: startAdvertisingSet() - reg_id=-1158, callback: android.os.BinderProxy@29359f0
05-04 18:37:53.078  7916  7941 D BtGatt.AdvertiseManager: onAdvertisingSetStarted() - regId=-1158, advertiserId=1, status=0
05-04 18:37:53.078 27765 29829 I NearbyMediums: Started BLE Legacy advertising. Regular Header Advertised : false, Fast Advertised : true, AdvertisingSettings : BleAdvertisingSetting{powerLevel= LOW_POWER, isConnectable= false, isPrivateGatt= true}, isAcceptingConnection : false
05-04 18:37:53.078 27765 29829 I NearbyMediums: Successfully started BLE advertising of size 23 for service NearbySharing, deviceToken : [ 0x58 0x25 ].
05-04 18:37:53.079 27765 29829 I NearbyMediums: [WifiNetworkV2] WifiStatusChangedCallback unregistered for NearbySharing (wifiStatusChangedCallbacks.size:0)
05-04 18:37:53.079 27765 29829 I NearbyConnections: [InstantConnectionPcpMgr] In invalidateTxAdvertisementScanning(by final_updateAdvertising) tx advertisement scanning skipped or stopped for endpointId: serviceId:NearbySharing isScreenUnlocked:false isAdvertising:true powerLevel:LOW isTxScanning:false
05-04 18:37:53.080 27765 29829 I NearbySharing: [broadcast provider] advertising options updated (BroadcastProviderOptions(powerLevel=1, flowId=2226470609963615791, uwbSenderInfo=[], deviceType=1, advertisingMediums=[4], upgradeMediums=[11, 5, 8, 6, 3, 9, 10, 2, 4, 7], useStableIdentifiers=false, allowBluetoothRadioToggling=false, allowWifiRadioToggling=false, enableBleL2capListening=false, allowGattConnections=false, enableFastAdvertisement=true)).
05-04 18:37:53.080 27765 29829 I NearbySharing: NearbySharing Internal event ReceiveManagerUpdate(mode=1, isEveryoneMode=false, dataUsage=2, useQrCode=false, success=true)
05-04 18:37:53.080 27765 26952 I NearbySharing: [ClearcutLog] ADVERTISE_DEVICE_PRESENCE_START sessionId=0 flowId=2226470609963615791 sessionStatus: 1, visibility: 5
05-04 18:37:53.092 20171 20180 W .adservices.api: Reducing the number of considered missed Gc histogram windows from 310 to 100
05-04 18:37:53.118  1737  7987 I vendor.qti.bluetooth@1.0-ibs_handler: ProcessIbsCmd: Received IBS_SLEEP_IND: 0xFE
05-04 18:37:53.229  1789  2259 I SDM     : DisplayBase::SetDisplayState: active 0-0 state 0-0 pending_power_state_ 0
05-04 18:37:53.233  1858  1858 D SurfaceFlinger: Finished setting power mode 0 on display 4630947043778501762
05-04 18:37:53.233  3064  3800 D SurfaceControl: Excessive delay in setPowerMode()
05-04 18:37:53.234  3064  3800 D PowerManagerService: nativeSetPowerMode ret:false mode:9 enabled:true duration ms: 0
05-04 18:37:53.235  3064  3370 I DisplayDeviceRepository: Display device changed state: "Built-in Screen", OFF
05-04 18:37:53.236  1858  1858 E Scheduler: trackPendingFrame: Invalid present fence
05-04 18:37:53.237  3064  3370 D DisplayManagerService: Ignore redundant display event 0/2 to 10381/6872
05-04 18:37:53.237  3064  3421 D PowerManagerService: nativeSetPowerMode ret:true mode:7 enabled:false duration ms: 1
05-04 18:37:53.237  1746  1746 I QTI PowerHAL: Power setMode: 7 to: 0
05-04 18:37:53.237  3064  3370 D DisplayManagerService: Ignore redundant display event 0/2 to 10388/8511
05-04 18:37:53.237  1746  1746 I QTI PowerHAL: Got set_interactive hint
05-04 18:37:53.237  3064  3370 D DisplayManagerService: Ignore redundant display event 0/2 to 10285/22384
05-04 18:37:53.237  3064  3421 I DreamManagerService: Entering dreamland. callers=com.android.server.dreams.DreamManagerService.startDreamInternal:487 com.android.server.dreams.DreamManagerService.-$$Nest$mstartDreamInternal:0 com.android.server.dreams.DreamManagerService$LocalService.startDream:1110 com.android.server.power.PowerManagerService.handleSandman:4102 com.android.server.power.PowerManagerService.-$$Nest$mhandleSandman:0 
05-04 18:37:53.238  1746  1746 I QTI PowerHAL: Got set_interactive hint on= 0, count= 1388
05-04 18:37:53.239  3064  3370 D DisplayManagerService: Ignore redundant display event 0/2 to 10392/22768
05-04 18:37:53.239  3064  3370 D DisplayManagerService: Ignore redundant display event 0/2 to 10207/26177
05-04 18:37:53.239  3064  3370 D DisplayManagerService: Ignore redundant display event 0/2 to 10376/27028
05-04 18:37:53.239  3064  3370 D DisplayManagerService: Ignore redundant display event 0/2 to 10178/32734
05-04 18:37:53.240  3064  3064 I BrightnessSynchronizer: New Update: {[12162] 0.57702327(f), mUpdatedTypes=0, mConfirmedTypes=0, mTimeUpdated=0, mState=2}
05-04 18:37:53.240  3064  3421 D PowerManagerService: nativeAcquireSuspendBlocker name:PowerManagerService.WakeLocks duration ms: 2
05-04 18:37:53.241  7916  7955 I BtGatt.ScanManager: msg.what = 8
05-04 18:37:53.242  3064  3421 I PowerManagerService: Dozing... groupId=0
05-04 18:37:53.243 17482 17482 I MotoDesktopLog: [ R4DisplayService ] - getFoldType, mFoldType0
05-04 18:37:53.244 17482 17482 I MotoDesktopLog: [ FS_ScreenSizeManager ] - [Display] Changed display: 0
05-04 18:37:53.244 17482 17482 I MotoDesktopLog: [ FS_ScreenSizeManager ] - [Display] Current activity display id: null
05-04 18:37:53.244 17482 17482 I MotoDesktopLog: [ FS_ScreenSizeManager ] - [Logic] Retrieved display info: LogicDisplayInfo(width=1080, height=2400, orientation=1, rotation=0, displayId=0)
05-04 18:37:53.244 17482 17482 I MotoDesktopLog: [ FS_ScreenSizeManager ] - [Display] New logical size: 1080x2400
05-04 18:37:53.244 17482 17482 I MotoDesktopLog: [ FS_ScreenSizeManager ] - [Display] Screen width unchanged: 1080
05-04 18:37:53.248  3064  3367 I DreamController: Starting dream: name=ComponentInfo{com.android.systemui/com.android.systemui.doze.DozeService}, isPreviewMode=false, canDoze=true, userId=0, reason='power manager request', mCurrentDreamStartTime=1290342881, isFirstTimeDream=false
05-04 18:37:53.249  1858  1858 E Scheduler: trackPendingFrame: Invalid present fence
05-04 18:37:53.253  3827  3827 I MotoPluginDelegateComponentFactory: delegate=com.motorola.systemui.SystemUIMotoAppComponentFactory@7249648
05-04 18:37:53.257  3827  3827 V DreamService[DozeService]: onCreate()
05-04 18:37:53.274  3827  3827 I MotoDozeSensor: Tap to wake up enable: true
05-04 18:37:53.275  3827  3827 E MotoDozeSensorTypeBuilder: This sensor type(25) is not supported.
05-04 18:37:53.275  3827  3827 D DozeTriggers: shouldregisterTapSensor:  zeroTapEnabled=false
05-04 18:37:53.280  3827  3827 V DreamService[DozeService]: onBind() intent = Intent { act=android.service.dreams.DreamService flg=0x800000 cmp=com.android.systemui/.doze.DozeService (has extras) }
05-04 18:37:53.282  3064  3064 I DreamController: onServiceConnected: name=ComponentInfo{com.android.systemui/com.android.systemui.doze.DozeService}, service=android.os.BinderProxy@6a0a111
05-04 18:37:53.282  3064  3367 I DreamController: onServiceConnected to attach: name=ComponentInfo{com.android.systemui/com.android.systemui.doze.DozeService}
05-04 18:37:53.282  3827  3827 I vol.VolumeDialogImpl: mDialog.dismiss() reason: volume_controller from: com.android.systemui.volume.VolumeDialogImpl$7.onDismissRequested:3 displayId: 0 mShowing: false mIsAnimatingDismiss: false
05-04 18:37:53.283  3827 23400 I DreamService: DreamServiceWrapper attach: dreamToken=android.os.BinderProxy@d745c0b, canDoze=true
05-04 18:37:53.284  3827  3827 I DreamService[DozeService]: attach() called: dreamToken=android.os.BinderProxy@d745c0b, canDoze=true mWindow=null mWindowless=true
05-04 18:37:53.284  3827  3827 V DreamService[DozeService]: onDreamingStarted()
05-04 18:37:53.286  3064  5853 D PowerManagerService: nativeReleaseSuspendBlocker name:PowerManagerService.Display duration ms: 1
05-04 18:37:53.286  3064  5853 D PowerManagerService: nativeSetAutoSuspend enable:true duration ms: 0
05-04 18:37:53.287  3827  3827 D SbStateController: setState: requested state KEYGUARD!= upcomingState: SHADE. This usually means the status bar state transition was interrupted before the upcoming state could be applied.
05-04 18:37:53.288  1731  1731 I sensors-hal: batch:206, com.motorola.sensor.ltv/65738, period=1000000, max_latency=0
05-04 18:37:53.288  1731  1731 I sensors-hal: set_config:57, sample_period_ns is adjusted to 0 based on min/max delay_ns
05-04 18:37:53.288  1731  1731 I sensors-hal: batch:215, com.motorola.sensor.ltv/65738, period=1000000, max_latency=0 request completed
05-04 18:37:53.289  1731  1731 I sensors-hal: activate:173, com.motorola.sensor.ltv/65738 en=1
05-04 18:37:53.289  1731  1731 I sensors-hal: get_qmi_debug_flag:239, support_qmi_debug : false
05-04 18:37:53.290  1727  1987 E minksocket: MinkIPC_QRTR_Service: client with node 1 port 6a49 went down
05-04 18:37:53.291  1727  1987 E minksocket: MinkIPC_QRTR_Service: client with node 1 port 6a4a went down
05-04 18:37:53.292  1727  1987 E minksocket: MinkIPC_QRTR_Service: client with node 1 port 6a4b went down
05-04 18:37:53.292  1727  1987 E minksocket: MinkIPC_QRTR_Service: client with node 1 port 6a4c went down
05-04 18:37:53.293  1731  1731 E Diag_Lib: diag: Diag_LSM_Init: invoked for pid: 1731 with init_count: 0
05-04 18:37:53.293  1731  1731 E Diag_Lib: diag:failed to connect to diag socket
05-04 18:37:53.294  1731  1731 E Diag_Lib:  Diag_LSM_Init: Failed to open handle to diag driver, error = 13
05-04 18:37:53.294  1731  1731 I sensors-hal: send_sync_sensor_request:341, send sync request
05-04 18:37:53.294  1731  1731 I sensors-hal: send_sync_sensor_request:367, wait for notification of response
05-04 18:37:53.295  3827  3827 D SbStateController: setState trace
05-04 18:37:53.295  3827  3827 D SbStateController: java.lang.Throwable
05-04 18:37:53.295  3827  3827 D SbStateController: 	at com.android.systemui.statusbar.StatusBarStateControllerImpl.setState(go/retraceme 0bf4826df63c21478fb7abc8cccbab5bb1698346e94c0ec1ea72c9ca4e377dae:81)
05-04 18:37:53.295  3827  3827 D SbStateController: 	at com.android.systemui.statusbar.SysuiStatusBarStateController.setState$1(go/retraceme 0bf4826df63c21478fb7abc8cccbab5bb1698346e94c0ec1ea72c9ca4e377dae:2)
05-04 18:37:53.295  3827  3827 D SbStateController: 	at com.android.systemui.statusbar.phone.CentralSurfacesImpl.updateIsKeyguard(go/retraceme 0bf4826df63c21478fb7abc8cccbab5bb1698346e94c0ec1ea72c9ca4e377dae:38)
05-04 18:37:53.295  3827  3827 D SbStateController: 	at com.android.systemui.statusbar.phone.CentralSurfacesImpl.updateIsKeyguard(go/retraceme 0bf4826df63c21478fb7abc8cccbab5bb1698346e94c0ec1ea72c9ca4e377dae:1)
05-04 18:37:53.295  3827  3827 D SbStateController: 	at com.android.systemui.doze.DozeUi.transitionTo(go/retraceme 0bf4826df63c21478fb7abc8cccbab5bb1698346e94c0ec1ea72c9ca4e377dae:202)
05-04 18:37:53.295  3827  3827 D SbStateController: 	at com.android.systemui.doze.DozeMachine.transitionTo(go/retraceme 0bf4826df63c21478fb7abc8cccbab5bb1698346e94c0ec1ea72c9ca4e377dae:496)
05-04 18:37:53.295  3827  3827 D SbStateController: 	at com.android.systemui.doze.DozeMachine.requestState(go/retraceme 0bf4826df63c21478fb7abc8cccbab5bb1698346e94c0ec1ea72c9ca4e377dae:10)
05-04 18:37:53.295  3827  3827 D SbStateController: 	at com.android.systemui.doze.DozeMachine.requestState(go/retraceme 0bf4826df63c21478fb7abc8cccbab5bb1698346e94c0ec1ea72c9ca4e377dae:2)
05-04 18:37:53.295  3827  3827 D SbStateController: 	at com.android.systemui.doze.DozeService.onDreamingStarted(go/retraceme 0bf4826df63c21478fb7abc8cccbab5bb1698346e94c0ec1ea72c9ca4e377dae:8)
05-04 18:37:53.295  3827  3827 D SbStateController: 	at android.service.dreams.DreamService.lambda$attach$2(DreamService.java:1260)
05-04 18:37:53.295  3827  3827 D SbStateController: 	at android.service.dreams.DreamService.$r8$lambda$LWVZZw52d1lO6vIBrQTl7T0lPXs(Unknown Source:0)
05-04 18:37:53.295  3827  3827 D SbStateController: 	at android.service.dreams.DreamService$$ExternalSyntheticLambda0.run(Unknown Source:4)
05-04 18:37:53.295  3827  3827 D SbStateController: 	at android.service.dreams.DreamService.attach(DreamService.java:1299)
05-04 18:37:53.295  3827  3827 D SbStateController: 	at android.service.dreams.DreamService.-$$Nest$mattach(Unknown Source:0)
05-04 18:37:53.295  3827  3827 D SbStateController: 	at android.service.dreams.DreamService$DreamServiceWrapper.lambda$attach$0(DreamService.java:1484)
05-04 18:37:53.295  3827  3827 D SbStateController: 	at android.service.dreams.DreamService$DreamServiceWrapper.$r8$lambda$xbOijbWuaZHVjLQOHlWmfQwZ9Hw(Unknown Source:0)
05-04 18:37:53.295  3827  3827 D SbStateController: 	at android.service.dreams.DreamService$DreamServiceWrapper$$ExternalSyntheticLambda2.run(Unknown Source:10)
05-04 18:37:53.295  3827  3827 D SbStateController: 	at android.os.Handler.handleCallback(Handler.java:1000)
05-04 18:37:53.295  3827  3827 D SbStateController: 	at android.os.Handler.dispatchMessage(Handler.java:104)
05-04 18:37:53.295  3827  3827 D SbStateController: 	at android.os.Looper.loopOnce(Looper.java:242)
05-04 18:37:53.295  3827  3827 D SbStateController: 	at android.os.Looper.loop(Looper.java:362)
05-04 18:37:53.295  3827  3827 D SbStateController: 	at android.app.ActivityThread.main(ActivityThread.java:8448)
05-04 18:37:53.295  3827  3827 D SbStateController: 	at java.lang.reflect.Method.invoke(Native Method)
05-04 18:37:53.295  3827  3827 D SbStateController: 	at com.android.internal.os.RuntimeInit$MethodAndArgsCaller.run(RuntimeInit.java:552)
05-04 18:37:53.295  3827  3827 D SbStateController: 	at com.android.internal.os.ZygoteInit.main(ZygoteInit.java:992)
05-04 18:37:53.297  1731  3697 I slpi    : MOT_LTV started with registry parameters (rcv_reg_items=0x1fff)
05-04 18:37:53.298  1731 29856 I sensors-hal: ssc_conn_resp_cb:632, resp_value = 0
05-04 18:37:53.298  1731  1731 I sensors-hal: send_sync_sensor_request:373, takes 4 ms to receive the response with 0
05-04 18:37:53.298  1731  1731 I sensors-hal: activate:184, com.motorola.sensor.ltv/65738 en=1 completed
05-04 18:37:53.300  3827  3827 D CentralSurfaces: updateQsExpansionEnabled - QS Expand enabled: false
05-04 18:37:53.303  1731  1731 I sensors-hal: batch:206, com.motorola.sensor.glance/65658, period=1000000, max_latency=0
05-04 18:37:53.303  1731  1731 I sensors-hal: set_config:57, sample_period_ns is adjusted to 0 based on min/max delay_ns
05-04 18:37:53.303  1731  1731 I sensors-hal: batch:215, com.motorola.sensor.glance/65658, period=1000000, max_latency=0 request completed
05-04 18:37:53.304  1731  1731 I sensors-hal: activate:173, com.motorola.sensor.glance/65658 en=1
05-04 18:37:53.305  1731  1731 I sensors-hal: activate:154, activate glance 65548
05-04 18:37:53.305  1731  1731 I sensors-hal: get_qmi_debug_flag:239, support_qmi_debug : false
05-04 18:37:53.306  1727  1987 E minksocket: MinkIPC_QRTR_Service: client with node 1 port 6a4e went down
05-04 18:37:53.306  3827  3827 D CentralSurfaces: updateQsExpansionEnabled - QS Expand enabled: false
05-04 18:37:53.307  1727  1987 E minksocket: MinkIPC_QRTR_Service: client with node 1 port 6a4f went down
05-04 18:37:53.307  1727  1987 E minksocket: MinkIPC_QRTR_Service: client with node 1 port 6a50 went down
05-04 18:37:53.307  1731  1731 E Diag_Lib: diag: Diag_LSM_Init: invoked for pid: 1731 with init_count: 0
05-04 18:37:53.308  1731  1731 E Diag_Lib: diag:failed to connect to diag socket
05-04 18:37:53.308  1731  1731 E Diag_Lib:  Diag_LSM_Init: Failed to open handle to diag driver, error = 13
05-04 18:37:53.308  1727  1987 E minksocket: MinkIPC_QRTR_Service: client with node 1 port 6a51 went down
05-04 18:37:53.311  1731  1731 I sensors-hal: create_sensor_config_request:143, sending MOT_GLANCE_MSGID_MOT_GLANCE_CONFIG, 0x17
05-04 18:37:53.311  1731  1731 I sensors-hal: send_sync_sensor_request:341, send sync request
05-04 18:37:53.311  1731  1731 I sensors-hal: send_sync_sensor_request:367, wait for notification of response
05-04 18:37:53.314  1731 29858 I sensors-hal: ssc_conn_resp_cb:632, resp_value = 0
05-04 18:37:53.314  1731  1731 I sensors-hal: send_sync_sensor_request:373, takes 2 ms to receive the response with 0
05-04 18:37:53.314  1731  1731 I sensors-hal: activate:184, com.motorola.sensor.glance/65658 en=1 completed
05-04 18:37:53.314  3827  3827 D VRI[NotificationShade]: update {(0,0)(fillxfill) gr=TOP CENTER_VERTICAL layoutInDisplayCutoutMode=always ty=2040 fmt=TRANSLUCENT
05-04 18:37:53.314  3827  3827 D VRI[NotificationShade]:   fl=NOT_FOCUSABLE TOUCHABLE_WHEN_WAKING WATCH_OUTSIDE_TOUCH SPLIT_TOUCH HARDWARE_ACCELERATED DRAWS_SYSTEM_BAR_BACKGROUNDS
05-04 18:37:53.314  3827  3827 D VRI[NotificationShade]:   pfl=OPTIMIZE_MEASURE BEHAVIOR_CONTROLLED FIT_INSETS_CONTROLLED
05-04 18:37:53.314  3827  3827 D VRI[NotificationShade]:   bhv=SHOW_TRANSIENT_BARS_BY_SWIPE} by setLayoutParams
05-04 18:37:53.324  3827  3827 D VRI[NotificationShade]: update {(0,0)(fillxfill) gr=TOP CENTER_VERTICAL layoutInDisplayCutoutMode=always ty=2040 fmt=TRANSLUCENT or=SCREEN_ORIENTATION_NOSENSOR
05-04 18:37:53.324  3827  3827 D VRI[NotificationShade]:   fl=NOT_FOCUSABLE TOUCHABLE_WHEN_WAKING WATCH_OUTSIDE_TOUCH SHOW_WALLPAPER SPLIT_TOUCH HARDWARE_ACCELERATED DRAWS_SYSTEM_BAR_BACKGROUNDS
05-04 18:37:53.324  3827  3827 D VRI[NotificationShade]:   pfl=OPTIMIZE_MEASURE HIDE_NON_SYSTEM_OVERLAY_WINDOWS BEHAVIOR_CONTROLLED FIT_INSETS_CONTROLLED
05-04 18:37:53.324  3827  3827 D VRI[NotificationShade]:   bhv=SHOW_TRANSIENT_BARS_BY_SWIPE} by setLayoutParams
05-04 18:37:53.331  3827  3827 I NotificationMediaManager: mBackdrop to GONE
05-04 18:37:53.337  3827  3827 D CentralSurfaces: updateQsExpansionEnabled - QS Expand enabled: false
05-04 18:37:53.353  3827  3827 I QSTileHost: registerStowedSensor
05-04 18:37:53.358  3827  3827 W WindowOnBackDispatcher: OnBackInvokedCallback is not enabled for the application.
05-04 18:37:53.358  3827  3827 W WindowOnBackDispatcher: Set 'android:enableOnBackInvokedCallback="true"' in the application manifest.
05-04 18:37:53.358  3827  3827 D CentralSurfaces: Received new disable state: enaihbcrso.qingr (unchanged)
05-04 18:37:53.359  3827  3827 D CentralSurfaces: Received new disable state: enaihbcrso.qingr (unchanged)
05-04 18:37:53.365  3064  4512 I DreamManagerService: startDozing by com.android.systemui callingUid=10342 callingPid=3827
05-04 18:37:53.365  3064  4512 D DreamManagerService: Dream requested to start dozing: android.os.Binder@b01c905, screenState=1, screenBrightness=-1
05-04 18:37:53.367  3064  4512 D PowerManagerService: nativeSetAutoSuspend enable:false duration ms: 2
05-04 18:37:53.368  3064  4512 D PowerManagerService: nativeAcquireSuspendBlocker name:PowerManagerService.Display duration ms: 1
05-04 18:37:53.369  3064  4512 I DreamController: mDreamingStartedCallback sendResult
05-04 18:37:53.370  3064  3421 D PowerManagerService: nativeAcquireSuspendBlocker name:PowerManagerService.Broadcasts duration ms: 1
05-04 18:37:53.371  3064  3421 D PowerManagerService: nativeSetAutoSuspend enable:true duration ms: 1
05-04 18:37:53.371  3064  3421 D PowerManagerService: nativeReleaseSuspendBlocker name:PowerManagerService.Display duration ms: 0
05-04 18:37:53.371  3064  3064 I WindowManager: Finished going to sleep... (groupId=0 why=OFF_BECAUSE_OF_TIMEOUT) pmSleepReason=timeout
05-04 18:37:53.383 30339 30339 D com.motorola.faceunlock.service.FaceAuthService: OnReceive intent = Intent { act=android.intent.action.SCREEN_OFF flg=0x50200010 }
05-04 18:37:53.383 30339 30339 D com.motorola.faceunlock.service.FaceAuthService: handled intent = Intent { act=android.intent.action.SCREEN_OFF flg=0x50200010 }
05-04 18:37:53.412 10800 10806 W chbox:googleapp: Reducing the number of considered missed Gc histogram windows from 473 to 100
05-04 18:37:53.414  1736 27301 D AHAL: AudioDevice: SetParameters: 1564: enter: screen_state=off
05-04 18:37:53.415  1736 27301 D AHAL: AudioVoice: VoiceSetParameters: 87: Enter params: screen_state=off
05-04 18:37:53.415  1736 27301 D AHAL: AudioVoice: VoiceSetParameters: 360: Exit ret: 0
05-04 18:37:53.417  1736 27301 D AHAL: FM: fm_set_parameters: 262: Enter
05-04 18:37:53.417  1736 27301 D AHAL: FM: fm_set_parameters: 320: exit
05-04 18:37:53.417  1736 27301 D AHAL: AudioDevice: SetParameters: 1628:  - screen = off
05-04 18:37:53.424  1736 27301 I PAL: ResourceManager: setParameter: 8305: Screen State:0
05-04 18:37:53.425  1736 27301 D AHAL: AudioDevice: SetParameters: 2361: exit: screen_state=off
05-04 18:37:53.428  1858  1858 E Scheduler: trackPendingFrame: Invalid present fence
05-04 18:37:53.430  3827  3949 E OpenGLRenderer: Unable to match the desired swap behavior.
05-04 18:37:53.431  1731  1731 I sensors-hal: activate:173, android.sensor.accelerometer/11 en=0
05-04 18:37:53.434  1727  1987 E minksocket: MinkIPC_QRTR_Service: client with node 1 port 643d went down
05-04 18:37:53.435  1727  1987 E minksocket: MinkIPC_QRTR_Service: client with node 1 port 6438 went down
05-04 18:37:53.436  1731  1731 I sensors-hal: activate:184, android.sensor.accelerometer/11 en=0 completed
05-04 18:37:53.436  3064  3064 I PowerManagerService: onFlip(): Face up.
05-04 18:37:53.438  1858  1858 E Scheduler: trackPendingFrame: Invalid present fence
05-04 18:37:53.441  5894  5894 I MotoFreeForm: [ScreenReceiver] onReceive : action = android.intent.action.SCREEN_OFF
05-04 18:37:53.442  5894  5894 I MotoFreeForm: [ScreenReceiver] onReceive: Screen off, QuickPanelView has init = true
05-04 18:37:53.442  4048  4048 D DeviceStatisticsService: onReceive: action= android.intent.action.SCREEN_OFF
05-04 18:37:53.442  4048  4048 D DeviceStatisticsService: Send device is not interactive
05-04 18:37:53.442  4048  4048 D DeviceInfoHidlClient: getDeviceInfoSupportStatus()=1
05-04 18:37:53.442  4048  4048 D DeviceInfoHidlClient: isRadioOn()=true
05-04 18:37:53.442  4048  4048 I DeviceInfoHidlClient: deviceState=1
05-04 18:37:53.450  3064  3064 D MotoFaceProvider: Receive screen off intent
05-04 18:37:53.452 17496 17496 D AdaptivePerfD: ScreenOnOffReceiver.onReceive [android.intent.action.SCREEN_OFF]
05-04 18:37:53.452  3827  3827 D CentralSurfaces: Received new disable state: enaihbcrso.qingr (unchanged)
05-04 18:37:53.453  3827  3827 W View    : requestLayout() improperly called by com.android.systemui.util.AutoMarqueeTextView{c05f7e1 V.ED..... ..S...ID 0,34-59,68 #7f0a07e8 app:id/shade_carrier_text} during layout: running second layout pass
05-04 18:37:53.453  3827  3827 W View    : requestLayout() improperly called by com.android.keyguard.CarrierText{b6be5a1 V.ED..... ..S...ID 34,0-454,90 #7f0a045c app:id/keyguard_carrier_text} during layout: running second layout pass
05-04 18:37:53.458  4041  4041 E DPMJ    : |SERVICE| sendScreenState state  falseand int value 0
05-04 18:37:53.466 15473 15473 E mot.actions.lts.LiftToSilenceService: LiftToS - Unable to unregister ScreenOffBroadcastReceiver
05-04 18:37:53.466 15473 15473 E mot.actions.lts.LiftToSilenceService: java.lang.IllegalArgumentException: Receiver not registered: com.motorola.actions.lts.LiftToSilenceService$b@efdb2f8
05-04 18:37:53.466 15473 15473 E mot.actions.lts.LiftToSilenceService: 	at android.app.LoadedApk.forgetReceiverDispatcher(LoadedApk.java:1690)
05-04 18:37:53.466 15473 15473 E mot.actions.lts.LiftToSilenceService: 	at android.app.ContextImpl.unregisterReceiver(ContextImpl.java:1892)
05-04 18:37:53.466 15473 15473 E mot.actions.lts.LiftToSilenceService: 	at android.content.ContextWrapper.unregisterReceiver(ContextWrapper.java:820)
05-04 18:37:53.466 15473 15473 E mot.actions.lts.LiftToSilenceService: 	at com.motorola.actions.lts.LiftToSilenceService.s(SourceFile:3)
05-04 18:37:53.466 15473 15473 E mot.actions.lts.LiftToSilenceService: 	at s3.j.run(SourceFile:8)
05-04 18:37:53.466 15473 15473 E mot.actions.lts.LiftToSilenceService: 	at android.os.Handler.handleCallback(Handler.java:1000)
05-04 18:37:53.466 15473 15473 E mot.actions.lts.LiftToSilenceService: 	at android.os.Handler.dispatchMessage(Handler.java:104)
05-04 18:37:53.466 15473 15473 E mot.actions.lts.LiftToSilenceService: 	at android.os.Looper.loopOnce(Looper.java:242)
05-04 18:37:53.466 15473 15473 E mot.actions.lts.LiftToSilenceService: 	at android.os.Looper.loop(Looper.java:362)
05-04 18:37:53.466 15473 15473 E mot.actions.lts.LiftToSilenceService: 	at android.app.ActivityThread.main(ActivityThread.java:8448)
05-04 18:37:53.466 15473 15473 E mot.actions.lts.LiftToSilenceService: 	at java.lang.reflect.Method.invoke(Native Method)
05-04 18:37:53.466 15473 15473 E mot.actions.lts.LiftToSilenceService: 	at com.android.internal.os.RuntimeInit$MethodAndArgsCaller.run(RuntimeInit.java:552)
05-04 18:37:53.466 15473 15473 E mot.actions.lts.LiftToSilenceService: 	at com.android.internal.os.ZygoteInit.main(ZygoteInit.java:992)
05-04 18:37:53.467 15473 15473 E mot.actions.lts.LiftToSilenceService: LiftToS - Unable to unregister VolumeDownInCallBroadcastReceiver
05-04 18:37:53.467 15473 15473 E mot.actions.lts.LiftToSilenceService: java.lang.IllegalArgumentException: Receiver not registered: com.motorola.actions.lts.LiftToSilenceService$d@25cf3d1
05-04 18:37:53.467 15473 15473 E mot.actions.lts.LiftToSilenceService: 	at android.app.LoadedApk.forgetReceiverDispatcher(LoadedApk.java:1690)
05-04 18:37:53.467 15473 15473 E mot.actions.lts.LiftToSilenceService: 	at android.app.ContextImpl.unregisterReceiver(ContextImpl.java:1892)
05-04 18:37:53.467 15473 15473 E mot.actions.lts.LiftToSilenceService: 	at android.content.ContextWrapper.unregisterReceiver(ContextWrapper.java:820)
05-04 18:37:53.467 15473 15473 E mot.actions.lts.LiftToSilenceService: 	at com.motorola.actions.lts.LiftToSilenceService.s(SourceFile:10)
05-04 18:37:53.467 15473 15473 E mot.actions.lts.LiftToSilenceService: 	at s3.j.run(SourceFile:8)
05-04 18:37:53.467 15473 15473 E mot.actions.lts.LiftToSilenceService: 	at android.os.Handler.handleCallback(Handler.java:1000)
05-04 18:37:53.467 15473 15473 E mot.actions.lts.LiftToSilenceService: 	at android.os.Handler.dispatchMessage(Handler.java:104)
05-04 18:37:53.467 15473 15473 E mot.actions.lts.LiftToSilenceService: 	at android.os.Looper.loopOnce(Looper.java:242)
05-04 18:37:53.467 15473 15473 E mot.actions.lts.LiftToSilenceService: 	at android.os.Looper.loop(Looper.java:362)
05-04 18:37:53.467 15473 15473 E mot.actions.lts.LiftToSilenceService: 	at android.app.ActivityThread.main(ActivityThread.java:8448)
05-04 18:37:53.467 15473 15473 E mot.actions.lts.LiftToSilenceService: 	at java.lang.reflect.Method.invoke(Native Method)
05-04 18:37:53.467 15473 15473 E mot.actions.lts.LiftToSilenceService: 	at com.android.internal.os.RuntimeInit$MethodAndArgsCaller.run(RuntimeInit.java:552)
05-04 18:37:53.467 15473 15473 E mot.actions.lts.LiftToSilenceService: 	at com.android.internal.os.ZygoteInit.main(ZygoteInit.java:992)
05-04 18:37:53.469  3827  3827 D VRI[NavigationBar0]: update {(0,0)(fillx102) gr=BOTTOM CENTER_VERTICAL layoutInDisplayCutoutMode=always ty=NAVIGATION_BAR fmt=TRANSLUCENT
05-04 18:37:53.469  3827  3827 D VRI[NavigationBar0]:   fl=NOT_FOCUSABLE NOT_TOUCH_MODAL WATCH_OUTSIDE_TOUCH SPLIT_TOUCH FLAG_SLIPPERY
05-04 18:37:53.469  3827  3827 D VRI[NavigationBar0]:   pfl=LAYOUT_SIZE_EXTENDED_BY_CUTOUT COLOR_SPACE_AGNOSTIC FIT_INSETS_CONTROLLED TRUSTED_OVERLAY
05-04 18:37:53.469  3827  3827 D VRI[NavigationBar0]:   bhv=DEFAULT
05-04 18:37:53.469  3827  3827 D VRI[NavigationBar0]:   providedInsets:
05-04 18:37:53.469  3827  3827 D VRI[NavigationBar0]:     InsetsFrameProvider: {id=#77480001, index=0, type=navigationBars, source=FRAME, flags=[SUPPRESS_SCRIM], insetsSize=Insets{left=0, top=0, right=0, bottom=51}, insetsSizeOverrides=[TypedInsetsSize: {windowType=INPUT_METHOD, insetsSize=null}]}
05-04 18:37:53.469  3827  3827 D VRI[NavigationBar0]:     InsetsFrameProvider: {id=#77480006, index=0, type=tappableElement, source=FRAME, flags=[], insetsSize=Insets{left=0, top=0, right=0, bottom=0}}
05-04 18:37:53.469  3827  3827 D VRI[NavigationBar0]:     InsetsFrameProvider: {id=#77480005, index=0, type=mandatorySystemGestures, source=FRAME, flags=[], insetsSize=Insets{left=0, top=0, right=0, bottom=68}}
05-04 18:37:53.469  3827  3827 D VRI[NavigationBar0]:     InsetsFrameProvider: {id=#77480004, index=0, type=systemGestures, source=DISPLAY, flags=[], insetsSize=Insets{left=63, top=0, right=0, bottom=0}, mMinimalInsetsSizeInDisplayCutoutSafe=Insets{left=63, top=0, right=0, bottom=0}}
05-04 18:37:53.469  3827  3827 D VRI[NavigationBar0]:     InsetsFrameProvider: {id=#77480024, index=1, type=systemGestures, source=DISPLAY, flags=[], insetsSize=Insets{left=0, top=0, right=63, bottom=0}, mMinimalInsetsSizeInDisplayCutoutSafe=Insets{left=0, top=0, right=63, bottom=0}}
05-04 18:37:53.469  3827  3827 D VRI[NavigationBar0]:   paramsForRotation:
05-04 18:37:53.469  3827  3827 D VRI[NavigationBar0]:     ROTATION_0={(0,0)(fillx102) gr=BOTTOM CENTER_VERTICAL layoutInDisplayCutoutMode=always ty=NAVIGATION_BAR fmt=TRANSLUCENT
05-04 18:37:53.469  3827  3827 D VRI[NavigationBar0]:       fl=NOT_FOCUSABLE NOT_TOUCH_MODAL WATCH_OUTSIDE_TOUCH SPLIT_TOUCH FLAG_SLIPPERY
05-04 18:37:53.469  3827  3827 D VRI[NavigationBar0]:       pfl=LAYOUT_SIZE_EXTENDED_BY_CUTOUT COLOR_SPACE_AGNOSTIC FIT_INSETS_CONTROLLED TRUSTED_OVERLAY
05-04 18:37:53.469  3827  3827 D VRI[NavigationBar0]:       bhv=DEFAULT
05-04 18:37:53.469  3827  3827 D VRI[NavigationBar0]:       providedInsets:
05-04 18:37:53.469  3827  3827 D VRI[NavigationBar0]:         InsetsFrameProvider: {id=#77480001, index=0, type=navigationBars, source=FRAME, flags=[SUPPRESS_SCRIM], insetsSize=Insets{left=0, top=0, right=0, bottom=51}, insetsSizeOverrides=[TypedInsetsSize: {windowType=INPUT_METHOD, insetsSize=null}]}
05-04 18:37:53.469  3827  3827 D VRI[NavigationBar0]:         InsetsFrameProvider: {id=#77480006, index=0, type=tappableElement, source=FRAME, flags=[], insetsSize=Insets{left=0, top=0, right=0, bottom=0}}
05-04 18:37:53.469  3827  3827 D VRI[NavigationBar0]:         InsetsFrameProvider: {id=#77480005, index=0, type=mandatorySystemGestures, source=FRAME, flags=[], insetsSize=Insets{left=0, top=0, right=0, bottom=68}}
05-04 18:37:53.469  3827  3827 D VRI[NavigationBar0]:         InsetsFrameProvider: {id=#77480004, index=0, type=systemGestures, source=DISPLAY, flags=[], insetsSize=Insets{left=63, top=0, right=0, bottom=0}, mMinimalInsetsSizeInDisplayCutoutSafe=Insets{left=63, top=0, right=0, bottom=0}}
05-04 18:37:53.469  3827  3827 D VRI[NavigationBar0]:         InsetsFrameProvider: {id=#77480024, index=1, type=systemGestures, source=DISPLAY, flags=[], insetsSize=Insets{left=0, top=0, right=63, bottom=0}, mMinimalInsetsSizeInDisplayCutoutSafe=Insets{left=0, top=0, right=63, bottom=0}}}
05-04 18:37:53.469  3827  3827 D VRI[NavigationBar0]:     ROTATION_90={(0,0)(fillx102) gr=BOTTOM CENTER_VERTICAL layoutInDisplayCutoutMode=always ty=NAVIGATION_BAR fmt=TRANSLUCENT
05-04 18:37:53.469  3827  3827 D VRI[NavigationBar0]:       fl=NOT_FOCUSABLE NOT_TOUCH_MODAL WATCH_OUTSIDE_TOUCH SPLIT_TOUCH FLAG_SLIPPERY
05-04 18:37:53.469  3827  3827 D VRI[NavigationBar0]:       pfl=LAYOUT_SIZE_EXTENDED_BY_CUTOUT COLOR_SPACE_AGNOSTIC FIT_INSETS_CONTROLLED TRUSTED_OVERLAY
05-04 18:37:53.469  3827  3827 D VRI[NavigationBar0]:       bhv=DEFAULT
05-04 18:37:53.469  3827  3827 D VRI[NavigationBar0]:       providedInsets:
05-04 18:37:53.469  3827  3827 D VRI[NavigationBar0]:         InsetsFrameProvider: {id=#77480001, index=0, type=navigationBars, source=FRAME, flags=[SUPPRESS_SCRIM], insetsSize=Insets{left=0, top=0, right=0, bottom=51}, insetsSizeOverrides=[TypedInsetsSize: {windowType=INPUT_METHOD, insetsSize=null}]}
05-04 18:37:53.469  3827  3827 D VRI[NavigationBar0]:         InsetsFrameProvider: {id=#77480006, index=0, type=tappableElement, source=FRAME, flags=[], insetsSize=Insets{left=0, top=0, right=0, bottom=0}}
05-04 18:37:53.469  3827  3827 D VRI[NavigationBar0]:         InsetsFrameProvider: {id=#77480005, index=0, type=mandatorySystemGestures, source=FRAME, flags=[], insetsSize=Insets{left=0, top=0, right=0, bottom=68}}
05-04 18:37:53.469  3827  3827 D VRI[NavigationBar0]:         InsetsFrameProvider: {id=#77480004, index=0, type=systemGestures, source=DISPLAY, flags=[], insetsSize=Insets{left=63, top=0, right=0, bottom=0}, mMinimalInsetsSizeInDisplayCutoutSafe=Insets{left=63, top=0, right=0, bottom=0}}
05-04 18:37:53.469  3827  3827 D VRI[NavigationBar0]:         InsetsFrameProvider: {id=#77480024, index=1, type=systemGestures, source=DISPLAY, flags=[], insetsSize=Insets{left=0, top=0, right=63, bottom=0}, mMinimalInsetsSizeInDisplayCutoutSafe=Insets{left=0, top=0, right=63, bottom=0}}}
05-04 18:37:53.469  3827  3827 D VRI[NavigationBar0]:     ROTATION_180={(0,0)(fillx102) gr=BOTTOM CENTER_VERTICAL layoutInDisplayCutoutMode=always ty=NAVIGATION_BAR fmt=TRANSLUCENT
05-04 18:37:53.469  3827  3827 D VRI[NavigationBar0]:       fl=NOT_FOCUSABLE NOT_TOUCH_MODAL WATCH_OUTSIDE_TOUCH SPLIT_TOUCH FLAG_SLIPPERY
05-04 18:37:53.469  3827  3827 D VRI[NavigationBar0]:       pfl=LAYOUT_SIZE_EXTENDED_BY_CUTOUT COLOR_SPACE_AGNOSTIC FIT_INSETS_CONTROLLED TRUSTED_OVERLAY
05-04 18:37:53.469  3827  3827 D VRI[NavigationBar0]:       bhv=DEFAULT
05-04 18:37:53.469  3827  3827 D VRI[NavigationBar0]:       providedInsets:
05-04 18:37:53.469  3827  3827 D VRI[NavigationBar0]:         InsetsFrameProvider: {id=#77480001, index=0, type=navigationBars, source=FRAME, flags=[SUPPRESS_SCRIM], insetsSize=Insets{left=0, top=0, right=0, bottom=51}, insetsSizeOverrides=[TypedInsetsSize: {windowType=INPUT_METHOD, insetsSize=null}]}
05-04 18:37:53.469  3827  3827 D VRI[NavigationBar0]:         InsetsFrameProvider: {id=#77480006, index=0, type=tappableElement, source=FRAME, flags=[], insetsSize=Insets{left=0, top=0, right=0, bottom=0}}
05-04 18:37:53.469  3827  3827 D VRI[NavigationBar0]:         InsetsFrameProvider: {id=#77480005, index=0, type=mandatorySystemGestures, source=FRAME, flags=[], insetsSize=Insets{left=0, top=0, right=0, bottom=68}}
05-04 18:37:53.469  3827  3827 D VRI[NavigationBar0]:         InsetsFrameProvider: {id=#77480004, index=0, type=systemGestures, source=DISPLAY, flags=[], insetsSize=Insets{left=63, top=0, right=0, bottom=0}, mMinimalInsetsSizeInDisplayCutoutSafe=Insets{left=63, top=0, right=0, bottom=0}}
05-04 18:37:53.469  3827  3827 D VRI[NavigationBar0]:         InsetsFrameProvider: {id=#77480024, index=1, type=systemGestures, source=DISPLAY, flags=[], insetsSize=Insets{left=0, top=0, right=63, bottom=0}, mMinimalInsetsSizeInDisplayCutoutSafe=Insets{left=0, top=0, right=63, bottom=0}}}
05-04 18:37:53.469  3827  3827 D VRI[NavigationBar0]:     ROTATION_270={(0,0)(fillx102) gr=BOTTOM CENTER_VERTICAL layoutInDisplayCutoutMode=always ty=NAVIGATION_BAR fmt=TRANSLUCENT
05-04 18:37:53.469  3827  3827 D VRI[NavigationBar0]:       fl=NOT_FOCUSABLE NOT_TOUCH_MODAL WATCH_OUTSIDE_TOUCH SPLIT_TOUCH FLAG_SLIPPERY
05-04 18:37:53.469  3827  3827 D VRI[NavigationBar0]:       pfl=LAYOUT_SIZE_EXTENDED_BY_CUTOUT COLOR_SPACE_AGNOSTIC FIT_INSETS_CONTROLLED TRUSTED_OVERLAY
05-04 18:37:53.469  3827  3827 D VRI[NavigationBar0]:       bhv=DEFAULT
05-04 18:37:53.469  3827  3827 D VRI[NavigationBar0]:       providedInsets:
05-04 18:37:53.469  3827  3827 D VRI[NavigationBar0]:         InsetsFrameProvider: {id=#77480001, index=0, type=navigationBars, source=FRAME, flags=[SUPPRESS_SCRIM], insetsSize=Insets{left=0, top=0, right=0, bottom=51}, insetsSizeOverrides=[TypedInsetsSize: {windowType=INPUT_METHOD, insetsSize=null}]}
05-04 18:37:53.469  3827  3827 D VRI[NavigationBar0]:         InsetsFrameProvider: {id=#77480006, index=0, type=tappableElement, source=FRAME, flags=[], insetsSize=Insets{left=0, top=0, right=0, bottom=0}}
05-04 18:37:53.469  3827  3827 D VRI[NavigationBar0]:         InsetsFrameProvider: {id=#77480005, index=0, type=mandatorySystemGestures, source=FRAME, flags=[], insetsSize=Insets{left=0, top=0, right=0, bottom=68}}
05-04 18:37:53.469  3827  3827 D VRI[NavigationBar0]:         InsetsFrameProvider: {id=#77480004, index=0, type=systemGestures, source=DISPLAY, flags=[], insetsSize=Insets{left=63, top=0, right=0, bottom=0}, mMinimalInsetsSizeInDisplayCutoutSafe=Insets{left=63, top=0, right=0, bottom=0}}
05-04 18:37:53.469  3827  3827 D VRI[NavigationBar0]:         InsetsFrameProvider: {id=#77480024, index=1, type=systemGestures, source=DISPLAY, flags=[], insetsSize=Insets{left=0, top=0, right=63, bottom=0}, mMinimalInsetsSizeInDisplayCutoutSafe=Insets{left=0, top=0, right=63, bottom=0}}}} by setLayoutParams
05-04 18:37:53.469 23155 29866 I DeviceStatusMonitor: DeviceStatusMonitor.handleBroadcast():135 onReceive() : Action = android.intent.action.SCREEN_OFF
05-04 18:37:53.470 23155 29866 I DeviceStatusMonitor: DeviceStatusMonitor.updateCountryInfo():151 updateCountryInfo(), notifyAnyway = false
05-04 18:37:53.478 10800 17527 V ClearcutMetricXmitter: Transmission is done.
05-04 18:37:53.478  3827  3827 D VRI[NotificationShade]: update {(0,0)(fillxfill) gr=TOP CENTER_VERTICAL layoutInDisplayCutoutMode=always ty=2040 fmt=TRANSLUCENT or=SCREEN_ORIENTATION_NOSENSOR
05-04 18:37:53.478  3827  3827 D VRI[NotificationShade]:   fl=TOUCHABLE_WHEN_WAKING ALT_FOCUSABLE_IM WATCH_OUTSIDE_TOUCH SHOW_WALLPAPER SPLIT_TOUCH HARDWARE_ACCELERATED DRAWS_SYSTEM_BAR_BACKGROUNDS
05-04 18:37:53.478  3827  3827 D VRI[NotificationShade]:   pfl=OPTIMIZE_MEASURE HIDE_NON_SYSTEM_OVERLAY_WINDOWS STATUS_FORCE_SHOW_NAVIGATION BEHAVIOR_CONTROLLED FIT_INSETS_CONTROLLED
05-04 18:37:53.478  3827  3827 D VRI[NotificationShade]:   bhv=SHOW_TRANSIENT_BARS_BY_SWIPE} by setLayoutParams
05-04 18:37:53.479 10800 17527 V ClearcutMetricXmitter: Transmission is done.
05-04 18:37:53.479 10800 17527 V ClearcutMetricXmitter: Transmission is done.
05-04 18:37:53.483 17482 17482 I MotoDesktopLog: [ ShareHubUiManager ] - screenIsOn: false, hasWindowShowed: false
05-04 18:37:53.483 17482 17482 I MotoDesktopLog: [ FileStationLog ] - broadcastMessage - cmd : 2008
05-04 18:37:53.498  1858  1858 E Scheduler: trackPendingFrame: Invalid present fence
05-04 18:37:53.499 23155 23155 I InputBundle: InputBundle.switchToKeyboardDirectly():530 switchToKeyboardDirectly(): acfb[keyboardType=prime, payload=null]
05-04 18:37:53.500 23155 23155 I InputBundle: InputBundle.switchToKeyboardDirectly():530 switchToKeyboardDirectly(): acfb[keyboardType=prime, payload=null]
05-04 18:37:53.500 23155 23155 I InputBundle: InputBundle.switchToKeyboardDirectly():530 switchToKeyboardDirectly(): acfb[keyboardType=prime, payload=null]
05-04 18:37:53.500 23155 23155 I InputBundle: InputBundle.switchToKeyboardDirectly():530 switchToKeyboardDirectly(): acfb[keyboardType=prime, payload=null]
05-04 18:37:53.500 23155 23155 I InputBundle: InputBundle.switchToKeyboardDirectly():530 switchToKeyboardDirectly(): acfb[keyboardType=prime, payload=null]
05-04 18:37:53.500 23155 23155 I InputBundle: InputBundle.switchToKeyboardDirectly():530 switchToKeyboardDirectly(): acfb[keyboardType=prime, payload=null]
05-04 18:37:53.501  3064  5853 W AppOps  : Noting op not finished: uid 10192 pkg com.google.android.gms code 113 startTime of in progress event=1777900072977
05-04 18:37:53.502 27765 27765 I BatchScanningManager: (REDACTED) Starting batch scanner in %d seconds.
05-04 18:37:53.504 23155 23155 W NotificationCenter: NotificationCenter$NotificationQueue.notifyPendingNotificationsOnExecutor():877 Heavy notify work detected on UI thread: [adxa->aakg, adxa->mfp] takes 34ms
05-04 18:37:53.506 23155 23155 I Module  : DeviceLockedStatusModuleProvider$Module.updateDeviceLockedStatus():103 repeatCheckTimes = 0, locked = false
05-04 18:37:53.510  1731  1731 I sensors-hal: batch:206, com.motorola.sensor.stowed/65568, period=200000000, max_latency=0
05-04 18:37:53.510  1731  1731 I sensors-hal: set_config:61, no need to adjust sample_period_ns due to reporting_mode = 2
05-04 18:37:53.510  1731  1731 I sensors-hal: batch:215, com.motorola.sensor.stowed/65568, period=200000000, max_latency=0 request completed
05-04 18:37:53.510  1858  1858 E Scheduler: trackPendingFrame: Invalid present fence
05-04 18:37:53.512  3064  5853 W ActivityManager: Receiver with filter android.content.IntentFilter@42ae103 already registered for pid 15473, callerPackage is com.motorola.actions
05-04 18:37:53.512  3064  4512 W AppOps  : Noting op not finished: uid 10192 pkg com.google.android.gms code 79 startTime of in progress event=1777900072977
05-04 18:37:53.515  3064  4512 W AppOps  : Noting op not finished: uid 10192 pkg com.google.android.gms code 113 startTime of in progress event=1777900072977
05-04 18:37:53.517  3064  4512 W AppOps  : Noting op not finished: uid 10192 pkg com.google.android.gms code 113 startTime of in progress event=1777900072977
05-04 18:37:53.518 27765 29830 I NearbySharing: Stopping scanning because the screen is locked.
05-04 18:37:53.518  3064  4512 W AppOps  : Noting op not finished: uid 10192 pkg com.google.android.gms code 113 startTime of in progress event=1777900072977
05-04 18:37:53.520 27765 29830 I NearbySharing: Stopping Fast Init advertisement because we're not scanning in the foreground.
05-04 18:37:53.520  3064  4512 W AppOps  : Noting op not finished: uid 10192 pkg com.google.android.gms code 113 startTime of in progress event=1777900072977
05-04 18:37:53.520  3827  3827 D CentralSurfaces: Received new disable state: enaihbcrso.qingr (unchanged)
05-04 18:37:53.521 27765 27945 I NearbyDiscovery: (REDACTED) FastPairHandler: Received action %s
05-04 18:37:53.521  3827  3827 D CentralSurfaces: Received new disable state: enaihbcrso.qingr (unchanged)
05-04 18:37:53.521 23155 23155 I VoiceImeUtils: VoiceImeUtils.sendStopVoiceEventToInputBundle():529 dispatching STOP_VOICE_IME [RD]
05-04 18:37:53.521  3827  3827 D CentralSurfaces: Received new disable state: enaihbcrso.qingr (unchanged)
05-04 18:37:53.522  3827  3827 D CentralSurfaces: Received new disable state: enaihbcrso.qingr (unchanged)
05-04 18:37:53.522 27765 27945 I NearbyDiscovery: (REDACTED) PureOffloadFastPairScanner: eventType=%s, isInternalReq=%s, isScanning=%s, isScanningAllowed=%s
05-04 18:37:53.522 27765 27945 I NearbyDiscovery: (REDACTED) ApFastPairScanner: isScreenOn=%s, isLocationEnabled=%s, disableLocationRequirement=%s, isDiscoveryScanningEnabled=%s, during24GhzWifiWarmingUpPeriod=%s
05-04 18:37:53.523 27765 27945 D BluetoothAdapter: isLeEnabled(): ON
05-04 18:37:53.523 27765 27945 I NearbyDiscovery: (REDACTED) ApFastPairScanner: eventType=%s, intReq=%s, scanning=%s, scanAllowed=%s, bleEnabled=%s, lockScanRate=%s, startScanningByLowPowerMode=%s
05-04 18:37:53.523 27765 27945 I NearbyDiscovery: FastPairController: onSystemStateChanged: skip due to flag disabled [CONTEXT service_id=265 ]
05-04 18:37:53.524  3064  3736 D WifiStaIfaceHidlImpl: getCachedScanData is not implemented by HIDL
05-04 18:37:53.526 27765 29830 I NearbySharing: Failed to advertise because we're already advertising with mode SCREEN_OFF, certificate visibility SELF_SHARE data usage preference ONLINE, and bt advertising false with vendorId 0
05-04 18:37:53.526 27765 29830 I NearbySharing: Stopping FastInitiation scanning because the screen is locked.
05-04 18:37:53.527 27765 29830 I NearbySharing: Fast Initiation Scanning has stopped
05-04 18:37:53.527 27765 29830 I NearbySharing: Dismissing HUN as there's no device nearby.
05-04 18:37:53.528  1858  3704 I BpBinder: onLastStrongRef automatically unlinking death recipients: 
05-04 18:37:53.536  1858  1858 E Scheduler: trackPendingFrame: Invalid present fence
05-04 18:37:53.542  3827  3827 I vol.VolumeDialogImpl: mDialog.dismiss() reason: screen_off from: com.android.systemui.volume.VolumeDialogImpl$7.onScreenOff:4 displayId: 0 mShowing: false mIsAnimatingDismiss: true
05-04 18:37:53.542  3827  3827 D vol.VolumeDialogImpl: dismissH: skipping dismiss because isAnimatingDismiss is true and showingStateInconsistent is false
05-04 18:37:53.543 23155 23155 I InputBundle: InputBundle.consumeEvent():1052 Skip consuming an event as imeStatus is INACTIVE
05-04 18:37:53.543  1858  1858 E Scheduler: trackPendingFrame: Invalid present fence
05-04 18:37:53.545  3064  3367 D PowerManagerService: nativeReleaseSuspendBlocker name:PowerManagerService.Broadcasts duration ms: 0
05-04 18:37:53.562 23155 23155 W NotificationCenter: NotificationCenter$NotificationQueue.notifyPendingNotificationsOnExecutor():877 Heavy notify work detected on UI thread: [adxa->aawj, adxa->svg, adxa->npu] takes 58ms
05-04 18:37:53.592  3064  3216 D SystemServerTiming: getUserSwitchability-0
05-04 18:37:53.592  3064  3216 D SystemServerTiming: TM.isInCall
05-04 18:37:53.592  3064  9177 D SystemServerTiming: getUserSwitchability-0
05-04 18:37:53.592  3064  9177 D SystemServerTiming: TM.isInCall
05-04 18:37:53.592  3064  3216 D SystemServerTiming: hasUserRestriction-DISALLOW_USER_SWITCH
05-04 18:37:53.592  3064  3216 D SystemServerTiming: getInt-ALLOW_USER_SWITCHING_WHEN_SYSTEM_USER_LOCKED
05-04 18:37:53.592  3064  9177 D SystemServerTiming: hasUserRestriction-DISALLOW_USER_SWITCH
05-04 18:37:53.592  3064  3216 D SystemServerTiming: isUserUnlocked-USER_SYSTEM
05-04 18:37:53.592  3064  9177 D SystemServerTiming: getInt-ALLOW_USER_SWITCHING_WHEN_SYSTEM_USER_LOCKED
05-04 18:37:53.592  3064  9177 D SystemServerTiming: isUserUnlocked-USER_SYSTEM
05-04 18:37:53.656  3827  3827 I vol.VolumeDialogImpl: dismissH reason = volume_controller mDialog.isShowing(): false
05-04 18:37:53.658  3827  3827 D BiometricsRepositoryImpl: currentUser authFlags changed, new value: AuthenticationFlags(userId=0, flag=0)
05-04 18:37:53.660  3827  3827 D BiometricsRepositoryImpl: currentUser authFlags changed, new value: AuthenticationFlags(userId=0, flag=0)
05-04 18:37:53.661  3827  3827 D BiometricsRepositoryImpl: currentUser authFlags changed, new value: AuthenticationFlags(userId=0, flag=0)
05-04 18:37:53.661  3827  3827 D BiometricsRepositoryImpl: currentUser authFlags changed, new value: AuthenticationFlags(userId=0, flag=0)
05-04 18:37:53.663  3827  3827 D BiometricsRepositoryImpl: currentUser authFlags changed, new value: AuthenticationFlags(userId=0, flag=0)
05-04 18:37:53.663  3827  3827 D BiometricsRepositoryImpl: currentUser authFlags changed, new value: AuthenticationFlags(userId=0, flag=0)
05-04 18:37:53.666  3827  3963 E QuickAccessWalletKeyguardQuickAffordanceConfig: Wallet card retrieval error, message: "null"
05-04 18:37:53.667  3827  3963 E QuickAccessWalletKeyguardQuickAffordanceConfig: Wallet card retrieval error, message: "null"
05-04 18:37:53.668  3827  3963 E QuickAccessWalletKeyguardQuickAffordanceConfig: Wallet card retrieval error, message: "null"
05-04 18:37:53.804  1731  3697 I slpi    : STK3A5X ALS_OC: lux:1229.119995, last_ps:0[1236], CH0:920, CH2:123, CH4:7, AWAIT:32, ACRL:33, AGAIN:33, INT1:9, INT2:0, PS:114, LED:128, flag:65, state:7, scale:167.560,als_sel:1(0)(cnt:0)
05-04 18:37:54.077  1737  7992 I vendor.qti.bluetooth@1.0-ibs_handler: DeviceSleep: TX Awake, Sending SLEEP_IND
05-04 18:37:54.077  1737  7992 D vendor.qti.bluetooth@1.0-ibs_handler: SerialClockVote: vote for UART CLK OFF
05-04 18:37:54.153  3064  3216 D PowerManagerService: nativeReleaseSuspendBlocker name:PowerManagerService.WakeLocks duration ms: 1
05-04 18:37:54.228  1737  7960 D vendor.qti.bluetooth@1.0-wake_lock: Release wakelock is released 
05-04 18:37:54.534  1731  3697 I slpi    : STK3A5X ALS_OC: lux:1104.871948, last_ps:0[1230], CH0:827, CH2:109, CH4:6, AWAIT:32, ACRL:33, AGAIN:33, INT1:9, INT2:0, PS:114, LED:128, flag:65, state:7, scale:167.560,als_sel:1(0)(cnt:0)
05-04 18:37:54.762  3064  3519 D ActivityManager: freezing 26332 com.android.keychain, reason = oom_cached
05-04 18:37:55.068  7916 26552 D BtGatt.AdvertiseManager: stopAdvertisingSet() android.os.BinderProxy@2997233
05-04 18:37:55.070  1737  1737 D vendor.qti.bluetooth@1.0-ibs_handler: SerialClockVote: vote for UART CLK ON
05-04 18:37:55.071  1737  1737 D vendor.qti.bluetooth@1.0-wake_lock: Acquire wakelock is acquired 
05-04 18:37:55.071  1737  1737 I vendor.qti.bluetooth@1.0-ibs_handler: DeviceWakeUp: Writing IBS_WAKE_IND
05-04 18:37:55.077  1737  7987 I vendor.qti.bluetooth@1.0-ibs_handler: ProcessIbsCmd: Received IBS_WAKE_ACK: 0xFC
05-04 18:37:55.077  1737  7987 I vendor.qti.bluetooth@1.0-ibs_handler: ProcessIbsCmd: Signal wack_cond_
05-04 18:37:55.077  1737  1737 D vendor.qti.bluetooth@1.0-ibs_handler: DeviceWakeUp: Unblocked from waiting for FC, pthread_cond_timedwait ret = 0
05-04 18:37:55.080  1737  7987 I vendor.qti.bluetooth@1.0-ibs_handler: ProcessIbsCmd: Received IBS_WAKE_IND: 0xFD
05-04 18:37:55.080  1737  7987 I vendor.qti.bluetooth@1.0-ibs_handler: ProcessIbsCmd: Writing IBS_WAKE_ACK
05-04 18:37:55.122  1737  7987 I vendor.qti.bluetooth@1.0-ibs_handler: ProcessIbsCmd: Received IBS_SLEEP_IND: 0xFE
05-04 18:37:55.529  3064  3216 D PowerManagerService: nativeAcquireSuspendBlocker name:PowerManagerService.WakeLocks duration ms: 1
05-04 18:37:55.576  3064  3216 D PowerManagerService: nativeReleaseSuspendBlocker name:PowerManagerService.WakeLocks duration ms: 1
05-04 18:37:56.083  1737  7992 I vendor.qti.bluetooth@1.0-ibs_handler: DeviceSleep: TX Awake, Sending SLEEP_IND
05-04 18:37:56.083  1737  7992 D vendor.qti.bluetooth@1.0-ibs_handler: SerialClockVote: vote for UART CLK OFF
05-04 18:37:56.235  1737  7960 D vendor.qti.bluetooth@1.0-wake_lock: Release wakelock is released 
05-04 18:37:56.447  1830 10078 I QC2Comp : [avcD_1124] Stats: Pending(9) i/p-done(5) Works: Q: 28/Done 20|Work-Rate: Q(0.0/s Avg=0.0/s) Done(0.000/s Avg=0.002/s)| Stream: 30.00fps 203.8Kbps
05-04 18:37:56.447  1830 10078 I QC2Comp : [avcD_1124] Mem-usage:  [In-1D: 6 bufs 17.930 MB] [1D-2226: 16 bufs 0.250 MB] [2D-2227: 20 bufs 28.438 MB] | Total: 46.617 MB
05-04 18:37:56.976  3064  3216 D CompatibilityChangeReporter: Compat change id reported: 135634846; UID 10251; state: DISABLED
05-04 18:37:56.976  3064  3216 D CompatibilityChangeReporter: Compat change id reported: 177438394; UID 10251; state: DISABLED
05-04 18:37:56.977  3064  3216 D CompatibilityChangeReporter: Compat change id reported: 135772972; UID 10251; state: DISABLED
05-04 18:37:56.977  3064  3216 D CompatibilityChangeReporter: Compat change id reported: 135754954; UID 10251; state: ENABLED
05-04 18:37:56.978  3064  3380 D CompatibilityChangeReporter: Compat change id reported: 143937733; UID 10251; state: ENABLED
05-04 18:37:56.981 17496 17643 D AdaptivePerfD: a.onBindResult [AIConnectionState = UNKNOWN]
05-04 18:37:56.994  1587  1587 D Zygote  : Forked child process 29886
05-04 18:37:56.995  3064  3380 I ActivityManager: Start proc 29886:com.motorola.aiservices/u0a251 for service {com.motorola.aiservices/com.motorola.aiservices.controller.AiService}
05-04 18:37:57.008 29886 29886 I rola.aiservices: Using CollectorTypeCMC GC.
05-04 18:37:57.013 29886 29886 D nativeloader: Load libframework-connectivity-tiramisu-jni.so using APEX ns com_android_tethering for caller /apex/com.android.tethering/javalib/framework-connectivity-t.jar: ok
05-04 18:37:57.018  3064  3216 D CompatibilityChangeReporter: Compat change id reported: 168419799; UID 10251; state: DISABLED
05-04 18:37:57.018  3064  3216 D CompatibilityChangeReporter: Compat change id reported: 273564678; UID 10251; state: DISABLED
05-04 18:37:57.021 29886 29886 D CompatibilityChangeReporter: Compat change id reported: 171979766; UID 10251; state: ENABLED
05-04 18:37:57.021 29886 29886 D CompatibilityChangeReporter: Compat change id reported: 242716250; UID 10251; state: ENABLED
05-04 18:37:57.025  3064  3216 D CompatibilityChangeReporter: Compat change id reported: 170503758; UID 10251; state: ENABLED
05-04 18:37:57.036 29886 29886 D nativeloader: Configuring clns-4 for other apk /system/framework/com.motorola.motosignature.jar. target_sdk_version=35, uses_libraries=ALL, library_path=/data/app/~~zDz-wq6vdyVRTSWioGmetw==/com.motorola.aiservices-WCGxfSNFQw804BNf0HY2uA==/lib/arm64:/data/app/~~zDz-wq6vdyVRTSWioGmetw==/com.motorola.aiservices-WCGxfSNFQw804BNf0HY2uA==/base.apk!/lib/arm64-v8a:/data/app/~~zDz-wq6vdyVRTSWioGmetw==/com.motorola.aiservices-WCGxfSNFQw804BNf0HY2uA==/split_adaptivebrightness.apk!/lib/arm64-v8a:/data/app/~~zDz-wq6vdyVRTSWioGmetw==/com.motorola.aiservices-WCGxfSNFQw804BNf0HY2uA==/split_adaptivebrightness.config.arm64_v8a.apk!/lib/arm64-v8a:/data/app/~~zDz-wq6vdyVRTSWioGmetw==/com.motorola.aiservices-WCGxfSNFQw804BNf0HY2uA==/split_adaptiveicons.apk!/lib/arm64-v8a:/data/app/~~zDz-wq6vdyVRTSWioGmetw==/com.motorola.aiservices-WCGxfSNFQw804BNf0HY2uA==/split_aicropping.apk!/lib/arm64-v8a:/data/app/~~zDz-wq6vdyVRTSWioGmetw==/com.motorola.aiservices-WCGxfSNFQw804BNf0HY2uA==/split_aisepia.apk!/lib/arm64-v8a:/data/app/~~zDz-wq6vdyVRTSWioGmetw=
05-04 18:37:57.037 29886 29886 D nativeloader: Extending system_exposed_libraries: libbinauralrenderer_wrapper.qti.so:libhoaeffects.qti.so:libQOC.qti.so:libparamupdater_jni.motoparamupdater.so:libjni_helper.motocameradesktop.so:libimgTuner_jni.motoimagetuner.so:libupdateprof.qti.so:libQOC.qti.so:libdiag_system.qti.so:libqape.qti.so:libqesdk_ndk_platform.qti.so:liblistenjni.qti.so
05-04 18:37:57.040  1731  3697 I slpi    : STK3A5X ALS_OC: lux:1225.112061, last_ps:0[1231], CH0:917, CH2:124, CH4:7, AWAIT:32, ACRL:33, AGAIN:33, INT1:9, INT2:0, PS:114, LED:128, flag:65, state:7, scale:167.560,als_sel:1(0)(cnt:0)
05-04 18:37:57.049 29886 29886 D nativeloader: Configuring clns-5 for other apk /system/framework/moto-checkin.jar. target_sdk_version=35, uses_libraries=ALL, library_path=/data/app/~~zDz-wq6vdyVRTSWioGmetw==/com.motorola.aiservices-WCGxfSNFQw804BNf0HY2uA==/lib/arm64:/data/app/~~zDz-wq6vdyVRTSWioGmetw==/com.motorola.aiservices-WCGxfSNFQw804BNf0HY2uA==/base.apk!/lib/arm64-v8a:/data/app/~~zDz-wq6vdyVRTSWioGmetw==/com.motorola.aiservices-WCGxfSNFQw804BNf0HY2uA==/split_adaptivebrightness.apk!/lib/arm64-v8a:/data/app/~~zDz-wq6vdyVRTSWioGmetw==/com.motorola.aiservices-WCGxfSNFQw804BNf0HY2uA==/split_adaptivebrightness.config.arm64_v8a.apk!/lib/arm64-v8a:/data/app/~~zDz-wq6vdyVRTSWioGmetw==/com.motorola.aiservices-WCGxfSNFQw804BNf0HY2uA==/split_adaptiveicons.apk!/lib/arm64-v8a:/data/app/~~zDz-wq6vdyVRTSWioGmetw==/com.motorola.aiservices-WCGxfSNFQw804BNf0HY2uA==/split_aicropping.apk!/lib/arm64-v8a:/data/app/~~zDz-wq6vdyVRTSWioGmetw==/com.motorola.aiservices-WCGxfSNFQw804BNf0HY2uA==/split_aisepia.apk!/lib/arm64-v8a:/data/app/~~zDz-wq6vdyVRTSWioGmetw==/com.motorola
05-04 18:37:57.049 29886 29886 D nativeloader: Extending system_exposed_libraries: libbinauralrenderer_wrapper.qti.so:libhoaeffects.qti.so:libQOC.qti.so:libparamupdater_jni.motoparamupdater.so:libjni_helper.motocameradesktop.so:libimgTuner_jni.motoimagetuner.so:libupdateprof.qti.so:libQOC.qti.so:libdiag_system.qti.so:libqape.qti.so:libqesdk_ndk_platform.qti.so:liblistenjni.qti.so
05-04 18:37:57.055 29886 29886 D nativeloader: Configuring clns-6 for other apk /system/framework/org.apache.http.legacy.jar. target_sdk_version=35, uses_libraries=ALL, library_path=/data/app/~~zDz-wq6vdyVRTSWioGmetw==/com.motorola.aiservices-WCGxfSNFQw804BNf0HY2uA==/lib/arm64:/data/app/~~zDz-wq6vdyVRTSWioGmetw==/com.motorola.aiservices-WCGxfSNFQw804BNf0HY2uA==/base.apk!/lib/arm64-v8a:/data/app/~~zDz-wq6vdyVRTSWioGmetw==/com.motorola.aiservices-WCGxfSNFQw804BNf0HY2uA==/split_adaptivebrightness.apk!/lib/arm64-v8a:/data/app/~~zDz-wq6vdyVRTSWioGmetw==/com.motorola.aiservices-WCGxfSNFQw804BNf0HY2uA==/split_adaptivebrightness.config.arm64_v8a.apk!/lib/arm64-v8a:/data/app/~~zDz-wq6vdyVRTSWioGmetw==/com.motorola.aiservices-WCGxfSNFQw804BNf0HY2uA==/split_adaptiveicons.apk!/lib/arm64-v8a:/data/app/~~zDz-wq6vdyVRTSWioGmetw==/com.motorola.aiservices-WCGxfSNFQw804BNf0HY2uA==/split_aicropping.apk!/lib/arm64-v8a:/data/app/~~zDz-wq6vdyVRTSWioGmetw==/com.motorola.aiservices-WCGxfSNFQw804BNf0HY2uA==/split_aisepia.apk!/lib/arm64-v8a:/data/app/~~zDz-wq6vdyVRTSWioGmetw==/co
05-04 18:37:57.055 29886 29886 D nativeloader: Extending system_exposed_libraries: libbinauralrenderer_wrapper.qti.so:libhoaeffects.qti.so:libQOC.qti.so:libparamupdater_jni.motoparamupdater.so:libjni_helper.motocameradesktop.so:libimgTuner_jni.motoimagetuner.so:libupdateprof.qti.so:libQOC.qti.so:libdiag_system.qti.so:libqape.qti.so:libqesdk_ndk_platform.qti.so:liblistenjni.qti.so
05-04 18:37:57.163 29886 29886 W rola.aiservices: Failed to find entry 'classes.dex': Entry not found
05-04 18:37:57.180 29886 29886 W rola.aiservices: Failed to find entry 'classes.dex': Entry not found
05-04 18:37:57.181 29886 29886 W rola.aiservices: Failed to find entry 'classes.dex': Entry not found
05-04 18:37:57.197 29886 29886 D nativeloader: Configuring clns-7 for other apk /data/app/~~zDz-wq6vdyVRTSWioGmetw==/com.motorola.aiservices-WCGxfSNFQw804BNf0HY2uA==/base.apk:/data/app/~~zDz-wq6vdyVRTSWioGmetw==/com.motorola.aiservices-WCGxfSNFQw804BNf0HY2uA==/split_adaptivebrightness.apk:/data/app/~~zDz-wq6vdyVRTSWioGmetw==/com.motorola.aiservices-WCGxfSNFQw804BNf0HY2uA==/split_adaptivebrightness.config.arm64_v8a.apk:/data/app/~~zDz-wq6vdyVRTSWioGmetw==/com.motorola.aiservices-WCGxfSNFQw804BNf0HY2uA==/split_adaptiveicons.apk:/data/app/~~zDz-wq6vdyVRTSWioGmetw==/com.motorola.aiservices-WCGxfSNFQw804BNf0HY2uA==/split_aicropping.apk:/data/app/~~zDz-wq6vdyVRTSWioGmetw==/com.motorola.aiservices-WCGxfSNFQw804BNf0HY2uA==/split_aisepia.apk:/data/app/~~zDz-wq6vdyVRTSWioGmetw==/com.motorola.aiservices-WCGxfSNFQw804BNf0HY2uA==/split_appusage.apk:/data/app/~~zDz-wq6vdyVRTSWioGmetw==/com.motorola.aiservices-WCGxfSNFQw804BNf0HY2uA==/split_bwart.apk:/data/app/~~zDz-wq6vdyVRTSWioGmetw==/com.motorola.aiservices-WCGxfSNFQw804BNf0HY2uA==/split_bwregular.apk:/data/app/~~zD
05-04 18:37:57.212 29886 29886 D nativeloader: Load libframework-connectivity-jni.so using APEX ns com_android_tethering for caller /apex/com.android.tethering/javalib/framework-connectivity.jar: ok
05-04 18:37:57.217 29886 29886 V GraphicsEnvironment: Currently set values for:
05-04 18:37:57.217 29886 29886 V GraphicsEnvironment:   angle_gl_driver_selection_pkgs=[]
05-04 18:37:57.217 29886 29886 V GraphicsEnvironment:   angle_gl_driver_selection_values=[]
05-04 18:37:57.218 29886 29886 V GraphicsEnvironment: ANGLE GameManagerService for com.motorola.aiservices: false
05-04 18:37:57.218 29886 29886 V GraphicsEnvironment: com.motorola.aiservices is not listed in per-application setting
05-04 18:37:57.228  3064  3216 D CompatibilityChangeReporter: Compat change id reported: 161145287; UID 10251; state: ENABLED
05-04 18:37:57.230 29886 29886 I AI.AiServices: Starting AiServices version 1.1.183.10-release
05-04 18:37:57.253 29886 29886 I Typeface: updateThemeFont new=Rookery-Regular;old=sans-serif;new=Rookery-Stacked;old=
05-04 18:37:57.254  3064  3216 I ActivityManager: Flag disabled. Ignoring finishAttachApplication from uid: 10251. pid: 29886
05-04 18:37:57.289 17496 17496 D AdaptivePerfD: a.onBindResult [AIConnectionState = CONNECTED]
05-04 18:37:57.293 29886 29886 I PlayCore: UID: [10251]  PID: [29886] SplitInstallListenerRegistry : registerListener
05-04 18:37:57.294 29886 29886 I AI.AiServices: isModuleAvailable
05-04 18:37:57.295 29886 29886 I AI.AiServices: isDownloading: APP_USAGE? - currentUseCase: null - currentStatus: null
05-04 18:37:57.295 29886 29886 I AI.AiServices: isDownloading APP_USAGE: false
05-04 18:37:57.295 29886 29886 I AI.AiServices: APP_USAGE -> isAvailableByDeviceConfig(true), isInstalled(true), isDownloading(false), isInstallable(true)
05-04 18:37:57.295 29886 29886 I AI.AiServices: APP_USAGE final status -> AVAILABLE
05-04 18:37:57.300 29886 29908 D CompatibilityChangeReporter: Compat change id reported: 289878283; UID 10251; state: ENABLED
05-04 18:37:57.355 29886 29920 I AI.AiServices: Loading styletransfer
05-04 18:37:57.386 29886 29920 I AI.AiServices: Loading cartoongan
05-04 18:37:57.388 29886 29920 I AI.AiServices: Loading aisepia
05-04 18:37:57.390 29886 29920 I AI.AiServices: Loading bwregular
05-04 18:37:57.392 29886 29920 I AI.AiServices: Loading optimizedcharging
05-04 18:37:57.395 29886 29920 I AI.AiServices: Loading bwart
05-04 18:37:57.396 29886 29920 I AI.AiServices: Loading imagequality
05-04 18:37:57.399 29886 29920 I AI.AiServices: Loading appusage
05-04 18:37:57.428 29886 29920 D RandomF : Util.hasEnoughMemory [AppUsageModel, hasEnoughMemory: true, freeMB: 2062, totalMB: 7284]
05-04 18:37:57.435 29886 29920 D RandomF : DescribeTrees.createInputFromDB [[17, 0, 5, 100, -13, 0, 1]]
05-04 18:37:57.436 29886 29920 D RandomF : DescribeTrees.createInputFromDB [[17, 0, 5, 100, -13, 0, 1]]
05-04 18:37:57.436 29886 29920 D RandomF : DescribeTrees.createInputFromDB [[17, 0, 5, 99, -13, 0, 1]]
05-04 18:37:57.436 29886 29920 D RandomF : DescribeTrees.createInputFromDB [[17, 0, 5, 99, -13, 0, 1]]
05-04 18:37:57.436 29886 29920 D RandomF : DescribeTrees.createInputFromDB [[17, 0, 5, 99, -13, 0, 1]]
05-04 18:37:57.436 29886 29920 D RandomF : DescribeTrees.createInputFromDB [[17, 0, 5, 99, -13, 0, 1]]
05-04 18:37:57.436 29886 29920 D RandomF : DescribeTrees.createInputFromDB [[17, 0, 5, 99, -13, 0, 1]]
05-04 18:37:57.436 29886 29920 D RandomF : DescribeTrees.createInputFromDB [[17, 0, 5, 99, -13, 0, 1]]
05-04 18:37:57.436 29886 29920 D RandomF : DescribeTrees.createInputFromDB [[17, 0, 5, 99, -13, 0, 1]]
05-04 18:37:57.436 29886 29920 D RandomF : DescribeTrees.createInputFromDB [[17, 0, 5, 99, -13, 0, 1]]
05-04 18:37:57.436 29886 29920 D RandomF : DescribeTrees.createInputFromDB [[16, 0, 5, 98, -13, 0, 1]]
05-04 18:37:57.437 29886 29920 D RandomF : DescribeTrees.createInputFromDB [[16, 0, 5, 98, -13, 0, 1]]
05-04 18:37:57.437 29886 29920 D RandomF : DescribeTrees.createInputFromDB [[16, 0, 5, 98, -13, 0, 2]]
05-04 18:37:57.437 29886 29920 D RandomF : DescribeTrees.createInputFromDB [[16, 0, 5, 98, -13, 0, 3]]
05-04 18:37:57.437 29886 29920 D RandomF : DescribeTrees.createInputFromDB [[16, 0, 5, 98, -13, 0, 3]]
05-04 18:37:57.437 29886 29920 D RandomF : DescribeTrees.createInputFromDB [[16, 0, 5, 98, -13, 0, 3]]
05-04 18:37:57.437 29886 29920 D RandomF : DescribeTrees.createInputFromDB [[16, 0, 5, 98, -13, 0, 4]]
05-04 18:37:57.437 29886 29920 D RandomF : DescribeTrees.createInputFromDB [[16, 0, 5, 98, -13, 0, 4]]
05-04 18:37:57.437 29886 29920 D RandomF : DescribeTrees.createInputFromDB [[16, 0, 5, 98, -13, 0, 4]]
05-04 18:37:57.437 29886 29920 D RandomF : DescribeTrees.createInputFromDB [[16, 0, 5, 98, -13, 0, 4]]
05-04 18:37:57.437 29886 29920 D RandomF : DescribeTrees.createInputFromDB [[16, 0, 5, 98, -13, 0, 5]]
05-04 18:37:57.437 29886 29920 D RandomF : DescribeTrees.createInputFromDB [[16, 0, 5, 98, -13, 0, 6]]
05-04 18:37:57.437 29886 29920 D RandomF : DescribeTrees.createInputFromDB [[16, 0, 5, 99, -13, 0, 4]]
05-04 18:37:57.438 29886 29920 D RandomF : DescribeTrees.createInputFromDB [[16, 0, 5, 99, -13, 0, 4]]
05-04 18:37:57.438 29886 29920 D RandomF : DescribeTrees.createInputFromDB [[16, 0, 5, 99, -13, 0, 4]]
05-04 18:37:57.438 29886 29920 D RandomF : DescribeTrees.createInputFromDB [[16, 0, 5, 100, -13, 0, 5]]
05-04 18:37:57.438 29886 29920 D RandomF : DescribeTrees.createInputFromDB [[16, 0, 5, 100, -13, 0, 6]]
05-04 18:37:57.438 29886 29920 D RandomF : DescribeTrees.createInputFromDB [[16, 0, 5, 100, -13, 0, 4]]
05-04 18:37:57.438 29886 29920 D RandomF : DescribeTrees.createInputFromDB [[16, 0, 5, 100, -13, 0, 1]]
05-04 18:37:57.438 29886 29920 D RandomF : DescribeTrees.createInputFromDB [[15, 0, 5, 100, -13, 0, 1]]
05-04 18:37:57.438 29886 29920 D RandomF : DescribeTrees.createInputFromDB [[14, 0, 4, 94, -13, 0, 7]]
05-04 18:37:57.438 29886 29920 D RandomF : DescribeTrees.createInputFromDB [[14, 0, 4, 94, -13, 0, 5]]
05-04 18:37:57.438 29886 29920 D RandomF : DescribeTrees.createInputFromDB [[14, 0, 4, 94, -13, 0, 6]]
05-04 18:37:57.438 29886 29920 D RandomF : DescribeTrees.createInputFromDB [[14, 0, 4, 94, -13, 0, 7]]
05-04 18:37:57.438 29886 29920 D RandomF : DescribeTrees.createInputFromDB [[14, 0, 4, 94, -13, 0, 7]]
05-04 18:37:57.438 29886 29920 D RandomF : DescribeTrees.createInputFromDB [[14, 0, 4, 94, -13, 0, 7]]
05-04 18:37:57.438 29886 29920 D RandomF : DescribeTrees.createInputFromDB [[14, 0, 4, 94, -13, 0, 7]]
05-04 18:37:57.438 29886 29920 D RandomF : DescribeTrees.createInputFromDB [[14, 0, 4, 94, -13, 0, 4]]
05-04 18:37:57.438 29886 29920 D RandomF : DescribeTrees.createInputFromDB [[14, 0, 4, 94, -13, 0, 8]]
05-04 18:37:57.438 29886 29920 D RandomF : DescribeTrees.createInputFromDB [[14, 0, 4, 94, -13, 0, 4]]
05-04 18:37:57.438 29886 29920 D RandomF : DescribeTrees.createInputFromDB [[14, 0, 4, 94, -13, 0, 7]]
05-04 18:37:57.438 29886 29920 D RandomF : DescribeTrees.createInputFromDB [[14, 0, 4, 97, -13, 0, 9]]
05-04 18:37:57.438 29886 29920 D RandomF : DescribeTrees.createInputFromDB [[14, 0, 4, 97, -13, 0, 9]]
05-04 18:37:57.439 29886 29920 D RandomF : DescribeTrees.createInputFromDB [[14, 0, 4, 97, -13, 0, 9]]
05-04 18:37:57.439 29886 29920 D RandomF : DescribeTrees.createInputFromDB [[14, 0, 4, 97, -13, 0, 9]]
05-04 18:37:57.439 29886 29920 D RandomF : DescribeTrees.createInputFromDB [[14, 0, 4, 97, -13, 0, 9]]
05-04 18:37:57.439 29886 29920 D RandomF : DescribeTrees.createInputFromDB [[14, 0, 4, 97, -13, 0, 9]]
05-04 18:37:57.439 29886 29920 D RandomF : DescribeTrees.createInputFromDB [[14, 0, 4, 97, -13, 0, 9]]
05-04 18:37:57.439 29886 29920 D RandomF : DescribeTrees.createInputFromDB [[14, 0, 4, 97, -13, 0, 10]]
05-04 18:37:57.439 29886 29920 D RandomF : DescribeTrees.createInputFromDB [[14, 0, 4, 98, -13, 0, 10]]
05-04 18:37:57.439 29886 29920 D RandomF : DescribeTrees.createInputFromDB [[14, 0, 4, 98, -13, 0, 4]]
05-04 18:37:57.439 29886 29920 D RandomF : DescribeTrees.createInputFromDB [[14, 0, 4, 98, -13, 0, 4]]
05-04 18:37:57.439 29886 29920 D RandomF : DescribeTrees.createInputFromDB [[14, 0, 4, 98, -13, 0, 4]]
05-04 18:37:57.439 29886 29920 D RandomF : DescribeTrees.createInputFromDB [[14, 0, 4, 98, -13, 0, 9]]
05-04 18:37:57.439 29886 29920 D RandomF : DescribeTrees.createInputFromDB [[14, 0, 4, 98, -13, 0, 9]]
05-04 18:37:57.439 29886 29920 D RandomF : DescribeTrees.createInputFromDB [[14, 0, 4, 98, -13, 0, 9]]
05-04 18:37:57.439 29886 29920 D RandomF : DescribeTrees.createInputFromDB [[14, 0, 4, 98, -13, 0, 9]]
05-04 18:37:57.439 29886 29920 D RandomF : DescribeTrees.createInputFromDB [[14, 0, 4, 98, -13, 0, 9]]
05-04 18:37:57.439 29886 29920 D RandomF : DescribeTrees.createInputFromDB [[14, 0, 4, 98, -13, 0, 9]]
05-04 18:37:57.439 29886 29920 D RandomF : DescribeTrees.createInputFromDB [[14, 0, 4, 98, -13, 0, 9]]
05-04 18:37:57.439 29886 29920 D RandomF : DescribeTrees.createInputFromDB [[14, 0, 4, 98, -13, 0, 9]]
05-04 18:37:57.439 29886 29920 D RandomF : DescribeTrees.createInputFromDB [[14, 0, 4, 98, -13, 0, 6]]
05-04 18:37:57.439 29886 29920 D RandomF : DescribeTrees.createInputFromDB [[14, 0, 4, 98, -13, 0, 11]]
05-04 18:37:57.440 29886 29920 D RandomF : DescribeTrees.createInputFromDB [[14, 0, 4, 98, -13, 0, 11]]
05-04 18:37:57.440 29886 29920 D RandomF : DescribeTrees.createInputFromDB [[14, 0, 4, 98, -13, 0, 11]]
05-04 18:37:57.440 29886 29920 D RandomF : DescribeTrees.createInputFromDB [[14, 0, 4, 98, -13, 0, 11]]
05-04 18:37:57.440 29886 29920 D RandomF : DescribeTrees.createInputFromDB [[14, 0, 4, 98, -13, 0, 11]]
05-04 18:37:57.440 29886 29920 D RandomF : DescribeTrees.createInputFromDB [[14, 0, 4, 98, -13, 0, 4]]
05-04 18:37:57.440 29886 29920 D RandomF : DescribeTrees.createInputFromDB [[13, 0, 4, 100, -13, 0, 4]]
05-04 18:37:57.440 29886 29920 D RandomF : DescribeTrees.createInputFromDB [[13, 0, 4, 100, -13, 0, 4]]
05-04 18:37:57.440 29886 29920 D RandomF : DescribeTrees.createInputFromDB [[13, 0, 4, 100, -13, 0, 1]]
05-04 18:37:57.440 29886 29920 D RandomF : DescribeTrees.createInputFromDB [[13, 0, 4, 99, -13, 0, 1]]
05-04 18:37:57.440 29886 29920 D RandomF : DescribeTrees.createInputFromDB [[13, 0, 4, 99, -13, 0, 1]]
05-04 18:37:57.440 29886 29920 D RandomF : DescribeTrees.createInputFromDB [[12, 0, 3, 96, -13, 0, 1]]
05-04 18:37:57.440 29886 29920 D RandomF : DescribeTrees.createInputFromDB [[12, 0, 3, 90, -13, 0, 1]]
05-04 18:37:57.440 29886 29920 D RandomF : DescribeTrees.createInputFromDB [[12, 0, 3, 86, -13, 0, 1]]
05-04 18:37:57.440 29886 29920 D RandomF : DescribeTrees.createInputFromDB [[12, 0, 3, 86, -13, 0, 7]]
05-04 18:37:57.440 29886 29920 D RandomF : DescribeTrees.createInputFromDB [[11, 0, 3, 85, -13, 0, 1]]
05-04 18:37:57.440 29886 29920 D RandomF : DescribeTrees.createInputFromDB [[11, 0, 3, 85, -13, 0, 5]]
05-04 18:37:57.440 29886 29920 D RandomF : DescribeTrees.createInputFromDB [[11, 0, 3, 85, -13, 0, 6]]
05-04 18:37:57.440 29886 29920 D RandomF : DescribeTrees.createInputFromDB [[11, 0, 3, 85, -13, 0, 5]]
05-04 18:37:57.441 29886 29920 D RandomF : DescribeTrees.createInputFromDB [[11, 0, 3, 85, -13, 0, 6]]
05-04 18:37:57.441 29886 29920 D RandomF : DescribeTrees.createInputFromDB [[11, 0, 3, 85, -13, 0, 6]]
05-04 18:37:57.441 29886 29920 D RandomF : DescribeTrees.createInputFromDB [[11, 0, 3, 85, -13, 0, 6]]
05-04 18:37:57.441 29886 29920 D RandomF : DescribeTrees.createInputFromDB [[11, 0, 3, 85, -13, 0, 6]]
05-04 18:37:57.441 29886 29920 D RandomF : DescribeTrees.createInputFromDB [[11, 0, 3, 85, -13, 0, 6]]
05-04 18:37:57.441 29886 29920 D RandomF : DescribeTrees.createInputFromDB [[11, 0, 3, 85, -13, 0, 6]]
05-04 18:37:57.441 29886 29920 D RandomF : DescribeTrees.createInputFromDB [[11, 0, 3, 85, -13, 0, 6]]
05-04 18:37:57.441 29886 29920 D RandomF : DescribeTrees.createInputFromDB [[11, 0, 3, 85, -13, 0, 6]]
05-04 18:37:57.441 29886 29920 D RandomF : DescribeTrees.createInputFromDB [[10, 0, 3, 87, -13, 0, 4]]
05-04 18:37:57.441 29886 29920 D RandomF : DescribeTrees.createInputFromDB [[10, 0, 3, 87, -13, 0, 4]]
05-04 18:37:57.441 29886 29920 D RandomF : DescribeTrees.createInputFromDB [[10, 0, 3, 89, -13, 0, 10]]
05-04 18:37:57.441 29886 29920 D RandomF : DescribeTrees.createInputFromDB [[10, 0, 3, 92, -13, 0, 4]]
05-04 18:37:57.441 29886 29920 D RandomF : DescribeTrees.createInputFromDB [[10, 0, 3, 92, -13, 0, 4]]
05-04 18:37:57.441 29886 29920 D RandomF : DescribeTrees.createInputFromDB [[10, 0, 3, 92, -13, 0, 4]]
05-04 18:37:57.441 29886 29920 D RandomF : DescribeTrees.createInputFromDB [[10, 0, 3, 92, -13, 0, 4]]
05-04 18:37:57.441 29886 29920 D RandomF : DescribeTrees.createInputFromDB [[10, 0, 3, 92, -13, 0, 12]]
05-04 18:37:57.441 29886 29920 D RandomF : DescribeTrees.createInputFromDB [[10, 0, 3, 92, -13, 0, 4]]
05-04 18:37:57.441 29886 29920 D RandomF : DescribeTrees.createInputFromDB [[10, 0, 3, 92, -13, 0, 12]]
05-04 18:37:57.441 29886 29920 D RandomF : DescribeTrees.createInputFromDB [[10, 0, 3, 93, -13, 0, 4]]
05-04 18:37:57.442 29886 29920 D RandomF : DescribeTrees.createInputFromDB [[10, 0, 3, 93, -13, 0, 4]]
05-04 18:37:57.442 29886 29920 D RandomF : DescribeTrees.createInputFromDB [[10, 0, 3, 93, -13, 0, 4]]
05-04 18:37:57.442 29886 29920 D RandomF : DescribeTrees.createInputFromDB [[10, 0, 3, 93, -13, 0, 4]]
05-04 18:37:57.442 29886 29920 D RandomF : DescribeTrees.createInputFromDB [[10, 0, 3, 93, -13, 0, 4]]
05-04 18:37:57.442 29886 29920 D RandomF : DescribeTrees.createInputFromDB [[10, 0, 3, 93, -13, 0, 4]]
05-04 18:37:57.442 29886 29920 D RandomF : DescribeTrees.createInputFromDB [[10, 0, 3, 93, -13, 0, 4]]
05-04 18:37:57.442 29886 29920 D RandomF : DescribeTrees.createInputFromDB [[10, 0, 3, 93, -13, 0, 4]]
05-04 18:37:57.442 29886 29920 D RandomF : DescribeTrees.createInputFromDB [[5, 0, 1, 98, -13, 0, 4]]
05-04 18:37:57.442 29886 29920 D RandomF : DescribeTrees.createInputFromDB [[5, 0, 1, 98, -13, 0, 4]]
05-04 18:37:57.442 29886 29920 D RandomF : DescribeTrees.createInputFromDB [[4, 0, 1, 100, -13, 0, 13]]
05-04 18:37:57.442 29886 29920 D RandomF : DescribeTrees.createInputFromDB [[4, 0, 1, 100, -13, 0, 4]]
05-04 18:37:57.442 29886 29920 D RandomF : DescribeTrees.createInputFromDB [[4, 0, 1, 100, -13, 0, 4]]
05-04 18:37:57.442 29886 29920 D RandomF : DescribeTrees.createInputFromDB [[2, 0, 1, 100, -13, 0, 4]]
05-04 18:37:57.442 29886 29920 D RandomF : DescribeTrees.createInputFromDB [[2, 0, 1, 100, -13, 0, 4]]
05-04 18:37:57.442 29886 29920 D RandomF : DescribeTrees.createInputFromDB [[0, 0, 0, 42, -13, 0, 14]]
05-04 18:37:57.442 29886 29920 D RandomF : DescribeTrees.createInputFromDB [[0, 0, 0, 39, -13, 0, 2]]
05-04 18:37:57.442 29886 29920 D RandomF : DescribeTrees.createInputFromDB [[0, 0, 0, 35, -13, 0, 14]]
05-04 18:37:57.442 29886 29920 D RandomF : DescribeTrees.createInputFromDB [[23, 1, 6, 49, -13, 0, 2]]
05-04 18:37:57.443 29886 29920 D RandomF : DescribeTrees.createInputFromDB [[23, 1, 6, 49, -13, 0, 12]]
05-04 18:37:57.443 29886 29920 D RandomF : DescribeTrees.createInputFromDB [[22, 1, 6, 68, -13, 0, 2]]
05-04 18:37:57.443 29886 29920 D RandomF : DescribeTrees.createInputFromDB [[22, 1, 6, 68, -13, 0, 4]]
05-04 18:37:57.443 29886 29920 D RandomF : DescribeTrees.createInputFromDB [[22, 1, 6, 70, -13, 0, 4]]
05-04 18:37:57.443 29886 29920 D RandomF : DescribeTrees.createInputFromDB [[22, 1, 6, 70, -13, 0, 4]]
05-04 18:37:57.443 29886 29920 D RandomF : DescribeTrees.createInputFromDB [[22, 1, 6, 70, -13, 0, 4]]
05-04 18:37:57.443 29886 29920 D RandomF : DescribeTrees.createInputFromDB [[22, 1, 6, 70, -13, 0, 4]]
05-04 18:37:57.443 29886 29920 D RandomF : DescribeTrees.createInputFromDB [[22, 1, 6, 70, -13, 0, 4]]
05-04 18:37:57.443 29886 29920 D RandomF : DescribeTrees.createInputFromDB [[22, 1, 6, 70, -13, 0, 4]]
05-04 18:37:57.443 29886 29920 D RandomF : DescribeTrees.createInputFromDB [[22, 1, 6, 70, -13, 0, 4]]
05-04 18:37:57.443 29886 29920 D RandomF : DescribeTrees.createInputFromDB [[22, 1, 6, 70, -13, 0, 7]]
05-04 18:37:57.443 29886 29920 D RandomF : DescribeTrees.createInputFromDB [[22, 1, 6, 70, -13, 0, 4]]
05-04 18:37:57.443 29886 29920 D RandomF : DescribeTrees.createInputFromDB [[21, 1, 6, 71, -13, 0, 4]]
05-04 18:37:57.443 29886 29920 D RandomF : DescribeTrees.createInputFromDB [[21, 1, 6, 71, -13, 0, 4]]
05-04 18:37:57.443 29886 29920 D RandomF : DescribeTrees.createInputFromDB [[21, 1, 6, 71, -13, 0, 7]]
05-04 18:37:57.443 29886 29920 D RandomF : DescribeTrees.createInputFromDB [[21, 1, 6, 71, -13, 0, 7]]
05-04 18:37:57.444 29886 29920 D RandomF : DescribeTrees.createInputFromDB [[21, 1, 6, 71, -13, 0, 7]]
05-04 18:37:57.444 29886 29920 D RandomF : DescribeTrees.createInputFromDB [[21, 1, 6, 71, -13, 0, 7]]
05-04 18:37:57.444 29886 29920 D RandomF : DescribeTrees.createInputFromDB [[21, 1, 6, 71, -13, 0, 7]]
05-04 18:37:57.444 29886 29920 D RandomF : DescribeTrees.createInputFromDB [[21, 1, 6, 71, -13, 0, 4]]
05-04 18:37:57.444 29886 29920 D RandomF : DescribeTrees.createInputFromDB [[21, 1, 6, 72, -13, 0, 4]]
05-04 18:37:57.444 29886 29920 D RandomF : DescribeTrees.createInputFromDB [[21, 1, 6, 72, -13, 0, 4]]
05-04 18:37:57.444 29886 29920 D RandomF : DescribeTrees.createInputFromDB [[21, 1, 6, 73, -13, 0, 7]]
05-04 18:37:57.444 29886 29920 D RandomF : DescribeTrees.createInputFromDB [[21, 1, 6, 73, -13, 0, 7]]
05-04 18:37:57.444 29886 29920 D RandomF : DescribeTrees.createInputFromDB [[21, 1, 6, 73, -13, 0, 7]]
05-04 18:37:57.444 29886 29920 D RandomF : DescribeTrees.createInputFromDB [[20, 1, 6, 74, -13, 0, 7]]
05-04 18:37:57.444 29886 29920 D RandomF : DescribeTrees.createInputFromDB [[20, 1, 6, 74, -13, 0, 7]]
05-04 18:37:57.444 29886 29920 D RandomF : DescribeTrees.createInputFromDB [[20, 1, 6, 74, -13, 0, 7]]
05-04 18:37:57.444 29886 29920 D RandomF : DescribeTrees.createInputFromDB [[20, 1, 6, 74, -13, 0, 4]]
05-04 18:37:57.444 29886 29920 D RandomF : DescribeTrees.createInputFromDB [[20, 1, 6, 76, -13, 0, 12]]
05-04 18:37:57.444 29886 29920 D RandomF : DescribeTrees.createInputFromDB [[20, 1, 6, 76, -13, 0, 12]]
05-04 18:37:57.444 29886 29920 D RandomF : DescribeTrees.createInputFromDB [[20, 1, 6, 76, -13, 0, 7]]
05-04 18:37:57.444 29886 29920 D RandomF : DescribeTrees.createInputFromDB [[20, 1, 6, 76, -13, 0, 7]]
05-04 18:37:57.444 29886 29920 D RandomF : DescribeTrees.createInputFromDB [[20, 1, 6, 76, -13, 0, 7]]
05-04 18:37:57.444 29886 29920 D RandomF : DescribeTrees.createInputFromDB [[20, 1, 6, 76, -13, 0, 7]]
05-04 18:37:57.444 29886 29920 D RandomF : DescribeTrees.createInputFromDB [[20, 1, 6, 76, -13, 0, 7]]
05-04 18:37:57.445 29886 29920 D RandomF : DescribeTrees.createInputFromDB [[20, 1, 6, 76, -13, 0, 7]]
05-04 18:37:57.445 29886 29920 D RandomF : DescribeTrees.createInputFromDB [[20, 1, 6, 76, -13, 0, 7]]
05-04 18:37:57.445 29886 29920 D RandomF : DescribeTrees.createInputFromDB [[20, 1, 6, 76, -13, 0, 7]]
05-04 18:37:57.445 29886 29920 D RandomF : DescribeTrees.createInputFromDB [[20, 1, 6, 78, -13, 0, 1]]
05-04 18:37:57.445 29886 29920 D RandomF : DescribeTrees.createInputFromDB [[20, 1, 6, 78, -13, 0, 1]]
05-04 18:37:57.445 29886 29920 D RandomF : DescribeTrees.createInputFromDB [[20, 1, 6, 78, -13, 0, 1]]
05-04 18:37:57.445 29886 29920 D RandomF : DescribeTrees.createInputFromDB [[19, 1, 6, 81, -13, 0, 1]]
05-04 18:37:57.445 29886 29920 D RandomF : DescribeTrees.createInputFromDB [[19, 1, 6, 81, -13, 0, 6]]
05-04 18:37:57.445 29886 29920 D RandomF : DescribeTrees.createInputFromDB [[19, 1, 6, 81, -13, 0, 6]]
05-04 18:37:57.445 29886 29920 D RandomF : DescribeTrees.createInputFromDB [[19, 1, 6, 81, -13, 0, 6]]
05-04 18:37:57.445 29886 29920 D RandomF : DescribeTrees.createInputFromDB [[19, 1, 6, 81, -13, 0, 6]]
05-04 18:37:57.445 29886 29920 D RandomF : DescribeTrees.createInputFromDB [[19, 1, 6, 81, -13, 0, 6]]
05-04 18:37:57.445 29886 29920 D RandomF : DescribeTrees.createInputFromDB [[19, 1, 6, 83, -13, 0, 4]]
05-04 18:37:57.445 29886 29920 D RandomF : DescribeTrees.createInputFromDB [[19, 1, 6, 83, -13, 0, 4]]
05-04 18:37:57.445 29886 29920 D RandomF : DescribeTrees.createInputFromDB [[19, 1, 6, 83, -13, 0, 4]]
05-04 18:37:57.445 29886 29920 D RandomF : DescribeTrees.createInputFromDB [[19, 1, 6, 83, -13, 0, 4]]
05-04 18:37:57.445 29886 29920 D RandomF : DescribeTrees.createInputFromDB [[19, 1, 6, 83, -13, 0, 4]]
05-04 18:37:57.445 29886 29920 D RandomF : DescribeTrees.createInputFromDB [[19, 1, 6, 83, -13, 0, 4]]
05-04 18:37:57.445 29886 29920 D RandomF : DescribeTrees.createInputFromDB [[19, 1, 6, 83, -13, 0, 4]]
05-04 18:37:57.446 29886 29920 D RandomF : DescribeTrees.createInputFromDB [[19, 1, 6, 83, -13, 0, 4]]
05-04 18:37:57.446 29886 29920 D RandomF : DescribeTrees.createInputFromDB [[19, 1, 6, 83, -13, 0, 7]]
05-04 18:37:57.446 29886 29920 D RandomF : DescribeTrees.createInputFromDB [[19, 1, 6, 83, -13, 0, 4]]
05-04 18:37:57.446 29886 29920 D RandomF : DescribeTrees.createInputFromDB [[19, 1, 6, 83, -13, 0, 4]]
05-04 18:37:57.446 29886 29920 D RandomF : DescribeTrees.createInputFromDB [[19, 1, 6, 83, -13, 0, 4]]
05-04 18:37:57.446 29886 29920 D RandomF : DescribeTrees.createInputFromDB [[19, 1, 6, 83, -13, 0, 4]]
05-04 18:37:57.446 29886 29920 D RandomF : DescribeTrees.createInputFromDB [[18, 1, 5, 86, -13, 0, 4]]
05-04 18:37:57.446 29886 29920 D RandomF : DescribeTrees.createInputFromDB [[18, 1, 5, 86, -13, 0, 4]]
05-04 18:37:57.446 29886 29920 D RandomF : DescribeTrees.createInputFromDB [[18, 1, 5, 86, -13, 0, 4]]
05-04 18:37:57.446 29886 29920 D RandomF : DescribeTrees.createInputFromDB [[18, 1, 5, 86, -13, 0, 4]]
05-04 18:37:57.446 29886 29920 D RandomF : DescribeTrees.createInputFromDB [[18, 1, 5, 89, -13, 0, 4]]
05-04 18:37:57.446 29886 29920 D RandomF : DescribeTrees.createInputFromDB [[18, 1, 5, 89, -13, 0, 4]]
05-04 18:37:57.446 29886 29920 D RandomF : DescribeTrees.createInputFromDB [[18, 1, 5, 89, -13, 0, 4]]
05-04 18:37:57.446 29886 29920 D RandomF : DescribeTrees.createInputFromDB [[18, 1, 5, 89, -13, 0, 4]]
05-04 18:37:57.446 29886 29920 D RandomF : DescribeTrees.createInputFromDB [[18, 1, 5, 89, -13, 0, 4]]
05-04 18:37:57.446 29886 29920 D RandomF : DescribeTrees.createInputFromDB [[18, 1, 5, 89, -13, 0, 4]]
05-04 18:37:57.446 29886 29920 D RandomF : DescribeTrees.createInputFromDB [[18, 1, 5, 93, -13, 0, 7]]
05-04 18:37:57.446 29886 29920 D RandomF : DescribeTrees.createInputFromDB [[18, 1, 5, 93, -13, 0, 7]]
05-04 18:37:57.446 29886 29920 D RandomF : DescribeTrees.createInputFromDB [[18, 1, 5, 93, -13, 0, 7]]
05-04 18:37:57.446 29886 29920 D RandomF : DescribeTrees.createInputFromDB [[18, 1, 5, 93, -13, 0, 7]]
05-04 18:37:57.446 29886 29920 D RandomF : DescribeTrees.createInputFromDB [[18, 1, 5, 93, -13, 0, 7]]
05-04 18:37:57.446 29886 29920 D RandomF : DescribeTrees.createInputFromDB [[18, 1, 5, 93, -13, 0, 7]]
05-04 18:37:57.447 29886 29920 D RandomF : DescribeTrees.createInputFromDB [[18, 1, 5, 93, -13, 0, 7]]
05-04 18:37:57.447 29886 29920 D RandomF : DescribeTrees.createInputFromDB [[18, 1, 5, 93, -13, 0, 7]]
05-04 18:37:57.447 29886 29920 D RandomF : DescribeTrees.createInputFromDB [[18, 1, 5, 93, -13, 0, 14]]
05-04 18:37:57.447 29886 29920 D RandomF : DescribeTrees.createInputFromDB [[18, 1, 5, 93, -13, 0, 14]]
05-04 18:37:57.447 29886 29920 D RandomF : DescribeTrees.createInputFromDB [[18, 1, 5, 93, -13, 0, 15]]
05-04 18:37:57.447 29886 29920 D RandomF : DescribeTrees.createInputFromDB [[18, 1, 5, 93, -13, 0, 15]]
05-04 18:37:57.447 29886 29920 D RandomF : DescribeTrees.createInputFromDB [[18, 1, 5, 93, -13, 0, 15]]
05-04 18:37:57.447 29886 29920 D RandomF : DescribeTrees.createInputFromDB [[18, 1, 5, 93, -13, 0, 14]]
05-04 18:37:57.447 29886 29920 D RandomF : DescribeTrees.createInputFromDB [[18, 1, 5, 93, -13, 0, 14]]
05-04 18:37:57.447 29886 29920 D RandomF : DescribeTrees.createInputFromDB [[18, 1, 5, 93, -13, 0, 15]]
05-04 18:37:57.447 29886 29920 D RandomF : DescribeTrees.createInputFromDB [[18, 1, 5, 93, -13, 0, 15]]
05-04 18:37:57.447 29886 29920 D RandomF : DescribeTrees.createInputFromDB [[18, 1, 5, 93, -13, 0, 15]]
05-04 18:37:57.447 29886 29920 D RandomF : DescribeTrees.createInputFromDB [[18, 1, 5, 93, -13, 0, 14]]
05-04 18:37:57.447 29886 29920 D RandomF : DescribeTrees.createInputFromDB [[18, 1, 5, 93, -13, 0, 14]]
05-04 18:37:57.447 29886 29920 D RandomF : DescribeTrees.createInputFromDB [[18, 1, 5, 93, -13, 0, 15]]
05-04 18:37:57.447 29886 29920 D RandomF : DescribeTrees.createInputFromDB [[18, 1, 5, 93, -13, 0, 15]]
05-04 18:37:57.447 29886 29920 D RandomF : DescribeTrees.createInputFromDB [[18, 1, 5, 93, -13, 0, 15]]
05-04 18:37:57.447 29886 29920 D RandomF : DescribeTrees.createInputFromDB [[18, 1, 5, 97, -13, 0, 14]]
05-04 18:37:57.447 29886 29920 D RandomF : DescribeTrees.createInputFromDB [[18, 1, 5, 97, -13, 0, 16]]
05-04 18:37:57.447 29886 29920 D RandomF : DescribeTrees.createInputFromDB [[18, 1, 5, 97, -13, 0, 14]]
05-04 18:37:57.447 29886 29920 D RandomF : DescribeTrees.createInputFromDB [[18, 1, 5, 97, -13, 0, 14]]
05-04 18:37:57.448 29886 29920 D RandomF : DescribeTrees.createInputFromDB [[18, 1, 5, 97, -13, 0, 15]]
05-04 18:37:57.448 29886 29920 D RandomF : DescribeTrees.createInputFromDB [[18, 1, 5, 97, -13, 0, 15]]
05-04 18:37:57.448 29886 29920 D RandomF : DescribeTrees.createInputFromDB [[18, 1, 5, 97, -13, 0, 15]]
05-04 18:37:57.448 29886 29920 D RandomF : DescribeTrees.createInputFromDB [[18, 1, 5, 97, -13, 0, 14]]
05-04 18:37:57.448 29886 29920 D RandomF : DescribeTrees.createInputFromDB [[18, 1, 5, 97, -13, 0, 14]]
05-04 18:37:57.448 29886 29920 D RandomF : DescribeTrees.createInputFromDB [[18, 1, 5, 97, -13, 0, 15]]
05-04 18:37:57.448 29886 29920 D RandomF : DescribeTrees.createInputFromDB [[18, 1, 5, 97, -13, 0, 15]]
05-04 18:37:57.448 29886 29920 D RandomF : DescribeTrees.createInputFromDB [[18, 1, 5, 97, -13, 0, 15]]
05-04 18:37:57.448 29886 29920 D RandomF : DescribeTrees.createInputFromDB [[18, 1, 5, 97, -13, 0, 15]]
05-04 18:37:57.448 29886 29920 D RandomF : DescribeTrees.createInputFromDB [[18, 1, 5, 97, -13, 0, 15]]
05-04 18:37:57.448 29886 29920 D RandomF : DescribeTrees.createInputFromDB [[18, 1, 5, 97, -13, 0, 15]]
05-04 18:37:57.448 29886 29920 D RandomF : DescribeTrees.createInputFromDB [[18, 1, 5, 97, -13, 0, 9]]
05-04 18:37:57.448 29886 29920 D RandomF : DescribeTrees.createInputFromDB [[18, 1, 5, 97, -13, 0, 9]]
05-04 18:37:57.448 29886 29920 D RandomF : DescribeTrees.createInputFromDB [[18, 1, 5, 97, -13, 0, 9]]
05-04 18:37:57.448 29886 29920 D RandomF : DescribeTrees.createInputFromDB [[18, 1, 5, 97, -13, 0, 9]]
05-04 18:37:57.448 29886 29920 D RandomF : DescribeTrees.createInputFromDB [[18, 1, 5, 97, -13, 0, 9]]
05-04 18:37:57.448 29886 29920 D RandomF : DescribeTrees.createInputFromDB [[18, 1, 5, 97, -13, 0, 9]]
05-04 18:37:57.448 29886 29920 D RandomF : DescribeTrees.createInputFromDB [[18, 1, 5, 97, -13, 0, 17]]
05-04 18:37:57.449 29886 29920 D RandomF : DescribeTrees.createInputFromDB [[18, 1, 5, 97, -13, 0, 8]]
05-04 18:37:57.449 29886 29920 D RandomF : DescribeTrees.createInputFromDB [[17, 1, 5, 98, -13, 0, 8]]
05-04 18:37:57.449 29886 29920 D RandomF : DescribeTrees.createInputFromDB [[17, 1, 5, 98, -13, 0, 8]]
05-04 18:37:57.449 29886 29920 D RandomF : DescribeTrees.createInputFromDB [[17, 1, 5, 98, -13, 0, 8]]
05-04 18:37:57.449 29886 29920 D RandomF : DescribeTrees.createInputFromDB [[17, 1, 5, 98, -13, 0, 4]]
05-04 18:37:57.449 29886 29920 D RandomF : DescribeTrees.createInputFromDB [[17, 1, 5, 98, -13, 0, 4]]
05-04 18:37:57.449 29886 29920 D RandomF : DescribeTrees.createInputFromDB [[17, 1, 5, 99, -13, 0, 8]]
05-04 18:37:57.449 29886 29920 D RandomF : DescribeTrees.createInputFromDB [[17, 1, 5, 99, -13, 0, 7]]
05-04 18:37:57.449 29886 29920 D RandomF : DescribeTrees.createInputFromDB [[17, 1, 5, 99, -13, 0, 7]]
05-04 18:37:57.449 29886 29920 D RandomF : DescribeTrees.createInputFromDB [[15, 1, 5, 24, -13, 0, 8]]
05-04 18:37:57.449 29886 29920 D RandomF : DescribeTrees.createInputFromDB [[15, 1, 5, 24, -13, 0, 4]]
05-04 18:37:57.449 29886 29920 D RandomF : DescribeTrees.createInputFromDB [[15, 1, 5, 24, -13, 0, 8]]
05-04 18:37:57.449 29886 29920 D RandomF : DescribeTrees.createInputFromDB [[15, 1, 5, 24, -13, 0, 4]]
05-04 18:37:57.449 29886 29920 D RandomF : DescribeTrees.createInputFromDB [[15, 1, 5, 24, -13, 0, 8]]
05-04 18:37:57.449 29886 29920 D RandomF : DescribeTrees.createInputFromDB [[15, 1, 5, 24, -13, 0, 4]]
05-04 18:37:57.449 29886 29920 D RandomF : DescribeTrees.createInputFromDB [[15, 1, 5, 24, -13, 0, 4]]
05-04 18:37:57.449 29886 29920 D RandomF : DescribeTrees.createInputFromDB [[15, 1, 5, 24, -13, 0, 4]]
05-04 18:37:57.449 29886 29920 D RandomF : DescribeTrees.createInputFromDB [[15, 1, 5, 24, -13, 0, 4]]
05-04 18:37:57.449 29886 29920 D RandomF : DescribeTrees.createInputFromDB [[15, 1, 5, 24, -13, 0, 4]]
05-04 18:37:57.450 29886 29920 D RandomF : DescribeTrees.createInputFromDB [[15, 1, 5, 24, -13, 0, 4]]
05-04 18:37:57.450 29886 29920 D RandomF : DescribeTrees.createInputFromDB [[14, 1, 4, 24, -13, 0, 8]]
05-04 18:37:57.450 29886 29920 D RandomF : DescribeTrees.createInputFromDB [[14, 1, 4, 24, -13, 0, 8]]
05-04 18:37:57.450 29886 29920 D RandomF : DescribeTrees.createInputFromDB [[14, 1, 4, 24, -13, 0, 8]]
05-04 18:37:57.450 29886 29920 D RandomF : DescribeTrees.createInputFromDB [[14, 1, 4, 24, -13, 0, 4]]
05-04 18:37:57.450 29886 29920 D RandomF : DescribeTrees.createInputFromDB [[14, 1, 4, 24, -13, 0, 4]]
05-04 18:37:57.450 29886 29920 D RandomF : DescribeTrees.createInputFromDB [[14, 1, 4, 24, -13, 0, 4]]
05-04 18:37:57.450 29886 29920 D RandomF : DescribeTrees.createInputFromDB [[13, 1, 4, 26, -13, 0, 18]]
05-04 18:37:57.450 29886 29920 D RandomF : DescribeTrees.createInputFromDB [[13, 1, 4, 26, -13, 0, 18]]
05-04 18:37:57.450 29886 29920 D RandomF : DescribeTrees.createInputFromDB [[13, 1, 4, 26, -13, 0, 4]]
05-04 18:37:57.450 29886 29920 D RandomF : DescribeTrees.createInputFromDB [[13, 1, 4, 26, -13, 0, 4]]
05-04 18:37:57.450 29886 29920 D RandomF : DescribeTrees.createInputFromDB [[13, 1, 4, 29, -13, 0, 18]]
05-04 18:37:57.450 29886 29920 D RandomF : DescribeTrees.createInputFromDB [[13, 1, 4, 29, -13, 0, 18]]
05-04 18:37:57.450 29886 29920 D RandomF : DescribeTrees.createInputFromDB [[12, 1, 3, 29, -13, 0, 1]]
05-04 18:37:57.450 29886 29920 D RandomF : DescribeTrees.createInputFromDB [[12, 1, 3, 29, -13, 0, 1]]
05-04 18:37:57.450 29886 29920 D RandomF : DescribeTrees.createInputFromDB [[12, 1, 3, 29, -13, 0, 1]]
05-04 18:37:57.450 29886 29920 D RandomF : DescribeTrees.createInputFromDB [[12, 1, 3, 32, -13, 0, 19]]
05-04 18:37:57.450 29886 29920 D RandomF : DescribeTrees.createInputFromDB [[12, 1, 3, 32, -13, 0, 4]]
05-04 18:37:57.450 29886 29920 D RandomF : DescribeTrees.createInputFromDB [[12, 1, 3, 32, -13, 0, 4]]
05-04 18:37:57.450 29886 29920 D RandomF : DescribeTrees.createInputFromDB [[12, 1, 3, 32, -13, 0, 11]]
05-04 18:37:57.451 29886 29920 D RandomF : DescribeTrees.createInputFromDB [[12, 1, 3, 32, -13, 0, 11]]
05-04 18:37:57.451 29886 29920 D RandomF : DescribeTrees.createInputFromDB [[12, 1, 3, 32, -13, 0, 11]]
05-04 18:37:57.451 29886 29920 D RandomF : DescribeTrees.createInputFromDB [[12, 1, 3, 32, -13, 0, 11]]
05-04 18:37:57.451 29886 29920 D RandomF : DescribeTrees.createInputFromDB [[12, 1, 3, 32, -13, 0, 11]]
05-04 18:37:57.451 29886 29920 D RandomF : DescribeTrees.createInputFromDB [[12, 1, 3, 32, -13, 0, 11]]
05-04 18:37:57.451 29886 29920 D RandomF : DescribeTrees.createInputFromDB [[11, 1, 3, 35, -13, 0, 11]]
05-04 18:37:57.451 29886 29920 D RandomF : DescribeTrees.createInputFromDB [[11, 1, 3, 35, -13, 0, 11]]
05-04 18:37:57.451 29886 29920 D RandomF : DescribeTrees.createInputFromDB [[11, 1, 3, 35, -13, 0, 11]]
05-04 18:37:57.451 29886 29920 D RandomF : DescribeTrees.createInputFromDB [[11, 1, 3, 35, -13, 0, 7]]
05-04 18:37:57.451 29886 29920 D RandomF : DescribeTrees.createInputFromDB [[11, 1, 3, 35, -13, 0, 7]]
05-04 18:37:57.451 29886 29920 D RandomF : DescribeTrees.createInputFromDB [[9, 1, 2, 47, -13, 0, 20]]
05-04 18:37:57.451 29886 29920 D RandomF : DescribeTrees.createInputFromDB [[9, 1, 2, 47, -13, 0, 7]]
05-04 18:37:57.451 29886 29920 D RandomF : DescribeTrees.createInputFromDB [[9, 1, 2, 47, -13, 0, 7]]
05-04 18:37:57.451 29886 29920 D RandomF : DescribeTrees.createInputFromDB [[9, 1, 2, 49, -13, 0, 7]]
05-04 18:37:57.451 29886 29920 D RandomF : DescribeTrees.createInputFromDB [[9, 1, 2, 49, -13, 0, 7]]
05-04 18:37:57.451 29886 29920 D RandomF : DescribeTrees.createInputFromDB [[9, 1, 2, 49, -13, 0, 7]]
05-04 18:37:57.451 29886 29920 D RandomF : DescribeTrees.createInputFromDB [[9, 1, 2, 49, -13, 0, 4]]
05-04 18:37:57.451 29886 29920 D RandomF : DescribeTrees.createInputFromDB [[9, 1, 2, 49, -13, 0, 4]]
05-04 18:37:57.451 29886 29920 D RandomF : DescribeTrees.createInputFromDB [[9, 1, 2, 49, -13, 0, 4]]
05-04 18:37:57.451 29886 29920 D RandomF : DescribeTrees.createInputFromDB [[9, 1, 2, 49, -13, 0, 4]]
05-04 18:37:57.452 29886 29920 D RandomF : DescribeTrees.createInputFromDB [[9, 1, 2, 49, -13, 0, 4]]
05-04 18:37:57.452 29886 29920 D RandomF : DescribeTrees.createInputFromDB [[9, 1, 2, 49, -13, 0, 4]]
05-04 18:37:57.452 29886 29920 D RandomF : DescribeTrees.createInputFromDB [[9, 1, 2, 49, -13, 0, 4]]
05-04 18:37:57.452 29886 29920 D RandomF : DescribeTrees.createInputFromDB [[9, 1, 2, 49, -13, 0, 4]]
05-04 18:37:57.452 29886 29920 D RandomF : DescribeTrees.createInputFromDB [[9, 1, 2, 49, -13, 0, 4]]
05-04 18:37:57.452 29886 29920 D RandomF : DescribeTrees.createInputFromDB [[9, 1, 2, 49, -13, 0, 4]]
05-04 18:37:57.452 29886 29920 D RandomF : DescribeTrees.createInputFromDB [[9, 1, 2, 49, -13, 0, 4]]
05-04 18:37:57.452 29886 29920 D RandomF : DescribeTrees.createInputFromDB [[9, 1, 2, 49, -13, 0, 4]]
05-04 18:37:57.452 29886 29920 D RandomF : DescribeTrees.createInputFromDB [[9, 1, 2, 51, -13, 0, 4]]
05-04 18:37:57.452 29886 29920 D RandomF : DescribeTrees.createInputFromDB [[9, 1, 2, 51, -13, 0, 4]]
05-04 18:37:57.452 29886 29920 D RandomF : DescribeTrees.createInputFromDB [[9, 1, 2, 51, -13, 0, 4]]
05-04 18:37:57.452 29886 29920 D RandomF : DescribeTrees.createInputFromDB [[9, 1, 2, 51, -13, 0, 4]]
05-04 18:37:57.452 29886 29920 D RandomF : DescribeTrees.createInputFromDB [[9, 1, 2, 51, -13, 0, 4]]
05-04 18:37:57.452 29886 29920 D RandomF : DescribeTrees.createInputFromDB [[9, 1, 2, 51, -13, 0, 4]]
05-04 18:37:57.452 29886 29920 D RandomF : DescribeTrees.createInputFromDB [[9, 1, 2, 51, -13, 0, 4]]
05-04 18:37:57.452 29886 29920 D RandomF : DescribeTrees.createInputFromDB [[9, 1, 2, 51, -13, 0, 4]]
05-04 18:37:57.452 29886 29920 D RandomF : DescribeTrees.createInputFromDB [[9, 1, 2, 51, -13, 0, 4]]
05-04 18:37:57.452 29886 29920 D RandomF : DescribeTrees.createInputFromDB [[9, 1, 2, 51, -13, 0, 6]]
05-04 18:37:57.452 29886 29920 D RandomF : DescribeTrees.createInputFromDB [[9, 1, 2, 53, -13, 0, 7]]
05-04 18:37:57.452 29886 29920 D RandomF : DescribeTrees.createInputFromDB [[9, 1, 2, 53, -13, 0, 7]]
05-04 18:37:57.453 29886 29920 D RandomF : DescribeTrees.createInputFromDB [[9, 1, 2, 53, -13, 0, 7]]
05-04 18:37:57.453 29886 29920 D RandomF : DescribeTrees.createInputFromDB [[9, 1, 2, 53, -13, 0, 7]]
05-04 18:37:57.453 29886 29920 D RandomF : DescribeTrees.createInputFromDB [[8, 1, 2, 57, -13, 0, 4]]
05-04 18:37:57.453 29886 29920 D RandomF : DescribeTrees.createInputFromDB [[8, 1, 2, 57, -13, 0, 4]]
05-04 18:37:57.453 29886 29920 D RandomF : DescribeTrees.createInputFromDB [[8, 1, 2, 57, -13, 0, 4]]
05-04 18:37:57.453 29886 29920 D RandomF : DescribeTrees.createInputFromDB [[8, 1, 2, 57, -13, 0, 4]]
05-04 18:37:57.453 29886 29920 D RandomF : DescribeTrees.createInputFromDB [[8, 1, 2, 57, -13, 0, 4]]
05-04 18:37:57.453 29886 29920 D RandomF : DescribeTrees.createInputFromDB [[0, 1, 0, 65, -13, 0, 21]]
05-04 18:37:57.453 29886 29920 D RandomF : DescribeTrees.createInputFromDB [[0, 1, 0, 65, -13, 0, 21]]
05-04 18:37:57.453 29886 29920 D RandomF : DescribeTrees.createInputFromDB [[0, 1, 0, 65, -13, 0, 22]]
05-04 18:37:57.453 29886 29920 D RandomF : DescribeTrees.createInputFromDB [[0, 1, 0, 65, -13, 0, 2]]
05-04 18:37:57.453 29886 29920 D RandomF : DescribeTrees.createInputFromDB [[0, 1, 0, 65, -13, 0, 22]]
05-04 18:37:57.453 29886 29920 D RandomF : DescribeTrees.createInputFromDB [[0, 1, 0, 65, -13, 0, 2]]
05-04 18:37:57.453 29886 29920 D RandomF : DescribeTrees.createInputFromDB [[0, 1, 0, 68, -13, 0, 17]]
05-04 18:37:57.453 29886 29920 D RandomF : DescribeTrees.createInputFromDB [[0, 1, 0, 68, -13, 0, 2]]
05-04 18:37:57.453 29886 29920 D RandomF : DescribeTrees.createInputFromDB [[0, 1, 0, 68, -13, 0, 1]]
05-04 18:37:57.453 29886 29920 D RandomF : DescribeTrees.createInputFromDB [[0, 1, 0, 70, -13, 0, 14]]
05-04 18:37:57.453 29886 29920 D RandomF : DescribeTrees.createInputFromDB [[0, 1, 0, 70, -13, 0, 17]]
05-04 18:37:57.454 29886 29920 D RandomF : DescribeTrees.createInputFromDB [[0, 1, 0, 70, -13, 0, 17]]
05-04 18:37:57.454 29886 29920 D RandomF : DescribeTrees.createInputFromDB [[0, 1, 0, 70, -13, 0, 17]]
05-04 18:37:57.454 29886 29920 D RandomF : DescribeTrees.createInputFromDB [[0, 1, 0, 70, -13, 0, 17]]
05-04 18:37:57.454 29886 29920 D RandomF : DescribeTrees.createInputFromDB [[0, 1, 0, 70, -13, 0, 17]]
05-04 18:37:57.454 29886 29920 D RandomF : DescribeTrees.createInputFromDB [[0, 1, 0, 70, -13, 0, 17]]
05-04 18:37:57.454 29886 29920 D RandomF : DescribeTrees.createInputFromDB [[0, 1, 0, 70, -13, 0, 17]]
05-04 18:37:57.454 29886 29920 D RandomF : DescribeTrees.createInputFromDB [[0, 1, 0, 70, -13, 0, 17]]
05-04 18:37:57.454 29886 29920 D RandomF : DescribeTrees.createInputFromDB [[0, 1, 0, 70, -13, 0, 17]]
05-04 18:37:57.454 29886 29920 D RandomF : DescribeTrees.createInputFromDB [[0, 1, 0, 70, -13, 0, 17]]
05-04 18:37:57.454 29886 29920 D RandomF : DescribeTrees.createInputFromDB [[0, 1, 0, 70, -13, 0, 17]]
05-04 18:37:57.454 29886 29920 D RandomF : DescribeTrees.createInputFromDB [[0, 1, 0, 70, -13, 0, 17]]
05-04 18:37:57.454 29886 29920 D RandomF : DescribeTrees.createInputFromDB [[0, 1, 0, 70, -13, 0, 17]]
05-04 18:37:57.454 29886 29920 D RandomF : DescribeTrees.createInputFromDB [[0, 1, 0, 70, -13, 0, 17]]
05-04 18:37:57.454 29886 29920 D RandomF : DescribeTrees.createInputFromDB [[23, 1, 6, 79, -13, 0, 1]]
05-04 18:37:57.454 29886 29920 D RandomF : DescribeTrees.createInputFromDB [[23, 1, 6, 79, -13, 0, 1]]
05-04 18:37:57.454 29886 29920 D RandomF : DescribeTrees.createInputFromDB [[23, 1, 6, 79, -13, 0, 4]]
05-04 18:37:57.454 29886 29920 D RandomF : DescribeTrees.createInputFromDB [[23, 1, 6, 79, -13, 0, 1]]
05-04 18:37:57.454 29886 29920 D RandomF : DescribeTrees.createInputFromDB [[23, 1, 6, 79, -13, 0, 4]]
05-04 18:37:57.455 29886 29920 D RandomF : DescribeTrees.createInputFromDB [[23, 1, 6, 79, -13, 0, 4]]
05-04 18:37:57.455 29886 29920 D RandomF : DescribeTrees.createInputFromDB [[23, 1, 6, 79, -13, 0, 1]]
05-04 18:37:57.455 29886 29920 D RandomF : DescribeTrees.createInputFromDB [[23, 1, 6, 81, -13, 0, 11]]
05-04 18:37:57.455 29886 29920 D RandomF : DescribeTrees.createInputFromDB [[23, 1, 6, 81, -13, 0, 11]]
05-04 18:37:57.455 29886 29920 D RandomF : DescribeTrees.createInputFromDB [[23, 1, 6, 81, -13, 0, 11]]
05-04 18:37:57.455 29886 29920 D RandomF : DescribeTrees.createInputFromDB [[23, 1, 6, 81, -13, 0, 11]]
05-04 18:37:57.455 29886 29920 D RandomF : DescribeTrees.createInputFromDB [[23, 1, 6, 81, -13, 0, 11]]
05-04 18:37:57.455 29886 29920 D RandomF : DescribeTrees.createInputFromDB [[23, 1, 6, 81, -13, 0, 11]]
05-04 18:37:57.455 29886 29920 D RandomF : DescribeTrees.createInputFromDB [[23, 1, 6, 81, -13, 0, 11]]
05-04 18:37:57.455 29886 29920 D RandomF : DescribeTrees.createInputFromDB [[23, 1, 6, 81, -13, 0, 11]]
05-04 18:37:57.455 29886 29920 D RandomF : DescribeTrees.createInputFromDB [[23, 1, 6, 81, -13, 0, 11]]
05-04 18:37:57.455 29886 29920 D RandomF : DescribeTrees.createInputFromDB [[23, 1, 6, 81, -13, 0, 11]]
05-04 18:37:57.455 29886 29920 D RandomF : DescribeTrees.createInputFromDB [[23, 1, 6, 81, -13, 0, 11]]
05-04 18:37:57.455 29886 29920 D RandomF : DescribeTrees.createInputFromDB [[23, 1, 6, 81, -13, 0, 11]]
05-04 18:37:57.455 29886 29920 D RandomF : DescribeTrees.createInputFromDB [[23, 1, 6, 81, -13, 0, 11]]
05-04 18:37:57.455 29886 29920 D RandomF : DescribeTrees.createInputFromDB [[23, 1, 6, 81, -13, 0, 11]]
05-04 18:37:57.455 29886 29920 D RandomF : DescribeTrees.createInputFromDB [[23, 1, 6, 81, -13, 0, 11]]
05-04 18:37:57.455 29886 29920 D RandomF : DescribeTrees.createInputFromDB [[23, 1, 6, 81, -13, 0, 11]]
05-04 18:37:57.456 29886 29920 D RandomF : DescribeTrees.createInputFromDB [[23, 1, 6, 81, -13, 0, 1]]
05-04 18:37:57.456 29886 29920 D RandomF : DescribeTrees.createInputFromDB [[22, 1, 6, 90, -13, 0, 1]]
05-04 18:37:57.456 29886 29920 D RandomF : DescribeTrees.createInputFromDB [[22, 1, 6, 90, -13, 0, 7]]
05-04 18:37:57.456 29886 29920 D RandomF : DescribeTrees.createInputFromDB [[22, 1, 6, 90, -13, 0, 23]]
05-04 18:37:57.456 29886 29920 D RandomF : DescribeTrees.createInputFromDB [[22, 1, 6, 90, -13, 0, 23]]
05-04 18:37:57.456 29886 29920 D RandomF : DescribeTrees.createInputFromDB [[22, 1, 6, 90, -13, 0, 24]]
05-04 18:37:57.456 29886 29920 D RandomF : DescribeTrees.createInputFromDB [[22, 1, 6, 90, -13, 0, 24]]
05-04 18:37:57.456 29886 29920 D RandomF : DescribeTrees.createInputFromDB [[22, 1, 6, 90, -13, 0, 9]]
05-04 18:37:57.456 29886 29920 D RandomF : DescribeTrees.createInputFromDB [[22, 1, 6, 90, -13, 0, 9]]
05-04 18:37:57.456 29886 29920 D RandomF : DescribeTrees.createInputFromDB [[22, 1, 6, 90, -13, 0, 9]]
05-04 18:37:57.456 29886 29920 D RandomF : DescribeTrees.createInputFromDB [[22, 1, 6, 90, -13, 0, 9]]
05-04 18:37:57.456 29886 29920 D RandomF : DescribeTrees.createInputFromDB [[22, 1, 6, 90, -13, 0, 9]]
05-04 18:37:57.456 29886 29920 D RandomF : DescribeTrees.createInputFromDB [[22, 1, 6, 90, -13, 0, 24]]
05-04 18:37:57.456 29886 29920 D RandomF : DescribeTrees.createInputFromDB [[22, 1, 6, 90, -13, 0, 24]]
05-04 18:37:57.456 29886 29920 D RandomF : DescribeTrees.createInputFromDB [[22, 1, 6, 90, -13, 0, 25]]
05-04 18:37:57.456 29886 29920 D RandomF : DescribeTrees.createInputFromDB [[22, 1, 6, 90, -13, 0, 25]]
05-04 18:37:57.456 29886 29920 D RandomF : DescribeTrees.createInputFromDB [[22, 1, 6, 90, -13, 0, 25]]
05-04 18:37:57.456 29886 29920 D RandomF : DescribeTrees.createInputFromDB [[22, 1, 6, 90, -13, 0, 25]]
05-04 18:37:57.457 29886 29920 D RandomF : DescribeTrees.createInputFromDB [[22, 1, 6, 90, -13, 0, 25]]
05-04 18:37:57.457 29886 29920 D RandomF : DescribeTrees.createInputFromDB [[22, 1, 6, 90, -13, 0, 25]]
05-04 18:37:57.457 29886 29920 D RandomF : DescribeTrees.createInputFromDB [[22, 1, 6, 90, -13, 0, 25]]
05-04 18:37:57.457 29886 29920 D RandomF : DescribeTrees.createInputFromDB [[22, 1, 6, 90, -13, 0, 25]]
05-04 18:37:57.457 29886 29920 D RandomF : DescribeTrees.createInputFromDB [[22, 1, 6, 90, -13, 0, 25]]
05-04 18:37:57.457 29886 29920 D RandomF : DescribeTrees.createInputFromDB [[22, 1, 6, 90, -13, 0, 25]]
05-04 18:37:57.457 29886 29920 D RandomF : DescribeTrees.createInputFromDB [[22, 1, 6, 90, -13, 0, 25]]
05-04 18:37:57.457 29886 29920 D RandomF : DescribeTrees.createInputFromDB [[22, 1, 6, 90, -13, 0, 25]]
05-04 18:37:57.457 29886 29920 D RandomF : DescribeTrees.createInputFromDB [[22, 1, 6, 90, -13, 0, 25]]
05-04 18:37:57.457 29886 29920 D RandomF : DescribeTrees.createInputFromDB [[22, 1, 6, 93, -13, 0, 25]]
05-04 18:37:57.457 29886 29920 D RandomF : DescribeTrees.createInputFromDB [[22, 1, 6, 93, -13, 0, 25]]
05-04 18:37:57.457 29886 29920 D RandomF : DescribeTrees.createInputFromDB [[22, 1, 6, 93, -13, 0, 25]]
05-04 18:37:57.457 29886 29920 D RandomF : DescribeTrees.createInputFromDB [[22, 1, 6, 93, -13, 0, 25]]
05-04 18:37:57.457 29886 29920 D RandomF : DescribeTrees.createInputFromDB [[22, 1, 6, 93, -13, 0, 25]]
05-04 18:37:57.457 29886 29920 D RandomF : DescribeTrees.createInputFromDB [[22, 1, 6, 93, -13, 0, 25]]
05-04 18:37:57.457 29886 29920 D RandomF : DescribeTrees.createInputFromDB [[22, 1, 6, 93, -13, 0, 25]]
05-04 18:37:57.457 29886 29920 D RandomF : DescribeTrees.createInputFromDB [[22, 1, 6, 93, -13, 0, 25]]
05-04 18:37:57.457 29886 29920 D RandomF : DescribeTrees.createInputFromDB [[22, 1, 6, 93, -13, 0, 25]]
05-04 18:37:57.457 29886 29920 D RandomF : DescribeTrees.createInputFromDB [[22, 1, 6, 93, -13, 0, 26]]
05-04 18:37:57.458 29886 29920 D RandomF : DescribeTrees.createInputFromDB [[22, 1, 6, 93, -13, 0, 26]]
05-04 18:37:57.458 29886 29920 D RandomF : DescribeTrees.createInputFromDB [[22, 1, 6, 93, -13, 0, 26]]
05-04 18:37:57.458 29886 29920 D RandomF : DescribeTrees.createInputFromDB [[22, 1, 6, 93, -13, 0, 26]]
05-04 18:37:57.458 29886 29920 D RandomF : DescribeTrees.createInputFromDB [[22, 1, 6, 93, -13, 0, 26]]
05-04 18:37:57.458 29886 29920 D RandomF : DescribeTrees.createInputFromDB [[22, 1, 6, 93, -13, 0, 27]]
05-04 18:37:57.458 29886 29920 D RandomF : DescribeTrees.createInputFromDB [[22, 1, 6, 93, -13, 0, 27]]
05-04 18:37:57.458 29886 29920 D RandomF : DescribeTrees.createInputFromDB [[22, 1, 6, 93, -13, 0, 13]]
05-04 18:37:57.458 29886 29920 D RandomF : DescribeTrees.createInputFromDB [[22, 1, 6, 93, -13, 0, 6]]
05-04 18:37:57.458 29886 29920 D RandomF : DescribeTrees.createInputFromDB [[22, 1, 6, 95, -13, 0, 4]]
05-04 18:37:57.458 29886 29920 D RandomF : DescribeTrees.createInputFromDB [[21, 1, 6, 97, -13, 0, 4]]
05-04 18:37:57.458 29886 29920 D RandomF : DescribeTrees.createInputFromDB [[21, 1, 6, 97, -13, 0, 4]]
05-04 18:37:57.458 29886 29920 D RandomF : DescribeTrees.createInputFromDB [[21, 1, 6, 97, -13, 0, 4]]
05-04 18:37:57.458 29886 29920 D RandomF : DescribeTrees.createInputFromDB [[21, 1, 6, 97, -13, 0, 4]]
05-04 18:37:57.458 29886 29920 D RandomF : DescribeTrees.createInputFromDB [[21, 1, 6, 97, -13, 0, 4]]
05-04 18:37:57.458 29886 29920 D RandomF : DescribeTrees.createInputFromDB [[21, 1, 6, 99, -13, 0, 4]]
05-04 18:37:57.458 29886 29920 D RandomF : DescribeTrees.createInputFromDB [[21, 1, 6, 99, -13, 0, 4]]
05-04 18:37:57.458 29886 29920 D RandomF : DescribeTrees.createInputFromDB [[21, 1, 6, 99, -13, 0, 1]]
05-04 18:37:57.458 29886 29920 D RandomF : DescribeTrees.createInputFromDB [[21, 1, 6, 99, -13, 0, 5]]
05-04 18:37:57.458 29886 29920 D RandomF : DescribeTrees.createInputFromDB [[21, 1, 6, 99, -13, 0, 6]]
05-04 18:37:57.458 29886 29920 D RandomF : DescribeTrees.createInputFromDB [[21, 1, 6, 99, -13, 0, 1]]
05-04 18:37:57.458 29886 29920 D RandomF : DescribeTrees.createInputFromDB [[21, 1, 6, 99, -13, 0, 5]]
05-04 18:37:57.459 29886 29920 D RandomF : DescribeTrees.createInputFromDB [[21, 1, 6, 99, -13, 0, 6]]
05-04 18:37:57.459 29886 29920 D RandomF : DescribeTrees.createInputFromDB [[21, 1, 6, 99, -13, 0, 1]]
05-04 18:37:57.459 29886 29920 D RandomF : DescribeTrees.createInputFromDB [[21, 1, 6, 99, -13, 0, 4]]
05-04 18:37:57.459 29886 29920 D RandomF : DescribeTrees.createInputFromDB [[20, 1, 6, 99, -13, 0, 1]]
05-04 18:37:57.459 29886 29920 D RandomF : DescribeTrees.createInputFromDB [[20, 1, 6, 99, -13, 0, 1]]
05-04 18:37:57.459 29886 29920 D RandomF : DescribeTrees.createInputFromDB [[20, 1, 6, 99, -13, 0, 1]]
05-04 18:37:57.459 29886 29920 D RandomF : DescribeTrees.createInputFromDB [[20, 1, 6, 99, -13, 0, 4]]
05-04 18:37:57.459 29886 29920 D RandomF : DescribeTrees.createInputFromDB [[20, 1, 6, 99, -13, 0, 4]]
05-04 18:37:57.459 29886 29920 D RandomF : DescribeTrees.createInputFromDB [[20, 1, 6, 99, -13, 0, 4]]
05-04 18:37:57.459 29886 29920 D RandomF : DescribeTrees.createInputFromDB [[20, 1, 6, 99, -13, 0, 4]]
05-04 18:37:57.459 29886 29920 D RandomF : DescribeTrees.createInputFromDB [[20, 1, 6, 99, -13, 0, 4]]
05-04 18:37:57.459 29886 29920 D RandomF : DescribeTrees.createInputFromDB [[20, 1, 6, 99, -13, 0, 4]]
05-04 18:37:57.459 29886 29920 D RandomF : DescribeTrees.createInputFromDB [[20, 1, 6, 99, -13, 0, 4]]
05-04 18:37:57.459 29886 29920 D RandomF : DescribeTrees.createInputFromDB [[20, 1, 6, 99, -13, 0, 4]]
05-04 18:37:57.459 29886 29920 D RandomF : DescribeTrees.createInputFromDB [[20, 1, 6, 99, -13, 0, 4]]
05-04 18:37:57.459 29886 29920 D RandomF : DescribeTrees.createInputFromDB [[20, 1, 6, 99, -13, 0, 1]]
05-04 18:37:57.459 29886 29920 D RandomF : DescribeTrees.createInputFromDB [[20, 1, 6, 99, -13, 0, 1]]
05-04 18:37:57.459 29886 29920 D RandomF : DescribeTrees.createInputFromDB [[19, 1, 6, 99, -13, 0, 1]]
05-04 18:37:57.459 29886 29920 D RandomF : DescribeTrees.createInputFromDB [[19, 1, 6, 99, -13, 0, 1]]
05-04 18:37:57.459 29886 29920 D RandomF : DescribeTrees.createInputFromDB [[19, 1, 6, 99, -13, 0, 1]]
05-04 18:37:57.459 29886 29920 D RandomF : DescribeTrees.createInputFromDB [[19, 1, 6, 99, -13, 0, 1]]
05-04 18:37:57.460 29886 29920 D RandomF : DescribeTrees.createInputFromDB [[18, 1, 5, 99, -13, 0, 1]]
05-04 18:37:57.460 29886 29920 D RandomF : DescribeTrees.createInputFromDB [[18, 1, 5, 99, -13, 0, 1]]
05-04 18:37:57.460 29886 29920 D RandomF : DescribeTrees.createInputFromDB [[18, 1, 5, 99, -13, 0, 1]]
05-04 18:37:57.460 29886 29920 D RandomF : DescribeTrees.createInputFromDB [[18, 1, 5, 99, -13, 0, 1]]
05-04 18:37:57.460 29886 29920 D RandomF : DescribeTrees.createInputFromDB [[18, 1, 5, 99, -13, 0, 1]]
05-04 18:37:57.460 29886 29920 D RandomF : DescribeTrees.createInputFromDB [[18, 1, 5, 99, -13, 0, 1]]
05-04 18:37:57.460 29886 29920 D RandomF : DescribeTrees.createInputFromDB [[18, 1, 5, 99, -13, 0, 1]]
05-04 18:37:57.460 29886 29920 D RandomF : DescribeTrees.createInputFromDB [[18, 1, 5, 99, -13, 0, 1]]
05-04 18:37:57.460 29886 29920 D RandomF : DescribeTrees.createInputFromDB [[18, 1, 5, 99, -13, 0, 1]]
05-04 18:37:57.460 29886 29920 D RandomF : DescribeTrees.createInputFromDB [[17, 1, 5, 97, -13, 0, 5]]
05-04 18:37:57.460 29886 29920 D RandomF : DescribeTrees.createInputFromDB [[17, 1, 5, 97, -13, 0, 6]]
05-04 18:37:57.460 29886 29920 D RandomF : DescribeTrees.createInputFromDB [[16, 1, 5, 99, -13, 0, 1]]
05-04 18:37:57.460 29886 29920 D RandomF : DescribeTrees.createInputFromDB [[16, 1, 5, 99, -13, 0, 1]]
05-04 18:37:57.460 29886 29920 D RandomF : DescribeTrees.createInputFromDB [[16, 1, 5, 99, -13, 0, 1]]
05-04 18:37:57.460 29886 29920 D RandomF : DescribeTrees.createInputFromDB [[16, 1, 5, 100, -13, 0, 5]]
05-04 18:37:57.460 29886 29920 D RandomF : DescribeTrees.createInputFromDB [[16, 1, 5, 100, -13, 0, 6]]
05-04 18:37:57.460 29886 29920 D RandomF : DescribeTrees.createInputFromDB [[16, 1, 5, 100, -13, 0, 4]]
05-04 18:37:57.460 29886 29920 D RandomF : DescribeTrees.createInputFromDB [[16, 1, 5, 100, -13, 0, 4]]
05-04 18:37:57.460 29886 29920 D RandomF : DescribeTrees.createInputFromDB [[16, 1, 5, 100, -13, 0, 4]]
05-04 18:37:57.460 29886 29920 D RandomF : DescribeTrees.createInputFromDB [[16, 1, 5, 100, -13, 0, 4]]
05-04 18:37:57.460 29886 29920 D RandomF : DescribeTrees.createInputFromDB [[16, 1, 5, 100, -13, 0, 4]]
05-04 18:37:57.460 29886 29920 D RandomF : DescribeTrees.createInputFromDB [[16, 1, 5, 100, -13, 0, 4]]
05-04 18:37:57.460 29886 29920 D RandomF : DescribeTrees.createInputFromDB [[16, 1, 5, 100, -13, 0, 4]]
05-04 18:37:57.460 29886 29920 D RandomF : DescribeTrees.createInputFromDB [[16, 1, 5, 100, -13, 0, 4]]
05-04 18:37:57.461 29886 29920 D RandomF : DescribeTrees.createInputFromDB [[16, 1, 5, 100, -13, 0, 4]]
05-04 18:37:57.461 29886 29920 D RandomF : DescribeTrees.createInputFromDB [[16, 1, 5, 100, -13, 0, 1]]
05-04 18:37:57.461 29886 29920 D RandomF : DescribeTrees.createInputFromDB [[16, 1, 5, 100, -13, 0, 4]]
05-04 18:37:57.461 29886 29920 D RandomF : DescribeTrees.createInputFromDB [[15, 1, 5, 100, -13, 0, 1]]
05-04 18:37:57.461 29886 29920 D RandomF : DescribeTrees.createInputFromDB [[15, 1, 5, 100, -13, 0, 1]]
05-04 18:37:57.461 29886 29920 D RandomF : DescribeTrees.createInputFromDB [[15, 1, 5, 100, -13, 0, 1]]
05-04 18:37:57.461 29886 29920 D RandomF : DescribeTrees.createInputFromDB [[14, 1, 4, 99, -13, 0, 1]]
05-04 18:37:57.461 29886 29920 D RandomF : DescribeTrees.createInputFromDB [[14, 1, 4, 99, -13, 0, 6]]
05-04 18:37:57.461 29886 29920 D RandomF : DescribeTrees.createInputFromDB [[14, 1, 4, 99, -13, 0, 6]]
05-04 18:37:57.461 29886 29920 D RandomF : DescribeTrees.createInputFromDB [[14, 1, 4, 99, -13, 0, 1]]
05-04 18:37:57.461 29886 29920 D RandomF : DescribeTrees.createInputFromDB [[14, 1, 4, 99, -13, 0, 6]]
05-04 18:37:57.461 29886 29920 D RandomF : DescribeTrees.createInputFromDB [[14, 1, 4, 99, -13, 0, 6]]
05-04 18:37:57.461 29886 29920 D RandomF : DescribeTrees.createInputFromDB [[14, 1, 4, 99, -13, 0, 6]]
05-04 18:37:57.461 29886 29920 D RandomF : DescribeTrees.createInputFromDB [[14, 1, 4, 99, -13, 0, 6]]
05-04 18:37:57.461 29886 29920 D RandomF : DescribeTrees.createInputFromDB [[14, 1, 4, 99, -13, 0, 6]]
05-04 18:37:57.461 29886 29920 D RandomF : DescribeTrees.createInputFromDB [[14, 1, 4, 99, -13, 0, 6]]
05-04 18:37:57.461 29886 29920 D RandomF : DescribeTrees.createInputFromDB [[14, 1, 4, 99, -13, 0, 6]]
05-04 18:37:57.461 29886 29920 D RandomF : DescribeTrees.createInputFromDB [[14, 1, 4, 100, -13, 0, 6]]
05-04 18:37:57.461 29886 29920 D RandomF : DescribeTrees.createInputFromDB [[14, 1, 4, 99, -13, 0, 6]]
05-04 18:37:57.462 29886 29920 D RandomF : DescribeTrees.createInputFromDB [[14, 1, 4, 99, -13, 0, 1]]
05-04 18:37:57.462 29886 29920 D RandomF : DescribeTrees.createInputFromDB [[14, 1, 4, 99, -13, 0, 1]]
05-04 18:37:57.462 29886 29920 D RandomF : DescribeTrees.createInputFromDB [[14, 1, 4, 99, -13, 0, 1]]
05-04 18:37:57.462 29886 29920 D RandomF : DescribeTrees.createInputFromDB [[14, 1, 4, 99, -13, 0, 1]]
05-04 18:37:57.462 29886 29920 D RandomF : DescribeTrees.createInputFromDB [[13, 1, 4, 99, -13, 0, 1]]
05-04 18:37:57.462 29886 29920 D RandomF : DescribeTrees.createInputFromDB [[13, 1, 4, 97, -13, 0, 1]]
05-04 18:37:57.462 29886 29920 D RandomF : DescribeTrees.createInputFromDB [[13, 1, 4, 97, -13, 0, 28]]
05-04 18:37:57.462 29886 29920 D RandomF : DescribeTrees.createInputFromDB [[13, 1, 4, 97, -13, 0, 1]]
05-04 18:37:57.462 29886 29920 D RandomF : DescribeTrees.createInputFromDB [[13, 1, 4, 97, -13, 0, 1]]
05-04 18:37:57.462 29886 29920 D RandomF : DescribeTrees.createInputFromDB [[13, 1, 4, 97, -13, 0, 28]]
05-04 18:37:57.462 29886 29920 D RandomF : DescribeTrees.createInputFromDB [[13, 1, 4, 97, -13, 0, 1]]
05-04 18:37:57.462 29886 29920 D RandomF : DescribeTrees.createInputFromDB [[12, 1, 3, 90, -13, 0, 8]]
05-04 18:37:57.462 29886 29920 D RandomF : DescribeTrees.createInputFromDB [[12, 1, 3, 90, -13, 0, 8]]
05-04 18:37:57.462 29886 29920 D RandomF : DescribeTrees.createInputFromDB [[12, 1, 3, 90, -13, 0, 8]]
05-04 18:37:57.462 29886 29920 D RandomF : DescribeTrees.createInputFromDB [[12, 1, 3, 90, -13, 0, 4]]
05-04 18:37:57.462 29886 29920 D RandomF : DescribeTrees.createInputFromDB [[12, 1, 3, 90, -13, 0, 1]]
05-04 18:37:57.462 29886 29920 D RandomF : DescribeTrees.createInputFromDB [[12, 1, 3, 90, -13, 0, 4]]
05-04 18:37:57.462 29886 29920 D RandomF : DescribeTrees.createInputFromDB [[12, 1, 3, 89, -13, 0, 1]]
05-04 18:37:57.462 29886 29920 D RandomF : DescribeTrees.createInputFromDB [[12, 1, 3, 87, -13, 0, 1]]
05-04 18:37:57.463 29886 29920 D RandomF : DescribeTrees.createInputFromDB [[12, 1, 3, 87, -13, 0, 4]]
05-04 18:37:57.463 29886 29920 D RandomF : DescribeTrees.createInputFromDB [[12, 1, 3, 87, -13, 0, 1]]
05-04 18:37:57.463 29886 29920 D RandomF : DescribeTrees.createInputFromDB [[12, 1, 3, 87, -13, 0, 28]]
05-04 18:37:57.463 29886 29920 D RandomF : DescribeTrees.createInputFromDB [[12, 1, 3, 87, -13, 0, 1]]
05-04 18:37:57.463 29886 29920 D RandomF : DescribeTrees.createInputFromDB [[11, 1, 3, 86, -13, 0, 5]]
05-04 18:37:57.463 29886 29920 D RandomF : DescribeTrees.createInputFromDB [[11, 1, 3, 86, -13, 0, 6]]
05-04 18:37:57.463 29886 29920 D RandomF : DescribeTrees.createInputFromDB [[11, 1, 3, 86, -13, 0, 29]]
05-04 18:37:57.463 29886 29920 D RandomF : DescribeTrees.createInputFromDB [[11, 1, 3, 86, -13, 0, 29]]
05-04 18:37:57.463 29886 29920 D RandomF : DescribeTrees.createInputFromDB [[11, 1, 3, 87, -13, 0, 7]]
05-04 18:37:57.463 29886 29920 D RandomF : DescribeTrees.createInputFromDB [[11, 1, 3, 87, -13, 0, 7]]
05-04 18:37:57.463 29886 29920 D RandomF : DescribeTrees.createInputFromDB [[10, 1, 3, 90, -13, 0, 4]]
05-04 18:37:57.463 29886 29920 D RandomF : DescribeTrees.createInputFromDB [[10, 1, 3, 90, -13, 0, 4]]
05-04 18:37:57.463 29886 29920 D RandomF : DescribeTrees.createInputFromDB [[10, 1, 3, 90, -13, 0, 7]]
05-04 18:37:57.463 29886 29920 D RandomF : DescribeTrees.createInputFromDB [[10, 1, 3, 90, -13, 0, 7]]
05-04 18:37:57.463 29886 29920 D RandomF : DescribeTrees.createInputFromDB [[10, 1, 3, 90, -13, 0, 7]]
05-04 18:37:57.463 29886 29920 D RandomF : DescribeTrees.createInputFromDB [[10, 1, 3, 90, -13, 0, 1]]
05-04 18:37:57.463 29886 29920 D RandomF : DescribeTrees.createInputFromDB [[9, 1, 2, 93, -13, 0, 4]]
05-04 18:37:57.464 29886 29920 D RandomF : DescribeTrees.createInputFromDB [[9, 1, 2, 93, -13, 0, 4]]
05-04 18:37:57.464 29886 29920 D RandomF : DescribeTrees.createInputFromDB [[9, 1, 2, 93, -13, 0, 4]]
05-04 18:37:57.464 29886 29920 D RandomF : DescribeTrees.createInputFromDB [[9, 1, 2, 93, -13, 0, 9]]
05-04 18:37:57.464 29886 29920 D RandomF : DescribeTrees.createInputFromDB [[9, 1, 2, 93, -13, 0, 9]]
05-04 18:37:57.464 29886 29920 D RandomF : DescribeTrees.createInputFromDB [[9, 1, 2, 93, -13, 0, 9]]
05-04 18:37:57.464 29886 29920 D RandomF : DescribeTrees.createInputFromDB [[9, 1, 2, 93, -13, 0, 9]]
05-04 18:37:57.464 29886 29920 D RandomF : DescribeTrees.createInputFromDB [[9, 1, 2, 93, -13, 0, 9]]
05-04 18:37:57.464 29886 29920 D RandomF : DescribeTrees.createInputFromDB [[9, 1, 2, 93, -13, 0, 9]]
05-04 18:37:57.464 29886 29920 D RandomF : DescribeTrees.createInputFromDB [[9, 1, 2, 93, -13, 0, 9]]
05-04 18:37:57.464 29886 29920 D RandomF : DescribeTrees.createInputFromDB [[9, 1, 2, 93, -13, 0, 9]]
05-04 18:37:57.464 29886 29920 D RandomF : DescribeTrees.createInputFromDB [[9, 1, 2, 93, -13, 0, 9]]
05-04 18:37:57.464 29886 29920 D RandomF : DescribeTrees.createInputFromDB [[9, 1, 2, 94, -13, 0, 30]]
05-04 18:37:57.464 29886 29920 D RandomF : DescribeTrees.createInputFromDB [[9, 1, 2, 94, -13, 0, 4]]
05-04 18:37:57.464 29886 29920 D RandomF : DescribeTrees.createInputFromDB [[9, 1, 2, 94, -13, 0, 30]]
05-04 18:37:57.464 29886 29920 D RandomF : DescribeTrees.createInputFromDB [[4, 1, 1, 100, -13, 0, 1]]
05-04 18:37:57.464 29886 29920 D RandomF : DescribeTrees.createInputFromDB [[4, 1, 1, 100, -13, 0, 1]]
05-04 18:37:57.465 29886 29920 D RandomF : DescribeTrees.createInputFromDB [[4, 1, 1, 100, -13, 0, 28]]
05-04 18:37:57.465 29886 29920 D RandomF : DescribeTrees.createInputFromDB [[2, 1, 1, 100, -13, 0, 28]]
05-04 18:37:57.465 29886 29920 D RandomF : DescribeTrees.createInputFromDB [[2, 1, 1, 100, -13, 0, 1]]
05-04 18:37:57.465 29886 29920 D RandomF : DescribeTrees.createInputFromDB [[0, 1, 0, 84, -13, 0, 5]]
05-04 18:37:57.465 29886 29920 D RandomF : DescribeTrees.createInputFromDB [[0, 1, 0, 84, -13, 0, 6]]
05-04 18:37:57.465 29886 29920 D RandomF : DescribeTrees.createInputFromDB [[0, 1, 0, 84, -13, 0, 6]]
05-04 18:37:57.465 29886 29920 D RandomF : DescribeTrees.createInputFromDB [[0, 1, 0, 84, -13, 0, 6]]
05-04 18:37:57.465 29886 29920 D RandomF : DescribeTrees.createInputFromDB [[0, 1, 0, 84, -13, 0, 6]]
05-04 18:37:57.465 29886 29920 D RandomF : DescribeTrees.createInputFromDB [[0, 1, 0, 84, -13, 0, 6]]
05-04 18:37:57.465 29886 29920 D RandomF : DescribeTrees.createInputFromDB [[0, 1, 0, 84, -13, 0, 6]]
05-04 18:37:57.465 29886 29920 D RandomF : DescribeTrees.createInputFromDB [[0, 1, 0, 84, -13, 0, 6]]
05-04 18:37:57.465 29886 29920 D RandomF : DescribeTrees.createInputFromDB [[0, 1, 0, 84, -13, 0, 6]]
05-04 18:37:57.465 29886 29920 D RandomF : DescribeTrees.createInputFromDB [[23, 0, 6, 87, -13, 0, 4]]
05-04 18:37:57.465 29886 29920 D RandomF : DescribeTrees.createInputFromDB [[23, 0, 6, 87, -13, 0, 4]]
05-04 18:37:57.465 29886 29920 D RandomF : DescribeTrees.createInputFromDB [[23, 0, 6, 87, -13, 0, 4]]
05-04 18:37:57.465 29886 29920 D RandomF : DescribeTrees.createInputFromDB [[22, 0, 6, 88, -13, 0, 4]]
05-04 18:37:57.465 29886 29920 D RandomF : DescribeTrees.createInputFromDB [[22, 0, 6, 92, -13, 0, 4]]
05-04 18:37:57.465 29886 29920 D RandomF : DescribeTrees.createInputFromDB [[22, 0, 6, 92, -13, 0, 4]]
05-04 18:37:57.465 29886 29920 D RandomF : DescribeTrees.createInputFromDB [[22, 0, 6, 92, -13, 0, 4]]
05-04 18:37:57.466 29886 29920 D RandomF : DescribeTrees.createInputFromDB [[21, 0, 6, 97, -13, 0, 20]]
05-04 18:37:57.466 29886 29920 D RandomF : DescribeTrees.createInputFromDB [[21, 0, 6, 97, -13, 0, 20]]
05-04 18:37:57.466 29886 29920 D RandomF : DescribeTrees.createInputFromDB [[21, 0, 6, 97, -13, 0, 20]]
05-04 18:37:57.466 29886 29920 D RandomF : DescribeTrees.createInputFromDB [[21, 0, 6, 97, -13, 0, 20]]
05-04 18:37:57.466 29886 29920 D RandomF : DescribeTrees.createInputFromDB [[21, 0, 6, 100, -13, 0, 20]]
05-04 18:37:57.466 29886 29920 D RandomF : DescribeTrees.createInputFromDB [[21, 0, 6, 100, -13, 0, 7]]
05-04 18:37:57.466 29886 29920 D RandomF : DescribeTrees.createInputFromDB [[21, 0, 6, 100, -13, 0, 4]]
05-04 18:37:57.466 29886 29920 D RandomF : DescribeTrees.createInputFromDB [[21, 0, 6, 100, -13, 0, 7]]
05-04 18:37:57.466 29886 29920 D RandomF : DescribeTrees.createInputFromDB [[21, 0, 6, 100, -13, 0, 4]]
05-04 18:37:57.466 29886 29920 D RandomF : DescribeTrees.createInputFromDB [[21, 0, 6, 100, -13, 0, 4]]
05-04 18:37:57.466 29886 29920 D RandomF : DescribeTrees.createInputFromDB [[21, 0, 6, 100, -13, 0, 4]]
05-04 18:37:57.466 29886 29920 D RandomF : DescribeTrees.createInputFromDB [[21, 0, 6, 100, -13, 0, 4]]
05-04 18:37:57.466 29886 29920 D RandomF : DescribeTrees.createInputFromDB [[21, 0, 6, 100, -13, 0, 4]]
05-04 18:37:57.466 29886 29920 D RandomF : DescribeTrees.createInputFromDB [[21, 0, 6, 100, -13, 0, 4]]
05-04 18:37:57.466 29886 29920 D RandomF : DescribeTrees.createInputFromDB [[21, 0, 6, 100, -13, 0, 4]]
05-04 18:37:57.466 29886 29920 D RandomF : DescribeTrees.createInputFromDB [[21, 0, 6, 100, -13, 0, 4]]
05-04 18:37:57.466 29886 29920 D RandomF : DescribeTrees.createInputFromDB [[20, 0, 6, 75, -13, 0, 2]]
05-04 18:37:57.466 29886 29920 D RandomF : DescribeTrees.createInputFromDB [[20, 0, 6, 77, -13, 0, 2]]
05-04 18:37:57.466 29886 29920 D RandomF : DescribeTrees.createInputFromDB [[20, 0, 6, 77, -13, 0, 7]]
05-04 18:37:57.466 29886 29920 D RandomF : DescribeTrees.createInputFromDB [[20, 0, 6, 77, -13, 0, 7]]
05-04 18:37:57.466 29886 29920 D RandomF : DescribeTrees.createInputFromDB [[19, 0, 6, 79, -13, 0, 2]]
05-04 18:37:57.467 29886 29920 D RandomF : DescribeTrees.createInputFromDB [[19, 0, 6, 79, -13, 0, 4]]
05-04 18:37:57.467 29886 29920 D RandomF : DescribeTrees.createInputFromDB [[19, 0, 6, 79, -13, 0, 4]]
05-04 18:37:57.467 29886 29920 D RandomF : DescribeTrees.createInputFromDB [[19, 0, 6, 83, -13, 0, 2]]
05-04 18:37:57.467 29886 29920 D RandomF : DescribeTrees.createInputFromDB [[18, 0, 5, 83, -13, 0, 4]]
05-04 18:37:57.467 29886 29920 D RandomF : DescribeTrees.createInputFromDB [[18, 0, 5, 83, -13, 0, 4]]
05-04 18:37:57.467 29886 29920 D RandomF : DescribeTrees.createInputFromDB [[18, 0, 5, 47, -13, 0, 4]]
05-04 18:37:57.467 29886 29920 D RandomF : DescribeTrees.createInputFromDB [[18, 0, 5, 47, -13, 0, 4]]
05-04 18:37:57.467 29886 29920 D RandomF : DescribeTrees.createInputFromDB [[17, 0, 5, 40, -13, 0, 2]]
05-04 18:37:57.467 29886 29920 D RandomF : DescribeTrees.createInputFromDB [[17, 0, 5, 44, -13, 0, 31]]
05-04 18:37:57.467 29886 29920 D RandomF : DescribeTrees.createInputFromDB [[17, 0, 5, 44, -13, 0, 31]]
05-04 18:37:57.467 29886 29920 D RandomF : DescribeTrees.createInputFromDB [[17, 0, 5, 53, -13, 0, 2]]
05-04 18:37:57.467 29886 29920 D RandomF : DescribeTrees.createInputFromDB [[17, 0, 5, 53, -13, 0, 4]]
05-04 18:37:57.467 29886 29920 D RandomF : DescribeTrees.createInputFromDB [[16, 0, 5, 57, -13, 0, 2]]
05-04 18:37:57.467 29886 29920 D RandomF : DescribeTrees.createInputFromDB [[16, 0, 5, 57, -13, 0, 18]]
05-04 18:37:57.467 29886 29920 D RandomF : DescribeTrees.createInputFromDB [[16, 0, 5, 57, -13, 0, 18]]
05-04 18:37:57.467 29886 29920 D RandomF : DescribeTrees.createInputFromDB [[15, 0, 5, 79, -13, 0, 2]]
05-04 18:37:57.468 29886 29920 D RandomF : DescribeTrees.createInputFromDB [[15, 0, 5, 79, -13, 0, 6]]
05-04 18:37:57.468 29886 29920 D RandomF : DescribeTrees.createInputFromDB [[15, 0, 5, 79, -13, 0, 6]]
05-04 18:37:57.468 29886 29920 D RandomF : DescribeTrees.createInputFromDB [[15, 0, 5, 79, -13, 0, 2]]
05-04 18:37:57.468 29886 29920 D RandomF : DescribeTrees.createInputFromDB [[14, 0, 4, 85, -13, 0, 22]]
05-04 18:37:57.468 29886 29920 D RandomF : DescribeTrees.createInputFromDB [[14, 0, 4, 85, -13, 0, 4]]
05-04 18:37:57.468 29886 29920 D RandomF : DescribeTrees.createInputFromDB [[14, 0, 4, 85, -13, 0, 22]]
05-04 18:37:57.468 29886 29920 D RandomF : DescribeTrees.createInputFromDB [[14, 0, 4, 85, -13, 0, 18]]
05-04 18:37:57.468 29886 29920 D RandomF : DescribeTrees.createInputFromDB [[14, 0, 4, 85, -13, 0, 18]]
05-04 18:37:57.468 29886 29920 D RandomF : DescribeTrees.createInputFromDB [[14, 0, 4, 85, -13, 0, 22]]
05-04 18:37:57.468 29886 29920 D RandomF : DescribeTrees.createInputFromDB [[14, 0, 4, 28, -13, 0, 7]]
05-04 18:37:57.468 29886 29920 D RandomF : DescribeTrees.createInputFromDB [[14, 0, 4, 28, -13, 0, 7]]
05-04 18:37:57.468 29886 29920 D RandomF : DescribeTrees.createInputFromDB [[14, 0, 4, 28, -13, 0, 7]]
05-04 18:37:57.468 29886 29920 D RandomF : DescribeTrees.createInputFromDB [[14, 0, 4, 28, -13, 0, 7]]
05-04 18:37:57.468 29886 29920 D RandomF : DescribeTrees.createInputFromDB [[14, 0, 4, 28, -13, 0, 7]]
05-04 18:37:57.468 29886 29920 D RandomF : DescribeTrees.createInputFromDB [[14, 0, 4, 28, -13, 0, 11]]
05-04 18:37:57.468 29886 29920 D RandomF : DescribeTrees.createInputFromDB [[14, 0, 4, 28, -13, 0, 11]]
05-04 18:37:57.468 29886 29920 D RandomF : DescribeTrees.createInputFromDB [[14, 0, 4, 28, -13, 0, 11]]
05-04 18:37:57.469 29886 29920 D RandomF : DescribeTrees.createInputFromDB [[14, 0, 4, 28, -13, 0, 11]]
05-04 18:37:57.469 29886 29920 D RandomF : DescribeTrees.createInputFromDB [[14, 0, 4, 28, -13, 0, 11]]
05-04 18:37:57.469 29886 29920 D RandomF : DescribeTrees.createInputFromDB [[14, 0, 4, 28, -13, 0, 11]]
05-04 18:37:57.469 29886 29920 D RandomF : DescribeTrees.createInputFromDB [[14, 0, 4, 28, -13, 0, 11]]
05-04 18:37:57.469 29886 29920 D RandomF : DescribeTrees.createInputFromDB [[14, 0, 4, 29, -13, 0, 18]]
05-04 18:37:57.469 29886 29920 D RandomF : DescribeTrees.createInputFromDB [[13, 0, 4, 31, -13, 0, 18]]
05-04 18:37:57.469 29886 29920 D RandomF : DescribeTrees.createInputFromDB [[13, 0, 4, 31, -13, 0, 18]]
05-04 18:37:57.469 29886 29920 D RandomF : DescribeTrees.createInputFromDB [[12, 0, 3, 45, -13, 0, 18]]
05-04 18:37:57.469 29886 29920 D RandomF : DescribeTrees.createInputFromDB [[12, 0, 3, 45, -13, 0, 18]]
05-04 18:37:57.469 29886 29920 D RandomF : DescribeTrees.createInputFromDB [[12, 0, 3, 49, -13, 0, 7]]
05-04 18:37:57.469 29886 29920 D RandomF : DescribeTrees.createInputFromDB [[12, 0, 3, 49, -13, 0, 18]]
05-04 18:37:57.469 29886 29920 D RandomF : DescribeTrees.createInputFromDB [[12, 0, 3, 49, -13, 0, 18]]
05-04 18:37:57.469 29886 29920 D RandomF : DescribeTrees.createInputFromDB [[12, 0, 3, 49, -13, 0, 2]]
05-04 18:37:57.469 29886 29920 D RandomF : DescribeTrees.createInputFromDB [[11, 0, 3, 51, -13, 0, 32]]
05-04 18:37:57.469 29886 29920 D RandomF : DescribeTrees.createInputFromDB [[11, 0, 3, 51, -13, 0, 6]]
05-04 18:37:57.469 29886 29920 D RandomF : DescribeTrees.createInputFromDB [[11, 0, 3, 60, -13, 0, 18]]
05-04 18:37:57.469 29886 29920 D RandomF : DescribeTrees.createInputFromDB [[11, 0, 3, 60, -13, 0, 18]]
05-04 18:37:57.469 29886 29920 D RandomF : DescribeTrees.createInputFromDB [[11, 0, 3, 60, -13, 0, 18]]
05-04 18:37:57.470 29886 29920 D RandomF : DescribeTrees.createInputFromDB [[11, 0, 3, 60, -13, 0, 3]]
05-04 18:37:57.470 29886 29920 D RandomF : DescribeTrees.createInputFromDB [[11, 0, 3, 60, -13, 0, 3]]
05-04 18:37:57.470 29886 29920 D RandomF : DescribeTrees.createInputFromDB [[11, 0, 3, 60, -13, 0, 3]]
05-04 18:37:57.470 29886 29920 D RandomF : DescribeTrees.createInputFromDB [[11, 0, 3, 60, -13, 0, 3]]
05-04 18:37:57.470 29886 29920 D RandomF : DescribeTrees.createInputFromDB [[11, 0, 3, 60, -13, 0, 3]]
05-04 18:37:57.470 29886 29920 D RandomF : DescribeTrees.createInputFromDB [[11, 0, 3, 60, -13, 0, 11]]
05-04 18:37:57.470 29886 29920 D RandomF : DescribeTrees.createInputFromDB [[11, 0, 3, 60, -13, 0, 11]]
05-04 18:37:57.470 29886 29920 D RandomF : DescribeTrees.createInputFromDB [[11, 0, 3, 60, -13, 0, 11]]
05-04 18:37:57.470 29886 29920 D RandomF : DescribeTrees.createInputFromDB [[11, 0, 3, 60, -13, 0, 3]]
05-04 18:37:57.471 29886 29920 D RandomF : DescribeTrees.createInputFromDB [[11, 0, 3, 60, -13, 0, 3]]
05-04 18:37:57.471 29886 29920 D RandomF : DescribeTrees.createInputFromDB [[11, 0, 3, 60, -13, 0, 3]]
05-04 18:37:57.471 29886 29920 D RandomF : DescribeTrees.createInputFromDB [[11, 0, 3, 63, -13, 0, 3]]
05-04 18:37:57.471 29886 29920 D RandomF : DescribeTrees.createInputFromDB [[11, 0, 3, 63, -13, 0, 3]]
05-04 18:37:57.471 29886 29920 D RandomF : DescribeTrees.createInputFromDB [[11, 0, 3, 63, -13, 0, 3]]
05-04 18:37:57.471 29886 29920 D RandomF : DescribeTrees.createInputFromDB [[11, 0, 3, 63, -13, 0, 3]]
05-04 18:37:57.471 29886 29920 D RandomF : DescribeTrees.createInputFromDB [[10, 0, 3, 66, -13, 0, 18]]
05-04 18:37:57.471 29886 29920 D RandomF : DescribeTrees.createInputFromDB [[10, 0, 3, 66, -13, 0, 18]]
05-04 18:37:57.471 29886 29920 D RandomF : DescribeTrees.createInputFromDB [[10, 0, 3, 66, -13, 0, 18]]
05-04 18:37:57.471 29886 29920 D RandomF : DescribeTrees.createInputFromDB [[10, 0, 3, 66, -13, 0, 18]]
05-04 18:37:57.471 29886 29920 D RandomF : DescribeTrees.createInputFromDB [[10, 0, 3, 66, -13, 0, 18]]
05-04 18:37:57.472 29886 29920 D RandomF : DescribeTrees.createInputFromDB [[10, 0, 3, 66, -13, 0, 18]]
05-04 18:37:57.472 29886 29920 D RandomF : DescribeTrees.createInputFromDB [[10, 0, 3, 68, -13, 0, 18]]
05-04 18:37:57.472 29886 29920 D RandomF : DescribeTrees.createInputFromDB [[10, 0, 3, 68, -13, 0, 18]]
05-04 18:37:57.472 29886 29920 D RandomF : DescribeTrees.createInputFromDB [[10, 0, 3, 68, -13, 0, 18]]
05-04 18:37:57.472 29886 29920 D RandomF : DescribeTrees.createInputFromDB [[10, 0, 3, 68, -13, 0, 18]]
05-04 18:37:57.472 29886 29920 D RandomF : DescribeTrees.createInputFromDB [[10, 0, 3, 68, -13, 0, 18]]
05-04 18:37:57.472 29886 29920 D RandomF : DescribeTrees.createInputFromDB [[10, 0, 3, 68, -13, 0, 18]]
05-04 18:37:57.473 29886 29920 D RandomF : DescribeTrees.createInputFromDB [[10, 0, 3, 68, -13, 0, 18]]
05-04 18:37:57.473 29886 29920 D RandomF : DescribeTrees.createInputFromDB [[10, 0, 3, 68, -13, 0, 18]]
05-04 18:37:57.473 29886 29920 D RandomF : DescribeTrees.createInputFromDB [[10, 0, 3, 68, -13, 0, 18]]
05-04 18:37:57.473 29886 29920 D RandomF : DescribeTrees.createInputFromDB [[9, 0, 2, 71, -13, 0, 11]]
05-04 18:37:57.473 29886 29920 D RandomF : DescribeTrees.createInputFromDB [[9, 0, 2, 71, -13, 0, 11]]
05-04 18:37:57.473 29886 29920 D RandomF : DescribeTrees.createInputFromDB [[9, 0, 2, 71, -13, 0, 11]]
05-04 18:37:57.473 29886 29920 D RandomF : DescribeTrees.createInputFromDB [[9, 0, 2, 71, -13, 0, 11]]
05-04 18:37:57.473 29886 29920 D RandomF : DescribeTrees.createInputFromDB [[9, 0, 2, 71, -13, 0, 11]]
05-04 18:37:57.474 29886 29920 D RandomF : DescribeTrees.createInputFromDB [[9, 0, 2, 71, -13, 0, 11]]
05-04 18:37:57.474 29886 29920 D RandomF : DescribeTrees.createInputFromDB [[9, 0, 2, 71, -13, 0, 11]]
05-04 18:37:57.474 29886 29920 D RandomF : DescribeTrees.createInputFromDB [[9, 0, 2, 71, -13, 0, 11]]
05-04 18:37:57.474 29886 29920 D RandomF : DescribeTrees.createInputFromDB [[9, 0, 2, 71, -13, 0, 11]]
05-04 18:37:57.474 29886 29920 D RandomF : DescribeTrees.createInputFromDB [[9, 0, 2, 71, -13, 0, 11]]
05-04 18:37:57.474 29886 29920 D RandomF : DescribeTrees.createInputFromDB [[9, 0, 2, 71, -13, 0, 11]]
05-04 18:37:57.474 29886 29920 D RandomF : DescribeTrees.createInputFromDB [[9, 0, 2, 71, -13, 0, 11]]
05-04 18:37:57.474 29886 29920 D RandomF : DescribeTrees.createInputFromDB [[9, 0, 2, 71, -13, 0, 11]]
05-04 18:37:57.474 29886 29920 D RandomF : DescribeTrees.createInputFromDB [[9, 0, 2, 71, -13, 0, 9]]
05-04 18:37:57.474 29886 29920 D RandomF : DescribeTrees.createInputFromDB [[9, 0, 2, 71, -13, 0, 9]]
05-04 18:37:57.474 29886 29920 D RandomF : DescribeTrees.createInputFromDB [[9, 0, 2, 71, -13, 0, 4]]
05-04 18:37:57.475 29886 29920 D RandomF : DescribeTrees.createInputFromDB [[9, 0, 2, 71, -13, 0, 4]]
05-04 18:37:57.475 29886 29920 D RandomF : DescribeTrees.createInputFromDB [[9, 0, 2, 73, -13, 0, 4]]
05-04 18:37:57.475 29886 29920 D RandomF : DescribeTrees.createInputFromDB [[9, 0, 2, 73, -13, 0, 4]]
05-04 18:37:57.475 29886 29920 D RandomF : DescribeTrees.createInputFromDB [[9, 0, 2, 73, -13, 0, 9]]
05-04 18:37:57.475 29886 29920 D RandomF : DescribeTrees.createInputFromDB [[9, 0, 2, 73, -13, 0, 9]]
05-04 18:37:57.475 29886 29920 D RandomF : DescribeTrees.createInputFromDB [[9, 0, 2, 73, -13, 0, 9]]
05-04 18:37:57.475 29886 29920 D RandomF : DescribeTrees.createInputFromDB [[9, 0, 2, 73, -13, 0, 9]]
05-04 18:37:57.475 29886 29920 D RandomF : DescribeTrees.createInputFromDB [[9, 0, 2, 73, -13, 0, 9]]
05-04 18:37:57.475 29886 29920 D RandomF : DescribeTrees.createInputFromDB [[9, 0, 2, 73, -13, 0, 9]]
05-04 18:37:57.475 29886 29920 D RandomF : DescribeTrees.createInputFromDB [[9, 0, 2, 73, -13, 0, 9]]
05-04 18:37:57.475 29886 29920 D RandomF : DescribeTrees.createInputFromDB [[9, 0, 2, 73, -13, 0, 9]]
05-04 18:37:57.475 29886 29920 D RandomF : DescribeTrees.createInputFromDB [[9, 0, 2, 75, -13, 0, 12]]
05-04 18:37:57.475 29886 29920 D RandomF : DescribeTrees.createInputFromDB [[9, 0, 2, 75, -13, 0, 12]]
05-04 18:37:57.475 29886 29920 D RandomF : DescribeTrees.createInputFromDB [[9, 0, 2, 75, -13, 0, 13]]
05-04 18:37:57.475 29886 29920 D RandomF : DescribeTrees.createInputFromDB [[0, 0, 0, 87, -13, 0, 33]]
05-04 18:37:57.475 29886 29920 D RandomF : DescribeTrees.createInputFromDB [[0, 0, 0, 87, -13, 0, 33]]
05-04 18:37:57.475 29886 29920 D RandomF : DescribeTrees.createInputFromDB [[0, 0, 0, 87, -13, 0, 34]]
05-04 18:37:57.475 29886 29920 D RandomF : DescribeTrees.createInputFromDB [[0, 0, 0, 87, -13, 0, 14]]
05-04 18:37:57.475 29886 29920 D RandomF : DescribeTrees.createInputFromDB [[0, 0, 0, 88, -13, 0, 9]]
05-04 18:37:57.475 29886 29920 D RandomF : DescribeTrees.createInputFromDB [[0, 0, 0, 89, -13, 0, 9]]
05-04 18:37:57.475 29886 29920 D RandomF : DescribeTrees.createInputFromDB [[23, 0, 6, 90, -13, 0, 9]]
05-04 18:37:57.475 29886 29920 D RandomF : DescribeTrees.createInputFromDB [[23, 0, 6, 90, -13, 0, 9]]
05-04 18:37:57.476 29886 29920 D RandomF : DescribeTrees.createInputFromDB [[23, 0, 6, 90, -13, 0, 7]]
05-04 18:37:57.476 29886 29920 D RandomF : DescribeTrees.createInputFromDB [[23, 0, 6, 90, -13, 0, 7]]
05-04 18:37:57.476 29886 29920 D RandomF : DescribeTrees.createInputFromDB [[23, 0, 6, 91, -13, 0, 9]]
05-04 18:37:57.476 29886 29920 D RandomF : DescribeTrees.createInputFromDB [[23, 0, 6, 91, -13, 0, 7]]
05-04 18:37:57.476 29886 29920 D RandomF : DescribeTrees.createInputFromDB [[23, 0, 6, 91, -13, 0, 7]]
05-04 18:37:57.476 29886 29920 D RandomF : DescribeTrees.createInputFromDB [[23, 0, 6, 91, -13, 0, 7]]
05-04 18:37:57.476 29886 29920 D RandomF : DescribeTrees.createInputFromDB [[22, 0, 6, 94, -13, 0, 9]]
05-04 18:37:57.476 29886 29920 D RandomF : DescribeTrees.createInputFromDB [[22, 0, 6, 94, -13, 0, 9]]
05-04 18:37:57.476 29886 29920 D RandomF : DescribeTrees.createInputFromDB [[22, 0, 6, 94, -13, 0, 9]]
05-04 18:37:57.476 29886 29920 D RandomF : DescribeTrees.createInputFromDB [[22, 0, 6, 94, -13, 0, 9]]
05-04 18:37:57.476 29886 29920 D RandomF : DescribeTrees.createInputFromDB [[22, 0, 6, 94, -13, 0, 9]]
05-04 18:37:57.476 29886 29920 D RandomF : DescribeTrees.createInputFromDB [[22, 0, 6, 94, -13, 0, 9]]
05-04 18:37:57.476 29886 29920 D RandomF : DescribeTrees.createInputFromDB [[22, 0, 6, 94, -13, 0, 9]]
05-04 18:37:57.476 29886 29920 D RandomF : DescribeTrees.createInputFromDB [[22, 0, 6, 94, -13, 0, 33]]
05-04 18:37:57.476 29886 29920 D RandomF : DescribeTrees.createInputFromDB [[22, 0, 6, 94, -13, 0, 33]]
05-04 18:37:57.476 29886 29920 D RandomF : DescribeTrees.createInputFromDB [[22, 0, 6, 94, -13, 0, 33]]
05-04 18:37:57.476 29886 29920 D RandomF : DescribeTrees.createInputFromDB [[22, 0, 6, 94, -13, 0, 3]]
05-04 18:37:57.476 29886 29920 D RandomF : DescribeTrees.createInputFromDB [[22, 0, 6, 94, -13, 0, 3]]
05-04 18:37:57.477 29886 29920 D RandomF : DescribeTrees.createInputFromDB [[22, 0, 6, 96, -13, 0, 3]]
05-04 18:37:57.477 29886 29920 D RandomF : DescribeTrees.createInputFromDB [[22, 0, 6, 96, -13, 0, 9]]
05-04 18:37:57.477 29886 29920 D RandomF : DescribeTrees.createInputFromDB [[22, 0, 6, 96, -13, 0, 9]]
05-04 18:37:57.477 29886 29920 D RandomF : DescribeTrees.createInputFromDB [[22, 0, 6, 96, -13, 0, 9]]
05-04 18:37:57.477 29886 29920 D RandomF : DescribeTrees.createInputFromDB [[22, 0, 6, 96, -13, 0, 9]]
05-04 18:37:57.477 29886 29920 D RandomF : DescribeTrees.createInputFromDB [[22, 0, 6, 96, -13, 0, 35]]
05-04 18:37:57.477 29886 29920 D RandomF : DescribeTrees.createInputFromDB [[22, 0, 6, 96, -13, 0, 28]]
05-04 18:37:57.477 29886 29920 D RandomF : DescribeTrees.createInputFromDB [[22, 0, 6, 96, -13, 0, 35]]
05-04 18:37:57.477 29886 29920 D RandomF : DescribeTrees.createInputFromDB [[22, 0, 6, 98, -13, 0, 4]]
05-04 18:37:57.477 29886 29920 D RandomF : DescribeTrees.createInputFromDB [[22, 0, 6, 100, -13, 0, 4]]
05-04 18:37:57.477 29886 29920 D RandomF : DescribeTrees.createInputFromDB [[22, 0, 6, 100, -13, 0, 4]]
05-04 18:37:57.477 29886 29920 D RandomF : DescribeTrees.createInputFromDB [[22, 0, 6, 100, -13, 0, 4]]
05-04 18:37:57.477 29886 29920 D RandomF : DescribeTrees.createInputFromDB [[22, 0, 6, 100, -13, 0, 4]]
05-04 18:37:57.477 29886 29920 D RandomF : DescribeTrees.createInputFromDB [[22, 0, 6, 100, -13, 0, 22]]
05-04 18:37:57.477 29886 29920 D RandomF : DescribeTrees.createInputFromDB [[21, 0, 6, 100, -13, 0, 22]]
05-04 18:37:57.477 29886 29920 D RandomF : DescribeTrees.createInputFromDB [[21, 0, 6, 100, -13, 0, 22]]
05-04 18:37:57.478 29886 29920 D RandomF : DescribeTrees.createInputFromDB [[21, 0, 6, 100, -13, 0, 4]]
05-04 18:37:57.478 29886 29920 D RandomF : DescribeTrees.createInputFromDB [[21, 0, 6, 100, -13, 0, 4]]
05-04 18:37:57.478 29886 29920 D RandomF : DescribeTrees.createInputFromDB [[20, 0, 6, 63, -13, 0, 22]]
05-04 18:37:57.478 29886 29920 D RandomF : DescribeTrees.createInputFromDB [[20, 0, 6, 63, -13, 0, 22]]
05-04 18:37:57.478 29886 29920 D RandomF : DescribeTrees.createInputFromDB [[20, 0, 6, 62, -13, 0, 18]]
05-04 18:37:57.478 29886 29920 D RandomF : DescribeTrees.createInputFromDB [[20, 0, 6, 57, -13, 0, 18]]
05-04 18:37:57.478 29886 29920 D RandomF : DescribeTrees.createInputFromDB [[20, 0, 6, 57, -13, 0, 4]]
05-04 18:37:57.478 29886 29920 D RandomF : DescribeTrees.createInputFromDB [[19, 0, 6, 52, -13, 0, 4]]
05-04 18:37:57.478 29886 29920 D RandomF : DescribeTrees.createInputFromDB [[19, 0, 6, 52, -13, 0, 4]]
05-04 18:37:57.478 29886 29920 D RandomF : DescribeTrees.createInputFromDB [[18, 0, 5, 54, -13, 0, 4]]
05-04 18:37:57.478 29886 29920 D RandomF : DescribeTrees.createInputFromDB [[18, 0, 5, 54, -13, 0, 4]]
05-04 18:37:57.478 29886 29920 D RandomF : DescribeTrees.createInputFromDB [[18, 0, 5, 54, -13, 0, 2]]
05-04 18:37:57.478 29886 29920 D RandomF : DescribeTrees.createInputFromDB [[18, 0, 5, 62, -13, 0, 2]]
05-04 18:37:57.478 29886 29920 D RandomF : DescribeTrees.createInputFromDB [[17, 0, 5, 74, -13, 0, 18]]
05-04 18:37:57.478 29886 29920 D RandomF : DescribeTrees.createInputFromDB [[17, 0, 5, 74, -13, 0, 18]]
05-04 18:37:57.478 29886 29920 D RandomF : DescribeTrees.createInputFromDB [[17, 0, 5, 74, -13, 0, 14]]
05-04 18:37:57.479 29886 29920 D RandomF : DescribeTrees.createInputFromDB [[17, 0, 5, 74, -13, 0, 18]]
05-04 18:37:57.479 29886 29920 D RandomF : DescribeTrees.createInputFromDB [[17, 0, 5, 74, -13, 0, 2]]
05-04 18:37:57.479 29886 29920 D RandomF : DescribeTrees.createInputFromDB [[17, 0, 5, 82, -13, 0, 18]]
05-04 18:37:57.479 29886 29920 D RandomF : DescribeTrees.createInputFromDB [[17, 0, 5, 82, -13, 0, 18]]
05-04 18:37:57.479 29886 29920 D RandomF : DescribeTrees.createInputFromDB [[17, 0, 5, 82, -13, 0, 2]]
05-04 18:37:57.479 29886 29920 D RandomF : DescribeTrees.createInputFromDB [[17, 0, 5, 82, -13, 0, 18]]
05-04 18:37:57.479 29886 29920 D RandomF : DescribeTrees.createInputFromDB [[17, 0, 5, 82, -13, 0, 2]]
05-04 18:37:57.479 29886 29920 D RandomF : DescribeTrees.createInputFromDB [[16, 0, 5, 86, -13, 0, 18]]
05-04 18:37:57.479 29886 29920 D RandomF : DescribeTrees.createInputFromDB [[16, 0, 5, 86, -13, 0, 18]]
05-04 18:37:57.479 29886 29920 D RandomF : DescribeTrees.createInputFromDB [[16, 0, 5, 86, -13, 0, 18]]
05-04 18:37:57.479 29886 29920 D RandomF : DescribeTrees.createInputFromDB [[16, 0, 5, 90, -13, 0, 2]]
05-04 18:37:57.479 29886 29920 D RandomF : DescribeTrees.createInputFromDB [[16, 0, 5, 90, -13, 0, 18]]
05-04 18:37:57.479 29886 29920 D RandomF : DescribeTrees.createInputFromDB [[16, 0, 5, 90, -13, 0, 36]]
05-04 18:37:57.479 29886 29920 D RandomF : DescribeTrees.createInputFromDB [[16, 0, 5, 90, -13, 0, 18]]
05-04 18:37:57.480 29886 29920 D RandomF : DescribeTrees.createInputFromDB [[16, 0, 5, 90, -13, 0, 18]]
05-04 18:37:57.480 29886 29920 D RandomF : DescribeTrees.createInputFromDB [[16, 0, 5, 90, -13, 0, 37]]
05-04 18:37:57.480 29886 29920 D RandomF : DescribeTrees.createInputFromDB [[16, 0, 5, 90, -13, 0, 37]]
05-04 18:37:57.480 29886 29920 D RandomF : DescribeTrees.createInputFromDB [[16, 0, 5, 90, -13, 0, 37]]
05-04 18:37:57.480 29886 29920 D RandomF : DescribeTrees.createInputFromDB [[16, 0, 5, 90, -13, 0, 38]]
05-04 18:37:57.480 29886 29920 D RandomF : DescribeTrees.createInputFromDB [[16, 0, 5, 90, -13, 0, 2]]
05-04 18:37:57.480 29886 29920 D RandomF : DescribeTrees.createInputFromDB [[16, 0, 5, 90, -13, 0, 18]]
05-04 18:37:57.480 29886 29920 D RandomF : DescribeTrees.createInputFromDB [[16, 0, 5, 90, -13, 0, 18]]
05-04 18:37:57.481 29886 29920 D RandomF : DescribeTrees.createInputFromDB [[16, 0, 5, 90, -13, 0, 18]]
05-04 18:37:57.481 29886 29920 D RandomF : DescribeTrees.createInputFromDB [[16, 0, 5, 94, -13, 0, 18]]
05-04 18:37:57.481 29886 29920 D RandomF : DescribeTrees.createInputFromDB [[16, 0, 5, 94, -13, 0, 18]]
05-04 18:37:57.481 29886 29920 D RandomF : DescribeTrees.createInputFromDB [[16, 0, 5, 94, -13, 0, 18]]
05-04 18:37:57.481 29886 29920 D RandomF : DescribeTrees.createInputFromDB [[16, 0, 5, 94, -13, 0, 18]]
05-04 18:37:57.481 29886 29920 D RandomF : DescribeTrees.createInputFromDB [[16, 0, 5, 94, -13, 0, 18]]
05-04 18:37:57.481 29886 29920 D RandomF : DescribeTrees.createInputFromDB [[16, 0, 5, 94, -13, 0, 18]]
05-04 18:37:57.481 29886 29920 D RandomF : DescribeTrees.createInputFromDB [[16, 0, 5, 94, -13, 0, 18]]
05-04 18:37:57.481 29886 29920 D RandomF : DescribeTrees.createInputFromDB [[16, 0, 5, 94, -13, 0, 18]]
05-04 18:37:57.481 29886 29920 D RandomF : DescribeTrees.createInputFromDB [[16, 0, 5, 96, -13, 0, 2]]
05-04 18:37:57.481 29886 29920 D RandomF : DescribeTrees.createInputFromDB [[15, 0, 5, 100, -13, 0, 31]]
05-04 18:37:57.481 29886 29920 D RandomF : DescribeTrees.createInputFromDB [[13, 0, 4, 35, -13, 0, 9]]
05-04 18:37:57.481 29886 29920 D RandomF : DescribeTrees.createInputFromDB [[13, 0, 4, 35, -13, 0, 9]]
05-04 18:37:57.481 29886 29920 D RandomF : DescribeTrees.createInputFromDB [[13, 0, 4, 35, -13, 0, 9]]
05-04 18:37:57.482 29886 29920 D RandomF : DescribeTrees.createInputFromDB [[13, 0, 4, 35, -13, 0, 9]]
05-04 18:37:57.482 29886 29920 D RandomF : DescribeTrees.createInputFromDB [[13, 0, 4, 35, -13, 0, 9]]
05-04 18:37:57.482 29886 29920 D RandomF : DescribeTrees.createInputFromDB [[13, 0, 4, 35, -13, 0, 9]]
05-04 18:37:57.482 29886 29920 D RandomF : DescribeTrees.createInputFromDB [[13, 0, 4, 35, -13, 0, 7]]
05-04 18:37:57.482 29886 29920 D RandomF : DescribeTrees.createInputFromDB [[13, 0, 4, 35, -13, 0, 7]]
05-04 18:37:57.482 29886 29920 D RandomF : DescribeTrees.createInputFromDB [[13, 0, 4, 35, -13, 0, 7]]
05-04 18:37:57.482 29886 29920 D RandomF : DescribeTrees.createInputFromDB [[13, 0, 4, 35, -13, 0, 7]]
05-04 18:37:57.482 29886 29920 D RandomF : DescribeTrees.createInputFromDB [[13, 0, 4, 35, -13, 0, 7]]
05-04 18:37:57.482 29886 29920 D RandomF : DescribeTrees.createInputFromDB [[13, 0, 4, 35, -13, 0, 7]]
05-04 18:37:57.482 29886 29920 D RandomF : DescribeTrees.createInputFromDB [[13, 0, 4, 35, -13, 0, 9]]
05-04 18:37:57.482 29886 29920 D RandomF : DescribeTrees.createInputFromDB [[13, 0, 4, 35, -13, 0, 39]]
05-04 18:37:57.482 29886 29920 D RandomF : DescribeTrees.createInputFromDB [[13, 0, 4, 35, -13, 0, 9]]
05-04 18:37:57.482 29886 29920 D RandomF : DescribeTrees.createInputFromDB [[13, 0, 4, 35, -13, 0, 9]]
05-04 18:37:57.482 29886 29920 D RandomF : DescribeTrees.createInputFromDB [[13, 0, 4, 35, -13, 0, 9]]
05-04 18:37:57.482 29886 29920 D RandomF : RfUtils.newRandomForestFromDB [createInputFromDB time: 47, 00:00:00]
05-04 18:37:57.482 29886 29920 D RandomF : RandomForest.RandomForest [New 80 trees in a random forest. . . ]
05-04 18:37:57.482 29886 29920 D RandomF : RfUtils.setRandomForest [Total data size: 800]
05-04 18:37:57.483 29886 29920 D RandomF : RfUtils.setRandomForest [Number of classes: 39]
05-04 18:37:57.483 29886 29920 D RandomF : RfUtils.setRandomForest [Number of attributes: 6]
05-04 18:37:57.483 29886 29920 D RandomF : RfUtils.setRandomForest [Number of selected attributes: 4]
05-04 18:37:57.483 29886 29920 D RandomF : RandomForest.start [Number of threads started: 1]
05-04 18:37:57.483 29886 29920 D RandomF : RandomForest.start [Running...]
05-04 18:37:57.483 29886 29920 D RandomF : RandomForest.start [80 trees created]
05-04 18:37:57.543  3064  3524 D PowerManagerService: nativeAcquireSuspendBlocker name:PowerManagerService.WakeLocks duration ms: 3
05-04 18:37:57.552  3827  3827 D KeyguardViewMediator: USER_LOCKED intent sent
05-04 18:37:57.558  3064  3064 D TrustManagerService: refreshDeviceLockedForUser(userId=0, unlockedUser=-10000), secure=true, showingKeyguard=true, trusted=false, biometricAuthenticated=false, currentUserIsUnlocked=false, deviceLocked=true
05-04 18:37:57.558  3064  3064 D BiometricService: Sensor ID(1008), oemStrength: 4095, updatedStrength: 4095, modality 8, state: 0, cookie: 0, sensorId 1008, hasEnrollments: true cannot participate in Keystore operations
05-04 18:37:57.562  3827  3827 D VRI[NotificationShade]: update {(0,0)(fillxfill) gr=TOP CENTER_VERTICAL layoutInDisplayCutoutMode=always ty=2040 fmt=TRANSLUCENT or=SCREEN_ORIENTATION_NOSENSOR if=INPUT_FEATURE_DISABLE_USER_ACTIVITY userActivityTimeout=10000
05-04 18:37:57.562  3827  3827 D VRI[NotificationShade]:   fl=TOUCHABLE_WHEN_WAKING WATCH_OUTSIDE_TOUCH SHOW_WALLPAPER SPLIT_TOUCH HARDWARE_ACCELERATED DRAWS_SYSTEM_BAR_BACKGROUNDS
05-04 18:37:57.562  3827  3827 D VRI[NotificationShade]:   pfl=OPTIMIZE_MEASURE HIDE_NON_SYSTEM_OVERLAY_WINDOWS BEHAVIOR_CONTROLLED FIT_INSETS_CONTROLLED
05-04 18:37:57.562  3827  3827 D VRI[NotificationShade]:   bhv=SHOW_TRANSIENT_BARS_BY_SWIPE} by setLayoutParams
05-04 18:37:57.563  1336  7747 I keystore2: system/security/keystore2/src/authorization.rs:143 - on_lock_screen_event(r#LOCK, user_id=0, password.is_some()=false, unlocking_sids=Some([818496564489734468]))
05-04 18:37:57.564  1336  7747 I keystore2: system/security/keystore2/src/super_key.rs:930 - Locking screen bound for user 0 sids [818496564489734468]
05-04 18:37:57.564  3827  3827 I FolioManager: Doze enabled: true
05-04 18:37:57.565  3827  3827 D FolioManager: Use SystemUI folio UI.  isAodComponentEmpty: true  isADEnabled: true
05-04 18:37:57.565  3827  3827 D FolioManager: updateTime
05-04 18:37:57.565  3064  3064 V KeystoreAuthorization: onLockScreenEvent duration ms: 6 locked=true userId=0 callers=com.android.server.trust.TrustManagerService.setDeviceLockedForUser:1027 com.android.server.trust.TrustManagerService.refreshDeviceLockedForUser:1015 com.android.server.trust.TrustManagerService.refreshDeviceLockedForUser:939 com.android.server.trust.TrustManagerService.-$$Nest$mrefreshDeviceLockedForUser:0 com.android.server.trust.TrustManagerService$2.handleMessage:2014 
05-04 18:37:57.567  3064  3370 D PanelsService: onKeyguardStateChanged.. isShowing=true
05-04 18:37:57.567  3064  3370 D TouchHwService: onKeyguardStateChanged.. isShowing=true
05-04 18:37:57.568  3064  3064 W ServiceManagerCppClient: Failed to get isDeclared for com.motorola.hardware.display.panel.IDisplayPanel/default: Status(-1, EX_SECURITY): 'SELinux denied.'
05-04 18:37:57.569  3064  3064 D DisplayPanelService: Setting panel dc mode: 0
05-04 18:37:57.569  1752  1752 I DisplayPanel: setDcMode: DC mode = OFF
05-04 18:37:57.569  1752  1752 D DisplayPanel: setParam: Success set DC to 0 for Primary display
05-04 18:37:57.585  3827  3827 I QuickSettingsController: animateCloseQs animateAway: true mQsAnimatorExpand false
05-04 18:37:57.585  3827  3827 I QuickSettingsController: Policy applied, does not need to flingSettings
05-04 18:37:57.586  3827  3827 D CentralSurfaces: Received new disable state: enaihbcrso.qingr (unchanged)
05-04 18:37:57.586  3827  3827 D CentralSurfaces: Received new disable state: enaihbcrso.qingr (unchanged)
05-04 18:37:57.586  3827  3827 D CentralSurfaces: Received new disable state: enaihbcrso.qingr (unchanged)
05-04 18:37:57.586  3827  3827 D CentralSurfaces: Received new disable state: enaihbcrso.qingr (unchanged)
05-04 18:37:57.591  3827  3827 V PowerManager: userActivity when=732958784 event=0 flags=0 displayId=0 by (com.android.systemui) callers=android.os.PowerManager.userActivity:1464 com.android.systemui.keyguard.KeyguardViewMediator.userActivity:20 com.android.systemui.keyguard.KeyguardViewMediator$12.handleMessage:543 
05-04 18:37:57.592  3064  4883 D PowerManagerService: nativeReleaseSuspendBlocker name:PowerManagerService.WakeLocks duration ms: 0
05-04 18:37:57.593  3064  3064 W AlarmManager: Unrecognized alarm listener com.android.server.locksettings.LockSettingsStrongAuth$NonStrongBiometricIdleTimeoutAlarmListener@d3a88f1
05-04 18:37:57.594  3064  4883 D SystemServerTiming: getUserSwitchability-0
05-04 18:37:57.594  3064  4883 D SystemServerTiming: TM.isInCall
05-04 18:37:57.594  3064  4883 D SystemServerTiming: hasUserRestriction-DISALLOW_USER_SWITCH
05-04 18:37:57.594  3064  4883 D SystemServerTiming: getInt-ALLOW_USER_SWITCHING_WHEN_SYSTEM_USER_LOCKED
05-04 18:37:57.594  3064  4883 D SystemServerTiming: isUserUnlocked-USER_SYSTEM
05-04 18:37:57.617  3064  3216 I ImeTracker: com.android.systemui:fc48a7d7: onRequestHide at ORIGIN_SERVER_HIDE_INPUT reason HIDE_UNSPECIFIED_WINDOW
05-04 18:37:57.617  3064  3216 I ImeTracker: com.android.systemui:fc48a7d7: onCancelled at PHASE_SERVER_SHOULD_HIDE
05-04 18:37:57.620 23155 23155 I GoogleInputMethodService: GoogleInputMethodService.onStartInput():1446 onStartInput(EditorInfo{EditorInfo{packageName=com.android.systemui, inputType=0, inputTypeString=NULL, enableLearning=false, autoCorrection=false, autoComplete=false, imeOptions=0, privateImeOptions=null, actionName=UNSPECIFIED, actionLabel=null, initialSelStart=-1, initialSelEnd=-1, initialCapsMode=0, label=null, fieldId=0, fieldName=null, extras=null, hintText=null, hintLocales=[]}}, false)
05-04 18:37:57.620 23155 23155 I AndroidIME: LatinIMEBase.updateInputViewCoverNavigation():322 Update input view padding, isNavbarOverInputWindow=false, bottom inset=102
05-04 18:37:57.621  1858  1858 E Scheduler: trackPendingFrame: Invalid present fence
05-04 18:37:57.622  3827  3827 D CentralSurfaces: Received new disable state: Old: enaihbcrso.qingr | New: enaihbcRso.qingr (changed: R.)
05-04 18:37:57.624 23155 23155 I DeviceLockTags: DeviceLockTags.notifyDeviceLockStatusChanged():108 notifyDeviceLockStatusChanged(): deviceLocked=true, blockPersonalData=false
05-04 18:37:57.624 23155 23155 I Module  : DeviceLockedStatusModuleProvider$Module.updateDeviceLockedStatus():103 repeatCheckTimes = 1, locked = true
05-04 18:37:57.624 23155 23155 I Module  : DeviceLockedStatusModuleProvider$Module.updateDeviceLockedStatus():110 Scheduled to recheck device lock status
05-04 18:37:57.628  1858  1858 E Scheduler: trackPendingFrame: Invalid present fence
05-04 18:37:57.628 23155 23155 I ModuleManager: ModuleManager$ModuleInitListener.maybeUnloadModuleOnUnavailable():1457 module acul is unavailable
05-04 18:37:57.628 23155 23155 I ModuleManager: ModuleManager$ModuleInitListener.maybeUnloadModuleOnUnavailable():1457 module IGifKeyboardExtension is unavailable
05-04 18:37:57.629 23155 23155 I ModuleManager: ModuleManager$ModuleInitListener.maybeUnloadModuleOnUnavailable():1457 module IStickerExtension is unavailable
05-04 18:37:57.629 23155 23155 I ModuleManager: ModuleManager$ModuleInitListener.maybeUnloadModuleOnUnavailable():1457 module ITranslateUiExtension is unavailable
05-04 18:37:57.631 23155 23155 W NotificationCenter: NotificationCenter.unregisterListener():480 Listener jah@56640c4 was not registered for notification class acma
05-04 18:37:57.632 23155 23155 W NotificationCenter: NotificationCenter.unregisterListener():480 Listener jcx@82769d6 was not registered for notification class acma
05-04 18:37:57.632 23155 23155 I ModuleManager: ModuleManager$ModuleInitListener.maybeUnloadModuleOnUnavailable():1457 module jeu is unavailable
05-04 18:37:57.634  1858  1858 E Scheduler: trackPendingFrame: Invalid present fence
05-04 18:37:57.634 23155 23155 I ModuleManager: ModuleManager$ModuleInitListener.maybeUnloadModuleOnUnavailable():1457 module IEmojiKitchenBrowseExtension is unavailable
05-04 18:37:57.635 23155 23155 I EmojifyExtensionImpl: EmojifyExtensionImpl.onDestroy():611 Destroying Emojify extension kqe@d884d62.
05-04 18:37:57.635 23155 23155 I ModuleManager: ModuleManager$ModuleInitListener.maybeUnloadModuleOnUnavailable():1457 module koy is unavailable
05-04 18:37:57.635 23155 23155 I AbstractOpenableExtension: AbstractOpenableExtension.maybeDestroyExistingKeyboardGroupManager():536 Destroy existing keyboard group manager in krw
05-04 18:37:57.637 23155 23155 I AbstractOpenableExtension: AbstractOpenableExtension$3.onSuccess():556 KeyboardGroupManager destroyed in krw.
05-04 18:37:57.637 23155 23155 I ModuleManager: ModuleManager$ModuleInitListener.maybeUnloadModuleOnUnavailable():1457 module IExpressionMomentExtension is unavailable
05-04 18:37:57.638 23155 23155 I AbstractOpenableExtension: AbstractOpenableExtension.maybeDestroyExistingKeyboardGroupManager():536 Destroy existing keyboard group manager in qpb
05-04 18:37:57.638 23155 23155 I AbstractOpenableExtension: AbstractOpenableExtension$3.onSuccess():556 KeyboardGroupManager destroyed in qpb.
05-04 18:37:57.638 23155 23155 I ModuleManager: ModuleManager$ModuleInitListener.maybeUnloadModuleOnUnavailable():1457 module FastAccessBarExtension is unavailable
05-04 18:37:57.638 23155 23155 I ModuleManager: ModuleManager$ModuleInitListener.maybeUnloadModuleOnUnavailable():1457 module mcf is unavailable
05-04 18:37:57.639 23155 23155 I ModuleManager: ModuleManager$ModuleInitListener.maybeUnloadModuleOnUnavailable():1457 module phn is unavailable
05-04 18:37:57.639 23155 23155 I ModuleManager: ModuleManager$ModuleInitListener.maybeUnloadModuleOnUnavailable():1457 module jkw is unavailable
05-04 18:37:57.640 23155 23155 I ModuleManager: ModuleManager$ModuleInitListener.maybeUnloadModuleOnUnavailable():1457 module rjn is unavailable
05-04 18:37:57.640  3064 12265 W PackageConfigPersister: App-specific configuration not found for packageName: com.android.systemui and userId: 0
05-04 18:37:57.642 23155 23155 I HardKeyTracker: HardKeyTracker.unregisterKeySequence():259 Unregister key sequence aduc{labelResId=2132020510, callback=wim@267fd74, lastModifier=2, keyCodes=[37], actions=[0]}
05-04 18:37:57.643 23155 23155 I HardKeyTracker: HardKeyTracker.registerKeySequence():201 Register key sequence aduc{labelResId=2132020510, callback=wim@f93e273, lastModifier=2, keyCodes=[37], actions=[0]}
05-04 18:37:57.643 23155 23155 I HardKeyTracker: HardKeyTracker.unregisterKeySequence():259 Unregister key sequence aduc{labelResId=2132020511, callback=wim@138729d, lastModifier=65536, keyCodes=[76], actions=[0]}
05-04 18:37:57.643 23155 23155 I HardKeyTracker: HardKeyTracker.registerKeySequence():201 Register key sequence aduc{labelResId=2132020511, callback=wim@8e8a530, lastModifier=65536, keyCodes=[76], actions=[0]}
05-04 18:37:57.643 23155 23155 I HardKeyTracker: HardKeyTracker.unregisterKeySequence():259 Unregister key sequence aduc{labelResId=2132020507, callback=wim@a62d312, lastModifier=2, keyCodes=[50], actions=[0]}
05-04 18:37:57.644 23155 23155 I HardKeyTracker: HardKeyTracker.registerKeySequence():201 Register key sequence aduc{labelResId=2132020507, callback=wim@8325a9, lastModifier=2, keyCodes=[50], actions=[0]}
05-04 18:37:57.644 23155 23155 I HardKeyTracker: HardKeyTracker.unregisterKeySequence():259 Unregister key sequence aduc{labelResId=2132020507, callback=wim@a4f8ae3, lastModifier=2, keyCodes=[50], actions=[0]}
05-04 18:37:57.644 23155 23155 I HardKeyTracker: HardKeyTracker.registerKeySequence():201 Register key sequence aduc{labelResId=2132020507, callback=wim@706b72e, lastModifier=2, keyCodes=[50], actions=[0]}
05-04 18:37:57.644 23155 23155 W AccessPointsManager: AccessPointsManager.addAccessPoint():1121 The holder controller #0x7f0b248e is not registered
05-04 18:37:57.644 23155 23155 I HardKeyTracker: HardKeyTracker.unregisterKeySequence():259 Unregister key sequence aduc{labelResId=2132020512, callback=wim@ec17ce0, lastModifier=2, keyCodes=[48], actions=[0]}
05-04 18:37:57.644 23155 23155 I HardKeyTracker: HardKeyTracker.registerKeySequence():201 Register key sequence aduc{labelResId=2132020512, callback=wim@54032cf, lastModifier=2, keyCodes=[48], actions=[0]}
05-04 18:37:57.644 23155 23155 I HardKeyTracker: HardKeyTracker.unregisterKeySequence():259 Unregister key sequence aduc{labelResId=2132020510, callback=wim@b71870c, lastModifier=2, keyCodes=[37], actions=[0]}
05-04 18:37:57.644 23155 23155 I HardKeyTracker: HardKeyTracker.registerKeySequence():201 Register key sequence aduc{labelResId=2132020510, callback=wim@6eae45c, lastModifier=2, keyCodes=[37], actions=[0]}
05-04 18:37:57.644 23155 23155 I HardKeyTracker: HardKeyTracker.unregisterKeySequence():259 Unregister key sequence aduc{labelResId=2132020512, callback=wim@5c45855, lastModifier=2, keyCodes=[48], actions=[0]}
05-04 18:37:57.644 23155 23155 I HardKeyTracker: HardKeyTracker.registerKeySequence():201 Register key sequence aduc{labelResId=2132020512, callback=wim@ebf7365, lastModifier=2, keyCodes=[48], actions=[0]}
05-04 18:37:57.644 23155 23155 W AccessPointsManager: AccessPointsManager.addAccessPoint():1121 The holder controller #0x7f0b248e is not registered
05-04 18:37:57.648  1858  1858 E Scheduler: trackPendingFrame: Invalid present fence
05-04 18:37:58.104 27765 29830 I AlarmManager: setExactAndAllowWhileIdle [name: EQMon type: 2 triggerAtMillis: 1]
05-04 18:37:58.301 29886 29912 D CompatibilityChangeReporter: Compat change id reported: 288912692; UID 10251; state: DISABLED
05-04 18:37:58.627 23155 23155 I Module  : DeviceLockedStatusModuleProvider$Module.updateDeviceLockedStatus():103 repeatCheckTimes = 0, locked = true
05-04 18:37:58.920  1731  3697 I slpi    : STK3A5X ALS_OC: lux:1385.432007, last_ps:0[1236], CH0:1037, CH2:144, CH4:7, AWAIT:32, ACRL:33, AGAIN:33, INT1:9, INT2:0, PS:114, LED:128, flag:65, state:7, scale:167.560,als_sel:1(0)(cnt:0)
05-04 18:37:59.055 29886 29890 W rola.aiservices: userfaultfd: MOVE ioctl seems unsupported: Connection timed out
05-04 18:37:59.120 29886 29890 I rola.aiservices: Background concurrent mark compact GC freed 163MB AllocSpace bytes, 19(588KB) LOS objects, 75% free, 9299KB/36MB, paused 645us,2.357ms total 111.982ms
05-04 18:37:59.756  1731  3697 I slpi    : STK3A5X ALS_OC: lux:1234.463989, last_ps:0[1233], CH0:924, CH2:125, CH4:6, AWAIT:32, ACRL:33, AGAIN:33, INT1:9, INT2:0, PS:114, LED:128, flag:65, state:7, scale:167.560,als_sel:1(0)(cnt:0)
05-04 18:38:00.487  1731  3697 I slpi    : STK3A5X ALS_OC: lux:1373.407959, last_ps:0[1228], CH0:1028, CH2:134, CH4:7, AWAIT:32, ACRL:33, AGAIN:33, INT1:9, INT2:0, PS:114, LED:128, flag:65, state:7, scale:167.560,als_sel:1(0)(cnt:0)
05-04 18:38:00.800  1731  3697 I slpi    : STK3A5X ALS_OC: lux:1528.384033, last_ps:0[1231], CH0:1144, CH2:148, CH4:8, AWAIT:32, ACRL:33, AGAIN:33, INT1:9, INT2:0, PS:114, LED:128, flag:65, state:7, scale:167.560,als_sel:1(0)(cnt:0)
05-04 18:38:01.050 27765 29830 I NearbyConnections: Invalidate cached hpkeKey for client 214472614
05-04 18:38:01.448  1830 10078 I QC2Comp : [avcD_1124] Stats: Pending(9) i/p-done(5) Works: Q: 28/Done 20|Work-Rate: Q(0.0/s Avg=0.0/s) Done(0.000/s Avg=0.002/s)| Stream: 30.00fps 203.8Kbps
05-04 18:38:01.448  1830 10078 I QC2Comp : [avcD_1124] Mem-usage:  [In-1D: 6 bufs 17.930 MB] [1D-2226: 16 bufs 0.250 MB] [2D-2227: 20 bufs 28.438 MB] | Total: 46.617 MB
05-04 18:38:01.740  1731  3697 I slpi    : STK3A5X ALS_OC: lux:1706.072021, last_ps:0[1235], CH0:1277, CH2:169, CH4:8, AWAIT:32, ACRL:33, AGAIN:33, INT1:9, INT2:0, PS:114, LED:128, flag:65, state:7, scale:167.560,als_sel:1(0)(cnt:0)
05-04 18:38:02.448 29886 29930 D ProfileInstaller: Installing profile for com.motorola.aiservices
05-04 18:38:02.522  3064  3519 D ActivityManager: freezing 32734 com.google.android.dialer, reason = oom_cached
05-04 18:38:02.784  1731  3697 I slpi    : STK3A5X ALS_OC: lux:1525.712036, last_ps:0[1228], CH0:1142, CH2:148, CH4:7, AWAIT:32, ACRL:33, AGAIN:33, INT1:9, INT2:0, PS:114, LED:128, flag:65, state:7, scale:167.560,als_sel:1(0)(cnt:0)
05-04 18:38:03.107  3064  3524 D PowerManagerService: nativeAcquireSuspendBlocker name:PowerManagerService.WakeLocks duration ms: 1
05-04 18:38:03.112  3064  3379 W ProcessStats: Tracking association SourceState{83134d7 com.google.android.youtube/10289 Fgs #2032863} whose proc state 3 is better than process ProcessState{e07f7ec com.google.android.gms/10192 pkg=com.google.android.gms} proc state 14 (43 skipped)
05-04 18:38:03.113 27765 26952 I AlarmManager: setExactAndAllowWhileIdle [name: EQMon type: 2 triggerAtMillis: 1302345079]
05-04 18:38:03.116  3064  3064 D PowerManagerService: nativeReleaseSuspendBlocker name:PowerManagerService.WakeLocks duration ms: 1
05-04 18:38:03.119  3827  3827 I FolioManager: Doze enabled: true
05-04 18:38:03.120  3827  3827 D FolioManager: Use SystemUI folio UI.  isAodComponentEmpty: true  isADEnabled: true
05-04 18:38:03.120  3827  3827 D FolioManager: updateTime
05-04 18:38:03.150  3064  9177 D ActivityManager: unfreezing ProcessRecord{31100b9 26848:com.google.android.gms.unstable/u0a192}, reason = shouldNotFreeze_service_1: ProcessRecord{521b52f 27765:com.google.android.gms.persistent/u0a192}, adj = 100, adjType = service, adjSource = null
05-04 18:38:03.152  3064  9177 D ActivityManager: sync unfroze 26848 com.google.android.gms.unstable for 4
05-04 18:38:03.184  1731  1731 I sensors-hal: batch:206, android.sensor.linear_acceleration/101, period=20000000, max_latency=0
05-04 18:38:03.185  1731  1731 I sensors-hal: set_config:57, sample_period_ns is adjusted to 20000000 based on min/max delay_ns
05-04 18:38:03.185  1731  1731 I sensors-hal: batch:215, android.sensor.linear_acceleration/101, period=20000000, max_latency=0 request completed
05-04 18:38:03.185  1731  1731 I sensors-hal: activate:173, android.sensor.linear_acceleration/101 en=1
05-04 18:38:03.185  1731  1731 I sensors-hal: get_qmi_debug_flag:239, support_qmi_debug : false
05-04 18:38:03.186  1727  1987 E minksocket: MinkIPC_QRTR_Service: client with node 1 port 6a53 went down
05-04 18:38:03.187  1727  1987 E minksocket: MinkIPC_QRTR_Service: client with node 1 port 6a54 went down
05-04 18:38:03.188  1731  1731 E Diag_Lib: diag: Diag_LSM_Init: invoked for pid: 1731 with init_count: 0
05-04 18:38:03.188  1727  1987 E minksocket: MinkIPC_QRTR_Service: client with node 1 port 6a55 went down
05-04 18:38:03.188  1731  1731 E Diag_Lib: diag:failed to connect to diag socket
05-04 18:38:03.188  1731  1731 E Diag_Lib:  Diag_LSM_Init: Failed to open handle to diag driver, error = 13
05-04 18:38:03.189  1731  1731 I sensors-hal: send_sync_sensor_request:341, send sync request
05-04 18:38:03.189  1727  1987 E minksocket: MinkIPC_QRTR_Service: client with node 1 port 6a56 went down
05-04 18:38:03.189  1731  1731 I sensors-hal: send_sync_sensor_request:367, wait for notification of response
05-04 18:38:03.191  1731 29935 I sensors-hal: ssc_conn_resp_cb:632, resp_value = 0
05-04 18:38:03.191  1731  1731 I sensors-hal: send_sync_sensor_request:373, takes 2 ms to receive the response with 0
05-04 18:38:03.191  1731  1731 I sensors-hal: activate:184, android.sensor.linear_acceleration/101 en=1 completed
05-04 18:38:03.192  1731  1731 I sensors-hal: batch:206, android.sensor.rotation_vector/111, period=20000000, max_latency=0
05-04 18:38:03.192  1731  1731 I sensors-hal: set_config:57, sample_period_ns is adjusted to 20000000 based on min/max delay_ns
05-04 18:38:03.192  1731  1731 I sensors-hal: batch:215, android.sensor.rotation_vector/111, period=20000000, max_latency=0 request completed
05-04 18:38:03.192  1731  1731 I sensors-hal: activate:173, android.sensor.rotation_vector/111 en=1
05-04 18:38:03.192  1731  1731 I sensors-hal: get_qmi_debug_flag:239, support_qmi_debug : false
05-04 18:38:03.193  1727  1987 E minksocket: MinkIPC_QRTR_Service: client with node 1 port 6a58 went down
05-04 18:38:03.194  1727  1987 E minksocket: MinkIPC_QRTR_Service: client with node 1 port 6a59 went down
05-04 18:38:03.195  1727  1987 E minksocket: MinkIPC_QRTR_Service: client with node 1 port 6a5a went down
05-04 18:38:03.195  1731  1731 E Diag_Lib: diag: Diag_LSM_Init: invoked for pid: 1731 with init_count: 0
05-04 18:38:03.195  1731  1731 E Diag_Lib: diag:failed to connect to diag socket
05-04 18:38:03.195  1731  1731 E Diag_Lib:  Diag_LSM_Init: Failed to open handle to diag driver, error = 13
05-04 18:38:03.195  1731  1731 I sensors-hal: send_sync_sensor_request:341, send sync request
05-04 18:38:03.195  1731  1731 I sensors-hal: send_sync_sensor_request:367, wait for notification of response
05-04 18:38:03.195  1727  1987 E minksocket: MinkIPC_QRTR_Service: client with node 1 port 6a5b went down
05-04 18:38:03.200  1731 29937 I sensors-hal: ssc_conn_resp_cb:632, resp_value = 0
05-04 18:38:03.200  1731  1731 I sensors-hal: send_sync_sensor_request:373, takes 4 ms to receive the response with 0
05-04 18:38:03.200  1731  1731 I sensors-hal: activate:184, android.sensor.rotation_vector/111 en=1 completed
05-04 18:38:03.223 26848 26879 I id.gms.unstable: Explicit concurrent mark compact GC freed 3525KB AllocSpace bytes, 8(448KB) LOS objects, 85% free, 4013KB/27MB, paused 179us,3.136ms total 62.209ms
05-04 18:38:03.223 26848 26879 W id.gms.unstable: Reducing the number of considered missed Gc histogram windows from 105 to 100
05-04 18:38:03.236 26848 27991 W libc    : Access denied finding property "persist.adb.tls_server.enable"
05-04 18:38:03.236 26848 27991 W libc    : Access denied finding property "service.adb.tls.port"
05-04 18:38:03.229 26848 26848 W binder:26848_5: type=1400 audit(0.0:519489): avc:  denied  { read } for  name="u:object_r:system_adbd_prop:s0" dev="tmpfs" ino=343 scontext=u:r:gmscore_app:s0:c512,c768 tcontext=u:object_r:system_adbd_prop:s0 tclass=file permissive=0 app=com.google.android.gms
05-04 18:38:03.229 26848 26848 W binder:26848_5: type=1400 audit(0.0:519490): avc:  denied  { read } for  name="u:object_r:adbd_prop:s0" dev="tmpfs" ino=85 scontext=u:r:gmscore_app:s0:c512,c768 tcontext=u:object_r:adbd_prop:s0 tclass=file permissive=0 app=com.google.android.gms
05-04 18:38:03.255 27765 27765 D BoundBrokerSvc: onRebind: Intent { act=com.google.android.gms.common.telemetry.service.START dat=chimera-action:/... cmp=com.google.android.gms/.chimera.PersistentApiService }
05-04 18:38:03.257 27765 29837 E jqhm    : *~*~*~ Previous channel {0} was garbage collected without being shut down! ~*~*~*
05-04 18:38:03.257 27765 29837 E jqhm    :     Make sure to call shutdown()/shutdownNow()
05-04 18:38:03.257 27765 29837 E jqhm    : java.lang.RuntimeException: ManagedChannel allocation site
05-04 18:38:03.257 27765 29837 E jqhm    : 	at jqhl.<init>(:com.google.android.gms@261631029@26.16.31 (190400-900800821):21)
05-04 18:38:03.257 27765 29837 E jqhm    : 	at jqhm.<init>(:com.google.android.gms@261631029@26.16.31 (190400-900800821):10)
05-04 18:38:03.257 27765 29837 E jqhm    : 	at jqhk.a(:com.google.android.gms@261631029@26.16.31 (190400-900800821):300)
05-04 18:38:03.257 27765 29837 E jqhm    : 	at jppc.a(:com.google.android.gms@261631029@26.16.31 (190400-900800821):5)
05-04 18:38:03.257 27765 29837 E jqhm    : 	at cykq.h(:com.google.android.gms@261631029@26.16.31 (190400-900800821):154)
05-04 18:38:03.257 27765 29837 E jqhm    : 	at hlzg.a(:com.google.android.gms@261631029@26.16.31 (190400-900800821):142)
05-04 18:38:03.257 27765 29837 E jqhm    : 	at gzla.a(:com.google.android.gms@261631029@26.16.31 (190400-900800821):17)
05-04 18:38:03.257 27765 29837 E jqhm    : 	at hilf.a(:com.google.android.gms@261631029@26.16.31 (190400-900800821):3)
05-04 18:38:03.257 27765 29837 E jqhm    : 	at hikg.run(:com.google.android.gms@261631029@26.16.31 (190400-900800821):19)
05-04 18:38:03.257 27765 29837 E jqhm    : 	at hilh.run(:com.google.android.gms@261631029@26.16.31 (190400-900800821):5)
05-04 18:38:03.257 27765 29837 E jqhm    : 	at biwf.c(:com.google.android.gms@261631029@26.16.31 (190400-900800821):50)
05-04 18:38:03.257 27765 29837 E jqhm    : 	at biwf.run(:com.google.android.gms@261631029@26.16.31 (190400-900800821):66)
05-04 18:38:03.257 27765 29837 E jqhm    : 	at java.util.concurrent.ThreadPoolExecutor.runWorker(ThreadPoolExecutor.java:1154)
05-04 18:38:03.257 27765 29837 E jqhm    : 	at java.util.concurrent.ThreadPoolExecutor$Worker.run(ThreadPoolExecutor.java:652)
05-04 18:38:03.257 27765 29837 E jqhm    : 	at bjbw.run(:com.google.android.gms@261631029@26.16.31 (190400-900800821):8)
05-04 18:38:03.257 27765 29837 E jqhm    : 	at java.lang.Thread.run(Thread.java:1564)
05-04 18:38:03.291  1731 29935 I sensors-hal: handle_indication_realtime:467,  SCHED_FIFO(10) for qmi_cbk
05-04 18:38:03.300  1731 29937 I sensors-hal: handle_indication_realtime:467,  SCHED_FIFO(10) for qmi_cbk
05-04 18:38:03.400  3064  3519 D ActivityManager: freezing 31334 com.android.settings, reason = oom_cached
05-04 18:38:03.498 27765 29287 I NearbyPresence: (REDACTED) %s verified [==] new request %s equals to the old request
05-04 18:38:03.677 27765 29838 W Conscrypt: Could not set socket write timeout: java.net.SocketException: Socket closed
05-04 18:38:03.678 27765 29838 W Conscrypt: 	at com.google.android.gms.org.conscrypt.Platform.setSocketWriteTimeout(:com.google.android.gms@261631029@26.16.31 (190400-900800821):204)
05-04 18:38:03.678 27765 29838 W Conscrypt: 	at com.google.android.gms.org.conscrypt.ConscryptFileDescriptorSocket.setSoWriteTimeout(:com.google.android.gms@261631029@26.16.31 (190400-900800821):4)
05-04 18:38:03.700 27765 29838 W Conscrypt: Could not set socket write timeout: java.net.SocketException: Socket closed
05-04 18:38:03.700 27765 29838 W Conscrypt: 	at com.google.android.gms.org.conscrypt.Platform.setSocketWriteTimeout(:com.google.android.gms@261631029@26.16.31 (190400-900800821):204)
05-04 18:38:03.700 27765 29838 W Conscrypt: 	at com.google.android.gms.org.conscrypt.ConscryptFileDescriptorSocket.setSoWriteTimeout(:com.google.android.gms@261631029@26.16.31 (190400-900800821):4)
05-04 18:38:04.111  1731  1731 I sensors-hal: activate:173, android.sensor.rotation_vector/111 en=0
05-04 18:38:04.112  1731  1731 I sensors-hal: activate:184, android.sensor.rotation_vector/111 en=0 completed
05-04 18:38:04.113  1727  1987 E minksocket: MinkIPC_QRTR_Service: client with node 1 port 6a5c went down
05-04 18:38:04.114  1731  1731 I sensors-hal: activate:173, android.sensor.linear_acceleration/101 en=0
05-04 18:38:04.114  1731  1731 I sensors-hal: activate:184, android.sensor.linear_acceleration/101 en=0 completed
05-04 18:38:04.115  1727  1987 E minksocket: MinkIPC_QRTR_Service: client with node 1 port 6a57 went down
05-04 18:38:04.247  1731  3697 I slpi    : STK3A5X ALS_OC: lux:1364.056030, last_ps:0[1230], CH0:1021, CH2:130, CH4:6, AWAIT:32, ACRL:33, AGAIN:33, INT1:9, INT2:0, PS:114, LED:128, flag:65, state:7, scale:167.560,als_sel:1(0)(cnt:0)
05-04 18:38:04.873  1731  3697 I slpi    : STK3A5X ALS_OC: lux:1222.439941, last_ps:0[1232], CH0:915, CH2:114, CH4:6, AWAIT:32, ACRL:33, AGAIN:33, INT1:9, INT2:0, PS:114, LED:128, flag:65, state:7, scale:167.560,als_sel:1(0)(cnt:0)
05-04 18:38:05.186  1731  3697 I slpi    : STK3A5X ALS_OC: lux:1064.791992, last_ps:0[1228], CH0:797, CH2:100, CH4:5, AWAIT:32, ACRL:33, AGAIN:33, INT1:9, INT2:0, PS:114, LED:128, flag:65, state:7, scale:167.560,als_sel:1(0)(cnt:0)
05-04 18:38:05.813  1731  3697 I slpi    : STK3A5X ALS_OC: lux:1190.375977, last_ps:0[1237], CH0:891, CH2:115, CH4:6, AWAIT:32, ACRL:33, AGAIN:33, INT1:9, INT2:0, PS:114, LED:128, flag:65, state:7, scale:167.560,als_sel:1(0)(cnt:0)
05-04 18:38:06.022  1731  3697 I slpi    : STK3A5X ALS_OC: lux:1325.312012, last_ps:0[1227], CH0:992, CH2:127, CH4:7, AWAIT:32, ACRL:33, AGAIN:33, INT1:9, INT2:0, PS:114, LED:128, flag:65, state:7, scale:167.560,als_sel:1(0)(cnt:0)
05-04 18:38:06.448  1830 10078 I QC2Comp : [avcD_1124] Stats: Pending(9) i/p-done(5) Works: Q: 28/Done 20|Work-Rate: Q(0.0/s Avg=0.0/s) Done(0.000/s Avg=0.002/s)| Stream: 30.00fps 203.8Kbps
05-04 18:38:06.448  1830 10078 I QC2Comp : [avcD_1124] Mem-usage:  [In-1D: 6 bufs 17.930 MB] [1D-2226: 16 bufs 0.250 MB] [2D-2227: 20 bufs 28.438 MB] | Total: 46.617 MB
05-04 18:38:06.962  1731  3697 I slpi    : STK3A5X ALS_OC: lux:1064.791992, last_ps:0[1233], CH0:797, CH2:105, CH4:6, AWAIT:32, ACRL:33, AGAIN:33, INT1:9, INT2:0, PS:114, LED:128, flag:65, state:7, scale:167.560,als_sel:1(0)(cnt:0)
05-04 18:38:07.990  3974 26498 D IpClient/wlan0: interfaceLinkStateChanged: ifindex 27 up
05-04 18:38:08.064  1336 29927 I keystore2: system/security/keystore2/src/watchdog.rs:319 - Watchdog thread idle -> terminating. Have a great day.
05-04 18:38:08.260 27765 27765 D BoundBrokerSvc: onUnbind: Intent { act=com.google.android.gms.common.telemetry.service.START dat=chimera-action:/... cmp=com.google.android.gms/.chimera.PersistentApiService }
05-04 18:38:09.173  4065  4065 D QtiCarrierConfigHelper: WARNING, no carrier configs on phone Id: 1
05-04 18:38:09.173  4048  4048 D DeviceStatisticsService: onReceive: action= android.intent.action.BATTERY_CHANGED
05-04 18:38:09.173  3064  3064 V UiModeManager: updateLocked: null action, mDockState=0, category=null
05-04 18:38:09.174  3827  5569 D PowerUI : can't show warning due to - plugged: true status unknown: false
05-04 18:38:09.174  3064  3064 D UiModeManager: updateConfigurationLocked: mDockState=0; mCarMode=false; mNightMode=2; mNightModeCustomType=-1; uiMode=33
05-04 18:38:09.175  4048  4048 V DeviceStatisticsService: chargerType=2 batteryLevel=100 totalBatteryCapacity=3460500
05-04 18:38:09.281 29886 29920 D RandomF : RandomForest.start [Finished on creating Random Forests]
05-04 18:38:09.284 29886 29920 D RandomF : RandomForest.start [Done in 11801, 00:00:11]
05-04 18:38:09.315 17496 17496 D AdaptivePerfD: a.onPredict [AppUsageStatus = AppUsageStatus(status=0, statusCode=0), size = 37]
05-04 18:38:09.332  3064 12265 D CompatibilityChangeReporter: Compat change id reported: 161252188; UID 1000; state: DISABLED
05-04 18:38:09.337  3064 12265 D CompatibilityChangeReporter: Compat change id reported: 161252188; UID 10290; state: DISABLED
05-04 18:38:09.344  3064  3216 D CompatibilityChangeReporter: Compat change id reported: 161252188; UID 10376; state: DISABLED
05-04 18:38:09.348  3064  3216 D CompatibilityChangeReporter: Compat change id reported: 161252188; UID 10200; state: DISABLED
05-04 18:38:09.366  3064  3216 D CompatibilityChangeReporter: Compat change id reported: 161252188; UID 10282; state: DISABLED
05-04 18:38:09.377  3064  3216 D CompatibilityChangeReporter: Compat change id reported: 161252188; UID 10382; state: DISABLED
05-04 18:38:09.379  3064  3216 D CompatibilityChangeReporter: Compat change id reported: 161252188; UID 10207; state: DISABLED
05-04 18:38:09.382  3064  3216 D CompatibilityChangeReporter: Compat change id reported: 161252188; UID 10249; state: DISABLED
05-04 18:38:09.388  3064  3216 D CompatibilityChangeReporter: Compat change id reported: 161252188; UID 10280; state: DISABLED
05-04 18:38:09.395 17496 17496 D AdaptivePerfD: a.onBindResult [AIConnectionState = DISCONNECTED]
05-04 18:38:09.397 17496 17496 D AdaptivePerfD: a.onBindResult [AIConnectionState = UNKNOWN]
05-04 18:38:09.541  3064  3216 D ActivityManager: unfreezing ProcessRecord{72da2a0 32734:com.google.android.dialer/u0a178}, reason = oom_uncached, adj = 800, adjType = cch-empty, adjSource = null
05-04 18:38:09.542 27765 27765 D BoundBrokerSvc: onUnbind: Intent { act=com.google.android.gms.libs.gmscorelogger.service.START dat=chimera-action:/... cmp=com.google.android.gms/.chimera.PersistentDirectBootAwareApiService }
05-04 18:38:09.542  3064  3216 D ActivityManager: sync unfroze 32734 com.google.android.dialer for 5
05-04 18:38:09.543  3064  3216 D ActivityManager: unfreezing ProcessRecord{f748e30 22768:com.whatsapp.w4b/u0a392}, reason = oom_uncached, adj = 800, adjType = cch-empty, adjSource = null
05-04 18:38:09.545  3064  3216 D ActivityManager: sync unfroze 22768 com.whatsapp.w4b for 5
05-04 18:38:09.546  3064  3216 D ActivityManager: unfreezing ProcessRecord{15c11a1 25910:com.google.android.apps.photos/u0a290}, reason = oom_uncached, adj = 800, adjType = cch-empty, adjSource = null
05-04 18:38:09.547  3064  3216 D ActivityManager: sync unfroze 25910 com.google.android.apps.photos for 5
05-04 18:38:09.548  3064  3216 D ActivityManager: unfreezing ProcessRecord{3a932c2 25968:com.google.android.apps.docs/u0a282}, reason = oom_uncached, adj = 800, adjType = cch-empty, adjSource = null
05-04 18:38:09.550  3064  3216 D ActivityManager: sync unfroze 25968 com.google.android.apps.docs for 5
05-04 18:38:09.550  3064  3216 I ActivityManager: Killing 25968:com.google.android.apps.docs/u0a282 (adj 800, setSvc -10000): empty #31
05-04 18:38:09.577  3064  3404 I libprocessgroup: Successfully killed process cgroup uid 10282 pid 25968 in 26ms
05-04 18:38:09.624  3064  4883 W ActivityManager: pid 25910 com.google.android.apps.photos sent binder code 1 with flags 2 to frozen apps and got error -2147483646
05-04 18:38:09.624 25910 26003 E JavaBinder: !!! FAILED BINDER TRANSACTION !!!  (parcel size = 528)
05-04 18:38:09.625  3064  3379 I ActivityManager: Killing 26811:com.google.process.gservices/u0a192 (adj 935, setSvc -10000): Sync transaction while frozen
05-04 18:38:09.632 25910 26003 I ActivityThread: Removing dead content provider:android.content.ContentProviderProxy@64f0e4d
05-04 18:38:09.634  3064  4883 I ActivityManager: Process com.google.process.gservices (pid 26811) early provider death
05-04 18:38:09.634  3064  4883 I ActivityManager: appDiedLocked: app=ProcessRecord{b15753 26811:com.google.process.gservices/u0a192} thread=android.os.BinderProxy@2f1e483 fromBinderDied=false isKilledByAm=true reason=unstable content provider
05-04 18:38:09.636  3064  4883 D ActivityTaskManager: handleAppDied: uid=10192,diedCount=1,lastDiedTime=731267446,forceStopUids=false
05-04 18:38:09.662  1587  1587 I Zygote  : Process 26811 exited due to signal 9 (Killed)
05-04 18:38:09.663  1587  1587 I Zygote  : Process 25968 exited due to signal 9 (Killed)
05-04 18:38:09.667  3064  3404 I libprocessgroup: Successfully killed process cgroup uid 10192 pid 26811 in 0ms
05-04 18:38:09.673  3064  3743 D ConnectivityService: releasing NetworkRequest [ REQUEST id=32384, [ Capabilities: INTERNET&NOT_RESTRICTED&TRUSTED&NOT_VCN_MANAGED Uid: 10282 RequestorUid: 10282 RequestorPkg: com.google.android.apps.docs UnderlyingNetworks: Null] ] (release request)
05-04 18:38:09.739  3064  4883 D ActivityManager: unfreezing ProcessRecord{a52c340 31334:com.android.settings/1000}, reason = oom_uncached, adj = 800, adjType = cch-act, adjSource = null
05-04 18:38:09.741  3064  4883 D ActivityManager: sync unfroze 31334 com.android.settings for 12
05-04 18:38:09.741  3064  4883 D ActivityManager: unfreezing ProcessRecord{ebd80ac 12829:in.amazon.mShop.android.shopping/u0a476}, reason = oom_uncached, adj = 800, adjType = cch-empty, adjSource = null
05-04 18:38:09.746  3064  4883 D ActivityManager: sync unfroze 12829 in.amazon.mShop.android.shopping for 12
05-04 18:38:09.746  3064  4883 D ActivityManager: unfreezing ProcessRecord{db98911 22384:com.android.chrome/u0a285}, reason = oom_uncached, adj = 800, adjType = cch-empty, adjSource = null
05-04 18:38:09.748  3064  4883 D ActivityManager: sync unfroze 22384 com.android.chrome for 12
05-04 18:38:09.748  3064  4883 D ActivityManager: unfreezing ProcessRecord{a0e953f 23814:com.android.chrome:privileged_process0/u0a285}, reason = oom_uncached, adj = 800, adjType = cch-empty, adjSource = null
05-04 18:38:09.749  3064  4883 D ActivityManager: sync unfroze 23814 com.android.chrome:privileged_process0 for 12
05-04 18:38:09.750  3064  9177 V ActivityManager: Got obituary of 26811:com.google.process.gservices
05-04 18:38:09.752  3064  5853 I ActivityManager: appDiedLocked: app=ProcessRecord{3a932c2 25968:com.google.android.apps.docs/u0a282} thread=android.os.BinderProxy@4f06600 fromBinderDied=true isKilledByAm=true reason=null
05-04 18:38:09.754 14578 14578 D BoundBrokerSvc: onUnbind: Intent { act=com.google.android.gms.auth.service.START pkg=com.google.android.gms }
05-04 18:38:09.756  3064  5853 D RestartModeController: markWaitRestartAppIsSuicided null processName=com.google.android.apps.docs
05-04 18:38:09.756  3064  5853 D ActivityTaskManager: handleAppDied: uid=10282,diedCount=1,lastDiedTime=729194233,forceStopUids=false
05-04 18:38:09.758  3064  3368 D DisplayManagerService: Drop pending events for gone uid 10282
05-04 18:38:09.761  1852  8583 W AidlConversionCppNdk: legacy2aidl_audio_channel_mask_t_AudioChannelLayout: no AudioChannelLayout found for legacy output audio_channel_mask_t value 0x10
05-04 18:38:09.769 22384 23897 W AidlConversionCppNdk: aidl2legacy_AudioChannelLayout_audio_channel_mask_t: no legacy output audio_channel_mask_t found for AudioChannelLayout{layoutMask: 16}
05-04 18:38:09.780 12829 12914 I BatchCreator: enqueueBatchForTransmission
05-04 18:38:09.782 12829 13167 D MobileLoggingSuite: Executing Sushi UploadTask...
05-04 18:38:09.784 12829 13167 D MobileLoggingSuite: Starting upload of previously persisted events in path /data/user/0/in.amazon.mShop.android.shopping/files/mls/nexus/sushi_normal
05-04 18:38:09.784 12829 12960 I MlsIntegration: Treatment for Weblab MLS_USE_PSEUDO_DEVICE_ID_ANDROID_1109242 is C_default (changed?: false)
05-04 18:38:09.784 12829 12960 I MlsIntegration: Treatment for Weblab MLS_ANDROID_ZAZ_MIGRATION_1364350 is C_default (changed?: false)
05-04 18:38:09.785 12829 12960 I MlsIntegration: Treatment for Weblab MLS_ENABLE_DEBUG_LOGS_1366122 is C_default (changed?: false)
05-04 18:38:09.786 12829 12960 I MlsIntegration: Treatment for Weblab MLS_USE_PSEUDO_DEVICE_ID_ANDROID_1109242 is C_default (changed?: false)
05-04 18:38:09.786 12829 12960 I MlsIntegration: Treatment for Weblab MLS_ANDROID_ZAZ_MIGRATION_1364350 is C_default (changed?: false)
05-04 18:38:09.786 12829 12960 I MlsIntegration: Treatment for Weblab MLS_ENABLE_DEBUG_LOGS_1366122 is C_default (changed?: false)
05-04 18:38:09.793 12829 13167 D MobileLoggingSuite: Completed upload of previously persisted events in path /data/user/0/in.amazon.mShop.android.shopping/files/mls/nexus/sushi_normal
05-04 18:38:09.793 12829 13167 D MobileLoggingSuite: Sushi UploadTask completed successfully
05-04 18:38:09.793 12829 13167 D MobileLoggingSuite: Executing Sushi UploadTask...
05-04 18:38:09.793 12829 13167 D MobileLoggingSuite: Starting upload of previously persisted events in path /data/user/0/in.amazon.mShop.android.shopping/files/mls/nexus/sushi_normal
05-04 18:38:09.797 12829 13167 D MobileLoggingSuite: Completed upload of previously persisted events in path /data/user/0/in.amazon.mShop.android.shopping/files/mls/nexus/sushi_normal
05-04 18:38:09.797 12829 13167 D MobileLoggingSuite: Sushi UploadTask completed successfully
05-04 18:38:09.806 12829 12914 I StorageManager: addBatch to BoundedBatchQueue, then write to disk file...
05-04 18:38:09.890 22384 23795 I GoogleAuthUtil: Error on service connection.
05-04 18:38:09.890 22384 23795 I GoogleAuthUtil: java.lang.InterruptedException
05-04 18:38:09.890 22384 23795 I GoogleAuthUtil: 	at java.util.concurrent.locks.ReentrantLock$Sync.lockInterruptibly(ReentrantLock.java:159)
05-04 18:38:09.890 22384 23795 I GoogleAuthUtil: 	at java.util.concurrent.locks.ReentrantLock.lockInterruptibly(ReentrantLock.java:372)
05-04 18:38:09.890 22384 23795 I GoogleAuthUtil: 	at java.util.concurrent.LinkedBlockingQueue.take(LinkedBlockingQueue.java:432)
05-04 18:38:09.890 22384 23795 I GoogleAuthUtil: 	at wm2.a(chromium-TrichromeChromeGoogle6432.aab-stable-772713733:10)
05-04 18:38:09.890 22384 23795 I GoogleAuthUtil: 	at rra.b(chromium-TrichromeChromeGoogle6432.aab-stable-772713733:43)
05-04 18:38:09.890 22384 23795 I GoogleAuthUtil: 	at rra.g(chromium-TrichromeChromeGoogle6432.aab-stable-772713733:60)
05-04 18:38:09.890 22384 23795 I GoogleAuthUtil: 	at rra.d(chromium-TrichromeChromeGoogle6432.aab-stable-772713733:21)
05-04 18:38:09.890 22384 23795 I GoogleAuthUtil: 	at cc.b(chromium-TrichromeChromeGoogle6432.aab-stable-772713733:50)
05-04 18:38:09.890 22384 23795 I GoogleAuthUtil: 	at v31.call(chromium-TrichromeChromeGoogle6432.aab-stable-772713733:9)
05-04 18:38:09.890 22384 23795 I GoogleAuthUtil: 	at java.util.concurrent.FutureTask.run(FutureTask.java:317)
05-04 18:38:09.890 22384 23795 I GoogleAuthUtil: 	at z31.run(chromium-TrichromeChromeGoogle6432.aab-stable-772713733:26)
05-04 18:38:09.890 22384 23795 I GoogleAuthUtil: 	at bhm.run(chromium-TrichromeChromeGoogle6432.aab-stable-772713733:8)
05-04 18:38:09.890 22384 23795 I GoogleAuthUtil: 	at org.chromium.base.task.TaskRunnerImpl.runTask(chromium-TrichromeChromeGoogle6432.aab-stable-772713733:31)
05-04 18:38:09.892 22384 23795 E cr_Auth : GMSAccountManagerDelegate.getAccountGaiaId
05-04 18:38:09.892 22384 23795 E cr_Auth : java.io.IOException: Error on service connection.
05-04 18:38:09.892 22384 23795 E cr_Auth : 	at rra.b(chromium-TrichromeChromeGoogle6432.aab-stable-772713733:68)
05-04 18:38:09.892 22384 23795 E cr_Auth : 	at rra.g(chromium-TrichromeChromeGoogle6432.aab-stable-772713733:60)
05-04 18:38:09.892 22384 23795 E cr_Auth : 	at rra.d(chromium-TrichromeChromeGoogle6432.aab-stable-772713733:21)
05-04 18:38:09.892 22384 23795 E cr_Auth : 	at cc.b(chromium-TrichromeChromeGoogle6432.aab-stable-772713733:50)
05-04 18:38:09.892 22384 23795 E cr_Auth : 	at v31.call(chromium-TrichromeChromeGoogle6432.aab-stable-772713733:9)
05-04 18:38:09.892 22384 23795 E cr_Auth : 	at java.util.concurrent.FutureTask.run(FutureTask.java:317)
05-04 18:38:09.892 22384 23795 E cr_Auth : 	at z31.run(chromium-TrichromeChromeGoogle6432.aab-stable-772713733:26)
05-04 18:38:09.892 22384 23795 E cr_Auth : 	at bhm.run(chromium-TrichromeChromeGoogle6432.aab-stable-772713733:8)
05-04 18:38:09.892 22384 23795 E cr_Auth : 	at org.chromium.base.task.TaskRunnerImpl.runTask(chromium-TrichromeChromeGoogle6432.aab-stable-772713733:31)
05-04 18:38:09.892 22384 23795 E cr_Auth : Caused by: java.lang.InterruptedException
05-04 18:38:09.892 22384 23795 E cr_Auth : 	at java.util.concurrent.locks.ReentrantLock$Sync.lockInterruptibly(ReentrantLock.java:159)
05-04 18:38:09.892 22384 23795 E cr_Auth : 	at java.util.concurrent.locks.ReentrantLock.lockInterruptibly(ReentrantLock.java:372)
05-04 18:38:09.892 22384 23795 E cr_Auth : 	at java.util.concurrent.LinkedBlockingQueue.take(LinkedBlockingQueue.java:432)
05-04 18:38:09.892 22384 23795 E cr_Auth : 	at wm2.a(chromium-TrichromeChromeGoogle6432.aab-stable-772713733:10)
05-04 18:38:09.892 22384 23795 E cr_Auth : 	at rra.b(chromium-TrichromeChromeGoogle6432.aab-stable-772713733:43)
05-04 18:38:09.892 22384 23795 E cr_Auth : 	... 8 more
05-04 18:38:09.973 22384 23796 W chromium: [WARNING:net/cert/ev_root_ca_metadata.cc:118] Not implemented
05-04 18:38:10.066 25890 25989 I Finsky:background: [1142] Stats for Executor: bgExecutor vpi@3e1ef46[Running, pool size = 4, active threads = 0, queued tasks = 0, completed tasks = 36]
05-04 18:38:10.080 25890 25989 I Finsky:background: [1142] Stats for Executor: LightweightExecutor vpi@fbab12a[Running, pool size = 4, active threads = 0, queued tasks = 0, completed tasks = 27]
05-04 18:38:10.181 25890 25989 I Finsky:background: [1142] Stats for Executor: BlockingExecutor vpi@3764769[Running, pool size = 1, active threads = 0, queued tasks = 0, completed tasks = 37]
05-04 18:38:10.526 12829 12960 I MlsIntegration: Treatment for Weblab MLS_USE_PSEUDO_DEVICE_ID_ANDROID_1109242 is C_default (changed?: false)
05-04 18:38:10.527 12829 12960 I MlsIntegration: Treatment for Weblab MLS_ANDROID_ZAZ_MIGRATION_1364350 is C_default (changed?: false)
05-04 18:38:10.527 12829 12960 I MlsIntegration: Treatment for Weblab MLS_ENABLE_DEBUG_LOGS_1366122 is C_default (changed?: false)
05-04 18:38:11.132 26177 26204 I Finsky  : [1141] Stats for Executor: LightweightExecutor vpi@6e6406e[Running, pool size = 4, active threads = 0, queued tasks = 0, completed tasks = 374]
05-04 18:38:11.133 26177 26204 I Finsky  : [1141] Stats for Executor: BlockingExecutor vpi@8d64f21[Running, pool size = 3, active threads = 0, queued tasks = 0, completed tasks = 74]
05-04 18:38:11.135 26177 26204 I Finsky  : [1141] Stats for Executor: bgExecutor vpi@b7b285[Running, pool size = 4, active threads = 0, queued tasks = 0, completed tasks = 794]
05-04 18:38:11.449  1830 10078 I QC2Comp : [avcD_1124] Stats: Pending(9) i/p-done(5) Works: Q: 28/Done 20|Work-Rate: Q(0.0/s Avg=0.0/s) Done(0.000/s Avg=0.002/s)| Stream: 30.00fps 203.8Kbps
05-04 18:38:11.449  1830 10078 I QC2Comp : [avcD_1124] Mem-usage:  [In-1D: 6 bufs 17.930 MB] [1D-2226: 16 bufs 0.250 MB] [2D-2227: 20 bufs 28.438 MB] | Total: 46.617 MB
05-04 18:38:11.454  1731  3697 I slpi    : STK3A5X ALS_OC: lux:1198.391968, last_ps:0[1237], CH0:897, CH2:120, CH4:6, AWAIT:32, ACRL:33, AGAIN:33, INT1:9, INT2:0, PS:114, LED:128, flag:65, state:7, scale:167.560,als_sel:1(0)(cnt:0)
05-04 18:38:11.559  1731  3697 I slpi    : STK3A5X ALS_OC: lux:1336.000000, last_ps:0[1232], CH0:1000, CH2:136, CH4:7, AWAIT:32, ACRL:33, AGAIN:33, INT1:9, INT2:0, PS:114, LED:128, flag:65, state:7, scale:167.560,als_sel:1(0)(cnt:0)
05-04 18:38:11.662  1731  3697 I slpi    : STK3A5X ALS_OC: lux:1503.000000, last_ps:0[1234], CH0:1125, CH2:155, CH4:7, AWAIT:32, ACRL:33, AGAIN:33, INT1:9, INT2:0, PS:114, LED:128, flag:65, state:7, scale:167.560,als_sel:1(0)(cnt:0)
05-04 18:38:11.871  1731  3697 I slpi    : STK3A5X ALS_OC: lux:1724.776001, last_ps:0[1232], CH0:1291, CH2:177, CH4:8, AWAIT:32, ACRL:33, AGAIN:33, INT1:9, INT2:0, PS:114, LED:128, flag:65, state:7, scale:167.560,als_sel:1(0)(cnt:0)
05-04 18:38:12.833  3064  5853 D PowerManagerService: nativeAcquireSuspendBlocker name:PowerManagerService.WakeLocks duration ms: 3
05-04 18:38:12.841  3064  9177 D CompatibilityChangeReporter: Compat change id reported: 170503758; UID 10285; state: ENABLED
05-04 18:38:12.845  3064  3408 E system_server: updateValue is called with a value {0, 0, 0, 0, 0, 0, 0, 0, 0, 0, 0, 0, 0, 0, 0, 0, 0, 0, 0, 0, 0, 0, 0, 0, 0, 0, 0, 0, 0, 0, 0, 0, 0, 0, 0, 0, 0, 0, 0, 0, 0, 0, 0, 0, 0, 0, 0, 0, 0, 0, 0, 0, 0, 0}, which is lower than the previous value {0, 0, 0, 0, 0, 0, 0, 0, 2, 0, 0, 0, 0, 0, 446, 0, 0, 0, 0, 0, 0, 0, 0, 0, 0, 0, 0, 0, 0, 0, 0, 11, 0, 0, 0, 0, 0, 0, 0, 0, 0, 0, 0, 0, 0, 0, 0, 0, 0, 0, 0, 0, 0, 0}
05-04 18:38:12.855 22384 22384 W cr_BkgrdTaskJS: Starting background task (jobId=116)
05-04 18:38:12.863  3064  5853 D PowerManagerService: nativeReleaseSuspendBlocker name:PowerManagerService.WakeLocks duration ms: 0
05-04 18:38:12.916  1731  3697 I slpi    : STK3A5X ALS_OC: lux:1541.744019, last_ps:0[1231], CH0:1154, CH2:151, CH4:7, AWAIT:32, ACRL:33, AGAIN:33, INT1:9, INT2:0, PS:114, LED:128, flag:65, state:7, scale:167.560,als_sel:1(0)(cnt:0)
05-04 18:38:13.743  3064  5853 W ProcessStats: Tracking association SourceState{83134d7 com.google.android.youtube/10289 Fgs #2032910} whose proc state 3 is better than process ProcessState{e07f7ec com.google.android.gms/10192 pkg=com.google.android.gms} proc state 14 (63 skipped)
05-04 18:38:13.751  1731  3697 I slpi    : STK3A5X ALS_OC: lux:1722.104004, last_ps:0[1237], CH0:1289, CH2:167, CH4:7, AWAIT:32, ACRL:33, AGAIN:33, INT1:9, INT2:0, PS:114, LED:128, flag:65, state:7, scale:167.560,als_sel:1(0)(cnt:0)
05-04 18:38:15.473  3064 15923 I AppSearchIcing: icing-search-engine.cc:2486: Persisting data to disk with mode 3
05-04 18:38:15.483  3064 15923 I AppSearchIcing: icing-search-engine.cc:2501: PersistToDisk completed.
05-04 18:38:16.450  1830 10078 I QC2Comp : [avcD_1124] Stats: Pending(9) i/p-done(5) Works: Q: 28/Done 20|Work-Rate: Q(0.0/s Avg=0.0/s) Done(0.000/s Avg=0.002/s)| Stream: 30.00fps 203.8Kbps
05-04 18:38:16.450  1830 10078 I QC2Comp : [avcD_1124] Mem-usage:  [In-1D: 6 bufs 17.930 MB] [1D-2226: 16 bufs 0.250 MB] [2D-2227: 20 bufs 28.438 MB] | Total: 46.617 MB
