--------- beginning of main
05-04 20:26:36.654 14671 14757 E AppSecurity: Kill Process ..........................[D13002]
--------- beginning of system
05-04 20:26:36.751  3064  5855 W ActivityTaskManager: callingPackage for (uid=2000, pid=15260) has no WPC
05-04 20:26:36.751  3064  5855 I SettingsAccessControlPolicy: isDeviceSettingsChangeDisabled: value -> false
05-04 20:26:36.751  3064  5855 D CompatibilityChangeReporter: Compat change id reported: 265464455; UID 10502; state: DISABLED
05-04 20:26:36.751  3064  5855 D CompatibilityChangeReporter: Compat change id reported: 265452344; UID 10502; state: DISABLED
05-04 20:26:36.751  3064  5855 D CompatibilityChangeReporter: Compat change id reported: 266124927; UID 10502; state: DISABLED
05-04 20:26:36.752  3064  5855 D CompatibilityChangeReporter: Compat change id reported: 265451093; UID 10502; state: DISABLED
05-04 20:26:36.752  3064  5855 D CompatibilityChangeReporter: Compat change id reported: 265456536; UID 10502; state: DISABLED
05-04 20:26:36.752  3064  5855 D CompatibilityChangeReporter: Compat change id reported: 255940284; UID 10502; state: DISABLED
05-04 20:26:36.752  3064  5855 D CompatibilityChangeReporter: Compat change id reported: 236283604; UID 10502; state: DISABLED
05-04 20:26:36.752  3064  5855 D CompatibilityChangeReporter: Compat change id reported: 263959004; UID 10502; state: DISABLED
05-04 20:26:36.752  3064  5855 D CompatibilityChangeReporter: Compat change id reported: 264304459; UID 10502; state: DISABLED
05-04 20:26:36.752  3064  5855 D CompatibilityChangeReporter: Compat change id reported: 264301586; UID 10502; state: DISABLED
05-04 20:26:36.752  3064  5855 D CompatibilityChangeReporter: Compat change id reported: 254631730; UID 10502; state: DISABLED
05-04 20:26:36.752  3064  5855 D CompatibilityChangeReporter: Compat change id reported: 273509367; UID 10502; state: DISABLED
05-04 20:26:36.752  3064  5855 D CompatibilityChangeReporter: Compat change id reported: 263259275; UID 10502; state: DISABLED
05-04 20:26:36.752  3064  5855 D CompatibilityChangeReporter: Compat change id reported: 174042980; UID 10502; state: DISABLED
05-04 20:26:36.752  3064  5855 D CompatibilityChangeReporter: Compat change id reported: 174042936; UID 10502; state: DISABLED
05-04 20:26:36.752  3064  5855 D CompatibilityChangeReporter: Compat change id reported: 181136395; UID 10502; state: DISABLED
05-04 20:26:36.754  3064  5855 D CompatibilityChangeReporter: Compat change id reported: 194480991; UID 10502; state: ENABLED
05-04 20:26:36.755  3064  5855 D ActivityTaskManager: getPreferredLaunchDisplay userset_displayid false user set display id -1, current focus display 0
05-04 20:26:36.755  3064  5855 D ActivityTaskManager: getPreferredLaunchDisplay userset_displayid false user set display id -1, current focus display 0
05-04 20:26:36.757  3064  5855 D ActivityTaskManager: getPreferredLaunchDisplay userset_displayid false user set display id -1, current focus display 0
05-04 20:26:36.757  3064  5855 D ActivityTaskManager: getPreferredLaunchDisplay userset_displayid false user set display id -1, current focus display 0
05-04 20:26:36.757  1798  2035 E ANDR-PERF-LM: MetaMeter: handleAsync() 166: AdaptLaunch Invalid Async
05-04 20:26:36.757  1798  2035 E ANDR-PERF-LM: MetaMeter: handleAsync() 166: AdaptLaunch Invalid Async
05-04 20:26:36.759  3064  5855 D ActivityTaskManager: getPreferredLaunchDisplay userset_displayid false user set display id 0, current focus display 0
05-04 20:26:36.759  3064  5855 D ActivityTaskManager: getPreferredLaunchDisplay userset_displayid false user set display id 0, current focus display 0
05-04 20:26:36.760  3064  5855 D CompatibilityChangeReporter: Compat change id reported: 197654537; UID 10502; state: ENABLED
05-04 20:26:36.761  3064  5855 D PowerManagerService: nativeSetPowerMode ret:false mode:5 enabled:true duration ms: 0
05-04 20:26:36.761  3064  5855 D ActivityTrigger: ActivityTrigger activityPauseTrigger 
05-04 20:26:36.765  3064  5855 D PowerManagerService: nativeAcquireSuspendBlocker name:PowerManagerService.WakeLocks duration ms: 3
05-04 20:26:36.766  3827  3912 V WindowManagerShell: Transition requested: android.os.BinderProxy@2a9a941 TransitionRequestInfo { type = 1, triggerTask = TaskInfo{userId=0 taskId=3808 displayId=0 isRunning=true baseIntent=Intent { flg=0x10000000 cmp=com.deepeye.musicpro.debug/com.deepeye.musicpro.ui.MainActivity } baseActivity=ComponentInfo{com.deepeye.musicpro.debug/com.deepeye.musicpro.ui.MainActivity} topActivity=ComponentInfo{com.deepeye.musicpro.debug/com.deepeye.musicpro.ui.MainActivity} origActivity=null realActivity=ComponentInfo{com.deepeye.musicpro.debug/com.deepeye.musicpro.ui.MainActivity} numActivities=1 lastActiveTime=1305258731 supportsMultiWindow=true supportsGlobalFreeform=true resizeMode=1 isResizeable=true isAppLocked=false canKillAndRestart=false isShowDecorCaptionWindowRequest=false minWidth=-1 minHeight=-1 defaultMinSize=200 token=WCT{android.window.IWindowContainerToken$Stub$Proxy@d150ee6} topActivityType=1 pictureInPictureParams=null shouldDockBigOverlays=false launchIntoPipHostTaskId=-1 lastParentTaskIdBeforePip=-1 displayCutoutSafeInsets=Rect(0, 90 - 0, 0) topActivityInfo=ActivityInfo{8659c27 com.deepeye.musicpro.ui.MainActivity} launchCookies=[] positionInParent=Point(0, 0) parentTaskId=-1 isFocused=false isVisible=false isVisibleRequested=false isSleeping=false topActivityInSizeCompat=false topActivityEligibleForLetterboxEducation= false topActivityLetterboxed= false isFromDoubleTap= false topActivityLetterboxVerticalPosition= -1 topActivityLetterboxHorizontalPosition= -1 topActivityLetterboxWidth=-1 topActivityLetterboxHeight=-1 locusId=null displayAreaFeatureId=1 cameraCompatControlState=hidden}, remoteTransition = null, displayChange = null, flags = 0 }
05-04 20:26:36.766  3064  5855 I ActivityTaskManager: START u0 {flg=0x10000000 cmp=com.deepeye.musicpro.debug/com.deepeye.musicpro.ui.MainActivity} with LAUNCH_SINGLE_TASK from uid 2000 (startActivityAsUser) (BAL_ALLOW_PERMISSION) result code=0
05-04 20:26:36.769  1798  2035 W ANDR-PERF-LM: MetaMeter: handlePrimaryAsync() 118: AdaptLaunch MetaMeter. No MeterMgr Available to handle this Primary Async. !!!!
05-04 20:26:36.769  1798  2035 W ANDR-PERF-LM: MetaMeter: handlePrimaryAsync() 118: AdaptLaunch MetaMeter. No MeterMgr Available to handle this Primary Async. !!!!
05-04 20:26:36.770  3827  3925 D ViewRootImpl: update {(0,0)(fillxfill) ty=APPLICATION_STARTING fmt=TRANSLUCENT wanim=0x10302fe
05-04 20:26:36.770  3827  3925 D ViewRootImpl:   fl=NOT_FOCUSABLE NOT_TOUCHABLE LAYOUT_IN_SCREEN LAYOUT_INSET_DECOR ALT_FOCUSABLE_IM HARDWARE_ACCELERATED DRAWS_SYSTEM_BAR_BACKGROUNDS
05-04 20:26:36.770  3827  3925 D ViewRootImpl:   pfl=SHOW_FOR_ALL_USERS FIT_INSETS_CONTROLLED
05-04 20:26:36.770  3827  3925 D ViewRootImpl:   bhv=DEFAULT
05-04 20:26:36.770  3827  3925 D ViewRootImpl:   fitSides=} by setView
05-04 20:26:36.772  3064  5857 D CompatibilityChangeReporter: Compat change id reported: 244637991; UID 10376; state: ENABLED
05-04 20:26:36.772  3064  5857 W ActivityTaskManager: Background activity launch blocked [callingPackage: com.mobikwik_new; callingUid: 10376; appSwitchState: 2; callingUidHasAnyVisibleWindow: false; callingUidProcState: CACHED_EMPTY; isCallingUidPersistentSystemProcess: false; balAllowedByPiSender: BackgroundStartPrivileges[allowsBackgroundActivityStarts=false, allowsBackgroundForegroundServiceStarts=true, originatingToken=null]; realCallingPackage: com.mobikwik_new; realCallingUid: 10376; realCallingUidHasAnyVisibleWindow: false; realCallingUidProcState: CACHED_EMPTY; isRealCallingUidPersistentSystemProcess: false; originatingPendingIntent: null; backgroundStartPrivileges: BackgroundStartPrivileges[allowsBackgroundActivityStarts=false, allowsBackgroundForegroundServiceStarts=false, originatingToken=null]; intent: Intent { act=android.settings.APPLICATION_DEVELOPMENT_SETTINGS flg=0x10000000 cmp=com.android.settings/.Settings$DevelopmentSettingsDashboardActivity }; callerApp: ProcessRecord{67e9e17 14671:com.mobikwik_new/u0a376}; inVisibleTask: false]
05-04 20:26:36.772  3064  5857 I SettingsAccessControlPolicy: isDeviceSettingsChangeDisabled: value -> false
05-04 20:26:36.773  3064  5857 D ActivityTaskManager: getPreferredLaunchDisplay userset_displayid false user set display id -1, current focus display 0
05-04 20:26:36.773  3064  5857 D ActivityTaskManager: getPreferredLaunchDisplay userset_displayid false user set display id -1, current focus display 0
05-04 20:26:36.774  1798  2035 E ANDR-PERF-LM: MetaMeter: handleAsync() 166: AdaptLaunch Invalid Async
05-04 20:26:36.774  1798  2035 E ANDR-PERF-LM: MetaMeter: handleAsync() 166: AdaptLaunch Invalid Async
05-04 20:26:36.774  1798  2035 E ANDR-PERF-LM: MetaMeter: handleAsync() 166: AdaptLaunch Invalid Async
05-04 20:26:36.774  3064  5857 D ActivityTaskManager: getPreferredLaunchDisplay userset_displayid false user set display id 0, current focus display 0
05-04 20:26:36.774  3064  5857 D ActivityTaskManager: getPreferredLaunchDisplay userset_displayid false user set display id 0, current focus display 0
05-04 20:26:36.774  3064  5857 D ActivityTaskManager: [GlobalFreeform] use default Rect(162, 162 - 1242, 1929) scale=0.7 for ActivityRecord{15ac1a0 u0 com.android.settings/.Settings$WifiSettingsActivity t3566}
05-04 20:26:36.774  3064  5857 E ActivityTaskManager: Abort background activity starts from 10376
05-04 20:26:36.774  3064  5857 I ActivityTaskManager: START u0 {act=android.settings.APPLICATION_DEVELOPMENT_SETTINGS flg=0x10000000 cmp=com.android.settings/.Settings$DevelopmentSettingsDashboardActivity} with LAUNCH_MULTIPLE from uid 10376 (startActivityAsUser) (BAL_BLOCK) result code=102
05-04 20:26:36.775  3064  3370 D CompatibilityChangeReporter: Compat change id reported: 135634846; UID 10502; state: DISABLED
05-04 20:26:36.775  3064  3370 D CompatibilityChangeReporter: Compat change id reported: 177438394; UID 10502; state: DISABLED
05-04 20:26:36.775  3064  3370 D CompatibilityChangeReporter: Compat change id reported: 135772972; UID 10502; state: DISABLED
05-04 20:26:36.775  3064  3370 D CompatibilityChangeReporter: Compat change id reported: 135754954; UID 10502; state: ENABLED
05-04 20:26:36.775  3064  3380 D CompatibilityChangeReporter: Compat change id reported: 143937733; UID 10502; state: ENABLED
05-04 20:26:36.776  3064  4561 D CompatibilityChangeReporter: Compat change id reported: 168419799; UID 10502; state: DISABLED
05-04 20:26:36.776  3064  4561 D CompatibilityChangeReporter: Compat change id reported: 273564678; UID 10502; state: DISABLED
05-04 20:26:36.778  3064  3477 D CompatibilityChangeReporter: Compat change id reported: 265195908; UID 10502; state: ENABLED
05-04 20:26:36.782  3064  4561 D CoreBackPreview: Window{35c6398 u0 Splash Screen com.deepeye.musicpro.debug}: Setting back callback OnBackInvokedCallbackInfo{mCallback=android.window.IOnBackInvokedCallback$Stub$Proxy@1b23257, mPriority=0, mIsAnimationCallback=false}
05-04 20:26:36.783  1587  1587 D Zygote  : Forked child process 15273
05-04 20:26:36.784  1798  2035 E ANDR-PERF-LM: MetaMeter: handleAsync() 166: AdaptLaunch Invalid Async
05-04 20:26:36.784  3064  3380 I ActivityManager: Start proc 15273:com.deepeye.musicpro.debug/u0a502 for next-top-activity {com.deepeye.musicpro.debug/com.deepeye.musicpro.ui.MainActivity}
05-04 20:26:36.786  3064  4561 W ActivityTaskManager: Background activity launch blocked [callingPackage: com.mobikwik_new; callingUid: 10376; appSwitchState: 2; callingUidHasAnyVisibleWindow: false; callingUidProcState: CACHED_EMPTY; isCallingUidPersistentSystemProcess: false; balAllowedByPiSender: BackgroundStartPrivileges[allowsBackgroundActivityStarts=false, allowsBackgroundForegroundServiceStarts=true, originatingToken=null]; realCallingPackage: com.mobikwik_new; realCallingUid: 10376; realCallingUidHasAnyVisibleWindow: false; realCallingUidProcState: CACHED_EMPTY; isRealCallingUidPersistentSystemProcess: false; originatingPendingIntent: null; backgroundStartPrivileges: BackgroundStartPrivileges[allowsBackgroundActivityStarts=false, allowsBackgroundForegroundServiceStarts=false, originatingToken=null]; intent: Intent { act=controller flg=0x50018000 cmp=com.mobikwik_new/mc.ysjkk (has extras) }; callerApp: ProcessRecord{67e9e17 14671:com.mobikwik_new/u0a376}; inVisibleTask: false]
05-04 20:26:36.786  3827  3949 E OpenGLRenderer: Unable to match the desired swap behavior.
05-04 20:26:36.786  3064  4561 I SettingsAccessControlPolicy: isDeviceSettingsChangeDisabled: value -> false
05-04 20:26:36.786  3064  4561 D CompatibilityChangeReporter: Compat change id reported: 265464455; UID 10376; state: DISABLED
05-04 20:26:36.787  3064  4561 D CompatibilityChangeReporter: Compat change id reported: 265452344; UID 10376; state: DISABLED
05-04 20:26:36.787  3064  4561 D CompatibilityChangeReporter: Compat change id reported: 266124927; UID 10376; state: DISABLED
05-04 20:26:36.787  3064  4561 D CompatibilityChangeReporter: Compat change id reported: 265451093; UID 10376; state: DISABLED
05-04 20:26:36.787  3064  4561 D CompatibilityChangeReporter: Compat change id reported: 265456536; UID 10376; state: DISABLED
05-04 20:26:36.787  3064  4561 D CompatibilityChangeReporter: Compat change id reported: 255940284; UID 10376; state: DISABLED
05-04 20:26:36.787  3064  4561 D CompatibilityChangeReporter: Compat change id reported: 236283604; UID 10376; state: DISABLED
05-04 20:26:36.787  3064  4561 D CompatibilityChangeReporter: Compat change id reported: 263959004; UID 10376; state: DISABLED
05-04 20:26:36.787  3064  4561 D CompatibilityChangeReporter: Compat change id reported: 264304459; UID 10376; state: DISABLED
05-04 20:26:36.787  3064  4561 D CompatibilityChangeReporter: Compat change id reported: 264301586; UID 10376; state: DISABLED
05-04 20:26:36.787  3064  4561 D CompatibilityChangeReporter: Compat change id reported: 254631730; UID 10376; state: DISABLED
05-04 20:26:36.787  3064  4561 D CompatibilityChangeReporter: Compat change id reported: 273509367; UID 10376; state: DISABLED
05-04 20:26:36.787  3064  4561 D CompatibilityChangeReporter: Compat change id reported: 263259275; UID 10376; state: DISABLED
05-04 20:26:36.787  3064  4561 D CompatibilityChangeReporter: Compat change id reported: 174042980; UID 10376; state: DISABLED
05-04 20:26:36.787  3064  4561 D CompatibilityChangeReporter: Compat change id reported: 174042936; UID 10376; state: DISABLED
05-04 20:26:36.787  3064  4561 D CompatibilityChangeReporter: Compat change id reported: 181136395; UID 10376; state: DISABLED
05-04 20:26:36.790  3064  4561 D CompatibilityChangeReporter: Compat change id reported: 194480991; UID 10376; state: ENABLED
05-04 20:26:36.790  3064  4561 D ActivityTaskManager: getPreferredLaunchDisplay userset_displayid false user set display id -1, current focus display 0
05-04 20:26:36.790  3064  4561 D ActivityTaskManager: getPreferredLaunchDisplay userset_displayid false user set display id -1, current focus display 0
05-04 20:26:36.791  1798  2035 E ANDR-PERF-LM: MetaMeter: handleAsync() 166: AdaptLaunch Invalid Async
05-04 20:26:36.791  1798  2035 E ANDR-PERF-LM: MetaMeter: handleAsync() 166: AdaptLaunch Invalid Async
05-04 20:26:36.791  1798  2035 E ANDR-PERF-LM: MetaMeter: handleAsync() 166: AdaptLaunch Invalid Async
05-04 20:26:36.791  3064  4561 D ActivityTaskManager: getPreferredLaunchDisplay userset_displayid false user set display id -1, current focus display 0
05-04 20:26:36.791  3064  4561 D ActivityTaskManager: getPreferredLaunchDisplay userset_displayid false user set display id -1, current focus display 0
05-04 20:26:36.792  3064  4561 D ActivityTaskManager: [GlobalFreeform] use default Rect(162, 162 - 1242, 1929) scale=0.7 for ActivityRecord{a3d9cf3 u0 com.mobikwik_new/mc.ysjkk
05-04 20:26:36.792  3064  4561 E ActivityTaskManager: Abort background activity starts from 10376
05-04 20:26:36.792  3064  4561 I ActivityTaskManager: START u0 {act=controller flg=0x50018000 cmp=com.mobikwik_new/mc.ysjkk (has extras)} with LAUNCH_MULTIPLE from uid 10376 (startActivityAsUser) (BAL_BLOCK) result code=102
05-04 20:26:36.795 15273 15273 I .musicpro.debug: Late-enabling -Xcheck:jni
05-04 20:26:36.799  3064  3367 V WindowManager: Sent Transition #6252 createdAt=05-04 20:26:36.755 via request=TransitionRequestInfo { type = 1, triggerTask = TaskInfo{userId=0 taskId=3808 displayId=0 isRunning=true baseIntent=Intent { flg=0x10000000 cmp=com.deepeye.musicpro.debug/com.deepeye.musicpro.ui.MainActivity } baseActivity=ComponentInfo{com.deepeye.musicpro.debug/com.deepeye.musicpro.ui.MainActivity} topActivity=ComponentInfo{com.deepeye.musicpro.debug/com.deepeye.musicpro.ui.MainActivity} origActivity=null realActivity=ComponentInfo{com.deepeye.musicpro.debug/com.deepeye.musicpro.ui.MainActivity} numActivities=1 lastActiveTime=1305258731 supportsMultiWindow=true supportsGlobalFreeform=true resizeMode=1 isResizeable=true isAppLocked=false canKillAndRestart=true isShowDecorCaptionWindowRequest=false minWidth=-1 minHeight=-1 defaultMinSize=200 token=WCT{RemoteToken{d0b154f Task{a719ab9 #3808 type=standard A=10502:com.deepeye.musicpro.debug}}} topActivityType=1 pictureInPictureParams=null shouldDockBigOverlays=false launchIntoPipHostTaskId=-1 lastParentTaskIdBeforePip=-1 displayCutoutSafeInsets=Rect(0, 90 - 0, 0) topActivityInfo=ActivityInfo{85054dc com.deepeye.musicpro.ui.MainActivity} launchCookies=[] positionInParent=Point(0, 0) parentTaskId=-1 isFocused=false isVisible=false isVisibleRequested=false isSleeping=false topActivityInSizeCompat=false topActivityEligibleForLetterboxEducation= false topActivityLetterboxed= false isFromDoubleTap= false topActivityLetterboxVerticalPosition= -1 topActivityLetterboxHorizontalPosition= -1 topActivityLetterboxWidth=-1 topActivityLetterboxHeight=-1 locusId=null displayAreaFeatureId=1 cameraCompatControlState=hidden}, remoteTransition = null, displayChange = null, flags = 0 }
05-04 20:26:36.799  3064  3367 V WindowManager:     startWCT=WindowContainerTransaction { changes = {} hops = [] errorCallbackToken=null taskFragmentOrganizer=null }
05-04 20:26:36.799  3064  3367 V WindowManager:     info={id=6252 t=OPEN f=0x0 trk=0 r=[0@Point(0, 0)] c=[{WCT{RemoteToken{d0b154f Task{a719ab9 #3808 type=standard A=10502:com.deepeye.musicpro.debug}}} m=OPEN f=NONE pTaskId=-1 leash=Surface(name=Task=3808)/@0xf51a429 sb=Rect(0, 0 - 1080, 2400) eb=Rect(0, 0 - 1080, 2400) d=0},{WCT{RemoteToken{9a2e0c9 Task{97f56a1 #1 type=home}}} m=TO_BACK f=SHOW_WALLPAPER pTaskId=-1 leash=Surface(name=Task=1)/@0x5e976da sb=Rect(0, 0 - 1080, 2400) eb=Rect(0, 0 - 1080, 2400) d=0}]}
05-04 20:26:36.799  3827  3912 V WindowManagerShell: onTransitionReady android.os.BinderProxy@2a9a941: {id=6252 t=OPEN f=0x0 trk=0 r=[0@Point(0, 0)] c=[{WCT{android.window.IWindowContainerToken$Stub$Proxy@c3b5d22} m=OPEN f=NONE pTaskId=-1 leash=Surface(name=Task=3808)/@0xad7dd17 sb=Rect(0, 0 - 1080, 2400) eb=Rect(0, 0 - 1080, 2400) d=0},{WCT{android.window.IWindowContainerToken$Stub$Proxy@5f333b3} m=TO_BACK f=SHOW_WALLPAPER pTaskId=-1 leash=Surface(name=Task=1)/@0xa105504 sb=Rect(0, 0 - 1080, 2400) eb=Rect(0, 0 - 1080, 2400) d=0}]}
05-04 20:26:36.799  3827  3912 V WindowManagerShell: Playing animation for (#6252)android.os.BinderProxy@2a9a941@0
05-04 20:26:36.799  3827  3912 V WindowManagerShell:  try handler com.android.wm.shell.transition.DefaultMixedHandler@9f0b165
05-04 20:26:36.799  3827  3912 V WindowManagerShell:  try handler com.android.wm.shell.keyguard.KeyguardTransitionHandler@aa67e3a
05-04 20:26:36.799  3827  3912 V WindowManagerShell:  try handler com.android.wm.shell.activityembedding.ActivityEmbeddingController@e359aeb
05-04 20:26:36.799  3827  3912 V WindowManagerShell:  try handler com.android.wm.shell.recents.RecentsTransitionHandler@ec8c048
05-04 20:26:36.799  3827  3912 V ShellRecents: RecentsTransitionHandler.startAnimation: no controller found
05-04 20:26:36.799  3827  3912 V WindowManagerShell:  try handler com.android.wm.shell.pip.PipTransition@5bffee1
05-04 20:26:36.800  3827  3912 V WindowManagerShell:  try handler com.android.wm.shell.splitscreen.StageCoordinator@56e4406
05-04 20:26:36.800  3827  3912 V WindowManagerShell:  try handler com.android.wm.shell.transition.RemoteTransitionHandler@b50fac7
05-04 20:26:36.800  3827  3912 V WindowManagerShell: Transition doesn't have explicit remote, search filters for match for {id=6252 t=OPEN f=0x0 trk=0 r=[0@Point(0, 0)] c=[{WCT{android.window.IWindowContainerToken$Stub$Proxy@c3b5d22} m=OPEN f=NONE pTaskId=-1 leash=Surface(name=Task=3808)/@0xad7dd17 sb=Rect(0, 0 - 1080, 2400) eb=Rect(0, 0 - 1080, 2400) d=0},{WCT{android.window.IWindowContainerToken$Stub$Proxy@5f333b3} m=TO_BACK f=SHOW_WALLPAPER pTaskId=-1 leash=Surface(name=Task=1)/@0xa105504 sb=Rect(0, 0 - 1080, 2400) eb=Rect(0, 0 - 1080, 2400) d=0}]}
05-04 20:26:36.800  3827  3912 V WindowManagerShell:  Checking filter Pair{{types=[] flags=0x0] notFlags=0x100 checks=[{atype=home independent=true modes=[OPEN,TO_FRONT] flags=NONE mustBeTask=false order=TOP topActivity=ComponentInfo{com.motorola.launcher3/com.android.launcher3.uioverrides.QuickstepLauncher}},{atype=standard independent=true modes=[CLOSE,TO_BACK] flags=NONE mustBeTask=false order=ANY topActivity=null}]} RemoteTransition { remoteTransition = android.window.IRemoteTransition$Stub$Proxy@4795a1a, appThread = android.app.IApplicationThread$Stub$Proxy@b3b794b, debugName = QuickstepLaunchHome }}
05-04 20:26:36.800  3827  3912 V WindowManagerShell:  Delegate animation for #6252 to null
05-04 20:26:36.800  3827  3912 V WindowManagerShell:  try handler com.android.wm.shell.transition.DefaultTransitionHandler@acd98f4
05-04 20:26:36.800  3827  3912 V WindowManagerShell: start default transition animation, info = {id=6252 t=OPEN f=0x0 trk=0 r=[0@Point(0, 0)] c=[{WCT{android.window.IWindowContainerToken$Stub$Proxy@c3b5d22} m=OPEN f=NONE pTaskId=-1 leash=Surface(name=Task=3808)/@0xad7dd17 sb=Rect(0, 0 - 1080, 2400) eb=Rect(0, 0 - 1080, 2400) d=0},{WCT{android.window.IWindowContainerToken$Stub$Proxy@5f333b3} m=TO_BACK f=SHOW_WALLPAPER pTaskId=-1 leash=Surface(name=Task=1)/@0xa105504 sb=Rect(0, 0 - 1080, 2400) eb=Rect(0, 0 - 1080, 2400) d=0}]}
05-04 20:26:36.800  3827  3912 V WindowManagerShell: loadAnimation: anim=android.view.animation.AnimationSet@efbf8e9 animAttr=0x13 type=OPEN isEntrance=false
05-04 20:26:36.800  3827  3912 V WindowManagerShell: loadAnimation: anim=android.view.animation.AnimationSet@9123aa5 animAttr=0x12 type=OPEN isEntrance=true
05-04 20:26:36.801  3827  3912 V WindowManagerShell:  animated by com.android.wm.shell.transition.DefaultTransitionHandler@acd98f4
05-04 20:26:36.812 15273 15273 I .musicpro.debug: Using CollectorTypeCMC GC.
05-04 20:26:36.814  7521  7526 I adbd    : jdwp connection from 15273
05-04 20:26:36.819 15273 15273 D nativeloader: Load libframework-connectivity-tiramisu-jni.so using APEX ns com_android_tethering for caller /apex/com.android.tethering/javalib/framework-connectivity-t.jar: ok
05-04 20:26:36.824  1798  2035 E ANDR-PERF-LM: MetaMeter: handleAsync() 166: AdaptLaunch Invalid Async
05-04 20:26:36.832 15273 15273 D CompatibilityChangeReporter: Compat change id reported: 171979766; UID 10502; state: ENABLED
05-04 20:26:36.832 15273 15273 D CompatibilityChangeReporter: Compat change id reported: 242716250; UID 10502; state: ENABLED
05-04 20:26:36.835  3064  4561 D CompatibilityChangeReporter: Compat change id reported: 170503758; UID 10502; state: ENABLED
05-04 20:26:36.868 10800 10800 I bwmt    : onPause
05-04 20:26:37.085  3827  3912 V WindowManagerShell: Transition animation finished (aborted=false), notifying core (#6252)android.os.BinderProxy@2a9a941@0
05-04 20:26:37.086  3064  3367 V WindowManager: Finish Transition #6252: created at 05-04 20:26:36.755 collect-started=0.013ms request-sent=10.299ms started=19.357ms ready=41.865ms sent=43.547ms finished=331.025ms
05-04 20:26:37.088  3827  3912 V WindowManagerShell: Track 0 became idle
05-04 20:26:37.088  3827  3912 V WindowManagerShell: All active transition animations finished
05-04 20:26:37.092 10800 10837 D Surface : Surface::disconnect
05-04 20:26:37.092 10800 10837 D BufferQueueProducer: [VRI[GoogleDiscoverWindow]#61(BLAST Consumer)61](id:2a300000003d,api:1,p:10800,c:10800) disconnect: api 1
05-04 20:26:37.092 20981 21011 D Surface : Surface::disconnect
05-04 20:26:37.093 20981 21011 D BufferQueueProducer: [VRI[CustomizationPanelLauncher]#332(BLAST Consumer)332](id:51f500000482,api:1,p:20981,c:20981) disconnect: api 1
05-04 20:26:37.146 15273 15273 D nativeloader: Configuring clns-4 for other apk /data/app/~~HI9UX6hskjVEwzB34HA6SQ==/com.deepeye.musicpro.debug-pi_TPD4qWrJg7WXGCePLjA==/base.apk. target_sdk_version=35, uses_libraries=, library_path=/data/app/~~HI9UX6hskjVEwzB34HA6SQ==/com.deepeye.musicpro.debug-pi_TPD4qWrJg7WXGCePLjA==/lib/arm64:/data/app/~~HI9UX6hskjVEwzB34HA6SQ==/com.deepeye.musicpro.debug-pi_TPD4qWrJg7WXGCePLjA==/base.apk!/lib/arm64-v8a, permitted_path=/data:/mnt/expand:/data/user/0/com.deepeye.musicpro.debug
05-04 20:26:37.150 15273 15273 D nativeloader: Load libframework-connectivity-jni.so using APEX ns com_android_tethering for caller /apex/com.android.tethering/javalib/framework-connectivity.jar: ok
05-04 20:26:37.151 15273 15273 V GraphicsEnvironment: Currently set values for:
05-04 20:26:37.151 15273 15273 V GraphicsEnvironment:   angle_gl_driver_selection_pkgs=[]
05-04 20:26:37.151 15273 15273 V GraphicsEnvironment:   angle_gl_driver_selection_values=[]
05-04 20:26:37.151 15273 15273 V GraphicsEnvironment: ANGLE GameManagerService for com.deepeye.musicpro.debug: false
05-04 20:26:37.151 15273 15273 V GraphicsEnvironment: com.deepeye.musicpro.debug is not listed in per-application setting
05-04 20:26:37.151 15273 15273 V GraphicsEnvironment: Updatable production driver is not supported on the device.
05-04 20:26:37.165 15273 15273 D CompatibilityChangeReporter: Compat change id reported: 183155436; UID 10502; state: ENABLED
05-04 20:26:37.169 15273 15273 D SessionsDependencies: Dependency to CRASHLYTICS added.
05-04 20:26:37.172 15273 15273 I FirebaseApp: Device unlocked: initializing all Firebase APIs for app [DEFAULT]
05-04 20:26:37.212 15273 15273 D nativeloader: Load /data/app/~~HI9UX6hskjVEwzB34HA6SQ==/com.deepeye.musicpro.debug-pi_TPD4qWrJg7WXGCePLjA==/base.apk!/lib/arm64-v8a/libcrashlytics.so using class loader ns clns-4 (caller=/data/app/~~HI9UX6hskjVEwzB34HA6SQ==/com.deepeye.musicpro.debug-pi_TPD4qWrJg7WXGCePLjA==/base.apk!classes18.dex): ok
05-04 20:26:37.217 15273 15273 D CompatibilityChangeReporter: Compat change id reported: 3400644; UID 10502; state: ENABLED
05-04 20:26:37.218 15273 15273 I FirebaseCrashlytics: Initializing Firebase Crashlytics 19.3.0 for com.deepeye.musicpro.debug
05-04 20:26:37.228 15273 15273 D SessionsDependencies: Subscriber CRASHLYTICS registered.
05-04 20:26:37.237 15273 15300 W .musicpro.debug: ClassLoaderContext classpath size mismatch. expected=1, found=0 (DLC[];PCL[base.apk*3459175842]{PCL[/system/framework/org.apache.http.legacy.jar*365604909]#PCL[/system/framework/com.android.location.provider.jar*3994156537]#PCL[/system/framework/com.android.media.remotedisplay.jar*2114713712]} | DLC[];PCL[])
05-04 20:26:37.238 15273 15300 I DynamiteModule: Considering local module com.google.android.gms.measurement.dynamite:127 and remote module com.google.android.gms.measurement.dynamite:189
05-04 20:26:37.238 15273 15300 I DynamiteModule: Selected remote version of com.google.android.gms.measurement.dynamite, version >= 189
05-04 20:26:37.238 15273 15300 V DynamiteModule: Dynamite loader version >= 2, using loadModule2NoCrashUtils
05-04 20:26:37.240  1830 10078 I QC2Comp : [avcD_1124] Stats: Pending(9) i/p-done(5) Works: Q: 28/Done 20|Work-Rate: Q(0.0/s Avg=0.0/s) Done(0.000/s Avg=0.001/s)| Stream: 30.00fps 203.8Kbps
05-04 20:26:37.240  1830 10078 I QC2Comp : [avcD_1124] Mem-usage:  [In-1D: 6 bufs 17.930 MB] [1D-2226: 16 bufs 0.250 MB] [2D-2227: 20 bufs 28.438 MB] | Total: 46.617 MB
05-04 20:26:37.241  3064  5855 D CompatibilityChangeReporter: Compat change id reported: 161145287; UID 10502; state: ENABLED
05-04 20:26:37.246 15273 15300 W System  : ClassLoader referenced unknown path: 
05-04 20:26:37.246 15273 15300 D nativeloader: Configuring clns-5 for other apk . target_sdk_version=37, uses_libraries=, library_path=/data/app/~~PUhE4W2uBXrEkGAAEBiq0w==/com.google.android.gms--Ck5ZGrrO_6TuPDI4fgJVw==/lib/arm64:/data/app/~~PUhE4W2uBXrEkGAAEBiq0w==/com.google.android.gms--Ck5ZGrrO_6TuPDI4fgJVw==/base.apk!/lib/arm64-v8a, permitted_path=/data:/mnt/expand:/data/user/0/com.google.android.gms
05-04 20:26:37.252 15273 15300 W .musicpro.debug: ClassLoaderContext classpath element checksum mismatch. expected=3459175842, found=3556664689 (DLC[];PCL[base.apk*3459175842]{PCL[/system/framework/org.apache.http.legacy.jar*365604909]#PCL[/system/framework/com.android.location.provider.jar*3994156537]#PCL[/system/framework/com.android.media.remotedisplay.jar*2114713712]} | DLC[];PCL[/data/app/~~HI9UX6hskjVEwzB34HA6SQ==/com.deepeye.musicpro.debug-pi_TPD4qWrJg7WXGCePLjA==/base.apk*3556664689])
05-04 20:26:37.252 15273 15304 D libcrashlytics: Initializing libcrashlytics version 3.2.0
05-04 20:26:37.255 15273 15304 D libcrashlytics: Initializing native crash handling successful.
05-04 20:26:37.266 15273 15305 I FirebaseCrashlytics: No version control information found
05-04 20:26:37.266 15273 15273 D FirebaseSessions: Initializing Firebase Sessions SDK.
05-04 20:26:37.267 15273 15273 I FirebaseInitProvider: FirebaseApp initialization successful
05-04 20:26:37.267 15273 15309 D FirebaseSessions: No Sessions subscribers. Not listening to lifecycle events.
05-04 20:26:37.273  3064  5855 D CompatibilityChangeReporter: Compat change id reported: 261072174; UID 10502; state: ENABLED
05-04 20:26:37.277 15273 15273 D WM-WrkMgrInitializer: Initializing WorkManager with default configuration.
05-04 20:26:37.279 15273 15314 I .musicpro.debug: hiddenapi: Accessing hidden method Ldalvik/system/VMStack;->getStackClass2()Ljava/lang/Class; (runtime_flags=0, domain=core-platform, api=unsupported) from Lm7/apm; (domain=app, TargetSdkVersion=35) using reflection: allowed
05-04 20:26:37.285 15273 15273 D WM-PackageManagerHelper: Skipping component enablement for androidx.work.impl.background.systemjob.SystemJobService
05-04 20:26:37.285 15273 15273 D WM-Schedulers: Created SystemJobScheduler and enabled SystemJobService
05-04 20:26:37.287 15273 15312 E .musicpro.debug: No package ID 6a found for resource ID 0x6a0b0013.
05-04 20:26:37.287 15273 15273 I CrashGuard: Enabling StrictMode penaltyDeath for debug build
05-04 20:26:37.288 15273 15312 I FA      : App measurement initialized, version: 165000
05-04 20:26:37.288 15273 15312 I FA      : To enable debug logging run: adb shell setprop log.tag.FA VERBOSE
05-04 20:26:37.288 15273 15312 I FA      : To enable faster debug mode event logging run:
05-04 20:26:37.288 15273 15312 I FA      :   adb shell setprop debug.firebase.analytics.app com.deepeye.musicpro.debug
05-04 20:26:37.291 15273 15273 D nativeloader: Load /data/app/~~HI9UX6hskjVEwzB34HA6SQ==/com.deepeye.musicpro.debug-pi_TPD4qWrJg7WXGCePLjA==/base.apk!/lib/arm64-v8a/libdeepeye_dsp.so using class loader ns clns-4 (caller=/data/app/~~HI9UX6hskjVEwzB34HA6SQ==/com.deepeye.musicpro.debug-pi_TPD4qWrJg7WXGCePLjA==/base.apk!classes11.dex): ok
05-04 20:26:37.291 15273 15273 I DeepEyeJNI: JNI_OnLoad called - Native library initializing...
05-04 20:26:37.293 27765 14502 I PhenotypeResourceReader: unable to find any Phenotype resource metadata for com.deepeye.musicpro.debug
05-04 20:26:37.294 15273 15312 E FA      : Invalid google_app_id. Firebase Analytics disabled. See https://goo.gl/NAOOOI. provided id: 1:1234567890:android:debug
05-04 20:26:37.294 15273 15273 I Typeface: updateThemeFont new=Rookery-Regular;old=sans-serif;new=Rookery-Stacked;old=
05-04 20:26:37.295 15273 15312 E FA      : Uploading is not possible. App measurement disabled
05-04 20:26:37.295  3064  5855 I ActivityManager: Flag disabled. Ignoring finishAttachApplication from uid: 10502. pid: 15273
05-04 20:26:37.300 15273 15315 D CompatibilityChangeReporter: Compat change id reported: 160794467; UID 10502; state: ENABLED
05-04 20:26:37.310 15273 15273 D AppCompatDelegate: Checking for metadata for AppLocalesMetadataHolderService : Service not found
05-04 20:26:37.356  1251  1251 E KeymasterUtils: rsp_header->status: -28
05-04 20:26:37.357  1251  1251 E KeyMasterHalDevice: abort_operation
05-04 20:26:37.357  1251  1251 E KeyMasterHalDevice: ret: -28
05-04 20:26:37.368 15273 15273 D CompatibilityChangeReporter: Compat change id reported: 210923482; UID 10502; state: ENABLED
05-04 20:26:37.372  1251  1251 E KeymasterUtils: rsp_header->status: -28
05-04 20:26:37.372  1251  1251 E KeyMasterHalDevice: abort_operation
05-04 20:26:37.372  1251  1251 E KeyMasterHalDevice: ret: -28
05-04 20:26:37.388  1251  1251 E KeymasterUtils: rsp_header->status: -28
05-04 20:26:37.388  1251  1251 E KeyMasterHalDevice: abort_operation
05-04 20:26:37.388  1251  1251 E KeyMasterHalDevice: ret: -28
05-04 20:26:37.404  1251  1251 E KeymasterUtils: rsp_header->status: -28
05-04 20:26:37.404  1251  1251 E KeyMasterHalDevice: abort_operation
05-04 20:26:37.404  1251  1251 E KeyMasterHalDevice: ret: -28
05-04 20:26:37.408 15273 15273 I .musicpro.debug: hiddenapi: Accessing hidden method Landroid/view/ViewGroup;->makeOptionalFitsSystemWindows()V (runtime_flags=0, domain=platform, api=unsupported) from Landroidx/appcompat/widget/ViewUtils; (domain=app, TargetSdkVersion=35) using reflection: allowed
05-04 20:26:37.414 15273 15273 I MediaController: Init 47f9e5c [AndroidXMedia3/1.4.1] [hiphi, motorola edge 30 pro, motorola, 34]
05-04 20:26:37.415  1251  1251 E KeymasterUtils: rsp_header->status: -28
05-04 20:26:37.416  1251  1251 E KeyMasterHalDevice: abort_operation
05-04 20:26:37.416  1251  1251 E KeyMasterHalDevice: ret: -28
05-04 20:26:37.428  1251  1251 E KeymasterUtils: rsp_header->status: -28
05-04 20:26:37.428  1251  1251 E KeyMasterHalDevice: abort_operation
05-04 20:26:37.428  1251  1251 E KeyMasterHalDevice: ret: -28
05-04 20:26:37.433  1727  1987 E minksocket: MinkIPC_QRTR_Service: client with node 1 port 7944 went down
05-04 20:26:37.435  1727  1987 E minksocket: MinkIPC_QRTR_Service: client with node 1 port 7945 went down
05-04 20:26:37.435  1727  1987 E minksocket: MinkIPC_QRTR_Service: client with node 1 port 7946 went down
05-04 20:26:37.436  1727  1987 E minksocket: MinkIPC_QRTR_Service: client with node 1 port 7947 went down
05-04 20:26:37.442 15273 15273 D CompatibilityChangeReporter: Compat change id reported: 171228096; UID 10502; state: ENABLED
05-04 20:26:37.502 15273 15273 D HomeViewModel: loadHomeContent: Starting
05-04 20:26:37.550 15273 15273 D HomeViewModel: loadHomeContent: Starting
05-04 20:26:37.557 15273 15312 I FA      : Tag Manager is not found and thus will not be used
05-04 20:26:37.559 15273 15273 D CompatibilityChangeReporter: Compat change id reported: 237531167; UID 10502; state: DISABLED
05-04 20:26:37.563 15273 15273 D ViewRootImpl: update {(0,0)(fillxfill) sim={adjust=resize forwardNavigation} ty=BASE_APPLICATION wanim=0x10302fe
05-04 20:26:37.563 15273 15273 D ViewRootImpl:   fl=LAYOUT_IN_SCREEN LAYOUT_INSET_DECOR SPLIT_TOUCH HARDWARE_ACCELERATED DRAWS_SYSTEM_BAR_BACKGROUNDS
05-04 20:26:37.563 15273 15273 D ViewRootImpl:   pfl=NO_MOVE_ANIMATION FORCE_DRAW_STATUS_BAR_BACKGROUND FIT_INSETS_CONTROLLED
05-04 20:26:37.563 15273 15273 D ViewRootImpl:   bhv=DEFAULT
05-04 20:26:37.563 15273 15273 D ViewRootImpl:   fitSides=} by setView
05-04 20:26:37.568 15273 15273 I Choreographer: Skipped 41 frames!  The application may be doing too much work on its main thread.
05-04 20:26:37.581  3064  5855 D CoreBackPreview: Window{e8354c3 u0 com.deepeye.musicpro.debug/com.deepeye.musicpro.ui.MainActivity}: Setting back callback OnBackInvokedCallbackInfo{mCallback=android.window.IOnBackInvokedCallback$Stub$Proxy@f5549be, mPriority=0, mIsAnimationCallback=false}
05-04 20:26:37.601 15273 15318 I AdrenoGLES-0: QUALCOMM build                   : dad4038ba6, If56d4a5bb8
05-04 20:26:37.601 15273 15318 I AdrenoGLES-0: Build Date                       : 07/28/23
05-04 20:26:37.601 15273 15318 I AdrenoGLES-0: OpenGL ES Shader Compiler Version: EV031.36.08.24
05-04 20:26:37.601 15273 15318 I AdrenoGLES-0: Local Branch                     : 
05-04 20:26:37.601 15273 15318 I AdrenoGLES-0: Remote Branch                    : refs/tags/AU_LINUX_ANDROID_LA.VENDOR.1.0.11.00.00.766.892
05-04 20:26:37.601 15273 15318 I AdrenoGLES-0: Remote Branch                    : NONE
05-04 20:26:37.601 15273 15318 I AdrenoGLES-0: Reconstruct Branch               : NOTHING
05-04 20:26:37.601 15273 15318 I AdrenoGLES-0: Build Config                     : S P 12.1.1 AArch64
05-04 20:26:37.601 15273 15318 I AdrenoGLES-0: Driver Path                      : /vendor/lib64/egl/libGLESv2_adreno.so
05-04 20:26:37.601 15273 15318 I AdrenoGLES-0: Driver Version                   : 0615.74
05-04 20:26:37.604 15273 15318 I AdrenoGLES-0: PFP: 0x01730158, ME: 0x00000000
05-04 20:26:37.617 15273 15318 I OpenGLRenderer: setGrContext nullptr-->validptr
05-04 20:26:37.618 15273 15318 E OpenGLRenderer: Unable to match the desired swap behavior.
05-04 20:26:37.657  3064  3371 W ActivityTaskManager: activity boost didn't release as expected
05-04 20:26:37.659  3064  3367 I ActivityTaskManager: Displayed com.deepeye.musicpro.debug/com.deepeye.musicpro.ui.MainActivity for user 0: +906ms
05-04 20:26:37.665 15273 15273 I ExoPlayerImpl: Init 4ad8791 [AndroidXMedia3/1.4.1] [hiphi, motorola edge 30 pro, motorola, 34]
05-04 20:26:37.674  1852  3483 W AidlConversionCppNdk: legacy2aidl_audio_channel_mask_t_AudioChannelLayout: no AudioChannelLayout found for legacy output audio_channel_mask_t value 0x10
05-04 20:26:37.674 15273 15273 W AidlConversionCppNdk: aidl2legacy_AudioChannelLayout_audio_channel_mask_t: no legacy output audio_channel_mask_t found for AudioChannelLayout{layoutMask: 16}
05-04 20:26:37.680 15273 15273 I .musicpro.debug: hiddenapi: Accessing hidden method Landroid/media/AudioTrack;->getLatency()I (runtime_flags=0, domain=platform, api=unsupported) from Landroidx/media3/exoplayer/audio/AudioTrackPositionTracker; (domain=app, TargetSdkVersion=35) using reflection: allowed
05-04 20:26:37.701 15273 15273 D CompatibilityChangeReporter: Compat change id reported: 263076149; UID 10502; state: ENABLED
05-04 20:26:37.707 15273 15273 I MediaSessionImpl: Init 7c097c9 [AndroidXMedia3/1.4.1] [hiphi, motorola edge 30 pro, motorola, 34]
05-04 20:26:37.712 15273 15273 W MediaSessionCompat: Couldn't find a unique registered media button receiver in the given context.
05-04 20:26:37.713  3064  4561 I MediaSessionStack: addSession to bottom of stack | record: com.deepeye.musicpro.debug/androidx.media3.session.id.DeepEyeMusicProSession (userId=0)
05-04 20:26:37.714  3827  3827 D MotoMediaSessionUtils: onActiveSessionsChanged - controllers size: 2 mActiveControllers size: 1
05-04 20:26:37.714  7916  8010 D HeadsetService: getHeadsetService(): returning com.android.bluetooth.hfp.HeadsetService@ee3f0c7
05-04 20:26:37.715  7916  8010 E HeadsetStateMachine: returning mCurrentState as Connected
05-04 20:26:37.715  7916  8010 E HeadsetStateMachine: returning mCurrentState as Disconnected
05-04 20:26:37.715  7916  8010 E HeadsetStateMachine: returning mCurrentState as Disconnected
05-04 20:26:37.715  7916  8010 D HeadsetService:  isAudioOn: The number of audio connected devices 0
05-04 20:26:37.715  7916  8010 D HeadsetService: isScoOrCallActive(): Call Active:falseCall is Ringing:falseSCO is Active:false
05-04 20:26:37.715  7916  8010 E HeadsetStateMachine: returning mCurrentState as Connected
05-04 20:26:37.715  7916  8010 E HeadsetStateMachine: returning mCurrentState as Disconnected
05-04 20:26:37.715  7916  8010 E HeadsetStateMachine: returning mCurrentState as Disconnected
05-04 20:26:37.715  7916  8010 D HeadsetService:  isAudioOn: The number of audio connected devices 0
05-04 20:26:37.717  7916  8010 V Avrcp_ext: ActiveSession: MediaController (com.google.android.youtube@9098752) Bengal Election Result : बंगाल में आज असली खेल क्या हुआ? नतीजों पर सब चौंक गए.., Punya Prasun Bajpai, Punya Prasun Bajpai
05-04 20:26:37.717  3827  3827 D MotoMediaSessionUtils: Final controllers count: 1
05-04 20:26:37.717  7916  8010 V Avrcp_ext: isBrowseSupported for com.google.android.youtube: false
05-04 20:26:37.717  7916  8010 D Avrcp_ext: Adding media player info for com.google.android.youtube with id 3
05-04 20:26:37.718  7916  8010 D Avrcp_ext: update #3:MediaPlayerInfo com.google.android.youtube (as 'YouTube') Type = 1, SubType = 0, Status = 0 Feature Bits [40 41 42 44 45 47 48 58] Controller: MediaController (com.google.android.youtube@9098752) Bengal Election Result : बंगाल में आज असली खेल क्या हुआ? नतीजों पर सब चौंक गए.., Punya Prasun Bajpai, Punya Prasun Bajpai
05-04 20:26:37.718  7916  8010 V Avrcp_ext: updateNewIds: Addressed:3 to 3, Browse:-1 to -1
05-04 20:26:37.720  3827  3827 D MotoMediaSessionUtils: onActiveSessionsChanged - controllers size: 3 mActiveControllers size: 1
05-04 20:26:37.720  7916  8010 D Avrcp_ext: updateCurrentController: MediaController (com.google.android.youtube@2feb8af) Bengal Election Result : बंगाल में आज असली खेल क्या हुआ? नतीजों पर सब चौंक गए.., Punya Prasun Bajpai, Punya Prasun Bajpai to MediaController (com.google.android.youtube@9098752) Bengal Election Result : बंगाल में आज असली खेल क्या हुआ? नतीजों पर सब चौंक गए.., Punya Prasun Bajpai, Punya Prasun Bajpai
05-04 20:26:37.723  7916  8010 V Avrcp_ext: updateCurrentMediaState: mMediaController: MediaController (com.google.android.youtube@9098752) Bengal Election Result : बंगाल में आज असली खेल क्या हुआ? नतीजों पर सब चौंक गए.., Punya Prasun Bajpai, Punya Prasun Bajpai
05-04 20:26:37.723  7916  8010 W Avrcp_ext: isMusicActive: false getBluetoothPlayState: 0 A2dp State: 11 mAudioPlaybackIsActive: false
05-04 20:26:37.724  7916  8010 D Avrcp_ext: isMusicActive = false mAudioPlaybackIsActive = false player state = PlaybackState {state=STOPPED(1), position=1328924, buffered position=0, speed=1.0, updated=1296916309, actions=8615, custom actions=[], active item id=-1, error=null}
05-04 20:26:37.725  3827  3827 D MotoMediaSessionUtils: Final controllers count: 1
05-04 20:26:37.725  7916  8010 D Avrcp_ext: overwrite album_artist :Punya Prasun Bajpaiif album is blank
05-04 20:26:37.725  7916  8010 D AvrcpBipRsp:  getImgHandle device :17:3F:CF:BE:B9:01 data :android.media.MediaMetadata@e49e1816
05-04 20:26:37.725  7916  8010 W AvrcpBipRsp: getImgHandle bipSm null
05-04 20:26:37.725  7916  8010 D Avrcp_ext:  getImgHandle device:17:3F:CF:BE:B9:01 data:android.media.MediaMetadata@e49e1816 isKeyContains true Handle 
05-04 20:26:37.726  3064  5941 D TelephonyManager: requestModemActivityInfo: Sending result to app: ModemActivityInfo{ mTimestamp=1305259691 mSleepTimeMs=1010907391 mIdleTimeMs=11104730 mActivityStatsTechSpecificInfo=[{mRat=UNKNOWN,mFrequencyRange=UNKNOWN,mTxTimeMs[]=[4279482, 2958812, 2914029, 3532264, 3466691],mRxTimeMs=266085987}]}
05-04 20:26:37.726  7916  8010 I Avrcp_ext: device found at index 0
05-04 20:26:37.726  7916  8010 V Avrcp_ext: updateCurrentMediaState: addr: [B@cb69d95
05-04 20:26:37.726  7916  8010 V Avrcp_ext: Media update: id -1➡-1? [MediaAttributes: B⋯. - P⋯i by P⋯i (1329000 0/0) - ] : [MediaAttributes: B⋯. - P⋯i by P⋯i (1329000 0/0) - ]
05-04 20:26:37.726  7916  8010 D Avrcp_ext: isPackageNameValid: browsedPackage = com.google.android.youtubeisValid = true
05-04 20:26:37.726  7916  8010 V Avrcp_ext: isBrowseSupported for com.google.android.youtube: false
05-04 20:26:37.726  7916  8010 W Avrcp_ext: updateCurrentMediaState: isInactivePlayer = false
05-04 20:26:37.726  7916  8010 V Avrcp_ext: updatePlaybackState, state: PlaybackState {state=STOPPED(1), position=1328924, buffered position=0, speed=1.0, updated=1296916309, actions=8615, custom actions=[], active item id=-1, error=null} device: null
05-04 20:26:37.727  7916  8010 D BroadcastService: getBroadcastAddress
05-04 20:26:37.727  7916  8010 D BroadcastService: isBroadcastActive: Broadcast is turned to off
05-04 20:26:37.727  7916  8010 V Avrcp_ext: Device: Ejaj’s AirPods : old state: PlaybackState {state=STOPPED(1), position=1328924, buffered position=0, speed=1.0, updated=1296916309, actions=8615, custom actions=[], active item id=-1, error=null}
05-04 20:26:37.727  7916  8010 V Avrcp_ext: Device: no name: 
05-04 20:26:37.727  7916  8010 V Avrcp_ext: Device: no name: 
05-04 20:26:37.727  7916  8010 V Avrcp_ext: Device: no name: 
05-04 20:26:37.727  7916  8010 V Avrcp_ext: Device: no name: 
05-04 20:26:37.727  7916  8010 V Avrcp_ext: updatePlayerStateAndPosition, old=PlaybackState {state=STOPPED(1), position=1328924, buffered position=0, speed=1.0, updated=1296916309, actions=8615, custom actions=[], active item id=-1, error=null}, state=PlaybackState {state=STOPPED(1), position=1328924, buffered position=0, speed=1.0, updated=1296916309, actions=8615, custom actions=[], active item id=-1, error=null}
05-04 20:26:37.727  7916  8010 V Avrcp_ext: old state = PlaybackState {state=STOPPED(1), position=1328924, buffered position=0, speed=1.0, updated=1296916309, actions=8615, custom actions=[], active item id=-1, error=null}, new state= PlaybackState {state=STOPPED(1), position=1328924, buffered position=0, speed=1.0, updated=1296916309, actions=8615, custom actions=[], active item id=-1, error=null}
05-04 20:26:37.727  7916  8010 D HeadsetService: getHeadsetService(): returning com.android.bluetooth.hfp.HeadsetService@ee3f0c7
05-04 20:26:37.727  7916  8010 E HeadsetStateMachine: returning mCurrentState as Connected
05-04 20:26:37.727  7916  8010 E HeadsetStateMachine: returning mCurrentState as Disconnected
05-04 20:26:37.727  7916  8010 E HeadsetStateMachine: returning mCurrentState as Disconnected
05-04 20:26:37.727  7916  8010 D HeadsetService:  isAudioOn: The number of audio connected devices 0
05-04 20:26:37.727  7916  8010 D HeadsetService: isScoOrCallActive(): Call Active:falseCall is Ringing:falseSCO is Active:false
05-04 20:26:37.727  7916  8010 E HeadsetStateMachine: returning mCurrentState as Connected
05-04 20:26:37.727  7916  8010 E HeadsetStateMachine: returning mCurrentState as Disconnected
05-04 20:26:37.727  7916  8010 E HeadsetStateMachine: returning mCurrentState as Disconnected
05-04 20:26:37.727  7916  8010 D HeadsetService:  isAudioOn: The number of audio connected devices 0
05-04 20:26:37.727  7916  8010 I Avrcp_ext: updatePlayStatusForDevice: device: 17:3F:CF:BE:B9:01
05-04 20:26:37.727  7916  8010 V Avrcp_ext: updatePlaybackState (0): old=PlaybackState {state=STOPPED(1), position=1328924, buffered position=0, speed=1.0, updated=1296916309, actions=8615, custom actions=[], active item id=-1, error=null}(0), new=PlaybackState {state=STOPPED(1), position=1328924, buffered position=0, speed=1.0, updated=1296916309, actions=8615, custom actions=[], active item id=-1, error=null}(0)
05-04 20:26:37.727  7916  8010 I Avrcp_ext: Exit updatePlayStatusForDevice
05-04 20:26:37.727  7916  8010 E HeadsetStateMachine: returning mCurrentState as Connected
05-04 20:26:37.727  7916  8010 E HeadsetStateMachine: returning mCurrentState as Disconnected
05-04 20:26:37.727  7916  8010 E HeadsetStateMachine: returning mCurrentState as Disconnected
05-04 20:26:37.727  7916  8010 D HeadsetService:  isAudioOn: The number of audio connected devices 0
05-04 20:26:37.727  7916  8010 D HeadsetService: isScoOrCallActive(): Call Active:falseCall is Ringing:falseSCO is Active:false
05-04 20:26:37.727  7916  8010 E HeadsetStateMachine: returning mCurrentState as Connected
05-04 20:26:37.727  7916  8010 E HeadsetStateMachine: returning mCurrentState as Disconnected
05-04 20:26:37.727  7916  8010 E HeadsetStateMachine: returning mCurrentState as Disconnected
05-04 20:26:37.727  7916  8010 D HeadsetService:  isAudioOn: The number of audio connected devices 0
05-04 20:26:37.727  7916  8010 I Avrcp_ext: updatePlayStatusForDevice: device: null
05-04 20:26:37.727  7916  8010 V Avrcp_ext: updatePlaybackState (1): old=PlaybackState {state=STOPPED(1), position=1328924, buffered position=0, speed=1.0, updated=1296916309, actions=8615, custom actions=[], active item id=-1, error=null}(0), new=PlaybackState {state=STOPPED(1), position=1328924, buffered position=0, speed=1.0, updated=1296916309, actions=8615, custom actions=[], active item id=-1, error=null}(0)
05-04 20:26:37.727  7916  8010 I Avrcp_ext: Exit updatePlayStatusForDevice
05-04 20:26:37.727  7916  8010 E HeadsetStateMachine: returning mCurrentState as Connected
05-04 20:26:37.727  7916  8010 E HeadsetStateMachine: returning mCurrentState as Disconnected
05-04 20:26:37.727  7916  8010 E HeadsetStateMachine: returning mCurrentState as Disconnected
05-04 20:26:37.727  7916  8010 D HeadsetService:  isAudioOn: The number of audio connected devices 0
05-04 20:26:37.727  7916  8010 D HeadsetService: isScoOrCallActive(): Call Active:falseCall is Ringing:falseSCO is Active:false
05-04 20:26:37.727  7916  8010 E HeadsetStateMachine: returning mCurrentState as Connected
05-04 20:26:37.727  7916  8010 E HeadsetStateMachine: returning mCurrentState as Disconnected
05-04 20:26:37.727  7916  8010 E HeadsetStateMachine: returning mCurrentState as Disconnected
05-04 20:26:37.727  7916  8010 D HeadsetService:  isAudioOn: The number of audio connected devices 0
05-04 20:26:37.727  7916  8010 I Avrcp_ext: updatePlayStatusForDevice: device: null
05-04 20:26:37.727  7916  8010 V Avrcp_ext: updatePlaybackState (1): old=PlaybackState {state=STOPPED(1), position=1328924, buffered position=0, speed=1.0, updated=1296916309, actions=8615, custom actions=[], active item id=-1, error=null}(0), new=PlaybackState {state=STOPPED(1), position=1328924, buffered position=0, speed=1.0, updated=1296916309, actions=8615, custom actions=[], active item id=-1, error=null}(0)
05-04 20:26:37.727  7916  8010 I Avrcp_ext: Exit updatePlayStatusForDevice
05-04 20:26:37.727  7916  8010 E HeadsetStateMachine: returning mCurrentState as Connected
05-04 20:26:37.727  7916  8010 E HeadsetStateMachine: returning mCurrentState as Disconnected
05-04 20:26:37.727  7916  8010 E HeadsetStateMachine: returning mCurrentState as Disconnected
05-04 20:26:37.727  7916  8010 D HeadsetService:  isAudioOn: The number of audio connected devices 0
05-04 20:26:37.727  7916  8010 D HeadsetService: isScoOrCallActive(): Call Active:falseCall is Ringing:falseSCO is Active:false
05-04 20:26:37.727  7916  8010 E HeadsetStateMachine: returning mCurrentState as Connected
05-04 20:26:37.727  7916  8010 E HeadsetStateMachine: returning mCurrentState as Disconnected
05-04 20:26:37.727  7916  8010 E HeadsetStateMachine: returning mCurrentState as Disconnected
05-04 20:26:37.727  7916  8010 D HeadsetService:  isAudioOn: The number of audio connected devices 0
05-04 20:26:37.727  7916  8010 I Avrcp_ext: updatePlayStatusForDevice: device: null
05-04 20:26:37.727  7916  8010 V Avrcp_ext: updatePlaybackState (1): old=PlaybackState {state=STOPPED(1), position=1328924, buffered position=0, speed=1.0, updated=1296916309, actions=8615, custom actions=[], active item id=-1, error=null}(0), new=PlaybackState {state=STOPPED(1), position=1328924, buffered position=0, speed=1.0, updated=1296916309, actions=8615, custom actions=[], active item id=-1, error=null}(0)
05-04 20:26:37.727  7916  8010 I Avrcp_ext: Exit updatePlayStatusForDevice
05-04 20:26:37.727  7916  8010 E HeadsetStateMachine: returning mCurrentState as Connected
05-04 20:26:37.727  7916  8010 E HeadsetStateMachine: returning mCurrentState as Disconnected
05-04 20:26:37.727  7916  8010 E HeadsetStateMachine: returning mCurrentState as Disconnected
05-04 20:26:37.727  7916  8010 D HeadsetService:  isAudioOn: The number of audio connected devices 0
05-04 20:26:37.727  7916  8010 D HeadsetService: isScoOrCallActive(): Call Active:falseCall is Ringing:falseSCO is Active:false
05-04 20:26:37.727  7916  8010 E HeadsetStateMachine: returning mCurrentState as Connected
05-04 20:26:37.727  7916  8010 E HeadsetStateMachine: returning mCurrentState as Disconnected
05-04 20:26:37.727  7916  8010 E HeadsetStateMachine: returning mCurrentState as Disconnected
05-04 20:26:37.727  7916  8010 D HeadsetService:  isAudioOn: The number of audio connected devices 0
05-04 20:26:37.727  7916  8010 I Avrcp_ext: updatePlayStatusForDevice: device: null
05-04 20:26:37.727  7916  8010 V Avrcp_ext: updatePlaybackState (1): old=PlaybackState {state=STOPPED(1), position=1328924, buffered position=0, speed=1.0, updated=1296916309, actions=8615, custom actions=[], active item id=-1, error=null}(0), new=PlaybackState {state=STOPPED(1), position=1328924, buffered position=0, speed=1.0, updated=1296916309, actions=8615, custom actions=[], active item id=-1, error=null}(0)
05-04 20:26:37.727  7916  8010 I Avrcp_ext: Exit updatePlayStatusForDevice
05-04 20:26:37.727  7916  8010 D Avrcp_ext: Enter sendPlayPosNotificationRsp
05-04 20:26:37.727  7916  8010 D Avrcp_ext: sendPlayPosNotificationRsp: Not registered or requesting.
05-04 20:26:37.727  7916  8010 D Avrcp_ext: Enter sendPlayPosNotificationRsp
05-04 20:26:37.727  7916  8010 D Avrcp_ext: sendPlayPosNotificationRsp: Not registered or requesting.
05-04 20:26:37.727  7916  8010 D Avrcp_ext: Enter sendPlayPosNotificationRsp
05-04 20:26:37.727  7916  8010 D Avrcp_ext: sendPlayPosNotificationRsp: Not registered or requesting.
05-04 20:26:37.727  7916  8010 D Avrcp_ext: Enter sendPlayPosNotificationRsp
05-04 20:26:37.727  7916  8010 D Avrcp_ext: sendPlayPosNotificationRsp: Not registered or requesting.
05-04 20:26:37.727  7916  8010 D Avrcp_ext: Enter sendPlayPosNotificationRsp
05-04 20:26:37.727  7916  8010 D Avrcp_ext: sendPlayPosNotificationRsp: Not registered or requesting.
05-04 20:26:37.727  7916  8010 V Avrcp_ext: Exit updatePlayerStateAndPosition
05-04 20:26:37.727  7916  8010 D APM: ActiveDeviceManagerServiceLegacy: getActiveAbsoluteDevice(): device: 17:3F:CF:BE:B9:01
05-04 20:26:37.727  7916  8010 D APM: ActiveDeviceManagerServiceLegacy: isStableState(): true
05-04 20:26:37.728  7916  8010 D Avrcp_ext: isAdmStable = true activeAbsAddr = 17:3F:CF:BE:B9:01 device = null
05-04 20:26:37.728  7916  8010 V APM: MediaControlManager: onPlaybackStateChanged
05-04 20:26:37.728  7916  8010 W McpService: updatePlaybackState state PlaybackState {state=STOPPED(1), position=1328924, buffered position=0, speed=1.0, updated=1296916309, actions=8615, custom actions=[], active item id=-1, error=null}
05-04 20:26:37.728  7916  8010 W McpService: updatePlaybackState mState: 2 state: 2
05-04 20:26:37.728  7916  8010 W Avrcp_ext: updated player state = PlaybackState {state=STOPPED(1), position=1328924, buffered position=0, speed=1.0, updated=1296916309, actions=8615, custom actions=[], active item id=-1, error=null}to MCP module also
05-04 20:26:37.728  7916  8010 V Avrcp_ext: ActiveSession: MediaController (ai.perplexity.app.android@402aeaa) null
05-04 20:26:37.728  7916  8010 V Avrcp_ext: isBrowseSupported for ai.perplexity.app.android: false
05-04 20:26:37.728 15273 15273 D HomeViewModel: loadHomeContent: Token exists: false
05-04 20:26:37.728 15273 15273 D HomeViewModel: loadHomeContent: Using guest mixes
05-04 20:26:37.728  7916  8010 D Avrcp_ext: Adding media player info for ai.perplexity.app.android with id 6
05-04 20:26:37.729  7916  8010 D Avrcp_ext: update #6:MediaPlayerInfo ai.perplexity.app.android (as 'Perplexity') Type = 1, SubType = 0, Status = 0 Feature Bits [40 41 42 44 45 47 48 58] Controller: MediaController (ai.perplexity.app.android@402aeaa) null
05-04 20:26:37.730  1737  1737 D vendor.qti.bluetooth@1.0-ibs_handler: SerialClockVote: vote for UART CLK ON
05-04 20:26:37.730  7916  8010 V Avrcp_ext: updateCurrentMediaState: mMediaController: MediaController (com.google.android.youtube@9098752) Bengal Election Result : बंगाल में आज असली खेल क्या हुआ? नतीजों पर सब चौंक गए.., Punya Prasun Bajpai, Punya Prasun Bajpai
05-04 20:26:37.730  7916  8010 W Avrcp_ext: isMusicActive: false getBluetoothPlayState: 0 A2dp State: 11 mAudioPlaybackIsActive: false
05-04 20:26:37.730  1737  1737 D vendor.qti.bluetooth@1.0-wake_lock: Acquire wakelock is acquired 
05-04 20:26:37.730  1737  1737 I vendor.qti.bluetooth@1.0-ibs_handler: DeviceWakeUp: Writing IBS_WAKE_IND
05-04 20:26:37.730  7916  8010 D Avrcp_ext: isMusicActive = false mAudioPlaybackIsActive = false player state = PlaybackState {state=STOPPED(1), position=1328924, buffered position=0, speed=1.0, updated=1296916309, actions=8615, custom actions=[], active item id=-1, error=null}
05-04 20:26:37.731  7916  8010 D Avrcp_ext: overwrite album_artist :Punya Prasun Bajpaiif album is blank
05-04 20:26:37.731  7916  8010 D AvrcpBipRsp:  getImgHandle device :17:3F:CF:BE:B9:01 data :android.media.MediaMetadata@e49e1816
05-04 20:26:37.731  7916  8010 W AvrcpBipRsp: getImgHandle bipSm null
05-04 20:26:37.732  7916  8010 D Avrcp_ext:  getImgHandle device:17:3F:CF:BE:B9:01 data:android.media.MediaMetadata@e49e1816 isKeyContains true Handle 
05-04 20:26:37.733  7916  8010 I Avrcp_ext: device found at index 0
05-04 20:26:37.733  7916  8010 V Avrcp_ext: updateCurrentMediaState: addr: [B@3350b76
05-04 20:26:37.733  7916  8010 V Avrcp_ext: Media update: id -1➡-1? [MediaAttributes: B⋯. - P⋯i by P⋯i (1329000 0/0) - ] : [MediaAttributes: B⋯. - P⋯i by P⋯i (1329000 0/0) - ]
05-04 20:26:37.733  7916  8010 D Avrcp_ext: isPackageNameValid: browsedPackage = com.google.android.youtubeisValid = true
05-04 20:26:37.733  7916  8010 V Avrcp_ext: isBrowseSupported for com.google.android.youtube: false
05-04 20:26:37.733  7916  8010 W Avrcp_ext: updateCurrentMediaState: isInactivePlayer = false
05-04 20:26:37.733  7916  8010 V Avrcp_ext: updatePlaybackState, state: PlaybackState {state=STOPPED(1), position=1328924, buffered position=0, speed=1.0, updated=1296916309, actions=8615, custom actions=[], active item id=-1, error=null} device: null
05-04 20:26:37.733  7916  8010 D BroadcastService: getBroadcastAddress
05-04 20:26:37.733  7916  8010 D BroadcastService: isBroadcastActive: Broadcast is turned to off
05-04 20:26:37.733  7916  8010 V Avrcp_ext: Device: Ejaj’s AirPods : old state: PlaybackState {state=STOPPED(1), position=1328924, buffered position=0, speed=1.0, updated=1296916309, actions=8615, custom actions=[], active item id=-1, error=null}
05-04 20:26:37.733  7916  8010 V Avrcp_ext: Device: no name: 
05-04 20:26:37.733  7916  8010 V Avrcp_ext: Device: no name: 
05-04 20:26:37.733  7916  8010 V Avrcp_ext: Device: no name: 
05-04 20:26:37.733  7916  8010 V Avrcp_ext: Device: no name: 
05-04 20:26:37.733  7916  8010 V Avrcp_ext: updatePlayerStateAndPosition, old=PlaybackState {state=STOPPED(1), position=1328924, buffered position=0, speed=1.0, updated=1296916309, actions=8615, custom actions=[], active item id=-1, error=null}, state=PlaybackState {state=STOPPED(1), position=1328924, buffered position=0, speed=1.0, updated=1296916309, actions=8615, custom actions=[], active item id=-1, error=null}
05-04 20:26:37.733  7916  8010 V Avrcp_ext: old state = PlaybackState {state=STOPPED(1), position=1328924, buffered position=0, speed=1.0, updated=1296916309, actions=8615, custom actions=[], active item id=-1, error=null}, new state= PlaybackState {state=STOPPED(1), position=1328924, buffered position=0, speed=1.0, updated=1296916309, actions=8615, custom actions=[], active item id=-1, error=null}
05-04 20:26:37.734  7916  8010 D HeadsetService: getHeadsetService(): returning com.android.bluetooth.hfp.HeadsetService@ee3f0c7
05-04 20:26:37.734  7916  8010 E HeadsetStateMachine: returning mCurrentState as Connected
05-04 20:26:37.734  7916  8010 E HeadsetStateMachine: returning mCurrentState as Disconnected
05-04 20:26:37.734  7916  8010 E HeadsetStateMachine: returning mCurrentState as Disconnected
05-04 20:26:37.734  7916  8010 D HeadsetService:  isAudioOn: The number of audio connected devices 0
05-04 20:26:37.734  7916  8010 D HeadsetService: isScoOrCallActive(): Call Active:falseCall is Ringing:falseSCO is Active:false
05-04 20:26:37.734  7916  8010 E HeadsetStateMachine: returning mCurrentState as Connected
05-04 20:26:37.734  7916  8010 E HeadsetStateMachine: returning mCurrentState as Disconnected
05-04 20:26:37.734  7916  8010 E HeadsetStateMachine: returning mCurrentState as Disconnected
05-04 20:26:37.734  7916  8010 D HeadsetService:  isAudioOn: The number of audio connected devices 0
05-04 20:26:37.734  7916  8010 I Avrcp_ext: updatePlayStatusForDevice: device: 17:3F:CF:BE:B9:01
05-04 20:26:37.734  7916  8010 V Avrcp_ext: updatePlaybackState (0): old=PlaybackState {state=STOPPED(1), position=1328924, buffered position=0, speed=1.0, updated=1296916309, actions=8615, custom actions=[], active item id=-1, error=null}(0), new=PlaybackState {state=STOPPED(1), position=1328924, buffered position=0, speed=1.0, updated=1296916309, actions=8615, custom actions=[], active item id=-1, error=null}(0)
05-04 20:26:37.734  7916  8010 I Avrcp_ext: Exit updatePlayStatusForDevice
05-04 20:26:37.734  7916  8010 E HeadsetStateMachine: returning mCurrentState as Connected
05-04 20:26:37.734  7916  8010 E HeadsetStateMachine: returning mCurrentState as Disconnected
05-04 20:26:37.734  7916  8010 E HeadsetStateMachine: returning mCurrentState as Disconnected
05-04 20:26:37.734  7916  8010 D HeadsetService:  isAudioOn: The number of audio connected devices 0
05-04 20:26:37.734  7916  8010 D HeadsetService: isScoOrCallActive(): Call Active:falseCall is Ringing:falseSCO is Active:false
05-04 20:26:37.734  7916  8010 E HeadsetStateMachine: returning mCurrentState as Connected
05-04 20:26:37.734  7916  8010 E HeadsetStateMachine: returning mCurrentState as Disconnected
05-04 20:26:37.734  7916  8010 E HeadsetStateMachine: returning mCurrentState as Disconnected
05-04 20:26:37.734  7916  8010 D HeadsetService:  isAudioOn: The number of audio connected devices 0
05-04 20:26:37.734  7916  8010 I Avrcp_ext: updatePlayStatusForDevice: device: null
05-04 20:26:37.734  7916  8010 V Avrcp_ext: updatePlaybackState (1): old=PlaybackState {state=STOPPED(1), position=1328924, buffered position=0, speed=1.0, updated=1296916309, actions=8615, custom actions=[], active item id=-1, error=null}(0), new=PlaybackState {state=STOPPED(1), position=1328924, buffered position=0, speed=1.0, updated=1296916309, actions=8615, custom actions=[], active item id=-1, error=null}(0)
05-04 20:26:37.734  7916  8010 I Avrcp_ext: Exit updatePlayStatusForDevice
05-04 20:26:37.734  7916  8010 E HeadsetStateMachine: returning mCurrentState as Connected
05-04 20:26:37.734  7916  8010 E HeadsetStateMachine: returning mCurrentState as Disconnected
05-04 20:26:37.734  7916  8010 E HeadsetStateMachine: returning mCurrentState as Disconnected
05-04 20:26:37.734  7916  8010 D HeadsetService:  isAudioOn: The number of audio connected devices 0
05-04 20:26:37.734  7916  8010 D HeadsetService: isScoOrCallActive(): Call Active:falseCall is Ringing:falseSCO is Active:false
05-04 20:26:37.734  7916  8010 E HeadsetStateMachine: returning mCurrentState as Connected
05-04 20:26:37.734  7916  8010 E HeadsetStateMachine: returning mCurrentState as Disconnected
05-04 20:26:37.734  7916  8010 E HeadsetStateMachine: returning mCurrentState as Disconnected
05-04 20:26:37.734  7916  8010 D HeadsetService:  isAudioOn: The number of audio connected devices 0
05-04 20:26:37.734  7916  8010 I Avrcp_ext: updatePlayStatusForDevice: device: null
05-04 20:26:37.734  7916  8010 V Avrcp_ext: updatePlaybackState (1): old=PlaybackState {state=STOPPED(1), position=1328924, buffered position=0, speed=1.0, updated=1296916309, actions=8615, custom actions=[], active item id=-1, error=null}(0), new=PlaybackState {state=STOPPED(1), position=1328924, buffered position=0, speed=1.0, updated=1296916309, actions=8615, custom actions=[], active item id=-1, error=null}(0)
05-04 20:26:37.734  7916  8010 I Avrcp_ext: Exit updatePlayStatusForDevice
05-04 20:26:37.734  7916  8010 E HeadsetStateMachine: returning mCurrentState as Connected
05-04 20:26:37.734  7916  8010 E HeadsetStateMachine: returning mCurrentState as Disconnected
05-04 20:26:37.734  7916  8010 E HeadsetStateMachine: returning mCurrentState as Disconnected
05-04 20:26:37.734  7916  8010 D HeadsetService:  isAudioOn: The number of audio connected devices 0
05-04 20:26:37.734  7916  8010 D HeadsetService: isScoOrCallActive(): Call Active:falseCall is Ringing:falseSCO is Active:false
05-04 20:26:37.734  7916  8010 E HeadsetStateMachine: returning mCurrentState as Connected
05-04 20:26:37.734  7916  8010 E HeadsetStateMachine: returning mCurrentState as Disconnected
05-04 20:26:37.734  7916  8010 E HeadsetStateMachine: returning mCurrentState as Disconnected
05-04 20:26:37.734  7916  8010 D HeadsetService:  isAudioOn: The number of audio connected devices 0
05-04 20:26:37.734  7916  8010 I Avrcp_ext: updatePlayStatusForDevice: device: null
05-04 20:26:37.734  7916  8010 V Avrcp_ext: updatePlaybackState (1): old=PlaybackState {state=STOPPED(1), position=1328924, buffered position=0, speed=1.0, updated=1296916309, actions=8615, custom actions=[], active item id=-1, error=null}(0), new=PlaybackState {state=STOPPED(1), position=1328924, buffered position=0, speed=1.0, updated=1296916309, actions=8615, custom actions=[], active item id=-1, error=null}(0)
05-04 20:26:37.734  7916  8010 I Avrcp_ext: Exit updatePlayStatusForDevice
05-04 20:26:37.734  7916  8010 E HeadsetStateMachine: returning mCurrentState as Connected
05-04 20:26:37.734  7916  8010 E HeadsetStateMachine: returning mCurrentState as Disconnected
05-04 20:26:37.734  7916  8010 E HeadsetStateMachine: returning mCurrentState as Disconnected
05-04 20:26:37.734  7916  8010 D HeadsetService:  isAudioOn: The number of audio connected devices 0
05-04 20:26:37.734  7916  8010 D HeadsetService: isScoOrCallActive(): Call Active:falseCall is Ringing:falseSCO is Active:false
05-04 20:26:37.734  7916  8010 E HeadsetStateMachine: returning mCurrentState as Connected
05-04 20:26:37.734  7916  8010 E HeadsetStateMachine: returning mCurrentState as Disconnected
05-04 20:26:37.734  7916  8010 E HeadsetStateMachine: returning mCurrentState as Disconnected
05-04 20:26:37.734  7916  8010 D HeadsetService:  isAudioOn: The number of audio connected devices 0
05-04 20:26:37.734  7916  8010 I Avrcp_ext: updatePlayStatusForDevice: device: null
05-04 20:26:37.734  7916  8010 V Avrcp_ext: updatePlaybackState (1): old=PlaybackState {state=STOPPED(1), position=1328924, buffered position=0, speed=1.0, updated=1296916309, actions=8615, custom actions=[], active item id=-1, error=null}(0), new=PlaybackState {state=STOPPED(1), position=1328924, buffered position=0, speed=1.0, updated=1296916309, actions=8615, custom actions=[], active item id=-1, error=null}(0)
05-04 20:26:37.734  7916  8010 I Avrcp_ext: Exit updatePlayStatusForDevice
05-04 20:26:37.734  7916  8010 D Avrcp_ext: Enter sendPlayPosNotificationRsp
05-04 20:26:37.734  7916  8010 D Avrcp_ext: sendPlayPosNotificationRsp: Not registered or requesting.
05-04 20:26:37.734  7916  8010 D Avrcp_ext: Enter sendPlayPosNotificationRsp
05-04 20:26:37.734  7916  8010 D Avrcp_ext: sendPlayPosNotificationRsp: Not registered or requesting.
05-04 20:26:37.734  7916  8010 D Avrcp_ext: Enter sendPlayPosNotificationRsp
05-04 20:26:37.734  7916  8010 D Avrcp_ext: sendPlayPosNotificationRsp: Not registered or requesting.
05-04 20:26:37.734  7916  8010 D Avrcp_ext: Enter sendPlayPosNotificationRsp
05-04 20:26:37.734  7916  8010 D Avrcp_ext: sendPlayPosNotificationRsp: Not registered or requesting.
05-04 20:26:37.734  7916  8010 D Avrcp_ext: Enter sendPlayPosNotificationRsp
05-04 20:26:37.734  7916  8010 D Avrcp_ext: sendPlayPosNotificationRsp: Not registered or requesting.
05-04 20:26:37.734  7916  8010 V Avrcp_ext: Exit updatePlayerStateAndPosition
05-04 20:26:37.734  7916  8010 D APM: ActiveDeviceManagerServiceLegacy: getActiveAbsoluteDevice(): device: 17:3F:CF:BE:B9:01
05-04 20:26:37.734  7916  8010 D APM: ActiveDeviceManagerServiceLegacy: isStableState(): true
05-04 20:26:37.734  7916  8010 D Avrcp_ext: isAdmStable = true activeAbsAddr = 17:3F:CF:BE:B9:01 device = null
05-04 20:26:37.734  7916  8010 V APM: MediaControlManager: onPlaybackStateChanged
05-04 20:26:37.734  7916  8010 W McpService: updatePlaybackState state PlaybackState {state=STOPPED(1), position=1328924, buffered position=0, speed=1.0, updated=1296916309, actions=8615, custom actions=[], active item id=-1, error=null}
05-04 20:26:37.734  7916  8010 W McpService: updatePlaybackState mState: 2 state: 2
05-04 20:26:37.734  7916  8010 W Avrcp_ext: updated player state = PlaybackState {state=STOPPED(1), position=1328924, buffered position=0, speed=1.0, updated=1296916309, actions=8615, custom actions=[], active item id=-1, error=null}to MCP module also
05-04 20:26:37.734  7916  8010 D HeadsetService: getHeadsetService(): returning com.android.bluetooth.hfp.HeadsetService@ee3f0c7
05-04 20:26:37.734  7916  8010 E HeadsetStateMachine: returning mCurrentState as Connected
05-04 20:26:37.734  7916  8010 E HeadsetStateMachine: returning mCurrentState as Disconnected
05-04 20:26:37.734  7916  8010 E HeadsetStateMachine: returning mCurrentState as Disconnected
05-04 20:26:37.734  7916  8010 D HeadsetService:  isAudioOn: The number of audio connected devices 0
05-04 20:26:37.734  7916  8010 D HeadsetService: isScoOrCallActive(): Call Active:falseCall is Ringing:falseSCO is Active:false
05-04 20:26:37.734  7916  8010 E HeadsetStateMachine: returning mCurrentState as Connected
05-04 20:26:37.734  7916  8010 E HeadsetStateMachine: returning mCurrentState as Disconnected
05-04 20:26:37.734  7916  8010 E HeadsetStateMachine: returning mCurrentState as Disconnected
05-04 20:26:37.734  7916  8010 D HeadsetService:  isAudioOn: The number of audio connected devices 0
05-04 20:26:37.736  7916  8010 V Avrcp_ext: ActiveSession: MediaController (com.google.android.youtube@a2ec5e4) Bengal Election Result : बंगाल में आज असली खेल क्या हुआ? नतीजों पर सब चौंक गए.., Punya Prasun Bajpai, Punya Prasun Bajpai
05-04 20:26:37.736  7916  8010 V Avrcp_ext: isBrowseSupported for com.google.android.youtube: false
05-04 20:26:37.736  1737  7987 I vendor.qti.bluetooth@1.0-ibs_handler: ProcessIbsCmd: Received IBS_WAKE_ACK: 0xFC
05-04 20:26:37.736  1737  7987 I vendor.qti.bluetooth@1.0-ibs_handler: ProcessIbsCmd: Signal wack_cond_
05-04 20:26:37.736  1737  1737 D vendor.qti.bluetooth@1.0-ibs_handler: DeviceWakeUp: Unblocked from waiting for FC, pthread_cond_timedwait ret = 0
05-04 20:26:37.736  7916  8010 D Avrcp_ext: Adding media player info for com.google.android.youtube with id 3
05-04 20:26:37.737  7916  8010 D Avrcp_ext: update #3:MediaPlayerInfo com.google.android.youtube (as 'YouTube') Type = 1, SubType = 0, Status = 0 Feature Bits [40 41 42 44 45 47 48 58] Controller: MediaController (com.google.android.youtube@a2ec5e4) Bengal Election Result : बंगाल में आज असली खेल क्या हुआ? नतीजों पर सब चौंक गए.., Punya Prasun Bajpai, Punya Prasun Bajpai
05-04 20:26:37.738  7916  8010 V Avrcp_ext: updateNewIds: Addressed:3 to 3, Browse:-1 to -1
05-04 20:26:37.738  1737  7987 I vendor.qti.bluetooth@1.0-ibs_handler: ProcessIbsCmd: Received IBS_WAKE_IND: 0xFD
05-04 20:26:37.738  1737  7987 I vendor.qti.bluetooth@1.0-ibs_handler: ProcessIbsCmd: Writing IBS_WAKE_ACK
05-04 20:26:37.739  7916  8010 D Avrcp_ext: updateCurrentController: MediaController (com.google.android.youtube@9098752) Bengal Election Result : बंगाल में आज असली खेल क्या हुआ? नतीजों पर सब चौंक गए.., Punya Prasun Bajpai, Punya Prasun Bajpai to MediaController (com.google.android.youtube@a2ec5e4) Bengal Election Result : बंगाल में आज असली खेल क्या हुआ? नतीजों पर सब चौंक गए.., Punya Prasun Bajpai, Punya Prasun Bajpai
05-04 20:26:37.742  7916  8010 V Avrcp_ext: updateCurrentMediaState: mMediaController: MediaController (com.google.android.youtube@a2ec5e4) Bengal Election Result : बंगाल में आज असली खेल क्या हुआ? नतीजों पर सब चौंक गए.., Punya Prasun Bajpai, Punya Prasun Bajpai
05-04 20:26:37.742  7916  8010 W Avrcp_ext: isMusicActive: false getBluetoothPlayState: 0 A2dp State: 11 mAudioPlaybackIsActive: false
05-04 20:26:37.742  7916  8010 D Avrcp_ext: isMusicActive = false mAudioPlaybackIsActive = false player state = PlaybackState {state=STOPPED(1), position=1328924, buffered position=0, speed=1.0, updated=1296916309, actions=8615, custom actions=[], active item id=-1, error=null}
05-04 20:26:37.746  7916  8010 D Avrcp_ext: overwrite album_artist :Punya Prasun Bajpaiif album is blank
05-04 20:26:37.746  3064  5941 D CompatibilityChangeReporter: Compat change id reported: 319212206; UID 10502; state: ENABLED
05-04 20:26:37.746  7916  8010 D AvrcpBipRsp:  getImgHandle device :17:3F:CF:BE:B9:01 data :android.media.MediaMetadata@e49e1816
05-04 20:26:37.746  7916  8010 W AvrcpBipRsp: getImgHandle bipSm null
05-04 20:26:37.746  7916  8010 D Avrcp_ext:  getImgHandle device:17:3F:CF:BE:B9:01 data:android.media.MediaMetadata@e49e1816 isKeyContains true Handle 
05-04 20:26:37.750  3064  3743 D ConnectivityService: NetReassign [no changes] [c 0] [a 1] [i 1]
05-04 20:26:37.750  7916  8010 I Avrcp_ext: device found at index 0
05-04 20:26:37.750  7916  8010 V Avrcp_ext: updateCurrentMediaState: addr: [B@ff42c6f
05-04 20:26:37.750  7916  8010 V Avrcp_ext: Media update: id -1➡-1? [MediaAttributes: B⋯. - P⋯i by P⋯i (1329000 0/0) - ] : [MediaAttributes: B⋯. - P⋯i by P⋯i (1329000 0/0) - ]
05-04 20:26:37.750  7916  8010 D Avrcp_ext: isPackageNameValid: browsedPackage = com.google.android.youtubeisValid = true
05-04 20:26:37.750  7916  8010 V Avrcp_ext: isBrowseSupported for com.google.android.youtube: false
05-04 20:26:37.750  7916  8010 W Avrcp_ext: updateCurrentMediaState: isInactivePlayer = false
05-04 20:26:37.750  7916  8010 V Avrcp_ext: updatePlaybackState, state: PlaybackState {state=STOPPED(1), position=1328924, buffered position=0, speed=1.0, updated=1296916309, actions=8615, custom actions=[], active item id=-1, error=null} device: null
05-04 20:26:37.751  7916  8010 D BroadcastService: getBroadcastAddress
05-04 20:26:37.751  7916  8010 D BroadcastService: isBroadcastActive: Broadcast is turned to off
05-04 20:26:37.751  7916  8010 V Avrcp_ext: Device: Ejaj’s AirPods : old state: PlaybackState {state=STOPPED(1), position=1328924, buffered position=0, speed=1.0, updated=1296916309, actions=8615, custom actions=[], active item id=-1, error=null}
05-04 20:26:37.751  7916  8010 V Avrcp_ext: Device: no name: 
05-04 20:26:37.751  7916  8010 V Avrcp_ext: Device: no name: 
05-04 20:26:37.751  7916  8010 V Avrcp_ext: Device: no name: 
05-04 20:26:37.751  7916  8010 V Avrcp_ext: Device: no name: 
05-04 20:26:37.751  7916  8010 V Avrcp_ext: updatePlayerStateAndPosition, old=PlaybackState {state=STOPPED(1), position=1328924, buffered position=0, speed=1.0, updated=1296916309, actions=8615, custom actions=[], active item id=-1, error=null}, state=PlaybackState {state=STOPPED(1), position=1328924, buffered position=0, speed=1.0, updated=1296916309, actions=8615, custom actions=[], active item id=-1, error=null}
05-04 20:26:37.751  7916  8010 V Avrcp_ext: old state = PlaybackState {state=STOPPED(1), position=1328924, buffered position=0, speed=1.0, updated=1296916309, actions=8615, custom actions=[], active item id=-1, error=null}, new state= PlaybackState {state=STOPPED(1), position=1328924, buffered position=0, speed=1.0, updated=1296916309, actions=8615, custom actions=[], active item id=-1, error=null}
05-04 20:26:37.751  7916  8010 D HeadsetService: getHeadsetService(): returning com.android.bluetooth.hfp.HeadsetService@ee3f0c7
05-04 20:26:37.751  7916  8010 E HeadsetStateMachine: returning mCurrentState as Connected
05-04 20:26:37.751  7916  8010 E HeadsetStateMachine: returning mCurrentState as Disconnected
05-04 20:26:37.751  7916  8010 E HeadsetStateMachine: returning mCurrentState as Disconnected
05-04 20:26:37.751  7916  8010 D HeadsetService:  isAudioOn: The number of audio connected devices 0
05-04 20:26:37.751  7916  8010 D HeadsetService: isScoOrCallActive(): Call Active:falseCall is Ringing:falseSCO is Active:false
05-04 20:26:37.751  7916  8010 E HeadsetStateMachine: returning mCurrentState as Connected
05-04 20:26:37.751  7916  8010 E HeadsetStateMachine: returning mCurrentState as Disconnected
05-04 20:26:37.751  7916  8010 E HeadsetStateMachine: returning mCurrentState as Disconnected
05-04 20:26:37.751  7916  8010 D HeadsetService:  isAudioOn: The number of audio connected devices 0
05-04 20:26:37.751  7916  8010 I Avrcp_ext: updatePlayStatusForDevice: device: 17:3F:CF:BE:B9:01
05-04 20:26:37.751  7916  8010 V Avrcp_ext: updatePlaybackState (0): old=PlaybackState {state=STOPPED(1), position=1328924, buffered position=0, speed=1.0, updated=1296916309, actions=8615, custom actions=[], active item id=-1, error=null}(0), new=PlaybackState {state=STOPPED(1), position=1328924, buffered position=0, speed=1.0, updated=1296916309, actions=8615, custom actions=[], active item id=-1, error=null}(0)
05-04 20:26:37.751  7916  8010 I Avrcp_ext: Exit updatePlayStatusForDevice
05-04 20:26:37.751  7916  8010 E HeadsetStateMachine: returning mCurrentState as Connected
05-04 20:26:37.751  7916  8010 E HeadsetStateMachine: returning mCurrentState as Disconnected
05-04 20:26:37.751  7916  8010 E HeadsetStateMachine: returning mCurrentState as Disconnected
05-04 20:26:37.751  7916  8010 D HeadsetService:  isAudioOn: The number of audio connected devices 0
05-04 20:26:37.751  7916  8010 D HeadsetService: isScoOrCallActive(): Call Active:falseCall is Ringing:falseSCO is Active:false
05-04 20:26:37.751  7916  8010 E HeadsetStateMachine: returning mCurrentState as Connected
05-04 20:26:37.751  7916  8010 E HeadsetStateMachine: returning mCurrentState as Disconnected
05-04 20:26:37.751  7916  8010 E HeadsetStateMachine: returning mCurrentState as Disconnected
05-04 20:26:37.751  7916  8010 D HeadsetService:  isAudioOn: The number of audio connected devices 0
05-04 20:26:37.751  7916  8010 I Avrcp_ext: updatePlayStatusForDevice: device: null
05-04 20:26:37.751  7916  8010 V Avrcp_ext: updatePlaybackState (1): old=PlaybackState {state=STOPPED(1), position=1328924, buffered position=0, speed=1.0, updated=1296916309, actions=8615, custom actions=[], active item id=-1, error=null}(0), new=PlaybackState {state=STOPPED(1), position=1328924, buffered position=0, speed=1.0, updated=1296916309, actions=8615, custom actions=[], active item id=-1, error=null}(0)
05-04 20:26:37.751  7916  8010 I Avrcp_ext: Exit updatePlayStatusForDevice
05-04 20:26:37.751  7916  8010 E HeadsetStateMachine: returning mCurrentState as Connected
05-04 20:26:37.751  7916  8010 E HeadsetStateMachine: returning mCurrentState as Disconnected
05-04 20:26:37.751  7916  8010 E HeadsetStateMachine: returning mCurrentState as Disconnected
05-04 20:26:37.751  7916  8010 D HeadsetService:  isAudioOn: The number of audio connected devices 0
05-04 20:26:37.751  7916  8010 D HeadsetService: isScoOrCallActive(): Call Active:falseCall is Ringing:falseSCO is Active:false
05-04 20:26:37.751  7916  8010 E HeadsetStateMachine: returning mCurrentState as Connected
05-04 20:26:37.751  7916  8010 E HeadsetStateMachine: returning mCurrentState as Disconnected
05-04 20:26:37.751  7916  8010 E HeadsetStateMachine: returning mCurrentState as Disconnected
05-04 20:26:37.751  7916  8010 D HeadsetService:  isAudioOn: The number of audio connected devices 0
05-04 20:26:37.751  7916  8010 I Avrcp_ext: updatePlayStatusForDevice: device: null
05-04 20:26:37.751  7916  8010 V Avrcp_ext: updatePlaybackState (1): old=PlaybackState {state=STOPPED(1), position=1328924, buffered position=0, speed=1.0, updated=1296916309, actions=8615, custom actions=[], active item id=-1, error=null}(0), new=PlaybackState {state=STOPPED(1), position=1328924, buffered position=0, speed=1.0, updated=1296916309, actions=8615, custom actions=[], active item id=-1, error=null}(0)
05-04 20:26:37.751  7916  8010 I Avrcp_ext: Exit updatePlayStatusForDevice
05-04 20:26:37.751  7916  8010 E HeadsetStateMachine: returning mCurrentState as Connected
05-04 20:26:37.751  7916  8010 E HeadsetStateMachine: returning mCurrentState as Disconnected
05-04 20:26:37.751  7916  8010 E HeadsetStateMachine: returning mCurrentState as Disconnected
05-04 20:26:37.751  7916  8010 D HeadsetService:  isAudioOn: The number of audio connected devices 0
05-04 20:26:37.751  7916  8010 D HeadsetService: isScoOrCallActive(): Call Active:falseCall is Ringing:falseSCO is Active:false
05-04 20:26:37.751  7916  8010 E HeadsetStateMachine: returning mCurrentState as Connected
05-04 20:26:37.751  7916  8010 E HeadsetStateMachine: returning mCurrentState as Disconnected
05-04 20:26:37.751  7916  8010 E HeadsetStateMachine: returning mCurrentState as Disconnected
05-04 20:26:37.751  7916  8010 D HeadsetService:  isAudioOn: The number of audio connected devices 0
05-04 20:26:37.751  7916  8010 I Avrcp_ext: updatePlayStatusForDevice: device: null
05-04 20:26:37.751  7916  8010 V Avrcp_ext: updatePlaybackState (1): old=PlaybackState {state=STOPPED(1), position=1328924, buffered position=0, speed=1.0, updated=1296916309, actions=8615, custom actions=[], active item id=-1, error=null}(0), new=PlaybackState {state=STOPPED(1), position=1328924, buffered position=0, speed=1.0, updated=1296916309, actions=8615, custom actions=[], active item id=-1, error=null}(0)
05-04 20:26:37.751  7916  8010 I Avrcp_ext: Exit updatePlayStatusForDevice
05-04 20:26:37.751  7916  8010 E HeadsetStateMachine: returning mCurrentState as Connected
05-04 20:26:37.751  7916  8010 E HeadsetStateMachine: returning mCurrentState as Disconnected
05-04 20:26:37.751  7916  8010 E HeadsetStateMachine: returning mCurrentState as Disconnected
05-04 20:26:37.751  7916  8010 D HeadsetService:  isAudioOn: The number of audio connected devices 0
05-04 20:26:37.751  7916  8010 D HeadsetService: isScoOrCallActive(): Call Active:falseCall is Ringing:falseSCO is Active:false
05-04 20:26:37.751  7916  8010 E HeadsetStateMachine: returning mCurrentState as Connected
05-04 20:26:37.751  7916  8010 E HeadsetStateMachine: returning mCurrentState as Disconnected
05-04 20:26:37.751  7916  8010 E HeadsetStateMachine: returning mCurrentState as Disconnected
05-04 20:26:37.751  7916  8010 D HeadsetService:  isAudioOn: The number of audio connected devices 0
05-04 20:26:37.751  7916  8010 I Avrcp_ext: updatePlayStatusForDevice: device: null
05-04 20:26:37.751  7916  8010 V Avrcp_ext: updatePlaybackState (1): old=PlaybackState {state=STOPPED(1), position=1328924, buffered position=0, speed=1.0, updated=1296916309, actions=8615, custom actions=[], active item id=-1, error=null}(0), new=PlaybackState {state=STOPPED(1), position=1328924, buffered position=0, speed=1.0, updated=1296916309, actions=8615, custom actions=[], active item id=-1, error=null}(0)
05-04 20:26:37.751  7916  8010 I Avrcp_ext: Exit updatePlayStatusForDevice
05-04 20:26:37.751  7916  8010 D Avrcp_ext: Enter sendPlayPosNotificationRsp
05-04 20:26:37.751  7916  8010 D Avrcp_ext: sendPlayPosNotificationRsp: Not registered or requesting.
05-04 20:26:37.751  7916  8010 D Avrcp_ext: Enter sendPlayPosNotificationRsp
05-04 20:26:37.751  7916  8010 D Avrcp_ext: sendPlayPosNotificationRsp: Not registered or requesting.
05-04 20:26:37.751  7916  8010 D Avrcp_ext: Enter sendPlayPosNotificationRsp
05-04 20:26:37.751  7916  8010 D Avrcp_ext: sendPlayPosNotificationRsp: Not registered or requesting.
05-04 20:26:37.751  7916  8010 D Avrcp_ext: Enter sendPlayPosNotificationRsp
05-04 20:26:37.751  7916  8010 D Avrcp_ext: sendPlayPosNotificationRsp: Not registered or requesting.
05-04 20:26:37.751  7916  8010 D Avrcp_ext: Enter sendPlayPosNotificationRsp
05-04 20:26:37.751  7916  8010 D Avrcp_ext: sendPlayPosNotificationRsp: Not registered or requesting.
05-04 20:26:37.751  7916  8010 V Avrcp_ext: Exit updatePlayerStateAndPosition
05-04 20:26:37.751  7916  8010 D APM: ActiveDeviceManagerServiceLegacy: getActiveAbsoluteDevice(): device: 17:3F:CF:BE:B9:01
05-04 20:26:37.751  7916  8010 D APM: ActiveDeviceManagerServiceLegacy: isStableState(): true
05-04 20:26:37.751  7916  8010 D Avrcp_ext: isAdmStable = true activeAbsAddr = 17:3F:CF:BE:B9:01 device = null
05-04 20:26:37.751  7916  8010 V APM: MediaControlManager: onPlaybackStateChanged
05-04 20:26:37.751  7916  8010 W McpService: updatePlaybackState state PlaybackState {state=STOPPED(1), position=1328924, buffered position=0, speed=1.0, updated=1296916309, actions=8615, custom actions=[], active item id=-1, error=null}
05-04 20:26:37.751  7916  8010 W McpService: updatePlaybackState mState: 2 state: 2
05-04 20:26:37.751  7916  8010 W Avrcp_ext: updated player state = PlaybackState {state=STOPPED(1), position=1328924, buffered position=0, speed=1.0, updated=1296916309, actions=8615, custom actions=[], active item id=-1, error=null}to MCP module also
05-04 20:26:37.751  7916  8010 V Avrcp_ext: ActiveSession: MediaController (ai.perplexity.app.android@d5aed7c) null
05-04 20:26:37.752  7916  8010 V Avrcp_ext: isBrowseSupported for ai.perplexity.app.android: false
05-04 20:26:37.752  7916  8010 D Avrcp_ext: Adding media player info for ai.perplexity.app.android with id 6
05-04 20:26:37.752  7916  8010 D Avrcp_ext: update #6:MediaPlayerInfo ai.perplexity.app.android (as 'Perplexity') Type = 1, SubType = 0, Status = 0 Feature Bits [40 41 42 44 45 47 48 58] Controller: MediaController (ai.perplexity.app.android@d5aed7c) null
05-04 20:26:37.752  7916  8010 V Avrcp_ext: ActiveSession: MediaController (com.deepeye.musicpro.debug@dfb1605) null
05-04 20:26:37.752  7916  8010 V Avrcp_ext: isBrowseSupported for com.deepeye.musicpro.debug: false
05-04 20:26:37.752  7916  8010 D Avrcp_ext: Adding media player info for com.deepeye.musicpro.debug with id 16
05-04 20:26:37.752  7916  8010 D Avrcp_ext: update #16:MediaPlayerInfo com.deepeye.musicpro.debug (as 'DeepEyeMusicPro') Type = 1, SubType = 0, Status = 0 Feature Bits [40 41 42 44 45 47 48 58] Controller: MediaController (com.deepeye.musicpro.debug@dfb1605) null
05-04 20:26:37.754  7916  8010 V Avrcp_ext: updateCurrentMediaState: mMediaController: MediaController (com.google.android.youtube@a2ec5e4) Bengal Election Result : बंगाल में आज असली खेल क्या हुआ? नतीजों पर सब चौंक गए.., Punya Prasun Bajpai, Punya Prasun Bajpai
05-04 20:26:37.754  7916  8010 W Avrcp_ext: isMusicActive: false getBluetoothPlayState: 0 A2dp State: 11 mAudioPlaybackIsActive: false
05-04 20:26:37.755  7916  8010 D Avrcp_ext: isMusicActive = false mAudioPlaybackIsActive = false player state = PlaybackState {state=STOPPED(1), position=1328924, buffered position=0, speed=1.0, updated=1296916309, actions=8615, custom actions=[], active item id=-1, error=null}
05-04 20:26:37.756  7916  8010 D Avrcp_ext: overwrite album_artist :Punya Prasun Bajpaiif album is blank
05-04 20:26:37.756  7916  8010 D AvrcpBipRsp:  getImgHandle device :17:3F:CF:BE:B9:01 data :android.media.MediaMetadata@e49e1816
05-04 20:26:37.756  7916  8010 W AvrcpBipRsp: getImgHandle bipSm null
05-04 20:26:37.756  7916  8010 D Avrcp_ext:  getImgHandle device:17:3F:CF:BE:B9:01 data:android.media.MediaMetadata@e49e1816 isKeyContains true Handle 
05-04 20:26:37.761  7916  8010 I Avrcp_ext: device found at index 0
05-04 20:26:37.761  7916  8010 V Avrcp_ext: updateCurrentMediaState: addr: [B@e1c0d81
05-04 20:26:37.761  7916  8010 V Avrcp_ext: Media update: id -1➡-1? [MediaAttributes: B⋯. - P⋯i by P⋯i (1329000 0/0) - ] : [MediaAttributes: B⋯. - P⋯i by P⋯i (1329000 0/0) - ]
05-04 20:26:37.761  7916  8010 D Avrcp_ext: isPackageNameValid: browsedPackage = com.google.android.youtubeisValid = true
05-04 20:26:37.761  7916  8010 V Avrcp_ext: isBrowseSupported for com.google.android.youtube: false
05-04 20:26:37.761  7916  8010 W Avrcp_ext: updateCurrentMediaState: isInactivePlayer = false
05-04 20:26:37.761  7916  8010 V Avrcp_ext: updatePlaybackState, state: PlaybackState {state=STOPPED(1), position=1328924, buffered position=0, speed=1.0, updated=1296916309, actions=8615, custom actions=[], active item id=-1, error=null} device: null
05-04 20:26:37.762  7916  8010 D BroadcastService: getBroadcastAddress
05-04 20:26:37.762  7916  8010 D BroadcastService: isBroadcastActive: Broadcast is turned to off
05-04 20:26:37.762  7916  8010 V Avrcp_ext: Device: Ejaj’s AirPods : old state: PlaybackState {state=STOPPED(1), position=1328924, buffered position=0, speed=1.0, updated=1296916309, actions=8615, custom actions=[], active item id=-1, error=null}
05-04 20:26:37.762  7916  8010 V Avrcp_ext: Device: no name: 
05-04 20:26:37.762  7916  8010 V Avrcp_ext: Device: no name: 
05-04 20:26:37.762  7916  8010 V Avrcp_ext: Device: no name: 
05-04 20:26:37.762  7916  8010 V Avrcp_ext: Device: no name: 
05-04 20:26:37.762  7916  8010 V Avrcp_ext: updatePlayerStateAndPosition, old=PlaybackState {state=STOPPED(1), position=1328924, buffered position=0, speed=1.0, updated=1296916309, actions=8615, custom actions=[], active item id=-1, error=null}, state=PlaybackState {state=STOPPED(1), position=1328924, buffered position=0, speed=1.0, updated=1296916309, actions=8615, custom actions=[], active item id=-1, error=null}
05-04 20:26:37.762  7916  8010 V Avrcp_ext: old state = PlaybackState {state=STOPPED(1), position=1328924, buffered position=0, speed=1.0, updated=1296916309, actions=8615, custom actions=[], active item id=-1, error=null}, new state= PlaybackState {state=STOPPED(1), position=1328924, buffered position=0, speed=1.0, updated=1296916309, actions=8615, custom actions=[], active item id=-1, error=null}
05-04 20:26:37.762  7916  8010 D HeadsetService: getHeadsetService(): returning com.android.bluetooth.hfp.HeadsetService@ee3f0c7
05-04 20:26:37.762  7916  8010 E HeadsetStateMachine: returning mCurrentState as Connected
05-04 20:26:37.762  7916  8010 E HeadsetStateMachine: returning mCurrentState as Disconnected
05-04 20:26:37.762  7916  8010 E HeadsetStateMachine: returning mCurrentState as Disconnected
05-04 20:26:37.762  7916  8010 D HeadsetService:  isAudioOn: The number of audio connected devices 0
05-04 20:26:37.763  7916  8010 D HeadsetService: isScoOrCallActive(): Call Active:falseCall is Ringing:falseSCO is Active:false
05-04 20:26:37.763  7916  8010 E HeadsetStateMachine: returning mCurrentState as Connected
05-04 20:26:37.763  7916  8010 E HeadsetStateMachine: returning mCurrentState as Disconnected
05-04 20:26:37.763  7916  8010 E HeadsetStateMachine: returning mCurrentState as Disconnected
05-04 20:26:37.763  7916  8010 D HeadsetService:  isAudioOn: The number of audio connected devices 0
05-04 20:26:37.763  7916  8010 I Avrcp_ext: updatePlayStatusForDevice: device: 17:3F:CF:BE:B9:01
05-04 20:26:37.763  7916  8010 V Avrcp_ext: updatePlaybackState (0): old=PlaybackState {state=STOPPED(1), position=1328924, buffered position=0, speed=1.0, updated=1296916309, actions=8615, custom actions=[], active item id=-1, error=null}(0), new=PlaybackState {state=STOPPED(1), position=1328924, buffered position=0, speed=1.0, updated=1296916309, actions=8615, custom actions=[], active item id=-1, error=null}(0)
05-04 20:26:37.763  7916  8010 I Avrcp_ext: Exit updatePlayStatusForDevice
05-04 20:26:37.763  7916  8010 E HeadsetStateMachine: returning mCurrentState as Connected
05-04 20:26:37.763  7916  8010 E HeadsetStateMachine: returning mCurrentState as Disconnected
05-04 20:26:37.763  7916  8010 E HeadsetStateMachine: returning mCurrentState as Disconnected
05-04 20:26:37.763  7916  8010 D HeadsetService:  isAudioOn: The number of audio connected devices 0
05-04 20:26:37.763  7916  8010 D HeadsetService: isScoOrCallActive(): Call Active:falseCall is Ringing:falseSCO is Active:false
05-04 20:26:37.763  7916  8010 E HeadsetStateMachine: returning mCurrentState as Connected
05-04 20:26:37.763  7916  8010 E HeadsetStateMachine: returning mCurrentState as Disconnected
05-04 20:26:37.763  7916  8010 E HeadsetStateMachine: returning mCurrentState as Disconnected
05-04 20:26:37.763  7916  8010 D HeadsetService:  isAudioOn: The number of audio connected devices 0
05-04 20:26:37.763  7916  8010 I Avrcp_ext: updatePlayStatusForDevice: device: null
05-04 20:26:37.763  7916  8010 V Avrcp_ext: updatePlaybackState (1): old=PlaybackState {state=STOPPED(1), position=1328924, buffered position=0, speed=1.0, updated=1296916309, actions=8615, custom actions=[], active item id=-1, error=null}(0), new=PlaybackState {state=STOPPED(1), position=1328924, buffered position=0, speed=1.0, updated=1296916309, actions=8615, custom actions=[], active item id=-1, error=null}(0)
05-04 20:26:37.763  7916  8010 I Avrcp_ext: Exit updatePlayStatusForDevice
05-04 20:26:37.763  7916  8010 E HeadsetStateMachine: returning mCurrentState as Connected
05-04 20:26:37.763  7916  8010 E HeadsetStateMachine: returning mCurrentState as Disconnected
05-04 20:26:37.763  7916  8010 E HeadsetStateMachine: returning mCurrentState as Disconnected
05-04 20:26:37.763  7916  8010 D HeadsetService:  isAudioOn: The number of audio connected devices 0
05-04 20:26:37.763  7916  8010 D HeadsetService: isScoOrCallActive(): Call Active:falseCall is Ringing:falseSCO is Active:false
05-04 20:26:37.763  7916  8010 E HeadsetStateMachine: returning mCurrentState as Connected
05-04 20:26:37.763  7916  8010 E HeadsetStateMachine: returning mCurrentState as Disconnected
05-04 20:26:37.763  7916  8010 E HeadsetStateMachine: returning mCurrentState as Disconnected
05-04 20:26:37.763  7916  8010 D HeadsetService:  isAudioOn: The number of audio connected devices 0
05-04 20:26:37.763  7916  8010 I Avrcp_ext: updatePlayStatusForDevice: device: null
05-04 20:26:37.763  7916  8010 V Avrcp_ext: updatePlaybackState (1): old=PlaybackState {state=STOPPED(1), position=1328924, buffered position=0, speed=1.0, updated=1296916309, actions=8615, custom actions=[], active item id=-1, error=null}(0), new=PlaybackState {state=STOPPED(1), position=1328924, buffered position=0, speed=1.0, updated=1296916309, actions=8615, custom actions=[], active item id=-1, error=null}(0)
05-04 20:26:37.763  7916  8010 I Avrcp_ext: Exit updatePlayStatusForDevice
05-04 20:26:37.763  7916  8010 E HeadsetStateMachine: returning mCurrentState as Connected
05-04 20:26:37.763  7916  8010 E HeadsetStateMachine: returning mCurrentState as Disconnected
05-04 20:26:37.763  7916  8010 E HeadsetStateMachine: returning mCurrentState as Disconnected
05-04 20:26:37.763  7916  8010 D HeadsetService:  isAudioOn: The number of audio connected devices 0
05-04 20:26:37.763  7916  8010 D HeadsetService: isScoOrCallActive(): Call Active:falseCall is Ringing:falseSCO is Active:false
05-04 20:26:37.763  7916  8010 E HeadsetStateMachine: returning mCurrentState as Connected
05-04 20:26:37.763  7916  8010 E HeadsetStateMachine: returning mCurrentState as Disconnected
05-04 20:26:37.763  7916  8010 E HeadsetStateMachine: returning mCurrentState as Disconnected
05-04 20:26:37.763  7916  8010 D HeadsetService:  isAudioOn: The number of audio connected devices 0
05-04 20:26:37.763  7916  8010 I Avrcp_ext: updatePlayStatusForDevice: device: null
05-04 20:26:37.763  7916  8010 V Avrcp_ext: updatePlaybackState (1): old=PlaybackState {state=STOPPED(1), position=1328924, buffered position=0, speed=1.0, updated=1296916309, actions=8615, custom actions=[], active item id=-1, error=null}(0), new=PlaybackState {state=STOPPED(1), position=1328924, buffered position=0, speed=1.0, updated=1296916309, actions=8615, custom actions=[], active item id=-1, error=null}(0)
05-04 20:26:37.763  7916  8010 I Avrcp_ext: Exit updatePlayStatusForDevice
05-04 20:26:37.763  7916  8010 E HeadsetStateMachine: returning mCurrentState as Connected
05-04 20:26:37.763  7916  8010 E HeadsetStateMachine: returning mCurrentState as Disconnected
05-04 20:26:37.763  7916  8010 E HeadsetStateMachine: returning mCurrentState as Disconnected
05-04 20:26:37.763  7916  8010 D HeadsetService:  isAudioOn: The number of audio connected devices 0
05-04 20:26:37.763  7916  8010 D HeadsetService: isScoOrCallActive(): Call Active:falseCall is Ringing:falseSCO is Active:false
05-04 20:26:37.763  7916  8010 E HeadsetStateMachine: returning mCurrentState as Connected
05-04 20:26:37.763  7916  8010 E HeadsetStateMachine: returning mCurrentState as Disconnected
05-04 20:26:37.763  7916  8010 E HeadsetStateMachine: returning mCurrentState as Disconnected
05-04 20:26:37.763  7916  8010 D HeadsetService:  isAudioOn: The number of audio connected devices 0
05-04 20:26:37.763  7916  8010 I Avrcp_ext: updatePlayStatusForDevice: device: null
05-04 20:26:37.763  7916  8010 V Avrcp_ext: updatePlaybackState (1): old=PlaybackState {state=STOPPED(1), position=1328924, buffered position=0, speed=1.0, updated=1296916309, actions=8615, custom actions=[], active item id=-1, error=null}(0), new=PlaybackState {state=STOPPED(1), position=1328924, buffered position=0, speed=1.0, updated=1296916309, actions=8615, custom actions=[], active item id=-1, error=null}(0)
05-04 20:26:37.763  7916  8010 I Avrcp_ext: Exit updatePlayStatusForDevice
05-04 20:26:37.763  7916  8010 D Avrcp_ext: Enter sendPlayPosNotificationRsp
05-04 20:26:37.763  7916  8010 D Avrcp_ext: sendPlayPosNotificationRsp: Not registered or requesting.
05-04 20:26:37.763  7916  8010 D Avrcp_ext: Enter sendPlayPosNotificationRsp
05-04 20:26:37.763  7916  8010 D Avrcp_ext: sendPlayPosNotificationRsp: Not registered or requesting.
05-04 20:26:37.763  7916  8010 D Avrcp_ext: Enter sendPlayPosNotificationRsp
05-04 20:26:37.763  7916  8010 D Avrcp_ext: sendPlayPosNotificationRsp: Not registered or requesting.
05-04 20:26:37.763  7916  8010 D Avrcp_ext: Enter sendPlayPosNotificationRsp
05-04 20:26:37.763  7916  8010 D Avrcp_ext: sendPlayPosNotificationRsp: Not registered or requesting.
05-04 20:26:37.763  7916  8010 D Avrcp_ext: Enter sendPlayPosNotificationRsp
05-04 20:26:37.763  7916  8010 D Avrcp_ext: sendPlayPosNotificationRsp: Not registered or requesting.
05-04 20:26:37.763  7916  8010 V Avrcp_ext: Exit updatePlayerStateAndPosition
05-04 20:26:37.763  7916  8010 D APM: ActiveDeviceManagerServiceLegacy: getActiveAbsoluteDevice(): device: 17:3F:CF:BE:B9:01
05-04 20:26:37.763  7916  8010 D APM: ActiveDeviceManagerServiceLegacy: isStableState(): true
05-04 20:26:37.763  7916  8010 D Avrcp_ext: isAdmStable = true activeAbsAddr = 17:3F:CF:BE:B9:01 device = null
05-04 20:26:37.763  7916  8010 V APM: MediaControlManager: onPlaybackStateChanged
05-04 20:26:37.763  7916  8010 W McpService: updatePlaybackState state PlaybackState {state=STOPPED(1), position=1328924, buffered position=0, speed=1.0, updated=1296916309, actions=8615, custom actions=[], active item id=-1, error=null}
05-04 20:26:37.763  7916  8010 W McpService: updatePlaybackState mState: 2 state: 2
05-04 20:26:37.763  7916  8010 W Avrcp_ext: updated player state = PlaybackState {state=STOPPED(1), position=1328924, buffered position=0, speed=1.0, updated=1296916309, actions=8615, custom actions=[], active item id=-1, error=null}to MCP module also
05-04 20:26:37.772  3064  5855 D CompatibilityChangeReporter: Compat change id reported: 183164979; UID 10502; state: ENABLED
05-04 20:26:37.775  1798  5375 E ANDR-PERF-LM: VmRssMeter:: start() 358: Could not find pid, can not collect vmrss data
05-04 20:26:37.777  3064  5855 D CompatibilityChangeReporter: Compat change id reported: 214016041; UID 10502; state: ENABLED
05-04 20:26:37.778  3064  5855 I ImeTracker: com.deepeye.musicpro.debug:8ac33c57: onRequestHide at ORIGIN_SERVER_HIDE_INPUT reason HIDE_UNSPECIFIED_WINDOW
05-04 20:26:37.778  3064  5855 I ImeTracker: com.deepeye.musicpro.debug:8ac33c57: onCancelled at PHASE_SERVER_SHOULD_HIDE
05-04 20:26:37.779  1737  7987 I vendor.qti.bluetooth@1.0-ibs_handler: ProcessIbsCmd: Received IBS_SLEEP_IND: 0xFE
05-04 20:26:37.780  1798  5376 E ANDR-PERF-LM: VmRssMeter:: start() 358: Could not find pid, can not collect vmrss data
05-04 20:26:37.780  1798  5376 E ANDR-PERF-LM: AdaptiveLaunch: writeToDataBase() 64: Meter aborted or could not get meter data for this run
05-04 20:26:37.781 23155 23155 I GoogleInputMethodService: GoogleInputMethodService.onFinishInput():2259 
05-04 20:26:37.781 23155 23155 I Module  : DeviceLockedStatusModuleProvider$Module.updateDeviceLockedStatus():103 repeatCheckTimes = 0, locked = false
05-04 20:26:37.782 23155 23155 I GoogleInputMethodService: GoogleInputMethodService.onStartInput():1446 onStartInput(EditorInfo{EditorInfo{packageName=com.deepeye.musicpro.debug, inputType=0, inputTypeString=NULL, enableLearning=false, autoCorrection=false, autoComplete=false, imeOptions=0, privateImeOptions=null, actionName=UNSPECIFIED, actionLabel=null, initialSelStart=-1, initialSelEnd=-1, initialCapsMode=0, label=null, fieldId=0, fieldName=null, extras=null, hintText=null, hintLocales=[]}}, false)
05-04 20:26:37.782 23155 23155 I AndroidIME: LatinIMEBase.updateInputViewCoverNavigation():322 Update input view padding, isNavbarOverInputWindow=false, bottom inset=102
05-04 20:26:37.782 23155 23155 I Module  : DeviceLockedStatusModuleProvider$Module.updateDeviceLockedStatus():103 repeatCheckTimes = 1, locked = false
05-04 20:26:37.797  3064  5855 W PackageConfigPersister: App-specific configuration not found for packageName: com.deepeye.musicpro.debug and userId: 0
05-04 20:26:37.799 15273 15273 I MediaController: Init 12a244a [AndroidXMedia3/1.4.1] [hiphi, motorola edge 30 pro, motorola, 34]
05-04 20:26:37.809  3064  3411 W CpuPowerCalculator: UID 10502 CPU freq # mismatch: Power Profile # 52 actual # 54
05-04 20:26:37.809  3064  3411 W CpuPowerCalculator: UID 10502 CPU freq # mismatch: Power Profile # 52 actual # 54
05-04 20:26:37.809  3064  3411 W CpuPowerCalculator: UID 10502 CPU freq # mismatch: Power Profile # 52 actual # 54
05-04 20:26:37.809  3064  3411 W CpuPowerCalculator: UID 10502 CPU freq # mismatch: Power Profile # 52 actual # 54
05-04 20:26:37.810  3064  3411 W CpuPowerCalculator: UID 10502 CPU freq # mismatch: Power Profile # 52 actual # 54
05-04 20:26:37.810  3064  3411 W CpuPowerCalculator: UID 10476 CPU freq # mismatch: Power Profile # 52 actual # 54
05-04 20:26:37.810  3064  3411 W CpuPowerCalculator: UID 10476 CPU freq # mismatch: Power Profile # 52 actual # 54
05-04 20:26:37.810  3064  3411 W CpuPowerCalculator: UID 10476 CPU freq # mismatch: Power Profile # 52 actual # 54
05-04 20:26:37.810  3064  3411 W CpuPowerCalculator: UID 10469 CPU freq # mismatch: Power Profile # 52 actual # 54
05-04 20:26:37.810  3064  3411 W CpuPowerCalculator: UID 10469 CPU freq # mismatch: Power Profile # 52 actual # 54
05-04 20:26:37.810  3064  3411 W CpuPowerCalculator: UID 10469 CPU freq # mismatch: Power Profile # 52 actual # 54
05-04 20:26:37.810  3064  3411 W CpuPowerCalculator: UID 10442 CPU freq # mismatch: Power Profile # 52 actual # 54
05-04 20:26:37.810  3064  3411 W CpuPowerCalculator: UID 10442 CPU freq # mismatch: Power Profile # 52 actual # 54
05-04 20:26:37.810  3064  3411 W CpuPowerCalculator: UID 10442 CPU freq # mismatch: Power Profile # 52 actual # 54
05-04 20:26:37.810  3064  3411 W CpuPowerCalculator: UID 10392 CPU freq # mismatch: Power Profile # 52 actual # 54
05-04 20:26:37.810  3064  3411 W CpuPowerCalculator: UID 10392 CPU freq # mismatch: Power Profile # 52 actual # 54
05-04 20:26:37.810  3064  3411 W CpuPowerCalculator: UID 10392 CPU freq # mismatch: Power Profile # 52 actual # 54
05-04 20:26:37.810  3064  3411 W CpuPowerCalculator: UID 10386 CPU freq # mismatch: Power Profile # 52 actual # 54
05-04 20:26:37.810  3064  3411 W CpuPowerCalculator: UID 10386 CPU freq # mismatch: Power Profile # 52 actual # 54
05-04 20:26:37.810  3064  3411 W CpuPowerCalculator: UID 10383 CPU freq # mismatch: Power Profile # 52 actual # 54
05-04 20:26:37.810  3064  3411 W CpuPowerCalculator: UID 10383 CPU freq # mismatch: Power Profile # 52 actual # 54
05-04 20:26:37.810  3064  3411 W CpuPowerCalculator: UID 10383 CPU freq # mismatch: Power Profile # 52 actual # 54
05-04 20:26:37.810  3064  3411 W CpuPowerCalculator: UID 10382 CPU freq # mismatch: Power Profile # 52 actual # 54
05-04 20:26:37.810  3064  3411 W CpuPowerCalculator: UID 10382 CPU freq # mismatch: Power Profile # 52 actual # 54
05-04 20:26:37.810  3064  3411 W CpuPowerCalculator: UID 10382 CPU freq # mismatch: Power Profile # 52 actual # 54
05-04 20:26:37.810  3064  3411 W CpuPowerCalculator: UID 10382 CPU freq # mismatch: Power Profile # 52 actual # 54
05-04 20:26:37.810  3064  3411 W CpuPowerCalculator: UID 10381 CPU freq # mismatch: Power Profile # 52 actual # 54
05-04 20:26:37.810  3064  3411 W CpuPowerCalculator: UID 10381 CPU freq # mismatch: Power Profile # 52 actual # 54
05-04 20:26:37.810  3064  3411 W CpuPowerCalculator: UID 10381 CPU freq # mismatch: Power Profile # 52 actual # 54
05-04 20:26:37.810  3064  3411 W CpuPowerCalculator: UID 10375 CPU freq # mismatch: Power Profile # 52 actual # 54
05-04 20:26:37.810  3064  3411 W CpuPowerCalculator: UID 10375 CPU freq # mismatch: Power Profile # 52 actual # 54
05-04 20:26:37.810  3064  3411 W CpuPowerCalculator: UID 10367 CPU freq # mismatch: Power Profile # 52 actual # 54
05-04 20:26:37.810  3064  3411 W CpuPowerCalculator: UID 10367 CPU freq # mismatch: Power Profile # 52 actual # 54
05-04 20:26:37.810  3064  3411 W CpuPowerCalculator: UID 10367 CPU freq # mismatch: Power Profile # 52 actual # 54
05-04 20:26:37.810  3064  3411 W CpuPowerCalculator: UID 10366 CPU freq # mismatch: Power Profile # 52 actual # 54
05-04 20:26:37.810  3064  3411 W CpuPowerCalculator: UID 10366 CPU freq # mismatch: Power Profile # 52 actual # 54
05-04 20:26:37.810  3064  3411 W CpuPowerCalculator: UID 10365 CPU freq # mismatch: Power Profile # 52 actual # 54
05-04 20:26:37.810  3064  3411 W CpuPowerCalculator: UID 10365 CPU freq # mismatch: Power Profile # 52 actual # 54
05-04 20:26:37.810  3064  3411 W CpuPowerCalculator: UID 10363 CPU freq # mismatch: Power Profile # 52 actual # 54
05-04 20:26:37.810  3064  3411 W CpuPowerCalculator: UID 10363 CPU freq # mismatch: Power Profile # 52 actual # 54
05-04 20:26:37.810  3064  3411 W CpuPowerCalculator: UID 10357 CPU freq # mismatch: Power Profile # 52 actual # 54
05-04 20:26:37.810  3064  3411 W CpuPowerCalculator: UID 10357 CPU freq # mismatch: Power Profile # 52 actual # 54
05-04 20:26:37.810  3064  3411 W CpuPowerCalculator: UID 10357 CPU freq # mismatch: Power Profile # 52 actual # 54
05-04 20:26:37.810  3064  3411 W CpuPowerCalculator: UID 10357 CPU freq # mismatch: Power Profile # 52 actual # 54
05-04 20:26:37.810  3064  3411 W CpuPowerCalculator: UID 10351 CPU freq # mismatch: Power Profile # 52 actual # 54
05-04 20:26:37.810  3064  3411 W CpuPowerCalculator: UID 10351 CPU freq # mismatch: Power Profile # 52 actual # 54
05-04 20:26:37.810  3064  3411 W CpuPowerCalculator: UID 10350 CPU freq # mismatch: Power Profile # 52 actual # 54
05-04 20:26:37.810  3064  3411 W CpuPowerCalculator: UID 10350 CPU freq # mismatch: Power Profile # 52 actual # 54
05-04 20:26:37.810  3064  3411 W CpuPowerCalculator: UID 10346 CPU freq # mismatch: Power Profile # 52 actual # 54
05-04 20:26:37.810  3064  3411 W CpuPowerCalculator: UID 10346 CPU freq # mismatch: Power Profile # 52 actual # 54
05-04 20:26:37.810  3064  3411 W CpuPowerCalculator: UID 10345 CPU freq # mismatch: Power Profile # 52 actual # 54
05-04 20:26:37.810  3064  3411 W CpuPowerCalculator: UID 10345 CPU freq # mismatch: Power Profile # 52 actual # 54
05-04 20:26:37.810  3064  3411 W CpuPowerCalculator: UID 10344 CPU freq # mismatch: Power Profile # 52 actual # 54
05-04 20:26:37.810  3064  3411 W CpuPowerCalculator: UID 10344 CPU freq # mismatch: Power Profile # 52 actual # 54
05-04 20:26:37.810  3064  3411 W CpuPowerCalculator: UID 10343 CPU freq # mismatch: Power Profile # 52 actual # 54
05-04 20:26:37.810  3064  3411 W CpuPowerCalculator: UID 10343 CPU freq # mismatch: Power Profile # 52 actual # 54
05-04 20:26:37.810  3064  3411 W CpuPowerCalculator: UID 10342 CPU freq # mismatch: Power Profile # 52 actual # 54
05-04 20:26:37.810  3064  3411 W CpuPowerCalculator: UID 10342 CPU freq # mismatch: Power Profile # 52 actual # 54
05-04 20:26:37.810  3064  3411 W CpuPowerCalculator: UID 10342 CPU freq # mismatch: Power Profile # 52 actual # 54
05-04 20:26:37.810  3064  3411 W CpuPowerCalculator: UID 10340 CPU freq # mismatch: Power Profile # 52 actual # 54
05-04 20:26:37.810  3064  3411 W CpuPowerCalculator: UID 10340 CPU freq # mismatch: Power Profile # 52 actual # 54
05-04 20:26:37.810  3064  3411 W CpuPowerCalculator: UID 10338 CPU freq # mismatch: Power Profile # 52 actual # 54
05-04 20:26:37.810  3064  3411 W CpuPowerCalculator: UID 10338 CPU freq # mismatch: Power Profile # 52 actual # 54
05-04 20:26:37.810  3064  3411 W CpuPowerCalculator: UID 10335 CPU freq # mismatch: Power Profile # 52 actual # 54
05-04 20:26:37.810  3064  3411 W CpuPowerCalculator: UID 10335 CPU freq # mismatch: Power Profile # 52 actual # 54
05-04 20:26:37.811  3064  3411 W CpuPowerCalculator: UID 10332 CPU freq # mismatch: Power Profile # 52 actual # 54
05-04 20:26:37.811  3064  3411 W CpuPowerCalculator: UID 10332 CPU freq # mismatch: Power Profile # 52 actual # 54
05-04 20:26:37.811  3064  3411 W CpuPowerCalculator: UID 10331 CPU freq # mismatch: Power Profile # 52 actual # 54
05-04 20:26:37.811  3064  3411 W CpuPowerCalculator: UID 10331 CPU freq # mismatch: Power Profile # 52 actual # 54
05-04 20:26:37.811  3064  3411 W CpuPowerCalculator: UID 10329 CPU freq # mismatch: Power Profile # 52 actual # 54
05-04 20:26:37.811  3064  3411 W CpuPowerCalculator: UID 10329 CPU freq # mismatch: Power Profile # 52 actual # 54
05-04 20:26:37.811  3064  3411 W CpuPowerCalculator: UID 10325 CPU freq # mismatch: Power Profile # 52 actual # 54
05-04 20:26:37.811  3064  3411 W CpuPowerCalculator: UID 10325 CPU freq # mismatch: Power Profile # 52 actual # 54
05-04 20:26:37.811  3064  3411 W CpuPowerCalculator: UID 10318 CPU freq # mismatch: Power Profile # 52 actual # 54
05-04 20:26:37.811  3064  3411 W CpuPowerCalculator: UID 10318 CPU freq # mismatch: Power Profile # 52 actual # 54
05-04 20:26:37.811  3064  3411 W CpuPowerCalculator: UID 10316 CPU freq # mismatch: Power Profile # 52 actual # 54
05-04 20:26:37.811  3064  3411 W CpuPowerCalculator: UID 10316 CPU freq # mismatch: Power Profile # 52 actual # 54
05-04 20:26:37.811  3064  3411 W CpuPowerCalculator: UID 10310 CPU freq # mismatch: Power Profile # 52 actual # 54
05-04 20:26:37.811  3064  3411 W CpuPowerCalculator: UID 10310 CPU freq # mismatch: Power Profile # 52 actual # 54
05-04 20:26:37.811  3064  3411 W CpuPowerCalculator: UID 10308 CPU freq # mismatch: Power Profile # 52 actual # 54
05-04 20:26:37.811  3064  3411 W CpuPowerCalculator: UID 10308 CPU freq # mismatch: Power Profile # 52 actual # 54
05-04 20:26:37.811  3064  3411 W CpuPowerCalculator: UID 10308 CPU freq # mismatch: Power Profile # 52 actual # 54
05-04 20:26:37.811  3064  3411 W CpuPowerCalculator: UID 10305 CPU freq # mismatch: Power Profile # 52 actual # 54
05-04 20:26:37.811  3064  3411 W CpuPowerCalculator: UID 10305 CPU freq # mismatch: Power Profile # 52 actual # 54
05-04 20:26:37.811  3064  3411 W CpuPowerCalculator: UID 10302 CPU freq # mismatch: Power Profile # 52 actual # 54
05-04 20:26:37.811  3064  3411 W CpuPowerCalculator: UID 10302 CPU freq # mismatch: Power Profile # 52 actual # 54
05-04 20:26:37.811  3064  3411 W CpuPowerCalculator: UID 10301 CPU freq # mismatch: Power Profile # 52 actual # 54
05-04 20:26:37.811  3064  3411 W CpuPowerCalculator: UID 10301 CPU freq # mismatch: Power Profile # 52 actual # 54
05-04 20:26:37.811  3064  3411 W CpuPowerCalculator: UID 10299 CPU freq # mismatch: Power Profile # 52 actual # 54
05-04 20:26:37.811  3064  3411 W CpuPowerCalculator: UID 10299 CPU freq # mismatch: Power Profile # 52 actual # 54
05-04 20:26:37.812  3064  3411 W CpuPowerCalculator: UID 10296 CPU freq # mismatch: Power Profile # 52 actual # 54
05-04 20:26:37.812  3064  3411 W CpuPowerCalculator: UID 10296 CPU freq # mismatch: Power Profile # 52 actual # 54
05-04 20:26:37.812  3064  3411 W CpuPowerCalculator: UID 10296 CPU freq # mismatch: Power Profile # 52 actual # 54
05-04 20:26:37.812  3064  3411 W CpuPowerCalculator: UID 10292 CPU freq # mismatch: Power Profile # 52 actual # 54
05-04 20:26:37.812  3064  3411 W CpuPowerCalculator: UID 10292 CPU freq # mismatch: Power Profile # 52 actual # 54
05-04 20:26:37.812  3064  3411 W CpuPowerCalculator: UID 10290 CPU freq # mismatch: Power Profile # 52 actual # 54
05-04 20:26:37.812  3064  3411 W CpuPowerCalculator: UID 10290 CPU freq # mismatch: Power Profile # 52 actual # 54
05-04 20:26:37.812  3064  3411 W CpuPowerCalculator: UID 10290 CPU freq # mismatch: Power Profile # 52 actual # 54
05-04 20:26:37.812  3064  3411 W CpuPowerCalculator: UID 10289 CPU freq # mismatch: Power Profile # 52 actual # 54
05-04 20:26:37.812  3064  3411 W CpuPowerCalculator: UID 10289 CPU freq # mismatch: Power Profile # 52 actual # 54
05-04 20:26:37.812  3064  3411 W CpuPowerCalculator: UID 10285 CPU freq # mismatch: Power Profile # 52 actual # 54
05-04 20:26:37.812  3064  3411 W CpuPowerCalculator: UID 10285 CPU freq # mismatch: Power Profile # 52 actual # 54
05-04 20:26:37.812  3064  3411 W CpuPowerCalculator: UID 10275 CPU freq # mismatch: Power Profile # 52 actual # 54
05-04 20:26:37.812  3064  3411 W CpuPowerCalculator: UID 10275 CPU freq # mismatch: Power Profile # 52 actual # 54
05-04 20:26:37.812  3064  3411 W CpuPowerCalculator: UID 10275 CPU freq # mismatch: Power Profile # 52 actual # 54
05-04 20:26:37.812  3064  3411 W CpuPowerCalculator: UID 10274 CPU freq # mismatch: Power Profile # 52 actual # 54
05-04 20:26:37.812  3064  3411 W CpuPowerCalculator: UID 10274 CPU freq # mismatch: Power Profile # 52 actual # 54
05-04 20:26:37.812  3064  3411 W CpuPowerCalculator: UID 10266 CPU freq # mismatch: Power Profile # 52 actual # 54
05-04 20:26:37.812  3064  3411 W CpuPowerCalculator: UID 10266 CPU freq # mismatch: Power Profile # 52 actual # 54
05-04 20:26:37.812  3064  3411 W CpuPowerCalculator: UID 10266 CPU freq # mismatch: Power Profile # 52 actual # 54
05-04 20:26:37.812  3064  3411 W CpuPowerCalculator: UID 10252 CPU freq # mismatch: Power Profile # 52 actual # 54
05-04 20:26:37.812  3064  3411 W CpuPowerCalculator: UID 10252 CPU freq # mismatch: Power Profile # 52 actual # 54
05-04 20:26:37.812  3064  3411 W CpuPowerCalculator: UID 10251 CPU freq # mismatch: Power Profile # 52 actual # 54
05-04 20:26:37.812  3064  3411 W CpuPowerCalculator: UID 10251 CPU freq # mismatch: Power Profile # 52 actual # 54
05-04 20:26:37.812  3064  3411 W CpuPowerCalculator: UID 10249 CPU freq # mismatch: Power Profile # 52 actual # 54
05-04 20:26:37.812  3064  3411 W CpuPowerCalculator: UID 10249 CPU freq # mismatch: Power Profile # 52 actual # 54
05-04 20:26:37.812  3064  3411 W CpuPowerCalculator: UID 10239 CPU freq # mismatch: Power Profile # 52 actual # 54
05-04 20:26:37.812  3064  3411 W CpuPowerCalculator: UID 10239 CPU freq # mismatch: Power Profile # 52 actual # 54
05-04 20:26:37.812  3064  3411 W CpuPowerCalculator: UID 10239 CPU freq # mismatch: Power Profile # 52 actual # 54
05-04 20:26:37.812  3064  3411 W CpuPowerCalculator: UID 10228 CPU freq # mismatch: Power Profile # 52 actual # 54
05-04 20:26:37.812  3064  3411 W CpuPowerCalculator: UID 10228 CPU freq # mismatch: Power Profile # 52 actual # 54
05-04 20:26:37.812  3064  3411 W CpuPowerCalculator: UID 10228 CPU freq # mismatch: Power Profile # 52 actual # 54
05-04 20:26:37.812  3064  3411 W CpuPowerCalculator: UID 10226 CPU freq # mismatch: Power Profile # 52 actual # 54
05-04 20:26:37.812  3064  3411 W CpuPowerCalculator: UID 10226 CPU freq # mismatch: Power Profile # 52 actual # 54
05-04 20:26:37.812  3064  3411 W CpuPowerCalculator: UID 10221 CPU freq # mismatch: Power Profile # 52 actual # 54
05-04 20:26:37.812  3064  3411 W CpuPowerCalculator: UID 10221 CPU freq # mismatch: Power Profile # 52 actual # 54
05-04 20:26:37.812  3064  3411 W CpuPowerCalculator: UID 10218 CPU freq # mismatch: Power Profile # 52 actual # 54
05-04 20:26:37.812  3064  3411 W CpuPowerCalculator: UID 10218 CPU freq # mismatch: Power Profile # 52 actual # 54
05-04 20:26:37.812  3064  3411 W CpuPowerCalculator: UID 10214 CPU freq # mismatch: Power Profile # 52 actual # 54
05-04 20:26:37.812  3064  3411 W CpuPowerCalculator: UID 10214 CPU freq # mismatch: Power Profile # 52 actual # 54
05-04 20:26:37.812  3064  3411 W CpuPowerCalculator: UID 10210 CPU freq # mismatch: Power Profile # 52 actual # 54
05-04 20:26:37.812  3064  3411 W CpuPowerCalculator: UID 10210 CPU freq # mismatch: Power Profile # 52 actual # 54
05-04 20:26:37.812  3064  3411 W CpuPowerCalculator: UID 10210 CPU freq # mismatch: Power Profile # 52 actual # 54
05-04 20:26:37.812  3064  3411 W CpuPowerCalculator: UID 10207 CPU freq # mismatch: Power Profile # 52 actual # 54
05-04 20:26:37.812  3064  3411 W CpuPowerCalculator: UID 10207 CPU freq # mismatch: Power Profile # 52 actual # 54
05-04 20:26:37.812  3064  3411 W CpuPowerCalculator: UID 10207 CPU freq # mismatch: Power Profile # 52 actual # 54
05-04 20:26:37.812  3064  3411 W CpuPowerCalculator: UID 10200 CPU freq # mismatch: Power Profile # 52 actual # 54
05-04 20:26:37.812  3064  3411 W CpuPowerCalculator: UID 10200 CPU freq # mismatch: Power Profile # 52 actual # 54
05-04 20:26:37.812  3064  3411 W CpuPowerCalculator: UID 10197 CPU freq # mismatch: Power Profile # 52 actual # 54
05-04 20:26:37.812  3064  3411 W CpuPowerCalculator: UID 10197 CPU freq # mismatch: Power Profile # 52 actual # 54
05-04 20:26:37.812  3064  3411 W CpuPowerCalculator: UID 10192 CPU freq # mismatch: Power Profile # 52 actual # 54
05-04 20:26:37.812  3064  3411 W CpuPowerCalculator: UID 10192 CPU freq # mismatch: Power Profile # 52 actual # 54
05-04 20:26:37.812  3064  3411 W CpuPowerCalculator: UID 10192 CPU freq # mismatch: Power Profile # 52 actual # 54
05-04 20:26:37.814  7916  7922 W droid.bluetooth: ApkAssets: Deleting an ApkAssets object '<empty> and /data/app/~~0qwJXl7WYCjzs9UtpFxL1g==/org.torproject.torbrowser-eBYn6MnmBkWAZ0O6p8Wmww==/base.apk' with 1 weak references
05-04 20:26:37.815  7916  7922 W droid.bluetooth: ApkAssets: Deleting an ApkAssets object '<empty> and /data/app/~~WCk0Xouo6OG13g8wNBX4dQ==/com.google.android.youtube-47MG5Uo5IvIbaAHo79YEyQ==/base.apk' with 1 weak references
05-04 20:26:37.815  7916  7922 W droid.bluetooth: ApkAssets: Deleting an ApkAssets object '<empty> and /data/app/~~WCk0Xouo6OG13g8wNBX4dQ==/com.google.android.youtube-47MG5Uo5IvIbaAHo79YEyQ==/split_config.arm64_v8a.apk' with 1 weak references
05-04 20:26:37.815  7916  7922 W droid.bluetooth: ApkAssets: Deleting an ApkAssets object '<empty> and /data/app/~~WCk0Xouo6OG13g8wNBX4dQ==/com.google.android.youtube-47MG5Uo5IvIbaAHo79YEyQ==/split_config.en.apk' with 1 weak references
05-04 20:26:37.815  7916  7922 W droid.bluetooth: ApkAssets: Deleting an ApkAssets object '<empty> and /data/app/~~WCk0Xouo6OG13g8wNBX4dQ==/com.google.android.youtube-47MG5Uo5IvIbaAHo79YEyQ==/split_config.xxhdpi.apk' with 1 weak references
05-04 20:26:37.815  7916  7922 W droid.bluetooth: ApkAssets: Deleting an ApkAssets object '<empty> and /data/app/~~HI9UX6hskjVEwzB34HA6SQ==/com.deepeye.musicpro.debug-pi_TPD4qWrJg7WXGCePLjA==/base.apk' with 1 weak references
05-04 20:26:37.815  7916  7922 W droid.bluetooth: ApkAssets: Deleting an ApkAssets object '<empty> and /data/app/~~Jj8qSYHJZyDu__RbqtbgVQ==/ai.perplexity.app.android-gfLuhmErQVQ2B0gS7Jw3JQ==/base.apk' with 1 weak references
05-04 20:26:37.815  7916  7922 W droid.bluetooth: ApkAssets: Deleting an ApkAssets object '<empty> and /data/app/~~Jj8qSYHJZyDu__RbqtbgVQ==/ai.perplexity.app.android-gfLuhmErQVQ2B0gS7Jw3JQ==/split_config.arm64_v8a.apk' with 1 weak references
05-04 20:26:37.815  7916  7922 W droid.bluetooth: ApkAssets: Deleting an ApkAssets object '<empty> and /data/app/~~Jj8qSYHJZyDu__RbqtbgVQ==/ai.perplexity.app.android-gfLuhmErQVQ2B0gS7Jw3JQ==/split_config.xxhdpi.apk' with 1 weak references
05-04 20:26:37.816  3064  3411 W CpuPowerCalculator: UID 10184 CPU freq # mismatch: Power Profile # 52 actual # 54
05-04 20:26:37.816  3064  3411 W CpuPowerCalculator: UID 10184 CPU freq # mismatch: Power Profile # 52 actual # 54
05-04 20:26:37.816  3064  3411 W CpuPowerCalculator: UID 10183 CPU freq # mismatch: Power Profile # 52 actual # 54
05-04 20:26:37.816  3064  3411 W CpuPowerCalculator: UID 10183 CPU freq # mismatch: Power Profile # 52 actual # 54
05-04 20:26:37.816  3064  3411 W CpuPowerCalculator: UID 10181 CPU freq # mismatch: Power Profile # 52 actual # 54
05-04 20:26:37.816  3064  3411 W CpuPowerCalculator: UID 10181 CPU freq # mismatch: Power Profile # 52 actual # 54
05-04 20:26:37.816  3064  3411 W CpuPowerCalculator: UID 10181 CPU freq # mismatch: Power Profile # 52 actual # 54
05-04 20:26:37.816  3064  3411 W CpuPowerCalculator: UID 10179 CPU freq # mismatch: Power Profile # 52 actual # 54
05-04 20:26:37.816  3064  3411 W CpuPowerCalculator: UID 10179 CPU freq # mismatch: Power Profile # 52 actual # 54
05-04 20:26:37.816  3064  3411 W CpuPowerCalculator: UID 10177 CPU freq # mismatch: Power Profile # 52 actual # 54
05-04 20:26:37.816  3064  3411 W CpuPowerCalculator: UID 10177 CPU freq # mismatch: Power Profile # 52 actual # 54
05-04 20:26:37.816  3064  3411 W CpuPowerCalculator: UID 10163 CPU freq # mismatch: Power Profile # 52 actual # 54
05-04 20:26:37.816  3064  3411 W CpuPowerCalculator: UID 10163 CPU freq # mismatch: Power Profile # 52 actual # 54
05-04 20:26:37.816  3064  3411 W CpuPowerCalculator: UID 10162 CPU freq # mismatch: Power Profile # 52 actual # 54
05-04 20:26:37.816  3064  3411 W CpuPowerCalculator: UID 10162 CPU freq # mismatch: Power Profile # 52 actual # 54
05-04 20:26:37.816  3064  3411 W CpuPowerCalculator: UID 10150 CPU freq # mismatch: Power Profile # 52 actual # 54
05-04 20:26:37.816  3064  3411 W CpuPowerCalculator: UID 10150 CPU freq # mismatch: Power Profile # 52 actual # 54
05-04 20:26:37.816  3064  3411 W CpuPowerCalculator: UID 10139 CPU freq # mismatch: Power Profile # 52 actual # 54
05-04 20:26:37.816  3064  3411 W CpuPowerCalculator: UID 10139 CPU freq # mismatch: Power Profile # 52 actual # 54
05-04 20:26:37.817  3064  3411 W CpuPowerCalculator: UID 10130 CPU freq # mismatch: Power Profile # 52 actual # 54
05-04 20:26:37.817  3064  3411 W CpuPowerCalculator: UID 10130 CPU freq # mismatch: Power Profile # 52 actual # 54
05-04 20:26:37.817  3064  3411 W CpuPowerCalculator: UID 10130 CPU freq # mismatch: Power Profile # 52 actual # 54
05-04 20:26:37.817  3064  3411 W CpuPowerCalculator: UID 10125 CPU freq # mismatch: Power Profile # 52 actual # 54
05-04 20:26:37.817  3064  3411 W CpuPowerCalculator: UID 10125 CPU freq # mismatch: Power Profile # 52 actual # 54
05-04 20:26:37.817  3064  3411 W CpuPowerCalculator: UID 10122 CPU freq # mismatch: Power Profile # 52 actual # 54
05-04 20:26:37.817  3064  3411 W CpuPowerCalculator: UID 10122 CPU freq # mismatch: Power Profile # 52 actual # 54
05-04 20:26:37.817  3064  3411 W CpuPowerCalculator: UID 10122 CPU freq # mismatch: Power Profile # 52 actual # 54
05-04 20:26:37.817  3064  3411 W CpuPowerCalculator: UID 10114 CPU freq # mismatch: Power Profile # 52 actual # 54
05-04 20:26:37.817  3064  3411 W CpuPowerCalculator: UID 10114 CPU freq # mismatch: Power Profile # 52 actual # 54
05-04 20:26:37.817  3064  3411 W CpuPowerCalculator: UID 10114 CPU freq # mismatch: Power Profile # 52 actual # 54
05-04 20:26:37.817  3064  3411 W CpuPowerCalculator: UID 9999 CPU freq # mismatch: Power Profile # 52 actual # 54
05-04 20:26:37.817  3064  3411 W CpuPowerCalculator: UID 2906 CPU freq # mismatch: Power Profile # 52 actual # 54
05-04 20:26:37.817  3064  3411 W CpuPowerCalculator: UID 2903 CPU freq # mismatch: Power Profile # 52 actual # 54
05-04 20:26:37.817  3064  3411 W CpuPowerCalculator: UID 2000 CPU freq # mismatch: Power Profile # 52 actual # 54
05-04 20:26:37.817  3064  3411 W CpuPowerCalculator: UID 1092 CPU freq # mismatch: Power Profile # 52 actual # 54
05-04 20:26:37.817  3064  3411 W CpuPowerCalculator: UID 1073 CPU freq # mismatch: Power Profile # 52 actual # 54
05-04 20:26:37.817  3064  3411 W CpuPowerCalculator: UID 1073 CPU freq # mismatch: Power Profile # 52 actual # 54
05-04 20:26:37.817  3064  3411 W CpuPowerCalculator: UID 1072 CPU freq # mismatch: Power Profile # 52 actual # 54
05-04 20:26:37.817  3064  3411 W CpuPowerCalculator: UID 1069 CPU freq # mismatch: Power Profile # 52 actual # 54
05-04 20:26:37.817  3064  3411 W CpuPowerCalculator: UID 1068 CPU freq # mismatch: Power Profile # 52 actual # 54
05-04 20:26:37.817  3064  3411 W CpuPowerCalculator: UID 1068 CPU freq # mismatch: Power Profile # 52 actual # 54
05-04 20:26:37.817  3064  3411 W CpuPowerCalculator: UID 1066 CPU freq # mismatch: Power Profile # 52 actual # 54
05-04 20:26:37.817  3064  3411 W CpuPowerCalculator: UID 1053 CPU freq # mismatch: Power Profile # 52 actual # 54
05-04 20:26:37.817  3064  3411 W CpuPowerCalculator: UID 1052 CPU freq # mismatch: Power Profile # 52 actual # 54
05-04 20:26:37.817  3064  3411 W CpuPowerCalculator: UID 1047 CPU freq # mismatch: Power Profile # 52 actual # 54
05-04 20:26:37.817  3064  3411 W CpuPowerCalculator: UID 1046 CPU freq # mismatch: Power Profile # 52 actual # 54
05-04 20:26:37.817  3064  3411 W CpuPowerCalculator: UID 1041 CPU freq # mismatch: Power Profile # 52 actual # 54
05-04 20:26:37.817  3064  3411 W CpuPowerCalculator: UID 1036 CPU freq # mismatch: Power Profile # 52 actual # 54
05-04 20:26:37.817  3064  3411 W CpuPowerCalculator: UID 1027 CPU freq # mismatch: Power Profile # 52 actual # 54
05-04 20:26:37.817  3064  3411 W CpuPowerCalculator: UID 1027 CPU freq # mismatch: Power Profile # 52 actual # 54
05-04 20:26:37.817  3064  3411 W CpuPowerCalculator: UID 1021 CPU freq # mismatch: Power Profile # 52 actual # 54
05-04 20:26:37.817  3064  3411 W CpuPowerCalculator: UID 1019 CPU freq # mismatch: Power Profile # 52 actual # 54
05-04 20:26:37.817  3064  3411 W CpuPowerCalculator: UID 1017 CPU freq # mismatch: Power Profile # 52 actual # 54
05-04 20:26:37.817  3064  3411 W CpuPowerCalculator: UID 1013 CPU freq # mismatch: Power Profile # 52 actual # 54
05-04 20:26:37.817  3064  3411 W CpuPowerCalculator: UID 1010 CPU freq # mismatch: Power Profile # 52 actual # 54
05-04 20:26:37.817  3064  3411 W CpuPowerCalculator: UID 1007 CPU freq # mismatch: Power Profile # 52 actual # 54
05-04 20:26:37.817  3064  3411 W CpuPowerCalculator: UID 1007 CPU freq # mismatch: Power Profile # 52 actual # 54
05-04 20:26:37.817  3064  3411 W CpuPowerCalculator: UID 1002 CPU freq # mismatch: Power Profile # 52 actual # 54
05-04 20:26:37.817  3064  3411 W CpuPowerCalculator: UID 1002 CPU freq # mismatch: Power Profile # 52 actual # 54
05-04 20:26:37.817  3064  3411 W CpuPowerCalculator: UID 1001 CPU freq # mismatch: Power Profile # 52 actual # 54
05-04 20:26:37.817  3064  3411 W CpuPowerCalculator: UID 1001 CPU freq # mismatch: Power Profile # 52 actual # 54
05-04 20:26:37.817  3064  3411 W CpuPowerCalculator: UID 1000 CPU freq # mismatch: Power Profile # 52 actual # 54
05-04 20:26:37.817  3064  3411 W CpuPowerCalculator: UID 0 CPU freq # mismatch: Power Profile # 52 actual # 54
05-04 20:26:37.840  3064  3851 D PowerManagerService: nativeSetPowerMode ret:false mode:5 enabled:false duration ms: 0
05-04 20:26:37.851 10800 10800 I bwmt    : onStop
05-04 20:26:37.851 20981 21005 I ImeTracker: com.motorola.launcher3:414979e2: onRequestHide at ORIGIN_CLIENT_HIDE_SOFT_INPUT reason HIDE_SOFT_INPUT
05-04 20:26:37.851 20981 21005 I ImeTracker: com.motorola.launcher3:414979e2: onFailed at PHASE_CLIENT_VIEW_SERVED
05-04 20:26:37.919 15273 15282 I .musicpro.debug: Compiler allocated 4496KB to compile void android.view.ViewRootImpl.performTraversals()
05-04 20:26:37.940 20171 20180 W .adservices.api: Reducing the number of considered missed Gc histogram windows from 139 to 100
05-04 20:26:38.016  3827  3949 D Surface : Surface::disconnect
05-04 20:26:38.016  3827  3949 D BufferQueueProducer: [VRI[debug]#7250(BLAST Consumer)7250](id:ef300001c5a,api:1,p:3827,c:3827) disconnect: api 1
05-04 20:26:38.019  3827  3925 W WindowOnBackDispatcher: sendCancelIfRunning: isInProgress=falsecallback=android.view.ViewRootImpl$$ExternalSyntheticLambda17@551beca
05-04 20:26:38.019  3064  4875 D CoreBackPreview: Window{35c6398 u0 Splash Screen com.deepeye.musicpro.debug EXITING}: Setting back callback null
05-04 20:26:38.019  3064  5857 W InputManager-JNI: Input channel object '35c6398 Splash Screen com.deepeye.musicpro.debug (client)' was disposed without first being removed with the input manager!
05-04 20:26:38.041  1727  1987 E minksocket: MinkIPC_QRTR_Service: client with node 1 port 7948 went down
05-04 20:26:38.041  1727  1987 E minksocket: MinkIPC_QRTR_Service: client with node 1 port 7949 went down
05-04 20:26:38.041  1727  1987 E minksocket: MinkIPC_QRTR_Service: client with node 1 port 794a went down
05-04 20:26:38.042  1727  1987 E minksocket: MinkIPC_QRTR_Service: client with node 1 port 794c went down
05-04 20:26:38.042  1727  1987 E minksocket: MinkIPC_QRTR_Service: client with node 1 port 794d went down
05-04 20:26:38.043  1727  1987 E minksocket: MinkIPC_QRTR_Service: client with node 1 port 794e went down
05-04 20:26:38.060 27765 27943 I FontLog : (REDACTED) Received query %s, URI %s
05-04 20:26:38.061 27765 27943 I FontLog : (REDACTED) Query [%s] resolved to %s
05-04 20:26:38.061 27765 27943 I FontLog : (REDACTED) Fetch %s end status %s
05-04 20:26:38.062 27765 27943 I FontLog : (REDACTED) Pulling font file for id = %d, cache size = %d
05-04 20:26:38.064 27765 27943 I FontLog : (REDACTED) Pulling font file for id = %d, cache size = %d
05-04 20:26:38.176  4048  4483 I QcrilOemhookMsgTunnel: [0]processOemHookIndication length=33
05-04 20:26:38.176  4048  4048 D QcrilMsgTunnelIfaceManager: handleMessage what = 5
05-04 20:26:38.176  4048  4483 I QcrilOemhookMsgTunnel: [0]processOemHookIndication length=12
05-04 20:26:38.177  4048  4048 D QcrilMsgTunnelIfaceManager: handleMessage what = 5
05-04 20:26:38.353 14671 14671 W Thread-7: type=1400 audit(0.0:529363): avc:  denied  { read } for  name="cache" dev="dm-8" ino=16 scontext=u:r:untrusted_app:s0:c120,c257,c512,c768 tcontext=u:object_r:cache_file:s0 tclass=lnk_file permissive=0 app=com.mobikwik_new
05-04 20:26:38.353 14671 14671 W Thread-7: type=1400 audit(0.0:529364): avc:  denied  { read } for  name="cache" dev="dm-8" ino=16 scontext=u:r:untrusted_app:s0:c120,c257,c512,c768 tcontext=u:object_r:cache_file:s0 tclass=lnk_file permissive=0 app=com.mobikwik_new
05-04 20:26:38.353 14671 14671 W Thread-7: type=1400 audit(0.0:529365): avc:  denied  { read } for  name="cache" dev="dm-8" ino=16 scontext=u:r:untrusted_app:s0:c120,c257,c512,c768 tcontext=u:object_r:cache_file:s0 tclass=lnk_file permissive=0 app=com.mobikwik_new
05-04 20:26:38.353 14671 14671 W Thread-7: type=1400 audit(0.0:529366): avc:  denied  { read } for  name="cache" dev="dm-8" ino=16 scontext=u:r:untrusted_app:s0:c120,c257,c512,c768 tcontext=u:object_r:cache_file:s0 tclass=lnk_file permissive=0 app=com.mobikwik_new
05-04 20:26:38.353 14671 14671 W Thread-7: type=1400 audit(0.0:529367): avc:  denied  { read } for  name="cache" dev="dm-8" ino=16 scontext=u:r:untrusted_app:s0:c120,c257,c512,c768 tcontext=u:object_r:cache_file:s0 tclass=lnk_file permissive=0 app=com.mobikwik_new
05-04 20:26:38.549  1727  1987 E minksocket: MinkIPC_QRTR_Service: client with node 1 port 7950 went down
05-04 20:26:38.550  1727  1987 E minksocket: MinkIPC_QRTR_Service: client with node 1 port 7951 went down
05-04 20:26:38.550  1727  1987 E minksocket: MinkIPC_QRTR_Service: client with node 1 port 7952 went down
05-04 20:26:38.552  1727  1987 E minksocket: MinkIPC_QRTR_Service: client with node 1 port 7953 went down
05-04 20:26:38.650  4048  4483 I QcrilOemhookMsgTunnel: [0]processOemHookIndication length=33
05-04 20:26:38.650  4048  4048 D QcrilMsgTunnelIfaceManager: handleMessage what = 5
05-04 20:26:38.650  4048  4483 I QcrilOemhookMsgTunnel: [0]processOemHookIndication length=12
05-04 20:26:38.651  4048  4048 D QcrilMsgTunnelIfaceManager: handleMessage what = 5
05-04 20:26:38.663  4048  4483 I QcrilOemhookMsgTunnel: [0]processOemHookIndication length=33
05-04 20:26:38.663  4048  4048 D QcrilMsgTunnelIfaceManager: handleMessage what = 5
05-04 20:26:38.663  4048  4483 I QcrilOemhookMsgTunnel: [0]processOemHookIndication length=12
05-04 20:26:38.664  4048  4048 D QcrilMsgTunnelIfaceManager: handleMessage what = 5
05-04 20:26:38.665  4048  4483 I QcrilOemhookMsgTunnel: [0]processOemHookIndication length=21
05-04 20:26:38.665  4048  4048 D QcrilMsgTunnelIfaceManager: handleMessage what = 0
05-04 20:26:38.667  4048  4048 D QC_RIL_OEM_HOOK: Received Broadcast Intent ACTION_UNSOL_RESPONSE_OEM_HOOK_RAW
05-04 20:26:38.667  4048  4048 D QC_RIL_OEM_HOOK: Oem ID in QCRILHOOK UNSOL RESP is QOEMHOOK
05-04 20:26:38.667  4128  4128 D QC_RIL_OEM_HOOK: Received Broadcast Intent ACTION_UNSOL_RESPONSE_OEM_HOOK_RAW
05-04 20:26:38.667  4128  4128 D QC_RIL_OEM_HOOK: Oem ID in QCRILHOOK UNSOL RESP is QOEMHOOK
05-04 20:26:38.667  4128  4128 D QC_RIL_OEM_HOOK: Received Broadcast Intent ACTION_UNSOL_RESPONSE_OEM_HOOK_RAW
05-04 20:26:38.667  4128  4128 D QC_RIL_OEM_HOOK: Oem ID in QCRILHOOK UNSOL RESP is QOEMHOOK
05-04 20:26:38.671  4043  4812 W IWlanNetworkService: 102508 > Response Processed
05-04 20:26:38.672  4048  4483 I QcrilOemhookMsgTunnel: [0]processOemHookIndication length=33
05-04 20:26:38.672  4048  4048 D QcrilMsgTunnelIfaceManager: handleMessage what = 5
05-04 20:26:38.674  2410 15387 E RIL-MOTEXT: qcrilUpdateOperator, called
05-04 20:26:38.675  4048  4483 I QcrilOemhookMsgTunnel: [0]processOemHookIndication length=12
05-04 20:26:38.675  4048  4048 D QcrilMsgTunnelIfaceManager: handleMessage what = 5
05-04 20:26:38.675  4048  4483 I QcrilOemhookMsgTunnel: [0]processOemHookIndication length=21
05-04 20:26:38.675  4048  4048 D QcrilMsgTunnelIfaceManager: handleMessage what = 0
05-04 20:26:38.676  4048  4048 D QC_RIL_OEM_HOOK: Received Broadcast Intent ACTION_UNSOL_RESPONSE_OEM_HOOK_RAW
05-04 20:26:38.676  4048  4048 D QC_RIL_OEM_HOOK: Oem ID in QCRILHOOK UNSOL RESP is QOEMHOOK
05-04 20:26:38.676  4128  4128 D QC_RIL_OEM_HOOK: Received Broadcast Intent ACTION_UNSOL_RESPONSE_OEM_HOOK_RAW
05-04 20:26:38.676  4128  4128 D QC_RIL_OEM_HOOK: Oem ID in QCRILHOOK UNSOL RESP is QOEMHOOK
05-04 20:26:38.676  4128  4128 D QC_RIL_OEM_HOOK: Received Broadcast Intent ACTION_UNSOL_RESPONSE_OEM_HOOK_RAW
05-04 20:26:38.676  4128  4128 D QC_RIL_OEM_HOOK: Oem ID in QCRILHOOK UNSOL RESP is QOEMHOOK
05-04 20:26:38.688  3827  3827 D GlobalActionsDialogLite: Service changed before actions created
05-04 20:26:38.688  3827  3827 D GlobalActionsDialogLite: Service changed before actions created
05-04 20:26:38.690  7916  8004 D HeadsetPhoneState: Enter onServiceStateChanged
05-04 20:26:38.690  3064  5857 W ContextImpl: Calling a method in the system process without a qualified user: android.app.ContextImpl.sendBroadcastMultiplePermissions:1281 android.content.Context.sendBroadcastMultiplePermissions:2476 com.android.server.TelephonyRegistry.broadcastServiceStateChanged:3597 com.android.server.TelephonyRegistry.notifyServiceStateForPhoneId:1734 com.android.internal.telephony.ITelephonyRegistry$Stub.onTransact:550 
05-04 20:26:38.690  3064  5857 W ContextImpl: Calling a method in the system process without a qualified user: android.app.ContextImpl.sendBroadcastMultiplePermissions:1314 com.android.server.TelephonyRegistry.broadcastServiceStateChanged:3602 com.android.server.TelephonyRegistry.notifyServiceStateForPhoneId:1734 com.android.internal.telephony.ITelephonyRegistry$Stub.onTransact:550 android.os.Binder.execTransactInternal:1380 
05-04 20:26:38.691  3064  5857 W ContextImpl: Calling a method in the system process without a qualified user: android.app.ContextImpl.sendBroadcastMultiplePermissions:1314 com.android.server.TelephonyRegistry.broadcastServiceStateChanged:3611 com.android.server.TelephonyRegistry.notifyServiceStateForPhoneId:1734 com.android.internal.telephony.ITelephonyRegistry$Stub.onTransact:550 android.os.Binder.execTransactInternal:1380 
05-04 20:26:38.691  3064  5857 W ContextImpl: Calling a method in the system process without a qualified user: android.app.ContextImpl.sendBroadcastMultiplePermissions:1314 com.android.server.TelephonyRegistry.broadcastServiceStateChanged:3617 com.android.server.TelephonyRegistry.notifyServiceStateForPhoneId:1734 com.android.internal.telephony.ITelephonyRegistry$Stub.onTransact:550 android.os.Binder.execTransactInternal:1380 
05-04 20:26:38.692  3827  3827 D CBR_SystemUI: CarrierLabel - : updateLabel cellMsg:  cellEnabled: true
05-04 20:26:38.692  3827  3827 D CBR_SystemUI: CarrierLabel - : updateLabel mCellBroadcastMessage Visibility: 8
05-04 20:26:38.692  3827  3827 D CBR_SystemUI: CarrierLabel - : updateLabel cellMsg:  cellEnabled: true
05-04 20:26:38.692  3827  3827 D CBR_SystemUI: CarrierLabel - : updateLabel mCellBroadcastMessage Visibility: 8
05-04 20:26:38.692  3064  3379 D ActivityManager: unfreezing ProcessRecord{1cb6b85 9276:com.google.android.cellbroadcastreceiver/u0a367}, reason = unfreezeTemporarily, adj = 925, adjType = cch-empty, adjSource = null
05-04 20:26:38.692  4128  4128 D ServiceStateProvider: subId=1
05-04 20:26:38.692  3827  3827 D StatusBarIconController: ignoring old pipeline callbacks, because the new mobile icons are enabled
05-04 20:26:38.692  3064  3379 D ActivityManager: sync unfroze 9276 com.google.android.cellbroadcastreceiver for 3
05-04 20:26:38.693  9276  9276 D CellBroadcastReceiver: onReceive Intent { act=android.intent.action.SERVICE_STATE flg=0x1000010 cmp=com.google.android.cellbroadcastreceiver/com.android.cellbroadcastreceiver.CellBroadcastReceiver (has extras) }
05-04 20:26:38.695  4043  4812 W IWlanNetworkService: 102509 > Response Processed
05-04 20:26:38.696  2410 15386 E RIL-MOTEXT: qcrilUpdateOperator, called
05-04 20:26:38.696  9276  9276 D CellBroadcastReceiver: onServiceStateChanged, ss: 0
05-04 20:26:38.696  9276  9276 D CellBroadcastReceiver: networkOperator: 40410
05-04 20:26:38.696  9276  9276 D CellBroadcastReceiver: update supported roaming operator as 
05-04 20:26:38.698  4128  4128 D Telephony: TelecomAccountTelephonyCallback: onServiceStateChanged called.
05-04 20:26:38.698  2464  3071 I qcc-trd : qdmaConnectivityInfoProvider: Into parseLTESysInfo()
05-04 20:26:38.698  4128  4128 I Telephony: TelecomAccountTelephonyCallback: onServiceStateChanged: newState=0, mServiceState=0
05-04 20:26:38.700  2410  3014 E RIL-MOTEXT: qcrilUpdRegRAT, called , rat =7
05-04 20:26:38.701  4128  4128 I Telephony: AccountEntry: isRttCurrentlySupported -- regular acct, hasVoiceAvailability: true
05-04 20:26:38.701  4128  4128 I Telephony:  isRttSupported: false
05-04 20:26:38.701  4128  4128 I Telephony:  alwaysAllowWhileRoaming: false
05-04 20:26:38.701  4128  4128 I Telephony:  isRoaming: false
05-04 20:26:38.701  4128  4128 I Telephony:  isOnWfc: false
05-04 20:26:38.701  4128  4128 I Telephony: VoiceActivationHandler: Service state is IN_SERVICE. Set voice activation state to ACTIVATED
05-04 20:26:38.702  4065  5919 I QImsService: ImsRadioIndicationAidl : onServiceDomainChanged()[SUB0]
05-04 20:26:38.702  4065  5919 I QImsService: ImsSenderRxr : [UNSL]< UNSOL_SERVICE_DOMAIN_CHANGED 3[SUB0]
05-04 20:26:38.702  4048  4483 I QcrilOemhookMsgTunnel: [0]processOemHookIndication length=16
05-04 20:26:38.703  4048  4048 D QcrilMsgTunnelIfaceManager: handleMessage what = 5
05-04 20:26:38.703  4065  4065 I QImsService: ImsRegistrationController : Message received: what = 5
05-04 20:26:38.703  4065  4065 I QImsService: ImsRegistrationController : handleSrvDomainChanged
05-04 20:26:38.705  3827  3827 D CBR_SystemUI: CarrierLabel - : updateLabel cellMsg:  cellEnabled: true
05-04 20:26:38.705  3827  3827 D CBR_SystemUI: CarrierLabel - : updateLabel mCellBroadcastMessage Visibility: 8
05-04 20:26:38.705  3827  3827 D CBR_SystemUI: CarrierLabel - : updateLabel cellMsg:  cellEnabled: true
05-04 20:26:38.705  3827  3827 D CBR_SystemUI: CarrierLabel - : updateLabel mCellBroadcastMessage Visibility: 8
05-04 20:26:38.709  4043  4812 W IWlanNetworkService: 102510 > Response Processed
05-04 20:26:38.713  4048  4483 I QcrilOemhookMsgTunnel: [0]processOemHookIndication length=21
05-04 20:26:38.713  4048  4048 D QcrilMsgTunnelIfaceManager: handleMessage what = 0
05-04 20:26:38.714  4128  4128 D QC_RIL_OEM_HOOK: Received Broadcast Intent ACTION_UNSOL_RESPONSE_OEM_HOOK_RAW
05-04 20:26:38.714  4128  4128 D QC_RIL_OEM_HOOK: Oem ID in QCRILHOOK UNSOL RESP is QOEMHOOK
05-04 20:26:38.714  4128  4128 D QC_RIL_OEM_HOOK: Received Broadcast Intent ACTION_UNSOL_RESPONSE_OEM_HOOK_RAW
05-04 20:26:38.714  4128  4128 D QC_RIL_OEM_HOOK: Oem ID in QCRILHOOK UNSOL RESP is QOEMHOOK
05-04 20:26:38.714  4048  4048 D QC_RIL_OEM_HOOK: Received Broadcast Intent ACTION_UNSOL_RESPONSE_OEM_HOOK_RAW
05-04 20:26:38.714  4048  4048 D QC_RIL_OEM_HOOK: Oem ID in QCRILHOOK UNSOL RESP is QOEMHOOK
05-04 20:26:38.714  3827  3827 D StatusBarIconController: ignoring old pipeline callbacks, because the new mobile icons are enabled
05-04 20:26:38.715  4048  4483 I QcrilOemhookMsgTunnel: [0]processOemHookIndication length=13
05-04 20:26:38.715  4048  4048 D QcrilMsgTunnelIfaceManager: handleMessage what = 5
05-04 20:26:38.715  4048  7492 D QtiRadioAidl: onNrIconTypeChange: slotId = 0NrIconType = 1
05-04 20:26:38.715  4048  7492 D QtiRadioProxy: onNrIconType slotId = 0 NrIconType = NrIconType: 1
05-04 20:26:38.715  4048  4481 D QtiRadioProxyHandler: : handleMessage msg.what = 1
05-04 20:26:38.715  4048  4481 D QtiRadioProxyHandler: : EVENT_ON_NR_ICON_TYPE
05-04 20:26:38.715  4048  4481 D ExtTelephonyServiceImpl: Retrieved callbacks for event = 20 list = [com.qti.extphone.IExtPhoneCallback$Stub$Proxy@69c6756]
05-04 20:26:38.716  4048  4481 D QtiRadioProxy: onNrIconType: Responding back for transaction = null
05-04 20:26:38.716  2410 15392 E RIL-MOTEXT: qcrilUpdateOperator, called
05-04 20:26:38.718  3827  3827 D CBR_SystemUI: CarrierLabel - : updateLabel cellMsg:  cellEnabled: true
05-04 20:26:38.719  3827  3827 D CBR_SystemUI: CarrierLabel - : updateLabel mCellBroadcastMessage Visibility: 8
05-04 20:26:38.719  3827  3827 D CBR_SystemUI: CarrierLabel - : updateLabel cellMsg:  cellEnabled: true
05-04 20:26:38.719  3827  3827 D CBR_SystemUI: CarrierLabel - : updateLabel mCellBroadcastMessage Visibility: 8
05-04 20:26:38.719  3827  3827 D StatusBarIconController: ignoring old pipeline callbacks, because the new mobile icons are enabled
05-04 20:26:38.720  3064  4875 W ContextImpl: Calling a method in the system process without a qualified user: android.app.ContextImpl.sendBroadcastMultiplePermissions:1281 android.content.Context.sendBroadcastMultiplePermissions:2476 com.android.server.TelephonyRegistry.broadcastServiceStateChanged:3597 com.android.server.TelephonyRegistry.notifyServiceStateForPhoneId:1734 com.android.internal.telephony.ITelephonyRegistry$Stub.onTransact:550 
05-04 20:26:38.720  7916  8004 D HeadsetPhoneState: Enter onServiceStateChanged
05-04 20:26:38.721  3064  4875 W ContextImpl: Calling a method in the system process without a qualified user: android.app.ContextImpl.sendBroadcastMultiplePermissions:1314 com.android.server.TelephonyRegistry.broadcastServiceStateChanged:3602 com.android.server.TelephonyRegistry.notifyServiceStateForPhoneId:1734 com.android.internal.telephony.ITelephonyRegistry$Stub.onTransact:550 android.os.Binder.execTransactInternal:1380 
05-04 20:26:38.721  3064  4875 W ContextImpl: Calling a method in the system process without a qualified user: android.app.ContextImpl.sendBroadcastMultiplePermissions:1314 com.android.server.TelephonyRegistry.broadcastServiceStateChanged:3611 com.android.server.TelephonyRegistry.notifyServiceStateForPhoneId:1734 com.android.internal.telephony.ITelephonyRegistry$Stub.onTransact:550 android.os.Binder.execTransactInternal:1380 
05-04 20:26:38.721  3827  3827 D GlobalActionsDialogLite: Service changed before actions created
05-04 20:26:38.721  3827  3827 D GlobalActionsDialogLite: Service changed before actions created
05-04 20:26:38.721  3827  3827 D CBR_SystemUI: CarrierLabel - : updateLabel cellMsg:  cellEnabled: true
05-04 20:26:38.721  3827  3827 D CBR_SystemUI: CarrierLabel - : updateLabel mCellBroadcastMessage Visibility: 8
05-04 20:26:38.721  3827  3827 D CBR_SystemUI: CarrierLabel - : updateLabel cellMsg:  cellEnabled: true
05-04 20:26:38.721  3827  3827 D CBR_SystemUI: CarrierLabel - : updateLabel mCellBroadcastMessage Visibility: 8
05-04 20:26:38.721  3064  4875 W ContextImpl: Calling a method in the system process without a qualified user: android.app.ContextImpl.sendBroadcastMultiplePermissions:1314 com.android.server.TelephonyRegistry.broadcastServiceStateChanged:3617 com.android.server.TelephonyRegistry.notifyServiceStateForPhoneId:1734 com.android.internal.telephony.ITelephonyRegistry$Stub.onTransact:550 android.os.Binder.execTransactInternal:1380 
05-04 20:26:38.722  3827  3827 D StatusBarIconController: ignoring old pipeline callbacks, because the new mobile icons are enabled
05-04 20:26:38.723  9276  9276 D CellBroadcastReceiver: onReceive Intent { act=android.intent.action.SERVICE_STATE flg=0x1000010 cmp=com.google.android.cellbroadcastreceiver/com.android.cellbroadcastreceiver.CellBroadcastReceiver (has extras) }
05-04 20:26:38.724  2410 15399 E RIL-MOTEXT: qcrilUpdateOperator, called
05-04 20:26:38.725  9276  9276 D CellBroadcastReceiver: onServiceStateChanged, ss: 0
05-04 20:26:38.725  9276  9276 D CellBroadcastReceiver: networkOperator: 40410
05-04 20:26:38.725  9276  9276 D CellBroadcastReceiver: update supported roaming operator as 
05-04 20:26:38.726  4048  4483 I QcrilOemhookMsgTunnel: [0]processOemHookIndication length=16
05-04 20:26:38.726  4048  4048 D QcrilMsgTunnelIfaceManager: handleMessage what = 5
05-04 20:26:38.728  4128  4128 D Telephony: TelecomAccountTelephonyCallback: onServiceStateChanged called.
05-04 20:26:38.728  4128  4128 I Telephony: TelecomAccountTelephonyCallback: onServiceStateChanged: newState=0, mServiceState=0
05-04 20:26:38.728  4043  4812 W IWlanNetworkService: 102512 > Response Processed
05-04 20:26:38.729  2410 15391 E RIL-MOTEXT: qcrilUpdateOperator, called
05-04 20:26:38.731  4128  4128 I Telephony: AccountEntry: isRttCurrentlySupported -- regular acct, hasVoiceAvailability: true
05-04 20:26:38.731  4128  4128 I Telephony:  isRttSupported: false
05-04 20:26:38.731  4128  4128 I Telephony:  alwaysAllowWhileRoaming: false
05-04 20:26:38.731  4128  4128 I Telephony:  isRoaming: false
05-04 20:26:38.731  4128  4128 I Telephony:  isOnWfc: false
05-04 20:26:38.731  4128  4128 I Telephony: VoiceActivationHandler: Service state is IN_SERVICE. Set voice activation state to ACTIVATED
05-04 20:26:38.733  2410 15391 E RIL-MOTEXT: qcrilUpdateOperator, called
05-04 20:26:38.735  3064  3064 D EnhancedConnectivityController: Default net onCapabilitiesChanged
05-04 20:26:38.735  3064  3064 D EnhancedConnectivityController: updateDefaultNet:650
05-04 20:26:38.735  4043  4981 D QCNEJ/WwanInfoRelay: onCapabilitiesChanged: 650 [ Transports: CELLULAR Capabilities: SUPL&FOTA&INTERNET&NOT_RESTRICTED&TRUSTED&NOT_VPN&VALIDATED&NOT_ROAMING&FOREGROUND&NOT_CONGESTED&NOT_SUSPENDED&NOT_VCN_MANAGED LinkUpBandwidth>=4366Kbps LinkDnBandwidth>=4366Kbps Specifier: <TelephonyNetworkSpecifier [mSubId = 1]> SubscriptionIds: {1} UnderlyingNetworks: Null]
05-04 20:26:38.735  5998  6251 I ModemStats: [DataStallDetectService] onCapabilitiesChanged networkCapabilities=[ Transports: CELLULAR Capabilities: SUPL&FOTA&INTERNET&NOT_RESTRICTED&TRUSTED&NOT_VPN&VALIDATED&NOT_ROAMING&FOREGROUND&NOT_CONGESTED&NOT_SUSPENDED&NOT_VCN_MANAGED LinkUpBandwidth>=4366Kbps LinkDnBandwidth>=4366Kbps Specifier: <TelephonyNetworkSpecifier [mSubId = 1]> SubscriptionIds: {1} UnderlyingNetworks: Null]
05-04 20:26:38.735  5998  6251 I ModemStats: [DataStallDetectService] onCapabilitiesChanged NET_CAPABILITY_VALIDATED=true
05-04 20:26:38.735  5998  6251 I ModemStats: [DataStallDetectService] onCapabilitiesChanged mDataStallManager.mDataStallInstance=null
05-04 20:26:38.735  5998  6251 I ModemStats: [DataStallDetectService] onCapabilitiesChanged mDataStallSmart5gManager.mDataStallInstance=null
05-04 20:26:38.736  1737  7992 I vendor.qti.bluetooth@1.0-ibs_handler: DeviceSleep: TX Awake, Sending SLEEP_IND
05-04 20:26:38.736  1737  7992 D vendor.qti.bluetooth@1.0-ibs_handler: SerialClockVote: vote for UART CLK OFF
05-04 20:26:38.736  4043  4981 I QCNEJ/WwanInfoRelay: cacheWwanInfo subId = 1 phoneId = 0 slotId = 0
05-04 20:26:38.737  4048  4483 I QcrilOemhookMsgTunnel: [0]processOemHookIndication length=33
05-04 20:26:38.737  4048  4483 I QcrilOemhookMsgTunnel: [0]processOemHookIndication length=12
05-04 20:26:38.737  4048  4048 D QcrilMsgTunnelIfaceManager: handleMessage what = 5
05-04 20:26:38.738  4048  4048 D QcrilMsgTunnelIfaceManager: handleMessage what = 5
05-04 20:26:38.738  4043  4925 D QCNEJ/NativeHalConnector: -> SND notifyDefaultNetworkChanged(0)
05-04 20:26:38.744  4043  4812 W IWlanNetworkService: 102513 > Response Processed
05-04 20:26:38.745  2410 15391 E RIL-MOTEXT: qcrilUpdateOperator, called
05-04 20:26:38.754  3827  3827 D GlobalActionsDialogLite: Service changed before actions created
05-04 20:26:38.754  3827  3827 D GlobalActionsDialogLite: Service changed before actions created
05-04 20:26:38.755  3827  3827 D CBR_SystemUI: CarrierLabel - : updateLabel cellMsg:  cellEnabled: true
05-04 20:26:38.755  3827  3827 D CBR_SystemUI: CarrierLabel - : updateLabel mCellBroadcastMessage Visibility: 8
05-04 20:26:38.755  3827  3827 D CBR_SystemUI: CarrierLabel - : updateLabel cellMsg:  cellEnabled: true
05-04 20:26:38.755  3827  3827 D CBR_SystemUI: CarrierLabel - : updateLabel mCellBroadcastMessage Visibility: 8
05-04 20:26:38.756  7916  8004 D HeadsetPhoneState: Enter onServiceStateChanged
05-04 20:26:38.756  3827  3827 D StatusBarIconController: ignoring old pipeline callbacks, because the new mobile icons are enabled
05-04 20:26:38.756  3064  5941 W ContextImpl: Calling a method in the system process without a qualified user: android.app.ContextImpl.sendBroadcastMultiplePermissions:1281 android.content.Context.sendBroadcastMultiplePermissions:2476 com.android.server.TelephonyRegistry.broadcastServiceStateChanged:3597 com.android.server.TelephonyRegistry.notifyServiceStateForPhoneId:1734 com.android.internal.telephony.ITelephonyRegistry$Stub.onTransact:550 
05-04 20:26:38.756  3064  5941 W ContextImpl: Calling a method in the system process without a qualified user: android.app.ContextImpl.sendBroadcastMultiplePermissions:1314 com.android.server.TelephonyRegistry.broadcastServiceStateChanged:3602 com.android.server.TelephonyRegistry.notifyServiceStateForPhoneId:1734 com.android.internal.telephony.ITelephonyRegistry$Stub.onTransact:550 android.os.Binder.execTransactInternal:1380 
05-04 20:26:38.757  3064  5941 W ContextImpl: Calling a method in the system process without a qualified user: android.app.ContextImpl.sendBroadcastMultiplePermissions:1314 com.android.server.TelephonyRegistry.broadcastServiceStateChanged:3611 com.android.server.TelephonyRegistry.notifyServiceStateForPhoneId:1734 com.android.internal.telephony.ITelephonyRegistry$Stub.onTransact:550 android.os.Binder.execTransactInternal:1380 
05-04 20:26:38.757  3064  5941 W ContextImpl: Calling a method in the system process without a qualified user: android.app.ContextImpl.sendBroadcastMultiplePermissions:1314 com.android.server.TelephonyRegistry.broadcastServiceStateChanged:3617 com.android.server.TelephonyRegistry.notifyServiceStateForPhoneId:1734 com.android.internal.telephony.ITelephonyRegistry$Stub.onTransact:550 android.os.Binder.execTransactInternal:1380 
05-04 20:26:38.758  4128  4128 D ServiceStateProvider: subId=1
05-04 20:26:38.759  9276  9276 D CellBroadcastReceiver: onReceive Intent { act=android.intent.action.SERVICE_STATE flg=0x1000010 cmp=com.google.android.cellbroadcastreceiver/com.android.cellbroadcastreceiver.CellBroadcastReceiver (has extras) }
05-04 20:26:38.761  4128  4128 D Telephony: TelecomAccountTelephonyCallback: onServiceStateChanged called.
05-04 20:26:38.761  4128  4128 I Telephony: TelecomAccountTelephonyCallback: onServiceStateChanged: newState=0, mServiceState=0
05-04 20:26:38.761  9276  9276 D CellBroadcastReceiver: onServiceStateChanged, ss: 0
05-04 20:26:38.761  9276  9276 D CellBroadcastReceiver: networkOperator: 40410
05-04 20:26:38.761  9276  9276 D CellBroadcastReceiver: update supported roaming operator as 
05-04 20:26:38.764  4128  4128 I Telephony: AccountEntry: isRttCurrentlySupported -- regular acct, hasVoiceAvailability: true
05-04 20:26:38.764  4128  4128 I Telephony:  isRttSupported: false
05-04 20:26:38.764  4128  4128 I Telephony:  alwaysAllowWhileRoaming: false
05-04 20:26:38.764  4128  4128 I Telephony:  isRoaming: false
05-04 20:26:38.764  4128  4128 I Telephony:  isOnWfc: false
05-04 20:26:38.764  4128  4128 I Telephony: VoiceActivationHandler: Service state is IN_SERVICE. Set voice activation state to ACTIVATED
05-04 20:26:38.790 27765 15125 I NearbyMediums: No BLE Fast/GATT advertisements found in the latest cycle.
05-04 20:26:38.790 27765 15125 I NearbyMediums: Current Tracked Scanning Clients are : {NearbyConnections.EnvironmentMonitor, NearbySharing, NearbyConnections.TxAdvertisement}
05-04 20:26:38.852  4128  4128 E PhoneInterfaceManager: queryModemActivityInfo: invalid response
05-04 20:26:38.852  4128  4128 D TelephonyManager: requestModemActivityInfo: Sending result to app: ModemActivityInfo{ mTimestamp=1305259691 mSleepTimeMs=1010907391 mIdleTimeMs=11104730 mActivityStatsTechSpecificInfo=[{mRat=UNKNOWN,mFrequencyRange=UNKNOWN,mTxTimeMs[]=[4279482, 2958812, 2914029, 3532264, 3466691],mRxTimeMs=266085987}]}
05-04 20:26:38.855  3064  3064 D EnhancedConnectivityController: Default net onCapabilitiesChanged
05-04 20:26:38.855  3064  3064 D EnhancedConnectivityController: updateDefaultNet:650
05-04 20:26:38.856  4043  4981 D QCNEJ/WwanInfoRelay: onCapabilitiesChanged: 650 [ Transports: CELLULAR Capabilities: SUPL&FOTA&INTERNET&NOT_RESTRICTED&TRUSTED&NOT_VPN&VALIDATED&NOT_ROAMING&FOREGROUND&NOT_CONGESTED&NOT_SUSPENDED&NOT_VCN_MANAGED LinkUpBandwidth>=34933Kbps LinkDnBandwidth>=81287Kbps Specifier: <TelephonyNetworkSpecifier [mSubId = 1]> SubscriptionIds: {1} UnderlyingNetworks: Null]
05-04 20:26:38.857  5998  6251 I ModemStats: [DataStallDetectService] onCapabilitiesChanged networkCapabilities=[ Transports: CELLULAR Capabilities: SUPL&FOTA&INTERNET&NOT_RESTRICTED&TRUSTED&NOT_VPN&VALIDATED&NOT_ROAMING&FOREGROUND&NOT_CONGESTED&NOT_SUSPENDED&NOT_VCN_MANAGED LinkUpBandwidth>=34933Kbps LinkDnBandwidth>=81287Kbps Specifier: <TelephonyNetworkSpecifier [mSubId = 1]> SubscriptionIds: {1} UnderlyingNetworks: Null]
05-04 20:26:38.857  5998  6251 I ModemStats: [DataStallDetectService] onCapabilitiesChanged NET_CAPABILITY_VALIDATED=true
05-04 20:26:38.857  5998  6251 I ModemStats: [DataStallDetectService] onCapabilitiesChanged mDataStallManager.mDataStallInstance=null
05-04 20:26:38.857  5998  6251 I ModemStats: [DataStallDetectService] onCapabilitiesChanged mDataStallSmart5gManager.mDataStallInstance=null
05-04 20:26:38.857  4043  4981 I QCNEJ/WwanInfoRelay: cacheWwanInfo subId = 1 phoneId = 0 slotId = 0
05-04 20:26:38.859  4043  4925 D QCNEJ/NativeHalConnector: -> SND notifyDefaultNetworkChanged(0)
05-04 20:26:38.886  4048  4483 I QcrilOemhookMsgTunnel: [0]processOemHookIndication length=33
05-04 20:26:38.887  4048  4048 D QcrilMsgTunnelIfaceManager: handleMessage what = 5
05-04 20:26:38.887  1737  7960 D vendor.qti.bluetooth@1.0-wake_lock: Release wakelock is released 
05-04 20:26:38.887  4048  4483 I QcrilOemhookMsgTunnel: [0]processOemHookIndication length=12
05-04 20:26:38.888  4048  4048 D QcrilMsgTunnelIfaceManager: handleMessage what = 5
05-04 20:26:38.909 15273 15283 W .musicpro.debug: userfaultfd: MOVE ioctl seems unsupported: Connection timed out
05-04 20:26:38.911  4043  4811 W IWlanProxy: RESP_WAKE_LOCK_TIMEOUT
05-04 20:26:39.100  1729  1729 I Diag-Router: 	 log code b825 set
05-04 20:26:39.100  1729  1729 I Diag-Router: diag: In diag_copy_dci senidng data 156 entry 0x0 buf 0x7ff3c42b90
05-04 20:26:39.102  5938  9059 D MOT_DCI : Parsed log output: {"code":47141,"slotId":0,"timestamp":1777906594619,"rrc_controller_state":"CONNECTED","connectivity_mode":"NSA","lte_band_list":[1,40],"nr5g_cell_#_active_cc":1,"nr5g_active_cc_list":[{"#":0,"cell_id":210,"dl_arfcn":630000,"ul_arfcn":630000,"band":78,"dl_carrier_bw":"100","ul_carrier_bw":"100"}]}
05-04 20:26:39.232 15273 15273 D HomeViewModel: loadHomeContent: Finished
05-04 20:26:39.361 27765 15125 I NearbySharing: Network state changed: NetworkState(isRestricted=false, isOnline=true, isCongested=false, isMetered=true, isWifiConnected=false)
05-04 20:26:39.654  1727  1987 E minksocket: MinkIPC_QRTR_Service: client with node 1 port 7954 went down
05-04 20:26:39.654  1727  1987 E minksocket: MinkIPC_QRTR_Service: client with node 1 port 7955 went down
05-04 20:26:39.655  1727  1987 E minksocket: MinkIPC_QRTR_Service: client with node 1 port 7956 went down
05-04 20:26:39.657  1727  1987 E minksocket: MinkIPC_QRTR_Service: client with node 1 port 7957 went down
05-04 20:26:40.718  3064  5941 D PowerManagerService: nativeReleaseSuspendBlocker name:PowerManagerService.WakeLocks duration ms: 0
05-04 20:26:40.754  1727  1987 E minksocket: MinkIPC_QRTR_Service: client with node 1 port 7958 went down
05-04 20:26:40.754  1727  1987 E minksocket: MinkIPC_QRTR_Service: client with node 1 port 7959 went down
05-04 20:26:40.755  1727  1987 E minksocket: MinkIPC_QRTR_Service: client with node 1 port 795a went down
05-04 20:26:40.756  1727  1987 E minksocket: MinkIPC_QRTR_Service: client with node 1 port 795b went down
05-04 20:26:41.225  3064  3519 D ActivityManager: freezing 8925 com.google.process.gservices, reason = oom_cached
05-04 20:26:41.226  3064  3519 D ActivityManager: freezing 11241 com.google.process.gapps, reason = oom_cached
05-04 20:26:41.392  3064  3733 D PowerManagerService: nativeAcquireSuspendBlocker name:PowerManagerService.WakeLocks duration ms: 1
05-04 20:26:41.410  3064  3733 D PowerManagerService: nativeReleaseSuspendBlocker name:PowerManagerService.WakeLocks duration ms: 0
05-04 20:26:41.410  4065  5919 I QImsService: VtDataUsageProvider : onSetAlert:2097152
05-04 20:26:41.411  4065  4065 I QImsService: ImsServiceClassTracker : updateAlertQuota:newQuota=2097152,Remaining=2097152
05-04 20:26:41.758  1727  1987 E minksocket: MinkIPC_QRTR_Service: client with node 1 port 794b went down
05-04 20:26:41.758  1727  1987 E minksocket: MinkIPC_QRTR_Service: client with node 1 port 794f went down
05-04 20:26:41.857  1727  1987 E minksocket: MinkIPC_QRTR_Service: client with node 1 port 795c went down
05-04 20:26:41.858  1727  1987 E minksocket: MinkIPC_QRTR_Service: client with node 1 port 795d went down
05-04 20:26:41.858  1727  1987 E minksocket: MinkIPC_QRTR_Service: client with node 1 port 795e went down
05-04 20:26:41.860  1727  1987 E minksocket: MinkIPC_QRTR_Service: client with node 1 port 795f went down
05-04 20:26:42.240  1830 10078 I QC2Comp : [avcD_1124] Stats: Pending(9) i/p-done(5) Works: Q: 28/Done 20|Work-Rate: Q(0.0/s Avg=0.0/s) Done(0.000/s Avg=0.001/s)| Stream: 30.00fps 203.8Kbps
05-04 20:26:42.240  1830 10078 I QC2Comp : [avcD_1124] Mem-usage:  [In-1D: 6 bufs 17.930 MB] [1D-2226: 16 bufs 0.250 MB] [2D-2227: 20 bufs 28.438 MB] | Total: 46.617 MB
05-04 20:26:42.274  1744  3187 E LocSvc_ApiV02: reportLocEvent:3882] Loc event report: 0 KlobucharIonoMode_valid:0: leapSec_valid:1: tauC_valid:1 featureStatusReport_valid: 0 featureStatusReport: 0
05-04 20:26:42.342  3064  3519 D ActivityManager: freezing 14671 com.mobikwik_new, reason = oom_cached
05-04 20:26:42.857  3827  3827 D StatusBarIconController: ignoring old pipeline callbacks, because the new mobile icons are enabled
05-04 20:26:42.958  1727  1987 E minksocket: MinkIPC_QRTR_Service: client with node 1 port 7960 went down
05-04 20:26:42.959  1727  1987 E minksocket: MinkIPC_QRTR_Service: client with node 1 port 7961 went down
05-04 20:26:42.960  1727  1987 E minksocket: MinkIPC_QRTR_Service: client with node 1 port 7962 went down
05-04 20:26:42.963  1727  1987 E minksocket: MinkIPC_QRTR_Service: client with node 1 port 7963 went down
05-04 20:26:43.091  3827  5569 D PowerUI : can't show warning due to - plugged: true status unknown: false
05-04 20:26:43.092  4065  4065 D QtiCarrierConfigHelper: WARNING, no carrier configs on phone Id: 1
05-04 20:26:43.092  4048  4048 D DeviceStatisticsService: onReceive: action= android.intent.action.BATTERY_CHANGED
05-04 20:26:43.092  3064  3064 V UiModeManager: updateLocked: null action, mDockState=0, category=null
05-04 20:26:43.093  3064  3064 D UiModeManager: updateConfigurationLocked: mDockState=0; mCarMode=false; mNightMode=2; mNightModeCustomType=-1; uiMode=33
05-04 20:26:43.094  4048  4048 V DeviceStatisticsService: chargerType=2 batteryLevel=94 totalBatteryCapacity=3471000
05-04 20:26:43.094  4048  4048 D DeviceInfoHidlClient: isRadioOn()=true
05-04 20:26:43.094  4048  4048 I DeviceInfoHidlClient: isPowerInfoNeverSent=false batteryLevel=94 batteryLevelIndex=4 chargingMode=2 totalCapacity=3471000 powerSaveMode=false
05-04 20:26:43.106 15273 15426 D ProfileInstaller: Installing profile for com.deepeye.musicpro.debug
05-04 20:26:43.313  1744  3187 E LocSvc_ApiV02: reportLocEvent:3882] Loc event report: 0 KlobucharIonoMode_valid:0: leapSec_valid:1: tauC_valid:1 featureStatusReport_valid: 0 featureStatusReport: 0
05-04 20:26:43.592 16948 17026 D CmdCenter: - RowBase2: sPrevModStatus: 1, modStatus: 1
05-04 20:26:43.592 16948 17026 D CmdCenter: - RowBase2: sPrevBatStatus: 2, status: 2
05-04 20:26:43.592 16948 17026 D CmdCenter: - RowBase2: sPrevChargeRate = 1, new = 1
05-04 20:26:43.592 16948 17026 D CmdCenter: - RowBase2: sPrevPlugType: 2 plugType: 2
05-04 20:26:43.629 10311 10487 I ThermalEngine: Monitor:ACTIVE:FREEZE-CHG:freeze_rule=1:DETECT-STANDBY=1
05-04 20:26:43.629 10311 10487 I ThermalEngine: ACTION: freeze_rule - Setting freeze_rule to 1
05-04 20:26:43.629 10311 10487 I ThermalEngine: Monitor:ACTIVE:OVERRIDE-CHG:internal_override=1:DETECT-STANDBY=1
05-04 20:26:43.630 10311 10487 I ThermalEngine: ACTION: override_c - Setting override_c to 1
05-04 20:26:43.630 10311 15428 I Thermal-Lib: Thermal-Lib-Client: Client request sent
05-04 20:26:43.630 10311 10485 I ThermalEngine: Thermal-Server: Thermal received msg from  freezing
05-04 20:26:43.630 10311 15427 I Thermal-Lib: Thermal-Lib-Client: Client request sent
05-04 20:26:43.631 10311 10485 I ThermalEngine: Thermal-Server: Thermal received msg from  override_c
05-04 20:26:43.860  3827  3827 D StatusBarIconController: ignoring old pipeline callbacks, because the new mobile icons are enabled
05-04 20:26:43.860  3064  4561 D PowerManagerService: nativeAcquireSuspendBlocker name:PowerManagerService.WakeLocks duration ms: 1
05-04 20:26:43.864  4128  4128 D TelephonyManager: requestModemActivityInfo: Sending result to app: ModemActivityInfo{ mTimestamp=1305265830 mSleepTimeMs=1010908309 mIdleTimeMs=11105094 mActivityStatsTechSpecificInfo=[{mRat=UNKNOWN,mFrequencyRange=UNKNOWN,mTxTimeMs[]=[4279708, 2959019, 2914125, 3532268, 3466692],mRxTimeMs=266090310}]}
05-04 20:26:43.865  3064  5857 D PowerManagerService: nativeReleaseSuspendBlocker name:PowerManagerService.WakeLocks duration ms: 0
05-04 20:26:44.259  1727  1987 E minksocket: MinkIPC_QRTR_Service: client with node 1 port 7964 went down
05-04 20:26:44.260  1727  1987 E minksocket: MinkIPC_QRTR_Service: client with node 1 port 7965 went down
05-04 20:26:44.261  1727  1987 E minksocket: MinkIPC_QRTR_Service: client with node 1 port 7966 went down
05-04 20:26:44.262  1727  1987 E minksocket: MinkIPC_QRTR_Service: client with node 1 port 7967 went down
05-04 20:26:44.321 10311 10488 I ThermalEngine: SS:ACTIVE:SS-MSM-CPU7:cpu-cluster2=0:BACK_TEMP=41076
05-04 20:26:44.330 10311 10488 I ThermalEngine: SS:ACTIVE:SS-MSM-CPU4:cpu-cluster1=0:BACK_TEMP=41061
05-04 20:26:44.338 10311 10488 I ThermalEngine: ACTION: CPU - Setting CPU[7] to 1
05-04 20:26:44.360 10311 10488 I ThermalEngine: ACTION: CPU - Setting CPU[4] to 1
05-04 20:26:44.863  3827  3827 D StatusBarIconController: ignoring old pipeline callbacks, because the new mobile icons are enabled
05-04 20:26:45.391 10311 10488 I ThermalEngine: ACTION: CPU - Setting CPU[7] to 0
05-04 20:26:45.407 10311 10488 I ThermalEngine: ACTION: CPU - Setting CPU[4] to 0
05-04 20:26:47.241  1830 10078 I QC2Comp : [avcD_1124] Stats: Pending(9) i/p-done(5) Works: Q: 28/Done 20|Work-Rate: Q(0.0/s Avg=0.0/s) Done(0.000/s Avg=0.001/s)| Stream: 30.00fps 203.8Kbps
05-04 20:26:47.241  1830 10078 I QC2Comp : [avcD_1124] Mem-usage:  [In-1D: 6 bufs 17.930 MB] [1D-2226: 16 bufs 0.250 MB] [2D-2227: 20 bufs 28.438 MB] | Total: 46.617 MB
05-04 20:26:47.428  1336 15319 I keystore2: system/security/keystore2/src/watchdog.rs:319 - Watchdog thread idle -> terminating. Have a great day.
05-04 20:26:47.843  3064  5857 W ProcessStats: Tracking association SourceState{acee65c com.google.android.gms/10192 Fgs #2043445} whose proc state 3 is better than process ProcessState{95e76ae com.android.vending/10207 pkg=com.android.vending} proc state 8 (102 skipped)
05-04 20:26:47.860  3064  3519 D ActivityManager: freezing 22768 com.whatsapp.w4b, reason = oom_cached
05-04 20:26:48.372  1727  1987 E minksocket: MinkIPC_QRTR_Service: client with node 1 port 7968 went down
05-04 20:26:48.373  1727  1987 E minksocket: MinkIPC_QRTR_Service: client with node 1 port 7969 went down
05-04 20:26:48.374  1727  1987 E minksocket: MinkIPC_QRTR_Service: client with node 1 port 796a went down
05-04 20:26:48.375  1727  1987 E minksocket: MinkIPC_QRTR_Service: client with node 1 port 796b went down
05-04 20:26:48.608  1731  3697 I slpi    : STK3A5X ALS_OC: lux:1885.095947, last_ps:0[1219], CH0:1411, CH2:181, CH4:7, AWAIT:32, ACRL:33, AGAIN:33, INT1:9, INT2:0, PS:114, LED:128, flag:65, state:7, scale:167.560,als_sel:1(0)(cnt:0)
05-04 20:26:48.767  3064  3519 D ActivityManager: freezing 9276 com.google.android.cellbroadcastreceiver, reason = oom_cached
05-04 20:26:48.792 27765 15125 I NearbyMediums: No BLE Fast/GATT advertisements found in the latest cycle.
05-04 20:26:48.792 27765 15125 I NearbyMediums: Current Tracked Scanning Clients are : {NearbyConnections.EnvironmentMonitor, NearbySharing, NearbyConnections.TxAdvertisement}
05-04 20:26:48.878  3827  3827 D StatusBarIconController: ignoring old pipeline callbacks, because the new mobile icons are enabled
05-04 20:26:49.473  1727  1987 E minksocket: MinkIPC_QRTR_Service: client with node 1 port 796c went down
05-04 20:26:49.474  1727  1987 E minksocket: MinkIPC_QRTR_Service: client with node 1 port 796d went down
05-04 20:26:49.476  1727  1987 E minksocket: MinkIPC_QRTR_Service: client with node 1 port 796e went down
05-04 20:26:49.477  1727  1987 E minksocket: MinkIPC_QRTR_Service: client with node 1 port 796f went down
05-04 20:26:49.881  3827  3827 D StatusBarIconController: ignoring old pipeline callbacks, because the new mobile icons are enabled
05-04 20:26:52.242  1830 10078 I QC2Comp : [avcD_1124] Stats: Pending(9) i/p-done(5) Works: Q: 28/Done 20|Work-Rate: Q(0.0/s Avg=0.0/s) Done(0.000/s Avg=0.001/s)| Stream: 30.00fps 203.8Kbps
05-04 20:26:52.243  1830 10078 I QC2Comp : [avcD_1124] Mem-usage:  [In-1D: 6 bufs 17.930 MB] [1D-2226: 16 bufs 0.250 MB] [2D-2227: 20 bufs 28.438 MB] | Total: 46.617 MB
05-04 20:26:53.192  1727  1987 E minksocket: MinkIPC_QRTR_Service: client with node 1 port 7970 went down
05-04 20:26:53.192  1727  1987 E minksocket: MinkIPC_QRTR_Service: client with node 1 port 7971 went down
05-04 20:26:53.193  1727  1987 E minksocket: MinkIPC_QRTR_Service: client with node 1 port 7972 went down
05-04 20:26:53.195  1727  1987 E minksocket: MinkIPC_QRTR_Service: client with node 1 port 7973 went down
05-04 20:26:53.292  1727  1987 E minksocket: MinkIPC_QRTR_Service: client with node 1 port 7974 went down
05-04 20:26:53.293  1727  1987 E minksocket: MinkIPC_QRTR_Service: client with node 1 port 7975 went down
05-04 20:26:53.295  1727  1987 E minksocket: MinkIPC_QRTR_Service: client with node 1 port 7976 went down
05-04 20:26:53.297  1727  1987 E minksocket: MinkIPC_QRTR_Service: client with node 1 port 7978 went down
05-04 20:26:53.299  1727  1987 E minksocket: MinkIPC_QRTR_Service: client with node 1 port 7979 went down
05-04 20:26:53.300  1727  1987 E minksocket: MinkIPC_QRTR_Service: client with node 1 port 797a went down
05-04 20:26:53.898  3827  3827 D StatusBarIconController: ignoring old pipeline callbacks, because the new mobile icons are enabled
05-04 20:26:53.914  3064  5857 D CompatibilityChangeReporter: Compat change id reported: 261072174; UID 10210; state: DISABLED
05-04 20:26:53.915  3064  5857 D CompatibilityChangeReporter: Compat change id reported: 261072174; UID 10376; state: ENABLED
05-04 20:26:53.915  3064  5857 I ActivityManager: Killing 6738:com.google.android.documentsui/u0a124 (adj 999, setSvc -10000): empty #31
05-04 20:26:53.922  3064  3404 I libprocessgroup: Successfully killed process cgroup uid 10124 pid 6738 in 6ms
05-04 20:26:53.952  3064  5857 I ActivityManager: appDiedLocked: app=ProcessRecord{8b4a65c 6738:com.google.android.documentsui/u0a124} thread=android.os.BinderProxy@f6579de fromBinderDied=true isKilledByAm=true reason=null
05-04 20:26:53.953  1587  1587 I Zygote  : Process 6738 exited due to signal 9 (Killed)
05-04 20:26:53.953  3064  5857 D RestartModeController: markWaitRestartAppIsSuicided null processName=com.google.android.documentsui
05-04 20:26:53.953  3064  5857 D ActivityTaskManager: handleAppDied: uid=10124,diedCount=1,lastDiedTime=737868409,forceStopUids=false
05-04 20:26:53.954  3064  3368 D DisplayManagerService: Drop pending events for gone uid 10124
05-04 20:26:54.293  1727  1987 E minksocket: MinkIPC_QRTR_Service: client with node 1 port 7977 went down
05-04 20:26:54.294  1727  1987 E minksocket: MinkIPC_QRTR_Service: client with node 1 port 797b went down
05-04 20:26:54.295  1727  1987 E minksocket: MinkIPC_QRTR_Service: client with node 1 port 797c went down
05-04 20:26:54.296  1727  1987 E minksocket: MinkIPC_QRTR_Service: client with node 1 port 797d went down
05-04 20:26:54.298  1727  1987 E minksocket: MinkIPC_QRTR_Service: client with node 1 port 797e went down
05-04 20:26:54.300  1727  1987 E minksocket: MinkIPC_QRTR_Service: client with node 1 port 797f went down
05-04 20:26:54.902  3827  3827 D StatusBarIconController: ignoring old pipeline callbacks, because the new mobile icons are enabled
05-04 20:26:56.146  1727  1987 E minksocket: MinkIPC_QRTR_Service: client with node 1 port 7980 went down
05-04 20:26:56.147  1727  1987 E minksocket: MinkIPC_QRTR_Service: client with node 1 port 7981 went down
05-04 20:26:56.148  1727  1987 E minksocket: MinkIPC_QRTR_Service: client with node 1 port 7982 went down
05-04 20:26:56.150  1727  1987 E minksocket: MinkIPC_QRTR_Service: client with node 1 port 7984 went down
05-04 20:26:56.151  1727  1987 E minksocket: MinkIPC_QRTR_Service: client with node 1 port 7985 went down
05-04 20:26:56.153  1727  1987 E minksocket: MinkIPC_QRTR_Service: client with node 1 port 7986 went down
05-04 20:26:56.157  1727  1987 E minksocket: MinkIPC_QRTR_Service: client with node 1 port 7988 went down
05-04 20:26:56.158  1727  1987 E minksocket: MinkIPC_QRTR_Service: client with node 1 port 7989 went down
05-04 20:26:56.160  1727  1987 E minksocket: MinkIPC_QRTR_Service: client with node 1 port 798a went down
05-04 20:26:56.162  1727  1987 E minksocket: MinkIPC_QRTR_Service: client with node 1 port 798b went down
05-04 20:26:56.908  3827  3827 D StatusBarIconController: ignoring old pipeline callbacks, because the new mobile icons are enabled
05-04 20:26:57.150  1727  1987 E minksocket: MinkIPC_QRTR_Service: client with node 1 port 7983 went down
05-04 20:26:57.151  1727  1987 E minksocket: MinkIPC_QRTR_Service: client with node 1 port 7987 went down
05-04 20:26:57.243  1830 10078 I QC2Comp : [avcD_1124] Stats: Pending(9) i/p-done(5) Works: Q: 28/Done 20|Work-Rate: Q(0.0/s Avg=0.0/s) Done(0.000/s Avg=0.001/s)| Stream: 30.00fps 203.8Kbps
05-04 20:26:57.243  1830 10078 I QC2Comp : [avcD_1124] Mem-usage:  [In-1D: 6 bufs 17.930 MB] [1D-2226: 16 bufs 0.250 MB] [2D-2227: 20 bufs 28.438 MB] | Total: 46.617 MB
05-04 20:26:57.247  1727  1987 E minksocket: MinkIPC_QRTR_Service: client with node 1 port 798c went down
05-04 20:26:57.248  1727  1987 E minksocket: MinkIPC_QRTR_Service: client with node 1 port 798d went down
05-04 20:26:57.249  1727  1987 E minksocket: MinkIPC_QRTR_Service: client with node 1 port 798e went down
05-04 20:26:57.250  1727  1987 E minksocket: MinkIPC_QRTR_Service: client with node 1 port 798f went down
05-04 20:26:57.911  3827  3827 D StatusBarIconController: ignoring old pipeline callbacks, because the new mobile icons are enabled
05-04 20:26:58.348  1727  1987 E minksocket: MinkIPC_QRTR_Service: client with node 1 port 7990 went down
05-04 20:26:58.349  1727  1987 E minksocket: MinkIPC_QRTR_Service: client with node 1 port 7991 went down
05-04 20:26:58.350  1727  1987 E minksocket: MinkIPC_QRTR_Service: client with node 1 port 7992 went down
05-04 20:26:58.352  1727  1987 E minksocket: MinkIPC_QRTR_Service: client with node 1 port 7993 went down
05-04 20:26:58.794 27765 15125 I NearbyMediums: No BLE Fast/GATT advertisements found in the latest cycle.
05-04 20:26:58.794 27765 15125 I NearbyMediums: Current Tracked Scanning Clients are : {NearbyConnections.EnvironmentMonitor, NearbySharing, NearbyConnections.TxAdvertisement}
05-04 20:26:58.914  3827  3827 D StatusBarIconController: ignoring old pipeline callbacks, because the new mobile icons are enabled
05-04 20:26:59.447  1727  1987 E minksocket: MinkIPC_QRTR_Service: client with node 1 port 7994 went down
05-04 20:26:59.448  1727  1987 E minksocket: MinkIPC_QRTR_Service: client with node 1 port 7995 went down
05-04 20:26:59.448  1727  1987 E minksocket: MinkIPC_QRTR_Service: client with node 1 port 7996 went down
05-04 20:26:59.451  1727  1987 E minksocket: MinkIPC_QRTR_Service: client with node 1 port 7997 went down
05-04 20:26:59.918  3827  3827 D StatusBarIconController: ignoring old pipeline callbacks, because the new mobile icons are enabled
05-04 20:27:00.003  3064  3524 D PowerManagerService: nativeAcquireSuspendBlocker name:PowerManagerService.WakeLocks duration ms: 1
05-04 20:27:00.004  3827  3827 I FolioManager: Doze enabled: true
05-04 20:27:00.004  3827  3827 D FolioManager: Use SystemUI folio UI.  isAodComponentEmpty: true  isADEnabled: true
05-04 20:27:00.004  3064  3064 D PowerManagerService: nativeReleaseSuspendBlocker name:PowerManagerService.WakeLocks duration ms: 0
05-04 20:27:00.004  3827  3827 D FolioManager: updateTime
05-04 20:27:02.243  1830 10078 I QC2Comp : [avcD_1124] Stats: Pending(9) i/p-done(5) Works: Q: 28/Done 20|Work-Rate: Q(0.0/s Avg=0.0/s) Done(0.000/s Avg=0.001/s)| Stream: 30.00fps 203.8Kbps
05-04 20:27:02.243  1830 10078 I QC2Comp : [avcD_1124] Mem-usage:  [In-1D: 6 bufs 17.930 MB] [1D-2226: 16 bufs 0.250 MB] [2D-2227: 20 bufs 28.438 MB] | Total: 46.617 MB
05-04 20:27:03.827  2464  3071 I qcc-trd : qdmaConnectivityInfoProvider: Into parseLTESysInfo()
05-04 20:27:03.827  3064  4883 D PowerManagerService: nativeAcquireSuspendBlocker name:PowerManagerService.WakeLocks duration ms: 1
05-04 20:27:03.831  4043  4812 W IWlanNetworkService: 102514 > Response Processed
05-04 20:27:03.834  3827  3827 D CBR_SystemUI: CarrierLabel - : updateLabel cellMsg:  cellEnabled: true
05-04 20:27:03.834  3827  3827 D CBR_SystemUI: CarrierLabel - : updateLabel mCellBroadcastMessage Visibility: 8
05-04 20:27:03.834  3827  3827 D CBR_SystemUI: CarrierLabel - : updateLabel cellMsg:  cellEnabled: true
05-04 20:27:03.834  3827  3827 D CBR_SystemUI: CarrierLabel - : updateLabel mCellBroadcastMessage Visibility: 8
05-04 20:27:03.834  3827  3827 D StatusBarIconController: ignoring old pipeline callbacks, because the new mobile icons are enabled
05-04 20:27:03.834  2410  3014 E RIL-MOTEXT: qcrilUpdRegRAT, called , rat =7
05-04 20:27:03.842  4065  5919 I QImsService: ImsRadioIndicationAidl : onServiceDomainChanged()[SUB0]
05-04 20:27:03.842  4065  5919 I QImsService: ImsSenderRxr : [UNSL]< UNSOL_SERVICE_DOMAIN_CHANGED 3[SUB0]
05-04 20:27:03.842  4065  4065 I QImsService: ImsRegistrationController : Message received: what = 5
05-04 20:27:03.842  4065  4065 I QImsService: ImsRegistrationController : handleSrvDomainChanged
05-04 20:27:03.843  4048  4483 I QcrilOemhookMsgTunnel: [0]processOemHookIndication length=16
05-04 20:27:03.843  4048  4048 D QcrilMsgTunnelIfaceManager: handleMessage what = 5
05-04 20:27:03.845  4043  4812 W IWlanNetworkService: 102515 > Response Processed
05-04 20:27:03.848  4048  4483 I QcrilOemhookMsgTunnel: [0]processOemHookIndication length=33
05-04 20:27:03.848  4048  4048 D QcrilMsgTunnelIfaceManager: handleMessage what = 5
05-04 20:27:03.850  2410 15455 E RIL-MOTEXT: qcrilUpdateOperator, called
05-04 20:27:03.851  4048  4483 I QcrilOemhookMsgTunnel: [0]processOemHookIndication length=12
05-04 20:27:03.851  4048  4048 D QcrilMsgTunnelIfaceManager: handleMessage what = 5
05-04 20:27:03.861  4043  4812 W IWlanNetworkService: 102516 > Response Processed
05-04 20:27:03.864  2410 15455 E RIL-MOTEXT: qcrilUpdateOperator, called
05-04 20:27:03.870  3827  3827 D StatusBarIconController: ignoring old pipeline callbacks, because the new mobile icons are enabled
05-04 20:27:03.873  4048  7492 D QtiRadioAidl: onNrIconTypeChange: slotId = 0NrIconType = 1
05-04 20:27:03.873  4048  7492 D QtiRadioProxy: onNrIconType slotId = 0 NrIconType = NrIconType: 1
05-04 20:27:03.873  4048  4481 D QtiRadioProxyHandler: : handleMessage msg.what = 1
05-04 20:27:03.873  4048  4481 D QtiRadioProxyHandler: : EVENT_ON_NR_ICON_TYPE
05-04 20:27:03.873  4048  4481 D ExtTelephonyServiceImpl: Retrieved callbacks for event = 20 list = [com.qti.extphone.IExtPhoneCallback$Stub$Proxy@69c6756]
05-04 20:27:03.873  4048  4481 D QtiRadioProxy: onNrIconType: Responding back for transaction = null
05-04 20:27:03.876  4043  4812 W IWlanNetworkService: 102518 > Response Processed
05-04 20:27:03.876  4048  4483 I QcrilOemhookMsgTunnel: [0]processOemHookIndication length=21
05-04 20:27:03.876  4048  4048 D QcrilMsgTunnelIfaceManager: handleMessage what = 0
05-04 20:27:03.877  4048  4048 D QC_RIL_OEM_HOOK: Received Broadcast Intent ACTION_UNSOL_RESPONSE_OEM_HOOK_RAW
05-04 20:27:03.877  4048  4048 D QC_RIL_OEM_HOOK: Oem ID in QCRILHOOK UNSOL RESP is QOEMHOOK
05-04 20:27:03.879  3827  3827 D GlobalActionsDialogLite: Service changed before actions created
05-04 20:27:03.879  3827  3827 D GlobalActionsDialogLite: Service changed before actions created
05-04 20:27:03.881  7916  8004 D HeadsetPhoneState: Enter onServiceStateChanged
05-04 20:27:03.882  3064  5857 W ContextImpl: Calling a method in the system process without a qualified user: android.app.ContextImpl.sendBroadcastMultiplePermissions:1281 android.content.Context.sendBroadcastMultiplePermissions:2476 com.android.server.TelephonyRegistry.broadcastServiceStateChanged:3597 com.android.server.TelephonyRegistry.notifyServiceStateForPhoneId:1734 com.android.internal.telephony.ITelephonyRegistry$Stub.onTransact:550 
05-04 20:27:03.882  3064  5857 W ContextImpl: Calling a method in the system process without a qualified user: android.app.ContextImpl.sendBroadcastMultiplePermissions:1314 com.android.server.TelephonyRegistry.broadcastServiceStateChanged:3602 com.android.server.TelephonyRegistry.notifyServiceStateForPhoneId:1734 com.android.internal.telephony.ITelephonyRegistry$Stub.onTransact:550 android.os.Binder.execTransactInternal:1380 
05-04 20:27:03.883  3064  5857 W ContextImpl: Calling a method in the system process without a qualified user: android.app.ContextImpl.sendBroadcastMultiplePermissions:1314 com.android.server.TelephonyRegistry.broadcastServiceStateChanged:3611 com.android.server.TelephonyRegistry.notifyServiceStateForPhoneId:1734 com.android.internal.telephony.ITelephonyRegistry$Stub.onTransact:550 android.os.Binder.execTransactInternal:1380 
05-04 20:27:03.883  3827  3827 D CBR_SystemUI: CarrierLabel - : updateLabel cellMsg:  cellEnabled: true
05-04 20:27:03.883  3827  3827 D CBR_SystemUI: CarrierLabel - : updateLabel mCellBroadcastMessage Visibility: 8
05-04 20:27:03.883  3064  5857 W ContextImpl: Calling a method in the system process without a qualified user: android.app.ContextImpl.sendBroadcastMultiplePermissions:1314 com.android.server.TelephonyRegistry.broadcastServiceStateChanged:3617 com.android.server.TelephonyRegistry.notifyServiceStateForPhoneId:1734 com.android.internal.telephony.ITelephonyRegistry$Stub.onTransact:550 android.os.Binder.execTransactInternal:1380 
05-04 20:27:03.883  3827  3827 D CBR_SystemUI: CarrierLabel - : updateLabel cellMsg:  cellEnabled: true
05-04 20:27:03.883  3827  3827 D CBR_SystemUI: CarrierLabel - : updateLabel mCellBroadcastMessage Visibility: 8
05-04 20:27:03.884  3064  3379 D ActivityManager: unfreezing ProcessRecord{1cb6b85 9276:com.google.android.cellbroadcastreceiver/u0a367}, reason = unfreezeTemporarily, adj = 925, adjType = cch-empty, adjSource = null
05-04 20:27:03.884  3064  3379 D ActivityManager: sync unfroze 9276 com.google.android.cellbroadcastreceiver for 3
05-04 20:27:03.884  4128  4128 D QC_RIL_OEM_HOOK: Received Broadcast Intent ACTION_UNSOL_RESPONSE_OEM_HOOK_RAW
05-04 20:27:03.884  4128  4128 D QC_RIL_OEM_HOOK: Oem ID in QCRILHOOK UNSOL RESP is QOEMHOOK
05-04 20:27:03.884  4128  4128 D QC_RIL_OEM_HOOK: Received Broadcast Intent ACTION_UNSOL_RESPONSE_OEM_HOOK_RAW
05-04 20:27:03.884  3827  3827 D StatusBarIconController: ignoring old pipeline callbacks, because the new mobile icons are enabled
05-04 20:27:03.884  4128  4128 D QC_RIL_OEM_HOOK: Oem ID in QCRILHOOK UNSOL RESP is QOEMHOOK
05-04 20:27:03.885  4048  4483 I QcrilOemhookMsgTunnel: [0]processOemHookIndication length=13
05-04 20:27:03.885  4128  4128 D Telephony: TelecomAccountTelephonyCallback: onServiceStateChanged called.
05-04 20:27:03.885  4128  4128 I Telephony: TelecomAccountTelephonyCallback: onServiceStateChanged: newState=0, mServiceState=0
05-04 20:27:03.885  4048  4048 D QcrilMsgTunnelIfaceManager: handleMessage what = 5
05-04 20:27:03.885  9276  9276 D CellBroadcastReceiver: onReceive Intent { act=android.intent.action.SERVICE_STATE flg=0x1000010 cmp=com.google.android.cellbroadcastreceiver/com.android.cellbroadcastreceiver.CellBroadcastReceiver (has extras) }
05-04 20:27:03.886  4048  4483 I QcrilOemhookMsgTunnel: [0]processOemHookIndication length=16
05-04 20:27:03.886  4048  4048 D QcrilMsgTunnelIfaceManager: handleMessage what = 5
05-04 20:27:03.887  9276  9276 D CellBroadcastReceiver: onServiceStateChanged, ss: 0
05-04 20:27:03.887  9276  9276 D CellBroadcastReceiver: networkOperator: 40410
05-04 20:27:03.888  9276  9276 D CellBroadcastReceiver: update supported roaming operator as 
05-04 20:27:03.889  4128  4128 I Telephony: AccountEntry: isRttCurrentlySupported -- regular acct, hasVoiceAvailability: true
05-04 20:27:03.889  4128  4128 I Telephony:  isRttSupported: false
05-04 20:27:03.889  4128  4128 I Telephony:  alwaysAllowWhileRoaming: false
05-04 20:27:03.889  4128  4128 I Telephony:  isRoaming: false
05-04 20:27:03.889  4128  4128 I Telephony:  isOnWfc: false
05-04 20:27:03.889  4128  4128 I Telephony: VoiceActivationHandler: Service state is IN_SERVICE. Set voice activation state to ACTIVATED
05-04 20:27:03.893  3064  3064 D EnhancedConnectivityController: Default net onCapabilitiesChanged
05-04 20:27:03.893  3064  3064 D EnhancedConnectivityController: updateDefaultNet:650
05-04 20:27:03.894  4043  4981 D QCNEJ/WwanInfoRelay: onCapabilitiesChanged: 650 [ Transports: CELLULAR Capabilities: SUPL&FOTA&INTERNET&NOT_RESTRICTED&TRUSTED&NOT_VPN&VALIDATED&NOT_ROAMING&FOREGROUND&NOT_CONGESTED&NOT_SUSPENDED&NOT_VCN_MANAGED LinkUpBandwidth>=10812Kbps LinkDnBandwidth>=40410Kbps Specifier: <TelephonyNetworkSpecifier [mSubId = 1]> SubscriptionIds: {1} UnderlyingNetworks: Null]
05-04 20:27:03.894  5998  6251 I ModemStats: [DataStallDetectService] onCapabilitiesChanged networkCapabilities=[ Transports: CELLULAR Capabilities: SUPL&FOTA&INTERNET&NOT_RESTRICTED&TRUSTED&NOT_VPN&VALIDATED&NOT_ROAMING&FOREGROUND&NOT_CONGESTED&NOT_SUSPENDED&NOT_VCN_MANAGED LinkUpBandwidth>=10812Kbps LinkDnBandwidth>=40410Kbps Specifier: <TelephonyNetworkSpecifier [mSubId = 1]> SubscriptionIds: {1} UnderlyingNetworks: Null]
05-04 20:27:03.894  5998  6251 I ModemStats: [DataStallDetectService] onCapabilitiesChanged NET_CAPABILITY_VALIDATED=true
05-04 20:27:03.894  5998  6251 I ModemStats: [DataStallDetectService] onCapabilitiesChanged mDataStallManager.mDataStallInstance=null
05-04 20:27:03.894  5998  6251 I ModemStats: [DataStallDetectService] onCapabilitiesChanged mDataStallSmart5gManager.mDataStallInstance=null
05-04 20:27:03.896  2410 15465 E RIL-MOTEXT: qcrilUpdateOperator, called
05-04 20:27:03.897  4043  4981 I QCNEJ/WwanInfoRelay: cacheWwanInfo subId = 1 phoneId = 0 slotId = 0
05-04 20:27:03.898  4043  4925 D QCNEJ/NativeHalConnector: -> SND notifyDefaultNetworkChanged(0)
05-04 20:27:03.901  4043  4812 W IWlanNetworkService: 102519 > Response Processed
05-04 20:27:03.904  2410 15464 E RIL-MOTEXT: qcrilUpdateOperator, called
05-04 20:27:04.072  4043  4811 W IWlanProxy: RESP_WAKE_LOCK_TIMEOUT
05-04 20:27:04.085  3064  4512 D PowerManagerService: nativeReleaseSuspendBlocker name:PowerManagerService.WakeLocks duration ms: 1
05-04 20:27:04.364  1729  1729 I Diag-Router: 	 log code b825 set
05-04 20:27:04.365  1729  1729 I Diag-Router: diag: In diag_copy_dci senidng data 111 entry 0x0 buf 0x7ff3c42b90
05-04 20:27:04.367  5938  9059 D MOT_DCI : Parsed log output: {"code":47141,"slotId":0,"timestamp":1777906619779,"rrc_controller_state":"IDLE","connectivity_mode":"NSA","lte_band_list":[1,40],"nr5g_cell_#_active_cc":0}
05-04 20:27:04.400 27765 15125 I NearbySharing: Network state changed: NetworkState(isRestricted=false, isOnline=true, isCongested=false, isMetered=true, isWifiConnected=false)
05-04 20:27:07.244  1830 10078 I QC2Comp : [avcD_1124] Stats: Pending(9) i/p-done(5) Works: Q: 28/Done 20|Work-Rate: Q(0.0/s Avg=0.0/s) Done(0.000/s Avg=0.001/s)| Stream: 30.00fps 203.8Kbps
05-04 20:27:07.244  1830 10078 I QC2Comp : [avcD_1124] Mem-usage:  [In-1D: 6 bufs 17.930 MB] [1D-2226: 16 bufs 0.250 MB] [2D-2227: 20 bufs 28.438 MB] | Total: 46.617 MB
05-04 20:27:07.579  2313  2313 I CNSS    : cnss_open_log_file: directory /data/vendor/wifi/wlan_logs/ created
05-04 20:27:08.795 27765 15125 I NearbyMediums: No BLE Fast/GATT advertisements found in the latest cycle.
05-04 20:27:08.795 27765 15125 I NearbyMediums: Current Tracked Scanning Clients are : {NearbyConnections.EnvironmentMonitor, NearbySharing, NearbyConnections.TxAdvertisement}
05-04 20:27:11.664 10311 10487 I ThermalEngine: ACTION: freeze_rule - Setting freeze_rule to 0
05-04 20:27:11.664 10311 10485 I ThermalEngine: Thermal-Server: Thermal received msg from  freezing
05-04 20:27:11.664 10311 10487 I ThermalEngine: Monitor:INACTIVE:FREEZE-CHG:freeze_rule=1:DETECT-STANDBY=0
05-04 20:27:11.664 10311 15474 I Thermal-Lib: Thermal-Lib-Client: Client request sent
05-04 20:27:11.665 10311 10487 I ThermalEngine: ACTION: override_c - Setting override_c to 0
05-04 20:27:11.665 10311 10485 I ThermalEngine: Thermal-Server: Thermal received msg from  override_c
05-04 20:27:11.665 10311 10487 I ThermalEngine: Monitor:INACTIVE:OVERRIDE-CHG:internal_override=1:DETECT-STANDBY=0
05-04 20:27:11.665 10311 15475 I Thermal-Lib: Thermal-Lib-Client: Client request sent
05-04 20:27:11.666 10311 10487 I ThermalEngine: Monitor:ACTIVE:MON-MSM-charge:battery=6:CHG-SENSORS=42758
05-04 20:27:12.244  1830 10078 I QC2Comp : [avcD_1124] Stats: Pending(9) i/p-done(5) Works: Q: 28/Done 20|Work-Rate: Q(0.0/s Avg=0.0/s) Done(0.000/s Avg=0.001/s)| Stream: 30.00fps 203.8Kbps
05-04 20:27:12.245  1830 10078 I QC2Comp : [avcD_1124] Mem-usage:  [In-1D: 6 bufs 17.930 MB] [1D-2226: 16 bufs 0.250 MB] [2D-2227: 20 bufs 28.438 MB] | Total: 46.617 MB
05-04 20:27:12.665 10311 10487 I ThermalEngine: Monitor:ACTIVE:FREEZE-CHG:freeze_rule=1:DETECT-STANDBY=1
05-04 20:27:12.665 10311 10487 I ThermalEngine: ACTION: freeze_rule - Setting freeze_rule to 1
05-04 20:27:12.666 10311 10485 I ThermalEngine: Thermal-Server: Thermal received msg from  freezing
05-04 20:27:12.666 10311 15477 I Thermal-Lib: Thermal-Lib-Client: Client request sent
05-04 20:27:12.667 10311 10487 I ThermalEngine: Monitor:ACTIVE:OVERRIDE-CHG:internal_override=1:DETECT-STANDBY=1
05-04 20:27:12.667 10311 10487 I ThermalEngine: ACTION: override_c - Setting override_c to 1
05-04 20:27:12.667 10311 10485 I ThermalEngine: Thermal-Server: Thermal received msg from  override_c
05-04 20:27:12.667 10311 15478 I Thermal-Lib: Thermal-Lib-Client: Client request sent
05-04 20:27:13.531  3064  4512 D CompatibilityChangeReporter: Compat change id reported: 197654537; UID 10502; state: ENABLED
05-04 20:27:13.666 10311 10487 I ThermalEngine: ACTION: freeze_rule - Setting freeze_rule to 0
05-04 20:27:13.667 10311 10485 I ThermalEngine: Thermal-Server: Thermal received msg from  freezing
05-04 20:27:13.667 10311 10487 I ThermalEngine: Monitor:INACTIVE:FREEZE-CHG:freeze_rule=1:DETECT-STANDBY=0
05-04 20:27:13.667 10311 15479 I Thermal-Lib: Thermal-Lib-Client: Client request sent
05-04 20:27:13.667 10311 10487 I ThermalEngine: ACTION: override_c - Setting override_c to 0
05-04 20:27:13.667 10311 10485 I ThermalEngine: Thermal-Server: Thermal received msg from  override_c
05-04 20:27:13.667 10311 10487 I ThermalEngine: Monitor:INACTIVE:OVERRIDE-CHG:internal_override=1:DETECT-STANDBY=0
05-04 20:27:13.667 10311 15480 I Thermal-Lib: Thermal-Lib-Client: Client request sent
05-04 20:27:13.669 10311 10487 I ThermalEngine: Monitor:ACTIVE:MON-MSM-charge:battery=6:CHG-SENSORS=42725
05-04 20:27:13.908  3064  3519 D ActivityManager: freezing 9276 com.google.android.cellbroadcastreceiver, reason = oom_cached
05-04 20:27:14.667 10311 10487 I ThermalEngine: Monitor:ACTIVE:FREEZE-CHG:freeze_rule=1:DETECT-STANDBY=1
05-04 20:27:14.668 10311 10487 I ThermalEngine: ACTION: freeze_rule - Setting freeze_rule to 1
05-04 20:27:14.668 10311 10487 I ThermalEngine: Monitor:ACTIVE:OVERRIDE-CHG:internal_override=1:DETECT-STANDBY=1
05-04 20:27:14.668 10311 10485 I ThermalEngine: Thermal-Server: Thermal received msg from  freezing
05-04 20:27:14.668 10311 15485 I Thermal-Lib: Thermal-Lib-Client: Client request sent
05-04 20:27:14.668 10311 10487 I ThermalEngine: ACTION: override_c - Setting override_c to 1
05-04 20:27:14.668 10311 15486 I Thermal-Lib: Thermal-Lib-Client: Client request sent
05-04 20:27:14.669 10311 10485 I ThermalEngine: Thermal-Server: Thermal received msg from  override_c
05-04 20:27:15.168  3064  3798 D MotoSxfService: unknown touch type
05-04 20:27:16.241  4048  4483 I QcrilOemhookMsgTunnel: [0]processOemHookIndication length=33
05-04 20:27:16.241  4048  4048 D QcrilMsgTunnelIfaceManager: handleMessage what = 5
05-04 20:27:16.242  4048  4483 I QcrilOemhookMsgTunnel: [0]processOemHookIndication length=12
05-04 20:27:16.242  4048  4048 D QcrilMsgTunnelIfaceManager: handleMessage what = 5
05-04 20:27:16.243  4048  4483 I QcrilOemhookMsgTunnel: [0]processOemHookIndication length=21
05-04 20:27:16.243  4048  4048 D QcrilMsgTunnelIfaceManager: handleMessage what = 0
05-04 20:27:16.244  4048  4048 D QC_RIL_OEM_HOOK: Received Broadcast Intent ACTION_UNSOL_RESPONSE_OEM_HOOK_RAW
05-04 20:27:16.244  4048  4048 D QC_RIL_OEM_HOOK: Oem ID in QCRILHOOK UNSOL RESP is QOEMHOOK
05-04 20:27:16.244  4128  4128 D QC_RIL_OEM_HOOK: Received Broadcast Intent ACTION_UNSOL_RESPONSE_OEM_HOOK_RAW
05-04 20:27:16.244  4128  4128 D QC_RIL_OEM_HOOK: Oem ID in QCRILHOOK UNSOL RESP is QOEMHOOK
05-04 20:27:16.244  4128  4128 D QC_RIL_OEM_HOOK: Received Broadcast Intent ACTION_UNSOL_RESPONSE_OEM_HOOK_RAW
05-04 20:27:16.244  4128  4128 D QC_RIL_OEM_HOOK: Oem ID in QCRILHOOK UNSOL RESP is QOEMHOOK
05-04 20:27:16.250  3064  9177 D PowerManagerService: nativeAcquireSuspendBlocker name:PowerManagerService.WakeLocks duration ms: 1
05-04 20:27:16.255  4043  4812 W IWlanNetworkService: 102520 > Response Processed
05-04 20:27:16.262  2410 15497 E RIL-MOTEXT: qcrilUpdateOperator, called
05-04 20:27:16.263  3827  3827 D GlobalActionsDialogLite: Service changed before actions created
05-04 20:27:16.263  3827  3827 D GlobalActionsDialogLite: Service changed before actions created
05-04 20:27:16.265  3827  3827 D CBR_SystemUI: CarrierLabel - : updateLabel cellMsg:  cellEnabled: true
05-04 20:27:16.265  3827  3827 D CBR_SystemUI: CarrierLabel - : updateLabel mCellBroadcastMessage Visibility: 8
05-04 20:27:16.265  3827  3827 D CBR_SystemUI: CarrierLabel - : updateLabel cellMsg:  cellEnabled: true
05-04 20:27:16.265  3827  3827 D CBR_SystemUI: CarrierLabel - : updateLabel mCellBroadcastMessage Visibility: 8
05-04 20:27:16.266  3827  3827 D StatusBarIconController: ignoring old pipeline callbacks, because the new mobile icons are enabled
05-04 20:27:16.267  4048  4483 I QcrilOemhookMsgTunnel: [0]processOemHookIndication length=33
05-04 20:27:16.267  4048  4048 D QcrilMsgTunnelIfaceManager: handleMessage what = 5
05-04 20:27:16.267  7916  8004 D HeadsetPhoneState: Enter onServiceStateChanged
05-04 20:27:16.267  3064  9177 W ContextImpl: Calling a method in the system process without a qualified user: android.app.ContextImpl.sendBroadcastMultiplePermissions:1281 android.content.Context.sendBroadcastMultiplePermissions:2476 com.android.server.TelephonyRegistry.broadcastServiceStateChanged:3597 com.android.server.TelephonyRegistry.notifyServiceStateForPhoneId:1734 com.android.internal.telephony.ITelephonyRegistry$Stub.onTransact:550 
05-04 20:27:16.267  4048  4483 I QcrilOemhookMsgTunnel: [0]processOemHookIndication length=12
05-04 20:27:16.268  3064  9177 W ContextImpl: Calling a method in the system process without a qualified user: android.app.ContextImpl.sendBroadcastMultiplePermissions:1314 com.android.server.TelephonyRegistry.broadcastServiceStateChanged:3602 com.android.server.TelephonyRegistry.notifyServiceStateForPhoneId:1734 com.android.internal.telephony.ITelephonyRegistry$Stub.onTransact:550 android.os.Binder.execTransactInternal:1380 
05-04 20:27:16.268  4048  4048 D QcrilMsgTunnelIfaceManager: handleMessage what = 5
05-04 20:27:16.268  3064  9177 W ContextImpl: Calling a method in the system process without a qualified user: android.app.ContextImpl.sendBroadcastMultiplePermissions:1314 com.android.server.TelephonyRegistry.broadcastServiceStateChanged:3611 com.android.server.TelephonyRegistry.notifyServiceStateForPhoneId:1734 com.android.internal.telephony.ITelephonyRegistry$Stub.onTransact:550 android.os.Binder.execTransactInternal:1380 
05-04 20:27:16.269  3064  9177 W ContextImpl: Calling a method in the system process without a qualified user: android.app.ContextImpl.sendBroadcastMultiplePermissions:1314 com.android.server.TelephonyRegistry.broadcastServiceStateChanged:3617 com.android.server.TelephonyRegistry.notifyServiceStateForPhoneId:1734 com.android.internal.telephony.ITelephonyRegistry$Stub.onTransact:550 android.os.Binder.execTransactInternal:1380 
05-04 20:27:16.269  3064  3379 D ActivityManager: unfreezing ProcessRecord{1cb6b85 9276:com.google.android.cellbroadcastreceiver/u0a367}, reason = unfreezeTemporarily, adj = 925, adjType = cch-empty, adjSource = null
05-04 20:27:16.270  3064  3379 D ActivityManager: sync unfroze 9276 com.google.android.cellbroadcastreceiver for 3
05-04 20:27:16.271  9276  9276 D CellBroadcastReceiver: onReceive Intent { act=android.intent.action.SERVICE_STATE flg=0x1000010 cmp=com.google.android.cellbroadcastreceiver/com.android.cellbroadcastreceiver.CellBroadcastReceiver (has extras) }
05-04 20:27:16.272  4128  4128 D Telephony: TelecomAccountTelephonyCallback: onServiceStateChanged called.
05-04 20:27:16.272  4128  4128 I Telephony: TelecomAccountTelephonyCallback: onServiceStateChanged: newState=0, mServiceState=0
05-04 20:27:16.273  3827  3827 D StatusBarIconController: ignoring old pipeline callbacks, because the new mobile icons are enabled
05-04 20:27:16.273  9276  9276 D CellBroadcastReceiver: onServiceStateChanged, ss: 0
05-04 20:27:16.273  9276  9276 D CellBroadcastReceiver: networkOperator: 40410
05-04 20:27:16.273  9276  9276 D CellBroadcastReceiver: update supported roaming operator as 
05-04 20:27:16.276  4128  4128 I Telephony: AccountEntry: isRttCurrentlySupported -- regular acct, hasVoiceAvailability: true
05-04 20:27:16.276  4128  4128 I Telephony:  isRttSupported: false
05-04 20:27:16.276  4128  4128 I Telephony:  alwaysAllowWhileRoaming: false
05-04 20:27:16.276  4128  4128 I Telephony:  isRoaming: false
05-04 20:27:16.276  4128  4128 I Telephony:  isOnWfc: false
05-04 20:27:16.276  4128  4128 I Telephony: VoiceActivationHandler: Service state is IN_SERVICE. Set voice activation state to ACTIVATED
05-04 20:27:16.387  4048  4483 I QcrilOemhookMsgTunnel: [0]processOemHookIndication length=33
05-04 20:27:16.387  4048  4048 D QcrilMsgTunnelIfaceManager: handleMessage what = 5
05-04 20:27:16.388  4048  4483 I QcrilOemhookMsgTunnel: [0]processOemHookIndication length=12
05-04 20:27:16.388  4048  4048 D QcrilMsgTunnelIfaceManager: handleMessage what = 5
05-04 20:27:16.452  3064  3851 D PowerManagerService: nativeReleaseSuspendBlocker name:PowerManagerService.WakeLocks duration ms: 0
05-04 20:27:16.506  1727  1987 E minksocket: MinkIPC_QRTR_Service: client with node 1 port 7998 went down
05-04 20:27:16.507  1727  1987 E minksocket: MinkIPC_QRTR_Service: client with node 1 port 7999 went down
05-04 20:27:16.507  1727  1987 E minksocket: MinkIPC_QRTR_Service: client with node 1 port 799a went down
05-04 20:27:16.510  1727  1987 E minksocket: MinkIPC_QRTR_Service: client with node 1 port 799c went down
05-04 20:27:16.511  1727  1987 E minksocket: MinkIPC_QRTR_Service: client with node 1 port 799d went down
05-04 20:27:16.513  1727  1987 E minksocket: MinkIPC_QRTR_Service: client with node 1 port 799e went down
05-04 20:27:16.607  1727  1987 E minksocket: MinkIPC_QRTR_Service: client with node 1 port 79a0 went down
05-04 20:27:16.608  1727  1987 E minksocket: MinkIPC_QRTR_Service: client with node 1 port 79a1 went down
05-04 20:27:16.609  1727  1987 E minksocket: MinkIPC_QRTR_Service: client with node 1 port 79a2 went down
05-04 20:27:16.610  1727  1987 E minksocket: MinkIPC_QRTR_Service: client with node 1 port 79a3 went down
05-04 20:27:16.690  1585  1691 E NetlinkEvent: NetlinkEvent::FindParam(): Parameter 'INTERFACE' not found
05-04 20:27:16.690  1585  1691 E NetlinkEvent: NetlinkEvent::FindParam(): Parameter 'STATE' not found
05-04 20:27:16.690  1585  1691 E NetlinkEvent: NetlinkEvent::FindParam(): Parameter 'TIME_NS' not found
05-04 20:27:16.690  1585  1691 E NetlinkEvent: NetlinkEvent::FindParam(): Parameter 'UID' not found
05-04 20:27:16.974  3827  3827 D StatusBarIconController: ignoring old pipeline callbacks, because the new mobile icons are enabled
05-04 20:27:17.233  1731  3697 I slpi    : STK3A5X ALS_OC: lux:2120.231934, last_ps:0[1219], CH0:1587, CH2:203, CH4:8, AWAIT:32, ACRL:33, AGAIN:33, INT1:9, INT2:0, PS:114, LED:128, flag:65, state:7, scale:167.560,als_sel:1(0)(cnt:0)
05-04 20:27:17.245  1830 10078 I QC2Comp : [avcD_1124] Stats: Pending(9) i/p-done(5) Works: Q: 28/Done 20|Work-Rate: Q(0.0/s Avg=0.0/s) Done(0.000/s Avg=0.001/s)| Stream: 30.00fps 203.8Kbps
05-04 20:27:17.245  1830 10078 I QC2Comp : [avcD_1124] Mem-usage:  [In-1D: 6 bufs 17.930 MB] [1D-2226: 16 bufs 0.250 MB] [2D-2227: 20 bufs 28.438 MB] | Total: 46.617 MB
05-04 20:27:17.709  1727  1987 E minksocket: MinkIPC_QRTR_Service: client with node 1 port 799b went down
05-04 20:27:17.709  1727  1987 E minksocket: MinkIPC_QRTR_Service: client with node 1 port 799f went down
05-04 20:27:17.711  1727  1987 E minksocket: MinkIPC_QRTR_Service: client with node 1 port 79a4 went down
05-04 20:27:17.712  1727  1987 E minksocket: MinkIPC_QRTR_Service: client with node 1 port 79a5 went down
05-04 20:27:17.713  1727  1987 E minksocket: MinkIPC_QRTR_Service: client with node 1 port 79a6 went down
05-04 20:27:17.715  1727  1987 E minksocket: MinkIPC_QRTR_Service: client with node 1 port 79a7 went down
05-04 20:27:17.977  3827  3827 D StatusBarIconController: ignoring old pipeline callbacks, because the new mobile icons are enabled
05-04 20:27:18.797 27765 15125 I NearbyMediums: No BLE Fast/GATT advertisements found in the latest cycle.
05-04 20:27:18.798 27765 15125 I NearbyMediums: Current Tracked Scanning Clients are : {NearbyConnections.EnvironmentMonitor, NearbySharing, NearbyConnections.TxAdvertisement}
05-04 20:27:18.982  3827  3827 D StatusBarIconController: ignoring old pipeline callbacks, because the new mobile icons are enabled
05-04 20:27:19.228  1727  1987 E minksocket: MinkIPC_QRTR_Service: client with node 1 port 79a8 went down
05-04 20:27:19.229  1727  1987 E minksocket: MinkIPC_QRTR_Service: client with node 1 port 79a9 went down
05-04 20:27:19.230  1727  1987 E minksocket: MinkIPC_QRTR_Service: client with node 1 port 79aa went down
05-04 20:27:19.232  1727  1987 E minksocket: MinkIPC_QRTR_Service: client with node 1 port 79ab went down
05-04 20:27:19.986  3827  3827 D StatusBarIconController: ignoring old pipeline callbacks, because the new mobile icons are enabled
05-04 20:27:20.327  1727  1987 E minksocket: MinkIPC_QRTR_Service: client with node 1 port 79ac went down
05-04 20:27:20.328  1727  1987 E minksocket: MinkIPC_QRTR_Service: client with node 1 port 79ad went down
05-04 20:27:20.329  1727  1987 E minksocket: MinkIPC_QRTR_Service: client with node 1 port 79ae went down
05-04 20:27:20.331  1727  1987 E minksocket: MinkIPC_QRTR_Service: client with node 1 port 79af went down
05-04 20:27:20.366  1731  3697 I slpi    : STK3A5X ALS_OC: lux:1906.472046, last_ps:0[1224], CH0:1427, CH2:186, CH4:7, AWAIT:32, ACRL:33, AGAIN:33, INT1:9, INT2:0, PS:114, LED:128, flag:65, state:7, scale:167.560,als_sel:1(0)(cnt:0)
05-04 20:27:22.246  1830 10078 I QC2Comp : [avcD_1124] Stats: Pending(9) i/p-done(5) Works: Q: 28/Done 20|Work-Rate: Q(0.0/s Avg=0.0/s) Done(0.000/s Avg=0.001/s)| Stream: 30.00fps 203.8Kbps
05-04 20:27:22.246  1830 10078 I QC2Comp : [avcD_1124] Mem-usage:  [In-1D: 6 bufs 17.930 MB] [1D-2226: 16 bufs 0.250 MB] [2D-2227: 20 bufs 28.438 MB] | Total: 46.617 MB
05-04 20:27:23.776  4048  4483 I QcrilOemhookMsgTunnel: [0]processOemHookIndication length=33
05-04 20:27:23.777  4048  4483 I QcrilOemhookMsgTunnel: [0]processOemHookIndication length=12
05-04 20:27:23.777  4048  4483 I QcrilOemhookMsgTunnel: [0]processOemHookIndication length=21
05-04 20:27:23.777  4048  4048 D QcrilMsgTunnelIfaceManager: handleMessage what = 5
05-04 20:27:23.778  4048  4048 D QcrilMsgTunnelIfaceManager: handleMessage what = 5
05-04 20:27:23.778  4048  4048 D QcrilMsgTunnelIfaceManager: handleMessage what = 0
05-04 20:27:23.779  4048  4048 D QC_RIL_OEM_HOOK: Received Broadcast Intent ACTION_UNSOL_RESPONSE_OEM_HOOK_RAW
05-04 20:27:23.779  4048  4048 D QC_RIL_OEM_HOOK: Oem ID in QCRILHOOK UNSOL RESP is QOEMHOOK
05-04 20:27:23.779  4128  4128 D QC_RIL_OEM_HOOK: Received Broadcast Intent ACTION_UNSOL_RESPONSE_OEM_HOOK_RAW
05-04 20:27:23.779  4128  4128 D QC_RIL_OEM_HOOK: Oem ID in QCRILHOOK UNSOL RESP is QOEMHOOK
05-04 20:27:23.779  4128  4128 D QC_RIL_OEM_HOOK: Received Broadcast Intent ACTION_UNSOL_RESPONSE_OEM_HOOK_RAW
05-04 20:27:23.779  4128  4128 D QC_RIL_OEM_HOOK: Oem ID in QCRILHOOK UNSOL RESP is QOEMHOOK
05-04 20:27:23.784  3064  9177 D PowerManagerService: nativeAcquireSuspendBlocker name:PowerManagerService.WakeLocks duration ms: 0
05-04 20:27:23.792  4043  4812 W IWlanNetworkService: 102521 > Response Processed
05-04 20:27:23.798  2410 15525 E RIL-MOTEXT: qcrilUpdateOperator, called
05-04 20:27:23.803  4048  4483 I QcrilOemhookMsgTunnel: [0]processOemHookIndication length=16
05-04 20:27:23.804  4048  4048 D QcrilMsgTunnelIfaceManager: handleMessage what = 5
05-04 20:27:23.806  3827  3827 D StatusBarIconController: ignoring old pipeline callbacks, because the new mobile icons are enabled
05-04 20:27:23.986  3064  3851 D PowerManagerService: nativeReleaseSuspendBlocker name:PowerManagerService.WakeLocks duration ms: 0
05-04 20:27:24.422 10311 10488 I ThermalEngine: SS:INACTIVE:SS-MSM-CPU7:cpu-cluster2=0:BACK_TEMP=39919
05-04 20:27:24.430 10311 10488 I ThermalEngine: SS:INACTIVE:SS-MSM-CPU4:cpu-cluster1=0:BACK_TEMP=39909
05-04 20:27:24.599  3064  3524 D PowerManagerService: nativeAcquireSuspendBlocker name:PowerManagerService.WakeLocks duration ms: 2
05-04 20:27:24.602  3064 15527 D PowerManagerService: nativeReleaseSuspendBlocker name:PowerManagerService.WakeLocks duration ms: 0
05-04 20:27:25.827  4048  4483 I QcrilOemhookMsgTunnel: [0]processOemHookIndication length=16
05-04 20:27:25.827  4048  4048 D QcrilMsgTunnelIfaceManager: handleMessage what = 5
05-04 20:27:26.274  3064  3519 D ActivityManager: freezing 9276 com.google.android.cellbroadcastreceiver, reason = oom_cached
05-04 20:27:27.247  1830 10078 I QC2Comp : [avcD_1124] Stats: Pending(9) i/p-done(5) Works: Q: 28/Done 20|Work-Rate: Q(0.0/s Avg=0.0/s) Done(0.000/s Avg=0.001/s)| Stream: 30.00fps 203.8Kbps
05-04 20:27:27.247  1830 10078 I QC2Comp : [avcD_1124] Mem-usage:  [In-1D: 6 bufs 17.930 MB] [1D-2226: 16 bufs 0.250 MB] [2D-2227: 20 bufs 28.438 MB] | Total: 46.617 MB
05-04 20:27:28.097  1731  3697 I slpi    : STK3A5X ALS_OC: lux:2112.216064, last_ps:0[1227], CH0:1581, CH2:204, CH4:8, AWAIT:32, ACRL:33, AGAIN:33, INT1:9, INT2:0, PS:114, LED:128, flag:65, state:7, scale:167.560,als_sel:1(0)(cnt:0)
05-04 20:27:28.800 27765 15125 I NearbyMediums: No BLE Fast/GATT advertisements found in the latest cycle.
05-04 20:27:28.800 27765 15125 I NearbyMediums: Current Tracked Scanning Clients are : {NearbyConnections.EnvironmentMonitor, NearbySharing, NearbyConnections.TxAdvertisement}
05-04 20:27:30.276  3064  3524 D PowerManagerService: nativeAcquireSuspendBlocker name:PowerManagerService.WakeLocks duration ms: 1
05-04 20:27:30.276  1731  1731 I sensors-hal: batch:206, android.sensor.motion_detect/302, period=1000000, max_latency=0
05-04 20:27:30.276  1731  1731 I sensors-hal: set_config:57, sample_period_ns is adjusted to 0 based on min/max delay_ns
05-04 20:27:30.277  1731  1731 I sensors-hal: batch:215, android.sensor.motion_detect/302, period=1000000, max_latency=0 request completed
05-04 20:27:30.277  1731  1731 I sensors-hal: activate:173, android.sensor.motion_detect/302 en=1
05-04 20:27:30.277  1731  1731 I sensors-hal: get_qmi_debug_flag:239, support_qmi_debug : false
05-04 20:27:30.278  3064  3379 W ProcessStats: Tracking association SourceState{c590abc com.deepeye.musicpro.debug/10502 BTop #2043454} whose proc state 2 is better than process ProcessState{bf547ef com.google.android.gms.persistent/10192 pkg=com.google.android.gms} proc state 3 (3 skipped)
05-04 20:27:30.279  1727  1987 E minksocket: MinkIPC_QRTR_Service: client with node 1 port 79b0 went down
05-04 20:27:30.279  1727  1987 E minksocket: MinkIPC_QRTR_Service: client with node 1 port 79b1 went down
05-04 20:27:30.280  1727  1987 E minksocket: MinkIPC_QRTR_Service: client with node 1 port 79b2 went down
05-04 20:27:30.281  1731  1731 E Diag_Lib: diag: Diag_LSM_Init: invoked for pid: 1731 with init_count: 0
05-04 20:27:30.281  1731  1731 E Diag_Lib: diag:failed to connect to diag socket
05-04 20:27:30.281  1731  1731 E Diag_Lib:  Diag_LSM_Init: Failed to open handle to diag driver, error = 13
05-04 20:27:30.281  1731  1731 I sensors-hal: send_sync_sensor_request:341, send sync request
05-04 20:27:30.282  1731  1731 I sensors-hal: send_sync_sensor_request:367, wait for notification of response
05-04 20:27:30.282  1727  1987 E minksocket: MinkIPC_QRTR_Service: client with node 1 port 79b3 went down
05-04 20:27:30.285  1731 15529 I sensors-hal: ssc_conn_resp_cb:632, resp_value = 0
05-04 20:27:30.286  1731  1731 I sensors-hal: send_sync_sensor_request:373, takes 3 ms to receive the response with 0
05-04 20:27:30.286  1731  1731 I sensors-hal: activate:184, android.sensor.motion_detect/302 en=1 completed
05-04 20:27:30.286  1731  1731 I sensors-hal: flush:235, android.sensor.accelerometer/11
05-04 20:27:30.286  1731  1731 I sensors-hal: send_sync_sensor_request:341, send sync request
05-04 20:27:30.286  1731  1731 I sensors-hal: send_sync_sensor_request:367, wait for notification of response
05-04 20:27:30.287  1731  9115 I sensors-hal: ssc_conn_resp_cb:632, resp_value = 0
05-04 20:27:30.287  1731  1731 I sensors-hal: send_sync_sensor_request:373, takes 1 ms to receive the response with 0
05-04 20:27:30.287  1731  1731 I sensors-hal: flush:241, android.sensor.accelerometer/11 completed
05-04 20:27:30.293  3064  3477 D ActivityManager: unfreezing ProcessRecord{8a1343 7345:com.google.android.googlequicksearchbox:search/u0a228}, reason = oom_uncached, adj = 0, adjType = service, adjSource = ProcessRecord{bcfdf54 3064:system/1000}
05-04 20:27:30.294  3064  3477 D ActivityManager: sync unfroze 7345 com.google.android.googlequicksearchbox:search for 6
05-04 20:27:30.299  7345  7388 D WM-DelayedWorkTracker: Scheduling work 7ee4aa7f-f8ba-4329-8a0a-ca32e12f6fd7
05-04 20:27:30.299  7345 13363 D WM-WorkConstraintsTrack: NetworkRequestConstraintController onCapabilitiesChanged callback
05-04 20:27:30.300  7345  7388 D WM-GreedyScheduler: Starting tracking for 7ee4aa7f-f8ba-4329-8a0a-ca32e12f6fd7
05-04 20:27:30.300  7345  7388 D WM-DelayedWorkTracker: Scheduling work 0eed5820-5c8f-4db0-aef5-019018342866
05-04 20:27:30.300  7345  7388 D WM-GreedyScheduler: Starting tracking for 0eed5820-5c8f-4db0-aef5-019018342866
05-04 20:27:30.301  7345 13363 D WM-WorkConstraintsTrack: NetworkRequestConstraintController onCapabilitiesChanged callback
05-04 20:27:30.301  7345 13363 D WM-WorkConstraintsTrack: NetworkRequestConstraintController onCapabilitiesChanged callback
05-04 20:27:30.301  7345 13363 D WM-WorkConstraintsTrack: NetworkRequestConstraintController onCapabilitiesChanged callback
05-04 20:27:30.301  6700  6700 I Finsky:background: [2] SCH: job service start with id 10601.
05-04 20:27:30.301  7345  7373 D WM-WorkConstraintsTrack: NetworkRequestConstraintController send initial capabilities
05-04 20:27:30.302  7345  7373 D WM-GreedyScheduler: Constraints not met: Cancelling work ID WorkGenerationalId(workSpecId=0eed5820-5c8f-4db0-aef5-019018342866, generation=2968)
05-04 20:27:30.303  7345  7345 D WM-SystemJobService: onStartJob for WorkGenerationalId(workSpecId=0eed5820-5c8f-4db0-aef5-019018342866, generation=2968)
05-04 20:27:30.308  7345  7364 D WM-Processor: owb: processing WorkGenerationalId(workSpecId=0eed5820-5c8f-4db0-aef5-019018342866, generation=2968)
05-04 20:27:30.313  7345  7345 D WM-WorkerWrapper: Starting work for androidx.work.multiprocess.RemoteListenableDelegatingWorker
05-04 20:27:30.313  7345  7345 D WM-ListenableWorkerImpl: Binding to com.google.android.googlequicksearchbox, com.google.android.libraries.search.integrations.tiktok.RemoteWorkerService_search
05-04 20:27:30.314  6700 15533 I Finsky:background: [1202] SCH: Satisfied jobs for 10601 are: 47-15
05-04 20:27:30.319  7345  7345 I WM-RemoteWorkerService: Binding to RemoteWorkerService
05-04 20:27:30.321  7345  7345 D WM-ListenableWorkerImpl: Service connected
05-04 20:27:30.322  7345  7378 D WM-ListenableWorkerImpl: Executing work request (0eed5820-5c8f-4db0-aef5-019018342866, com.google.apps.tiktok.contrib.work.TikTokListenableWorker)
05-04 20:27:30.334  3064  5855 W AppOps  : Noting op not finished: uid 10192 pkg com.google.android.gms code 113 startTime of in progress event=1777906538491
05-04 20:27:30.337  3064  3851 W AppOps  : Noting op not finished: uid 10192 pkg com.google.android.gms code 79 startTime of in progress event=1777906538491
05-04 20:27:30.339  3064  3851 W AppOps  : Noting op not finished: uid 10192 pkg com.google.android.gms code 113 startTime of in progress event=1777906538491
05-04 20:27:30.340  3064  3851 W AppOps  : Noting op not finished: uid 10192 pkg com.google.android.gms code 113 startTime of in progress event=1777906538491
05-04 20:27:30.342  3064  9177 W AppOps  : Noting op not finished: uid 10192 pkg com.google.android.gms code 113 startTime of in progress event=1777906538491
05-04 20:27:30.343  3064  9177 W AppOps  : Noting op not finished: uid 10192 pkg com.google.android.gms code 113 startTime of in progress event=1777906538491
05-04 20:27:30.345 27765 27815 I ActivityScheduler: nextTriggerTime: 1305552311, in 240000ms, detectorType: 39, FULL_TYPE alarmWindowMillis: 30000
05-04 20:27:30.359  6700 15532 I Finsky:background: [1201] SCH: Job 47-15 starting
05-04 20:27:30.360  6700  6700 I Finsky:background: [2] WM::SCH: Logging work start for 47-15
05-04 20:27:30.399  3064  5855 D IntervalStats: Unable to parse usage stats packages: [766]
05-04 20:27:30.399  3064  5855 D IntervalStats: Unable to parse event packages: [766]
05-04 20:27:30.477  7345  7345 I etbc    : #sync(). Running Synclets and scheduling next sync.
05-04 20:27:30.489  7345  7364 D CompatibilityChangeReporter: Compat change id reported: 183155436; UID 10228; state: ENABLED
05-04 20:27:30.495  6700  6806 W SQLiteLog: (28) double-quoted string literal: "play-pass"
05-04 20:27:30.559  6700  6800 E Finsky:background: [1150] [Counters] attempted to use a non-positive increment for: 5114
05-04 20:27:30.559  6700  6800 E Finsky:background: [1150] [Counters] attempted to use a non-positive increment for: 5129
05-04 20:27:30.559  6700  6800 E Finsky:background: [1150] [Counters] attempted to use a non-positive increment for: 5119
05-04 20:27:30.570  6700  6789 I Finsky:background: [1146] [AUC]: Logging for account [enLKfATwYK1DvxLTY65Q1Q6HwBUccP5z6B3qB8vekxs]
05-04 20:27:30.570  6700  6789 I Finsky:background: [1146] [AUC] Creating standard logger for account [enLKfATwYK1DvxLTY65Q1Q6HwBUccP5z6B3qB8vekxs]
05-04 20:27:30.571  6700  6789 I Finsky:background: [1146] playLoggingServerUrl: https://play.googleapis.com/play/log
05-04 20:27:30.571  6700  6789 I Finsky:background: [1146] playLoggingServerTimestampUrl: https://play.googleapis.com/play/log/timestamp
05-04 20:27:30.584  6700  6789 I Finsky:background: [1146] SCH: Received scheduling request: Id: 47-30, Constraints: [{ L: 0, D: 172800000, C: CHARGING_NONE, I: IDLE_NONE, N: NET_ANY, B: BATTERY_ANY }]
05-04 20:27:30.606  6700  6789 D WM-PackageManagerHelper: Skipping component enablement for androidx.work.impl.background.systemjob.SystemJobService
05-04 20:27:30.606  6700  6789 D WM-Schedulers: Created SystemJobScheduler and enabled SystemJobService
05-04 20:27:30.607  6700  6806 D WM-ForceStopRunnable: Is default app process = true
05-04 20:27:30.607  6700  6806 D WM-ForceStopRunnable: Performing cleanup operations.
05-04 20:27:30.617  7345  7364 I etbc    : (REDACTED) Running synclets: %s
05-04 20:27:30.625  7345  7382 I etbc    : (REDACTED) Starting synclet: %s
05-04 20:27:30.631  6700  6806 D CompatibilityChangeReporter: Compat change id reported: 160794467; UID 10207; state: ENABLED
05-04 20:27:30.637  6700  6804 D WM-PackageManagerHelper: Skipping component enablement for androidx.work.impl.background.systemalarm.RescheduleReceiver
05-04 20:27:30.683 10311 10487 I ThermalEngine: ACTION: freeze_rule - Setting freeze_rule to 0
05-04 20:27:30.683 10311 10487 I ThermalEngine: Monitor:INACTIVE:FREEZE-CHG:freeze_rule=1:DETECT-STANDBY=0
05-04 20:27:30.683 10311 10485 I ThermalEngine: Thermal-Server: Thermal received msg from  freezing
05-04 20:27:30.683 10311 15550 I Thermal-Lib: Thermal-Lib-Client: Client request sent
05-04 20:27:30.683 10311 10487 I ThermalEngine: ACTION: override_c - Setting override_c to 0
05-04 20:27:30.683 10311 10487 I ThermalEngine: Monitor:INACTIVE:OVERRIDE-CHG:internal_override=1:DETECT-STANDBY=0
05-04 20:27:30.683 10311 10485 I ThermalEngine: Thermal-Server: Thermal received msg from  override_c
05-04 20:27:30.684 10311 15551 I Thermal-Lib: Thermal-Lib-Client: Client request sent
05-04 20:27:30.689 10311 10487 I ThermalEngine: Monitor:ACTIVE:MON-MSM-charge:battery=6:CHG-SENSORS=42467
05-04 20:27:30.707  1731  3697 I slpi    : STK3A5X ALS_OC: lux:1882.423950, last_ps:0[1219], CH0:1409, CH2:181, CH4:7, AWAIT:32, ACRL:33, AGAIN:33, INT1:9, INT2:0, PS:114, LED:128, flag:65, state:7, scale:167.560,als_sel:1(0)(cnt:0)
05-04 20:27:30.738 14578 14578 D BoundBrokerSvc: onRebind: Intent { act=com.google.android.gms.onboardingconsent.api.ConsentManagerApiService.START dat=chimera-action:/... cmp=com.google.android.gms/.chimera.GmsApiService }
05-04 20:27:30.742 14578 14578 D BoundBrokerSvc: onBind: Intent { act=com.google.android.gms.audit.service.START pkg=com.google.android.gms }
05-04 20:27:30.742 14578 14578 D BoundBrokerSvc: Loading bound service for intent: Intent { act=com.google.android.gms.audit.service.START pkg=com.google.android.gms }
05-04 20:27:30.743 14578 14806 W ConsentManagerApiServic: Consent Manager API is not enabled. [CONTEXT service_id=460 ]
05-04 20:27:30.746  7345  7382 W bnwz    : No value provided for the places model index flag.
05-04 20:27:30.746  7345  7382 W bnwz    : No value provided for the places model index flag.
05-04 20:27:30.754  4048  4483 I QcrilOemhookMsgTunnel: [0]processOemHookIndication length=33
05-04 20:27:30.755  4048  4048 D QcrilMsgTunnelIfaceManager: handleMessage what = 5
05-04 20:27:30.755  4048  4483 I QcrilOemhookMsgTunnel: [0]processOemHookIndication length=12
05-04 20:27:30.755  4048  4048 D QcrilMsgTunnelIfaceManager: handleMessage what = 5
05-04 20:27:30.756  4048  4483 I QcrilOemhookMsgTunnel: [0]processOemHookIndication length=21
05-04 20:27:30.757  4048  4048 D QcrilMsgTunnelIfaceManager: handleMessage what = 0
05-04 20:27:30.758 10800 10813 D CompatibilityChangeReporter: Compat change id reported: 150939131; UID 10228; state: ENABLED
05-04 20:27:30.759  4048  4048 D QC_RIL_OEM_HOOK: Received Broadcast Intent ACTION_UNSOL_RESPONSE_OEM_HOOK_RAW
05-04 20:27:30.759  4048  4048 D QC_RIL_OEM_HOOK: Oem ID in QCRILHOOK UNSOL RESP is QOEMHOOK
05-04 20:27:30.761  4128  4128 D QC_RIL_OEM_HOOK: Received Broadcast Intent ACTION_UNSOL_RESPONSE_OEM_HOOK_RAW
05-04 20:27:30.761  4128  4128 D QC_RIL_OEM_HOOK: Oem ID in QCRILHOOK UNSOL RESP is QOEMHOOK
05-04 20:27:30.761  4128  4128 D QC_RIL_OEM_HOOK: Received Broadcast Intent ACTION_UNSOL_RESPONSE_OEM_HOOK_RAW
05-04 20:27:30.761  4128  4128 D QC_RIL_OEM_HOOK: Oem ID in QCRILHOOK UNSOL RESP is QOEMHOOK
05-04 20:27:30.764  4043  4812 W IWlanNetworkService: 102522 > Response Processed
05-04 20:27:30.771  3827  3827 D StatusBarIconController: ignoring old pipeline callbacks, because the new mobile icons are enabled
05-04 20:27:30.775  2410 15558 E RIL-MOTEXT: qcrilUpdateOperator, called
05-04 20:27:30.781  4048  4483 I QcrilOemhookMsgTunnel: [0]processOemHookIndication length=33
05-04 20:27:30.782  4048  4048 D QcrilMsgTunnelIfaceManager: handleMessage what = 5
05-04 20:27:30.782  4048  4483 I QcrilOemhookMsgTunnel: [0]processOemHookIndication length=12
05-04 20:27:30.782  4048  4048 D QcrilMsgTunnelIfaceManager: handleMessage what = 5
05-04 20:27:30.816 27765 15125 W PhBaseOp: Phenotype API error. Event: # izmk@dbcf7d14, EventCode: COMMIT_CONFIG [CONTEXT service_id=51 ]
05-04 20:27:30.816 27765 15125 W PhBaseOp: eyih: 29547: Stale snapshot for com.google.android.apps.search.readaloud#com.google.android.googlequicksearchbox(new configuration available)
05-04 20:27:30.816 27765 15125 W PhBaseOp: 	at eykf.d(:com.google.android.gms@261631029@26.16.31 (190400-900800821):380)
05-04 20:27:30.816 27765 15125 W PhBaseOp: 	at eykf.b(:com.google.android.gms@261631029@26.16.31 (190400-900800821):44)
05-04 20:27:30.816 27765 15125 W PhBaseOp: 	at eyke.i(:com.google.android.gms@261631029@26.16.31 (190400-900800821):3)
05-04 20:27:30.816 27765 15125 W PhBaseOp: 	at eyka.h(:com.google.android.gms@261631029@26.16.31 (190400-900800821):34)
05-04 20:27:30.816 27765 15125 W PhBaseOp: 	at eyka.f(:com.google.android.gms@261631029@26.16.31 (190400-900800821):16)
05-04 20:27:30.816 27765 15125 W PhBaseOp: 	at cvok.fB(:com.google.android.gms@261631029@26.16.31 (190400-900800821):1)
05-04 20:27:30.816 27765 15125 W PhBaseOp: 	at cvov.run(:com.google.android.gms@261631029@26.16.31 (190400-900800821):121)
05-04 20:27:30.816 27765 15125 W PhBaseOp: 	at gzlf.run(:com.google.android.gms@261631029@26.16.31 (190400-900800821):23)
05-04 20:27:30.816 27765 15125 W PhBaseOp: 	at biwf.c(:com.google.android.gms@261631029@26.16.31 (190400-900800821):50)
05-04 20:27:30.816 27765 15125 W PhBaseOp: 	at biwf.run(:com.google.android.gms@261631029@26.16.31 (190400-900800821):66)
05-04 20:27:30.816 27765 15125 W PhBaseOp: 	at java.util.concurrent.ThreadPoolExecutor.runWorker(ThreadPoolExecutor.java:1154)
05-04 20:27:30.816 27765 15125 W PhBaseOp: 	at java.util.concurrent.ThreadPoolExecutor$Worker.run(ThreadPoolExecutor.java:652)
05-04 20:27:30.816 27765 15125 W PhBaseOp: 	at bjbw.run(:com.google.android.gms@261631029@26.16.31 (190400-900800821):8)
05-04 20:27:30.816 27765 15125 W PhBaseOp: 	at java.lang.Thread.run(Thread.java:1564)
05-04 20:27:30.816 27765 15125 W AsyncOperation: operation=CommitToConfigurationOperationCall, opStatusCode=29547 [CONTEXT service_id=51 ]
05-04 20:27:30.816 27765 15125 W AsyncOperation: OperationException[Status{statusCode=Stale snapshot for com.google.android.apps.search.readaloud#com.google.android.googlequicksearchbox(new configuration available), resolution=null}]
05-04 20:27:30.816 27765 15125 W AsyncOperation: 	at eyka.h(:com.google.android.gms@261631029@26.16.31 (190400-900800821):64)
05-04 20:27:30.816 27765 15125 W AsyncOperation: 	at eyka.f(:com.google.android.gms@261631029@26.16.31 (190400-900800821):16)
05-04 20:27:30.816 27765 15125 W AsyncOperation: 	at cvok.fB(:com.google.android.gms@261631029@26.16.31 (190400-900800821):1)
05-04 20:27:30.816 27765 15125 W AsyncOperation: 	at cvov.run(:com.google.android.gms@261631029@26.16.31 (190400-900800821):121)
05-04 20:27:30.816 27765 15125 W AsyncOperation: 	at gzlf.run(:com.google.android.gms@261631029@26.16.31 (190400-900800821):23)
05-04 20:27:30.816 27765 15125 W AsyncOperation: 	at biwf.c(:com.google.android.gms@261631029@26.16.31 (190400-900800821):50)
05-04 20:27:30.816 27765 15125 W AsyncOperation: 	at biwf.run(:com.google.android.gms@261631029@26.16.31 (190400-900800821):66)
05-04 20:27:30.816 27765 15125 W AsyncOperation: 	at java.util.concurrent.ThreadPoolExecutor.runWorker(ThreadPoolExecutor.java:1154)
05-04 20:27:30.816 27765 15125 W AsyncOperation: 	at java.util.concurrent.ThreadPoolExecutor$Worker.run(ThreadPoolExecutor.java:652)
05-04 20:27:30.816 27765 15125 W AsyncOperation: 	at bjbw.run(:com.google.android.gms@261631029@26.16.31 (190400-900800821):8)
05-04 20:27:30.816 27765 15125 W AsyncOperation: 	at java.lang.Thread.run(Thread.java:1564)
05-04 20:27:30.854  7345  7382 I cssu    : PCPv2 has subscribed clients. Start daily sync.
05-04 20:27:30.860  7345  7382 I cssu    : SYNC_DATA_RESPONSE cancelled.
05-04 20:27:30.860  7345  7382 I cssu    : java.util.concurrent.CancellationException: Task was cancelled.
05-04 20:27:30.860  7345  7382 I cssu    : 	at fdlf.g(PG:31)
05-04 20:27:30.860  7345  7382 I cssu    : 	at fdlg.q(PG:24)
05-04 20:27:30.860  7345  7382 I cssu    : 	at fdlf.get(PG:1)
05-04 20:27:30.860  7345  7382 I cssu    : 	at a.dV(PG:2)
05-04 20:27:30.860  7345  7382 I cssu    : 	at fdpo.o(PG:10)
05-04 20:27:30.860  7345  7382 I cssu    : 	at cssu.b(PG:8)
05-04 20:27:30.860  7345  7382 I cssu    : 	at csst.a(PG:7)
05-04 20:27:30.860  7345  7382 I cssu    : 	at etjo.a(PG:17)
05-04 20:27:30.860  7345  7382 I cssu    : 	at fdmz.a(PG:3)
05-04 20:27:30.860  7345  7382 I cssu    : 	at fdop.run(PG:19)
05-04 20:27:30.860  7345  7382 I cssu    : 	at cvhm.run(PG:5)
05-04 20:27:30.860  7345  7382 I cssu    : 	at fcin.run(PG:46)
05-04 20:27:30.860  7345  7382 I cssu    : 	at cvgy.run(PG:81)
05-04 20:27:30.860  7345  7382 I cssu    : 	at java.lang.Thread.run(Thread.java:1564)
05-04 20:27:30.860  7345  7382 I cssu    : 	at cviq.run(PG:63)
05-04 20:27:30.877  7345  7383 I etbc    : Scheduling next wakeup
05-04 20:27:30.878  7345  7383 I etcc    : Scheduling next periodic WorkManager workers
05-04 20:27:30.878  7345  7382 I cslk    : (REDACTED) remove request for trigger key: %s, isClientInitiated: %s
05-04 20:27:30.883  7345  7383 I csnk    : (REDACTED) #remove: subTriggerId=%s
05-04 20:27:30.888  7345  7373 D WM-GreedyScheduler: Cancelling work ID a804e960-08de-4c21-8f97-a6d5e171bbdc
05-04 20:27:30.888  7345  7382 I csnk    : (REDACTED) #maybeCreateTimeTrigger: time trigger= %s with start time=%d, stop time=%d in seconds.
05-04 20:27:30.890  3064  4512 D CompatibilityChangeReporter: Compat change id reported: 171306433; UID 10228; state: ENABLED
05-04 20:27:30.890  3064  4512 D CompatibilityChangeReporter: Compat change id reported: 226439802; UID 10228; state: ENABLED
05-04 20:27:30.891  3064  4512 D CompatibilityChangeReporter: Compat change id reported: 218533173; UID 10228; state: ENABLED
05-04 20:27:30.895  4048  4483 I QcrilOemhookMsgTunnel: [0]processOemHookIndication length=33
05-04 20:27:30.895  4048  4048 D QcrilMsgTunnelIfaceManager: handleMessage what = 5
05-04 20:27:30.895  4048  4483 I QcrilOemhookMsgTunnel: [0]processOemHookIndication length=12
05-04 20:27:30.896  4048  4048 D QcrilMsgTunnelIfaceManager: handleMessage what = 5
05-04 20:27:30.896  7345  7373 D WM-SystemJobScheduler: Scheduling work ID a804e960-08de-4c21-8f97-a6d5e171bbdcJob ID 42372
05-04 20:27:30.898  7345  7373 D WM-GreedyScheduler: Starting tracking for 7ee4aa7f-f8ba-4329-8a0a-ca32e12f6fd7
05-04 20:27:30.901  7345  7373 D WM-GreedyScheduler: Cancelling work ID 7ee4aa7f-f8ba-4329-8a0a-ca32e12f6fd7
05-04 20:27:30.906  7345  7373 D WM-SystemJobScheduler: Scheduling work ID 7ee4aa7f-f8ba-4329-8a0a-ca32e12f6fd7Job ID 42373
05-04 20:27:30.910  7345  7373 D WM-GreedyScheduler: Cancelling work ID 7ee4aa7f-f8ba-4329-8a0a-ca32e12f6fd7
05-04 20:27:30.919  7345  7373 D WM-SystemJobScheduler: Scheduling work ID 7ee4aa7f-f8ba-4329-8a0a-ca32e12f6fd7Job ID 42374
05-04 20:27:30.924  7345  7373 D WM-GreedyScheduler: Cancelling work ID de6d823c-20fb-4ef8-8abf-717f629ab38d
05-04 20:27:30.930  7345  7373 D WM-SystemJobScheduler: Scheduling work ID de6d823c-20fb-4ef8-8abf-717f629ab38dJob ID 42375
05-04 20:27:30.936  7345 15561 I etcc    : Successfully scheduled next periodic workers
05-04 20:27:30.938  7345 15561 I etbc    : #sync() complete
05-04 20:27:30.940  7345  7374 D RemoteListenableDelegatingWorker: Cleaning up
05-04 20:27:30.942  7345  7374 I WM-WorkerWrapper: Worker result SUCCESS for Work [ id=0eed5820-5c8f-4db0-aef5-019018342866, tags={ com.google.apps.tiktok.contrib.work.TikTokListenableWorker,com.google.apps.tiktok.sync.impl.workmanager.SyncPeriodicWorker_proc<search>,sync_constraint:charger_connected,TikTokWorker#com.google.apps.tiktok.sync.impl.workmanager.SyncPeriodicWorker } ]
05-04 20:27:30.944  7345  7345 D WM-Processor: owb 0eed5820-5c8f-4db0-aef5-019018342866 executed; reschedule = false
05-04 20:27:30.944  7345  7345 D WM-GreedyScheduler: Stopping tracking for WorkGenerationalId(workSpecId=0eed5820-5c8f-4db0-aef5-019018342866, generation=2968)
05-04 20:27:30.944  7345  7345 D WM-SystemJobService: 0eed5820-5c8f-4db0-aef5-019018342866 executed on JobScheduler
05-04 20:27:30.947  7345  7374 D WM-GreedyScheduler: Cancelling work ID 0eed5820-5c8f-4db0-aef5-019018342866
05-04 20:27:30.954  7345  7374 D WM-SystemJobScheduler: Scheduling work ID 0eed5820-5c8f-4db0-aef5-019018342866Job ID 42376
05-04 20:27:31.025  3827  3827 D StatusBarIconController: ignoring old pipeline callbacks, because the new mobile icons are enabled
05-04 20:27:31.107  7345  7349 W earchbox:search: Reducing the number of considered missed Gc histogram windows from 132 to 100
05-04 20:27:31.118  1727  1987 E minksocket: MinkIPC_QRTR_Service: client with node 1 port 79b5 went down
05-04 20:27:31.118  1727  1987 E minksocket: MinkIPC_QRTR_Service: client with node 1 port 79b6 went down
05-04 20:27:31.118  1727  1987 E minksocket: MinkIPC_QRTR_Service: client with node 1 port 79b7 went down
05-04 20:27:31.120  1727  1987 E minksocket: MinkIPC_QRTR_Service: client with node 1 port 79b9 went down
05-04 20:27:31.121  1727  1987 E minksocket: MinkIPC_QRTR_Service: client with node 1 port 79ba went down
05-04 20:27:31.122  1727  1987 E minksocket: MinkIPC_QRTR_Service: client with node 1 port 79bb went down
05-04 20:27:31.230  1731  3697 I slpi    : STK3A5X ALS_OC: lux:1649.959961, last_ps:0[1224], CH0:1235, CH2:157, CH4:6, AWAIT:32, ACRL:33, AGAIN:33, INT1:9, INT2:0, PS:114, LED:128, flag:65, state:7, scale:167.560,als_sel:1(0)(cnt:0)
05-04 20:27:31.319  1727  1987 E minksocket: MinkIPC_QRTR_Service: client with node 1 port 79bd went down
05-04 20:27:31.320  1727  1987 E minksocket: MinkIPC_QRTR_Service: client with node 1 port 79be went down
05-04 20:27:31.321  1727  1987 E minksocket: MinkIPC_QRTR_Service: client with node 1 port 79bf went down
05-04 20:27:31.325  1727  1987 E minksocket: MinkIPC_QRTR_Service: client with node 1 port 79c0 went down
05-04 20:27:31.350 27765 27765 D BoundBrokerSvc: onRebind: Intent { act=com.google.android.gms.libs.gmscorelogger.service.START dat=chimera-action:/... cmp=com.google.android.gms/.chimera.PersistentDirectBootAwareApiService }
05-04 20:27:31.578  6700  6788 I Finsky:background: [1145] WM::SCH: Logging work initialize for 47-30
05-04 20:27:31.584  6700  6806 I Finsky:background: [1156] SCH: Scheduling phonesky job Id: 47-30, CT: 1777906650584, Constraints: [{ L: 0, D: 172800000, C: CHARGING_NONE, I: IDLE_NONE, N: NET_ANY, B: BATTERY_ANY }, { L: 0, D: 0, C: CHARGING_NONE, I: IDLE_NONE, N: NET_NONE, B: BATTERY_ANY }]
05-04 20:27:31.587  6700  6804 I Finsky:background: [1154] SCH: Scheduling 2 system job(s)
05-04 20:27:31.588  6700  6804 D CompatibilityChangeReporter: Compat change id reported: 194532703; UID 10207; state: ENABLED
05-04 20:27:31.588  6700  6804 D CompatibilityChangeReporter: Compat change id reported: 253665015; UID 10207; state: ENABLED
05-04 20:27:31.588  6700  6804 I Finsky:background: [1154] SCH: Scheduling system job Id: 10636, L: 0, D: 16244639, C: false, I: false, N: 1
05-04 20:27:31.594  6700  6804 I Finsky:background: [1154] SCH: Scheduling expedited system job 10639
05-04 20:27:31.594  6700  6700 I Finsky:background: [2] SCH: job service start with id 10636.
05-04 20:27:31.596  6700  6700 I Finsky:background: [2] SCH: job service start with id 10639.
05-04 20:27:31.598  6700 15533 I Finsky:background: [1202] SCH: Satisfied jobs for 10636 are: 47-30
05-04 20:27:31.602  6700 15533 I Finsky:background: [1202] SCH: Satisfied jobs for 10639 are: 47-30
05-04 20:27:31.602  6700 15532 I Finsky:background: [1201] SCH: Job 47-30 starting
05-04 20:27:31.603  6700  6700 I Finsky:background: [2] WM::SCH: Logging work start for 47-30
05-04 20:27:31.605  6700  6700 I Finsky:background: [2] [AUC] Creating standard logger for account [fXHyxShIPC9K29HwlPzMwGQ1gpqw60dVWPQwJyR-3fQ]
05-04 20:27:31.606  6700  6700 I Finsky:background: [2] playLoggingServerUrl: https://play.googleapis.com/play/log
05-04 20:27:31.606  6700  6700 I Finsky:background: [2] playLoggingServerTimestampUrl: https://play.googleapis.com/play/log/timestamp
05-04 20:27:31.613  6700  6700 I Finsky:background: [2] [AUC] Creating standard logger for account [DxzJyVXQinIDSojzpb-Py5BCqZQSgsdv2-NcTt6ZcaI]
05-04 20:27:31.613  6700  6700 I Finsky:background: [2] playLoggingServerUrl: https://play.googleapis.com/play/log
05-04 20:27:31.613  6700  6700 I Finsky:background: [2] playLoggingServerTimestampUrl: https://play.googleapis.com/play/log/timestamp
05-04 20:27:31.619  6700  6700 I Finsky:background: [2] [AUC] Creating standard logger for account [xXyBLui-ZNY2-6L3z_ule8XZhlBqedA7wXjHrVQZUxw]
05-04 20:27:31.619  6700  6700 I Finsky:background: [2] playLoggingServerUrl: https://play.googleapis.com/play/log
05-04 20:27:31.619  6700  6700 I Finsky:background: [2] playLoggingServerTimestampUrl: https://play.googleapis.com/play/log/timestamp
05-04 20:27:31.625  6700  6700 I Finsky:background: [2] [AUC] Creating standard logger for account [EMPFOtfmLhsXmQ3Q1-z3hlj_DEIHORPsOTmTvS2d0XU]
05-04 20:27:31.625  6700  6700 I Finsky:background: [2] playLoggingServerUrl: https://play.googleapis.com/play/log
05-04 20:27:31.625  6700  6700 I Finsky:background: [2] playLoggingServerTimestampUrl: https://play.googleapis.com/play/log/timestamp
05-04 20:27:31.646  6700  6789 I Finsky:background: [1146] SCH: jobFinished: 47-15. TimeElapsed: 1287ms.
05-04 20:27:31.646  6700  6789 I Finsky:background: [1146] WM::SCH: Logging work end for 47-15
05-04 20:27:31.648  6700 15533 I Finsky:background: [1202] SCH: Attempting to reschedule job: Id: 47-15, Constraints: [{ L: 3600000, D: 21584599, C: CHARGING_NONE, I: IDLE_REQUIRED, N: NET_NONE, B: BATTERY_ANY }]
05-04 20:27:31.650  6700 15546 I PlayCommon: [1206] Preparing logs for uploading
05-04 20:27:31.650  6700  6700 I Finsky:background: [2] [AUC]: Logs flushed for account: [fXHyxShIPC9K29HwlPzMwGQ1gpqw60dVWPQwJyR-3fQ]
05-04 20:27:31.650  6700  6700 I Finsky:background: [2] [AUC]: Logs flushed for account: [DxzJyVXQinIDSojzpb-Py5BCqZQSgsdv2-NcTt6ZcaI]
05-04 20:27:31.650  6700  6700 I Finsky:background: [2] [AUC]: Logs flushed for account: [xXyBLui-ZNY2-6L3z_ule8XZhlBqedA7wXjHrVQZUxw]
05-04 20:27:31.651  6700  6700 I Finsky:background: [2] [AUC]: Logs flushed for account: [EMPFOtfmLhsXmQ3Q1-z3hlj_DEIHORPsOTmTvS2d0XU]
05-04 20:27:31.653  6700  6804 I Finsky:background: [1154] SCH: no pending jobs to schedule.
05-04 20:27:31.653  6700 15532 I Finsky:background: [1201] SCH: job service finished with id 10601.
05-04 20:27:31.686  6700 15546 I PlayCommon: [1206] Connecting to server: https://play.googleapis.com/play/log?format=raw&proto_v2=true
05-04 20:27:31.713  6700  6792 I Finsky:background: [1148] WM::SCH: Logging work initialize for 47-15
05-04 20:27:31.715  6700  6802 I Finsky:background: [1152] SCH: Scheduling phonesky job Id: 47-15, CT: 1777906651648, Constraints: [{ L: 3600000, D: 21584599, C: CHARGING_NONE, I: IDLE_REQUIRED, N: NET_NONE, B: BATTERY_ANY }]
05-04 20:27:31.719  6700  6804 I Finsky:background: [1154] SCH: Scheduling 1 system job(s)
05-04 20:27:31.719  6700  6804 I Finsky:background: [1154] SCH: Scheduling system job Id: 10641, L: 3599929, D: 21584528, C: false, I: true, N: 0
