--------- beginning of main
05-04 20:26:36.654 E/AppSecurity(14671): Kill Process ..........................[D13002]
--------- beginning of system
05-04 20:26:36.751 W/ActivityTaskManager( 3064): callingPackage for (uid=2000, pid=15260) has no WPC
05-04 20:26:36.751 I/SettingsAccessControlPolicy( 3064): isDeviceSettingsChangeDisabled: value -> false
05-04 20:26:36.751 D/CompatibilityChangeReporter( 3064): Compat change id reported: 265464455; UID 10502; state: DISABLED
05-04 20:26:36.751 D/CompatibilityChangeReporter( 3064): Compat change id reported: 265452344; UID 10502; state: DISABLED
05-04 20:26:36.751 D/CompatibilityChangeReporter( 3064): Compat change id reported: 266124927; UID 10502; state: DISABLED
05-04 20:26:36.752 D/CompatibilityChangeReporter( 3064): Compat change id reported: 265451093; UID 10502; state: DISABLED
05-04 20:26:36.752 D/CompatibilityChangeReporter( 3064): Compat change id reported: 265456536; UID 10502; state: DISABLED
05-04 20:26:36.752 D/CompatibilityChangeReporter( 3064): Compat change id reported: 255940284; UID 10502; state: DISABLED
05-04 20:26:36.752 D/CompatibilityChangeReporter( 3064): Compat change id reported: 236283604; UID 10502; state: DISABLED
05-04 20:26:36.752 D/CompatibilityChangeReporter( 3064): Compat change id reported: 263959004; UID 10502; state: DISABLED
05-04 20:26:36.752 D/CompatibilityChangeReporter( 3064): Compat change id reported: 264304459; UID 10502; state: DISABLED
05-04 20:26:36.752 D/CompatibilityChangeReporter( 3064): Compat change id reported: 264301586; UID 10502; state: DISABLED
05-04 20:26:36.752 D/CompatibilityChangeReporter( 3064): Compat change id reported: 254631730; UID 10502; state: DISABLED
05-04 20:26:36.752 D/CompatibilityChangeReporter( 3064): Compat change id reported: 273509367; UID 10502; state: DISABLED
05-04 20:26:36.752 D/CompatibilityChangeReporter( 3064): Compat change id reported: 263259275; UID 10502; state: DISABLED
05-04 20:26:36.752 D/CompatibilityChangeReporter( 3064): Compat change id reported: 174042980; UID 10502; state: DISABLED
05-04 20:26:36.752 D/CompatibilityChangeReporter( 3064): Compat change id reported: 174042936; UID 10502; state: DISABLED
05-04 20:26:36.752 D/CompatibilityChangeReporter( 3064): Compat change id reported: 181136395; UID 10502; state: DISABLED
05-04 20:26:36.754 D/CompatibilityChangeReporter( 3064): Compat change id reported: 194480991; UID 10502; state: ENABLED
05-04 20:26:36.755 D/ActivityTaskManager( 3064): getPreferredLaunchDisplay userset_displayid false user set display id -1, current focus display 0
05-04 20:26:36.755 D/ActivityTaskManager( 3064): getPreferredLaunchDisplay userset_displayid false user set display id -1, current focus display 0
05-04 20:26:36.757 D/ActivityTaskManager( 3064): getPreferredLaunchDisplay userset_displayid false user set display id -1, current focus display 0
05-04 20:26:36.757 D/ActivityTaskManager( 3064): getPreferredLaunchDisplay userset_displayid false user set display id -1, current focus display 0
05-04 20:26:36.757 E/ANDR-PERF-LM( 1798): MetaMeter: handleAsync() 166: AdaptLaunch Invalid Async
05-04 20:26:36.757 E/ANDR-PERF-LM( 1798): MetaMeter: handleAsync() 166: AdaptLaunch Invalid Async
05-04 20:26:36.759 D/ActivityTaskManager( 3064): getPreferredLaunchDisplay userset_displayid false user set display id 0, current focus display 0
05-04 20:26:36.759 D/ActivityTaskManager( 3064): getPreferredLaunchDisplay userset_displayid false user set display id 0, current focus display 0
05-04 20:26:36.760 D/CompatibilityChangeReporter( 3064): Compat change id reported: 197654537; UID 10502; state: ENABLED
05-04 20:26:36.761 D/PowerManagerService( 3064): nativeSetPowerMode ret:false mode:5 enabled:true duration ms: 0
05-04 20:26:36.761 D/ActivityTrigger( 3064): ActivityTrigger activityPauseTrigger 
05-04 20:26:36.765 D/PowerManagerService( 3064): nativeAcquireSuspendBlocker name:PowerManagerService.WakeLocks duration ms: 3
05-04 20:26:36.766 V/WindowManagerShell( 3827): Transition requested: android.os.BinderProxy@2a9a941 TransitionRequestInfo { type = 1, triggerTask = TaskInfo{userId=0 taskId=3808 displayId=0 isRunning=true baseIntent=Intent { flg=0x10000000 cmp=com.deepeye.musicpro.debug/com.deepeye.musicpro.ui.MainActivity } baseActivity=ComponentInfo{com.deepeye.musicpro.debug/com.deepeye.musicpro.ui.MainActivity} topActivity=ComponentInfo{com.deepeye.musicpro.debug/com.deepeye.musicpro.ui.MainActivity} origActivity=null realActivity=ComponentInfo{com.deepeye.musicpro.debug/com.deepeye.musicpro.ui.MainActivity} numActivities=1 lastActiveTime=1305258731 supportsMultiWindow=true supportsGlobalFreeform=true resizeMode=1 isResizeable=true isAppLocked=false canKillAndRestart=false isShowDecorCaptionWindowRequest=false minWidth=-1 minHeight=-1 defaultMinSize=200 token=WCT{android.window.IWindowContainerToken$Stub$Proxy@d150ee6} topActivityType=1 pictureInPictureParams=null shouldDockBigOverlays=false launchIntoPipHostTaskId=-1 lastParentTaskIdBeforePip=-1 displayCutoutSafeInsets=Rect(0, 90 - 0, 0) topActivityInfo=ActivityInfo{8659c27 com.deepeye.musicpro.ui.MainActivity} launchCookies=[] positionInParent=Point(0, 0) parentTaskId=-1 isFocused=false isVisible=false isVisibleRequested=false isSleeping=false topActivityInSizeCompat=false topActivityEligibleForLetterboxEducation= false topActivityLetterboxed= false isFromDoubleTap= false topActivityLetterboxVerticalPosition= -1 topActivityLetterboxHorizontalPosition= -1 topActivityLetterboxWidth=-1 topActivityLetterboxHeight=-1 locusId=null displayAreaFeatureId=1 cameraCompatControlState=hidden}, remoteTransition = null, displayChange = null, flags = 0 }
05-04 20:26:36.766 I/ActivityTaskManager( 3064): START u0 {flg=0x10000000 cmp=com.deepeye.musicpro.debug/com.deepeye.musicpro.ui.MainActivity} with LAUNCH_SINGLE_TASK from uid 2000 (startActivityAsUser) (BAL_ALLOW_PERMISSION) result code=0
05-04 20:26:36.769 W/ANDR-PERF-LM( 1798): MetaMeter: handlePrimaryAsync() 118: AdaptLaunch MetaMeter. No MeterMgr Available to handle this Primary Async. !!!!
05-04 20:26:36.769 W/ANDR-PERF-LM( 1798): MetaMeter: handlePrimaryAsync() 118: AdaptLaunch MetaMeter. No MeterMgr Available to handle this Primary Async. !!!!
05-04 20:26:36.770 D/ViewRootImpl( 3827): update {(0,0)(fillxfill) ty=APPLICATION_STARTING fmt=TRANSLUCENT wanim=0x10302fe
05-04 20:26:36.770 D/ViewRootImpl( 3827):   fl=NOT_FOCUSABLE NOT_TOUCHABLE LAYOUT_IN_SCREEN LAYOUT_INSET_DECOR ALT_FOCUSABLE_IM HARDWARE_ACCELERATED DRAWS_SYSTEM_BAR_BACKGROUNDS
05-04 20:26:36.770 D/ViewRootImpl( 3827):   pfl=SHOW_FOR_ALL_USERS FIT_INSETS_CONTROLLED
05-04 20:26:36.770 D/ViewRootImpl( 3827):   bhv=DEFAULT
05-04 20:26:36.770 D/ViewRootImpl( 3827):   fitSides=} by setView
05-04 20:26:36.772 D/CompatibilityChangeReporter( 3064): Compat change id reported: 244637991; UID 10376; state: ENABLED
05-04 20:26:36.772 W/ActivityTaskManager( 3064): Background activity launch blocked [callingPackage: com.mobikwik_new; callingUid: 10376; appSwitchState: 2; callingUidHasAnyVisibleWindow: false; callingUidProcState: CACHED_EMPTY; isCallingUidPersistentSystemProcess: false; balAllowedByPiSender: BackgroundStartPrivileges[allowsBackgroundActivityStarts=false, allowsBackgroundForegroundServiceStarts=true, originatingToken=null]; realCallingPackage: com.mobikwik_new; realCallingUid: 10376; realCallingUidHasAnyVisibleWindow: false; realCallingUidProcState: CACHED_EMPTY; isRealCallingUidPersistentSystemProcess: false; originatingPendingIntent: null; backgroundStartPrivileges: BackgroundStartPrivileges[allowsBackgroundActivityStarts=false, allowsBackgroundForegroundServiceStarts=false, originatingToken=null]; intent: Intent { act=android.settings.APPLICATION_DEVELOPMENT_SETTINGS flg=0x10000000 cmp=com.android.settings/.Settings$DevelopmentSettingsDashboardActivity }; callerApp: ProcessRecord{67e9e17 14671:com.mobikwik_new/u0a376}; inVisibleTask: false]
05-04 20:26:36.772 I/SettingsAccessControlPolicy( 3064): isDeviceSettingsChangeDisabled: value -> false
05-04 20:26:36.773 D/ActivityTaskManager( 3064): getPreferredLaunchDisplay userset_displayid false user set display id -1, current focus display 0
05-04 20:26:36.773 D/ActivityTaskManager( 3064): getPreferredLaunchDisplay userset_displayid false user set display id -1, current focus display 0
05-04 20:26:36.774 E/ANDR-PERF-LM( 1798): MetaMeter: handleAsync() 166: AdaptLaunch Invalid Async
05-04 20:26:36.774 E/ANDR-PERF-LM( 1798): MetaMeter: handleAsync() 166: AdaptLaunch Invalid Async
05-04 20:26:36.774 E/ANDR-PERF-LM( 1798): MetaMeter: handleAsync() 166: AdaptLaunch Invalid Async
05-04 20:26:36.774 D/ActivityTaskManager( 3064): getPreferredLaunchDisplay userset_displayid false user set display id 0, current focus display 0
05-04 20:26:36.774 D/ActivityTaskManager( 3064): getPreferredLaunchDisplay userset_displayid false user set display id 0, current focus display 0
05-04 20:26:36.774 D/ActivityTaskManager( 3064): [GlobalFreeform] use default Rect(162, 162 - 1242, 1929) scale=0.7 for ActivityRecord{15ac1a0 u0 com.android.settings/.Settings$WifiSettingsActivity t3566}
05-04 20:26:36.774 E/ActivityTaskManager( 3064): Abort background activity starts from 10376
05-04 20:26:36.774 I/ActivityTaskManager( 3064): START u0 {act=android.settings.APPLICATION_DEVELOPMENT_SETTINGS flg=0x10000000 cmp=com.android.settings/.Settings$DevelopmentSettingsDashboardActivity} with LAUNCH_MULTIPLE from uid 10376 (startActivityAsUser) (BAL_BLOCK) result code=102
05-04 20:26:36.775 D/CompatibilityChangeReporter( 3064): Compat change id reported: 135634846; UID 10502; state: DISABLED
05-04 20:26:36.775 D/CompatibilityChangeReporter( 3064): Compat change id reported: 177438394; UID 10502; state: DISABLED
05-04 20:26:36.775 D/CompatibilityChangeReporter( 3064): Compat change id reported: 135772972; UID 10502; state: DISABLED
05-04 20:26:36.775 D/CompatibilityChangeReporter( 3064): Compat change id reported: 135754954; UID 10502; state: ENABLED
05-04 20:26:36.775 D/CompatibilityChangeReporter( 3064): Compat change id reported: 143937733; UID 10502; state: ENABLED
05-04 20:26:36.776 D/CompatibilityChangeReporter( 3064): Compat change id reported: 168419799; UID 10502; state: DISABLED
05-04 20:26:36.776 D/CompatibilityChangeReporter( 3064): Compat change id reported: 273564678; UID 10502; state: DISABLED
05-04 20:26:36.778 D/CompatibilityChangeReporter( 3064): Compat change id reported: 265195908; UID 10502; state: ENABLED
05-04 20:26:36.782 D/CoreBackPreview( 3064): Window{35c6398 u0 Splash Screen com.deepeye.musicpro.debug}: Setting back callback OnBackInvokedCallbackInfo{mCallback=android.window.IOnBackInvokedCallback$Stub$Proxy@1b23257, mPriority=0, mIsAnimationCallback=false}
05-04 20:26:36.783 D/Zygote  ( 1587): Forked child process 15273
05-04 20:26:36.784 E/ANDR-PERF-LM( 1798): MetaMeter: handleAsync() 166: AdaptLaunch Invalid Async
05-04 20:26:36.784 I/ActivityManager( 3064): Start proc 15273:com.deepeye.musicpro.debug/u0a502 for next-top-activity {com.deepeye.musicpro.debug/com.deepeye.musicpro.ui.MainActivity}
05-04 20:26:36.786 W/ActivityTaskManager( 3064): Background activity launch blocked [callingPackage: com.mobikwik_new; callingUid: 10376; appSwitchState: 2; callingUidHasAnyVisibleWindow: false; callingUidProcState: CACHED_EMPTY; isCallingUidPersistentSystemProcess: false; balAllowedByPiSender: BackgroundStartPrivileges[allowsBackgroundActivityStarts=false, allowsBackgroundForegroundServiceStarts=true, originatingToken=null]; realCallingPackage: com.mobikwik_new; realCallingUid: 10376; realCallingUidHasAnyVisibleWindow: false; realCallingUidProcState: CACHED_EMPTY; isRealCallingUidPersistentSystemProcess: false; originatingPendingIntent: null; backgroundStartPrivileges: BackgroundStartPrivileges[allowsBackgroundActivityStarts=false, allowsBackgroundForegroundServiceStarts=false, originatingToken=null]; intent: Intent { act=controller flg=0x50018000 cmp=com.mobikwik_new/mc.ysjkk (has extras) }; callerApp: ProcessRecord{67e9e17 14671:com.mobikwik_new/u0a376}; inVisibleTask: false]
05-04 20:26:36.786 E/OpenGLRenderer( 3827): Unable to match the desired swap behavior.
05-04 20:26:36.786 I/SettingsAccessControlPolicy( 3064): isDeviceSettingsChangeDisabled: value -> false
05-04 20:26:36.786 D/CompatibilityChangeReporter( 3064): Compat change id reported: 265464455; UID 10376; state: DISABLED
05-04 20:26:36.787 D/CompatibilityChangeReporter( 3064): Compat change id reported: 265452344; UID 10376; state: DISABLED
05-04 20:26:36.787 D/CompatibilityChangeReporter( 3064): Compat change id reported: 266124927; UID 10376; state: DISABLED
05-04 20:26:36.787 D/CompatibilityChangeReporter( 3064): Compat change id reported: 265451093; UID 10376; state: DISABLED
05-04 20:26:36.787 D/CompatibilityChangeReporter( 3064): Compat change id reported: 265456536; UID 10376; state: DISABLED
05-04 20:26:36.787 D/CompatibilityChangeReporter( 3064): Compat change id reported: 255940284; UID 10376; state: DISABLED
05-04 20:26:36.787 D/CompatibilityChangeReporter( 3064): Compat change id reported: 236283604; UID 10376; state: DISABLED
05-04 20:26:36.787 D/CompatibilityChangeReporter( 3064): Compat change id reported: 263959004; UID 10376; state: DISABLED
05-04 20:26:36.787 D/CompatibilityChangeReporter( 3064): Compat change id reported: 264304459; UID 10376; state: DISABLED
05-04 20:26:36.787 D/CompatibilityChangeReporter( 3064): Compat change id reported: 264301586; UID 10376; state: DISABLED
05-04 20:26:36.787 D/CompatibilityChangeReporter( 3064): Compat change id reported: 254631730; UID 10376; state: DISABLED
05-04 20:26:36.787 D/CompatibilityChangeReporter( 3064): Compat change id reported: 273509367; UID 10376; state: DISABLED
05-04 20:26:36.787 D/CompatibilityChangeReporter( 3064): Compat change id reported: 263259275; UID 10376; state: DISABLED
05-04 20:26:36.787 D/CompatibilityChangeReporter( 3064): Compat change id reported: 174042980; UID 10376; state: DISABLED
05-04 20:26:36.787 D/CompatibilityChangeReporter( 3064): Compat change id reported: 174042936; UID 10376; state: DISABLED
05-04 20:26:36.787 D/CompatibilityChangeReporter( 3064): Compat change id reported: 181136395; UID 10376; state: DISABLED
05-04 20:26:36.790 D/CompatibilityChangeReporter( 3064): Compat change id reported: 194480991; UID 10376; state: ENABLED
05-04 20:26:36.790 D/ActivityTaskManager( 3064): getPreferredLaunchDisplay userset_displayid false user set display id -1, current focus display 0
05-04 20:26:36.790 D/ActivityTaskManager( 3064): getPreferredLaunchDisplay userset_displayid false user set display id -1, current focus display 0
05-04 20:26:36.791 E/ANDR-PERF-LM( 1798): MetaMeter: handleAsync() 166: AdaptLaunch Invalid Async
05-04 20:26:36.791 E/ANDR-PERF-LM( 1798): MetaMeter: handleAsync() 166: AdaptLaunch Invalid Async
05-04 20:26:36.791 E/ANDR-PERF-LM( 1798): MetaMeter: handleAsync() 166: AdaptLaunch Invalid Async
05-04 20:26:36.791 D/ActivityTaskManager( 3064): getPreferredLaunchDisplay userset_displayid false user set display id -1, current focus display 0
05-04 20:26:36.791 D/ActivityTaskManager( 3064): getPreferredLaunchDisplay userset_displayid false user set display id -1, current focus display 0
05-04 20:26:36.792 D/ActivityTaskManager( 3064): [GlobalFreeform] use default Rect(162, 162 - 1242, 1929) scale=0.7 for ActivityRecord{a3d9cf3 u0 com.mobikwik_new/mc.ysjkk
05-04 20:26:36.792 E/ActivityTaskManager( 3064): Abort background activity starts from 10376
05-04 20:26:36.792 I/ActivityTaskManager( 3064): START u0 {act=controller flg=0x50018000 cmp=com.mobikwik_new/mc.ysjkk (has extras)} with LAUNCH_MULTIPLE from uid 10376 (startActivityAsUser) (BAL_BLOCK) result code=102
05-04 20:26:36.795 I/.musicpro.debug(15273): Late-enabling -Xcheck:jni
05-04 20:26:36.799 V/WindowManager( 3064): Sent Transition #6252 createdAt=05-04 20:26:36.755 via request=TransitionRequestInfo { type = 1, triggerTask = TaskInfo{userId=0 taskId=3808 displayId=0 isRunning=true baseIntent=Intent { flg=0x10000000 cmp=com.deepeye.musicpro.debug/com.deepeye.musicpro.ui.MainActivity } baseActivity=ComponentInfo{com.deepeye.musicpro.debug/com.deepeye.musicpro.ui.MainActivity} topActivity=ComponentInfo{com.deepeye.musicpro.debug/com.deepeye.musicpro.ui.MainActivity} origActivity=null realActivity=ComponentInfo{com.deepeye.musicpro.debug/com.deepeye.musicpro.ui.MainActivity} numActivities=1 lastActiveTime=1305258731 supportsMultiWindow=true supportsGlobalFreeform=true resizeMode=1 isResizeable=true isAppLocked=false canKillAndRestart=true isShowDecorCaptionWindowRequest=false minWidth=-1 minHeight=-1 defaultMinSize=200 token=WCT{RemoteToken{d0b154f Task{a719ab9 #3808 type=standard A=10502:com.deepeye.musicpro.debug}}} topActivityType=1 pictureInPictureParams=null shouldDockBigOverlays=false launchIntoPipHostTaskId=-1 lastParentTaskIdBeforePip=-1 displayCutoutSafeInsets=Rect(0, 90 - 0, 0) topActivityInfo=ActivityInfo{85054dc com.deepeye.musicpro.ui.MainActivity} launchCookies=[] positionInParent=Point(0, 0) parentTaskId=-1 isFocused=false isVisible=false isVisibleRequested=false isSleeping=false topActivityInSizeCompat=false topActivityEligibleForLetterboxEducation= false topActivityLetterboxed= false isFromDoubleTap= false topActivityLetterboxVerticalPosition= -1 topActivityLetterboxHorizontalPosition= -1 topActivityLetterboxWidth=-1 topActivityLetterboxHeight=-1 locusId=null displayAreaFeatureId=1 cameraCompatControlState=hidden}, remoteTransition = null, displayChange = null, flags = 0 }
05-04 20:26:36.799 V/WindowManager( 3064):     startWCT=WindowContainerTransaction { changes = {} hops = [] errorCallbackToken=null taskFragmentOrganizer=null }
05-04 20:26:36.799 V/WindowManager( 3064):     info={id=6252 t=OPEN f=0x0 trk=0 r=[0@Point(0, 0)] c=[{WCT{RemoteToken{d0b154f Task{a719ab9 #3808 type=standard A=10502:com.deepeye.musicpro.debug}}} m=OPEN f=NONE pTaskId=-1 leash=Surface(name=Task=3808)/@0xf51a429 sb=Rect(0, 0 - 1080, 2400) eb=Rect(0, 0 - 1080, 2400) d=0},{WCT{RemoteToken{9a2e0c9 Task{97f56a1 #1 type=home}}} m=TO_BACK f=SHOW_WALLPAPER pTaskId=-1 leash=Surface(name=Task=1)/@0x5e976da sb=Rect(0, 0 - 1080, 2400) eb=Rect(0, 0 - 1080, 2400) d=0}]}
05-04 20:26:36.799 V/WindowManagerShell( 3827): onTransitionReady android.os.BinderProxy@2a9a941: {id=6252 t=OPEN f=0x0 trk=0 r=[0@Point(0, 0)] c=[{WCT{android.window.IWindowContainerToken$Stub$Proxy@c3b5d22} m=OPEN f=NONE pTaskId=-1 leash=Surface(name=Task=3808)/@0xad7dd17 sb=Rect(0, 0 - 1080, 2400) eb=Rect(0, 0 - 1080, 2400) d=0},{WCT{android.window.IWindowContainerToken$Stub$Proxy@5f333b3} m=TO_BACK f=SHOW_WALLPAPER pTaskId=-1 leash=Surface(name=Task=1)/@0xa105504 sb=Rect(0, 0 - 1080, 2400) eb=Rect(0, 0 - 1080, 2400) d=0}]}
05-04 20:26:36.799 V/WindowManagerShell( 3827): Playing animation for (#6252)android.os.BinderProxy@2a9a941@0
05-04 20:26:36.799 V/WindowManagerShell( 3827):  try handler com.android.wm.shell.transition.DefaultMixedHandler@9f0b165
05-04 20:26:36.799 V/WindowManagerShell( 3827):  try handler com.android.wm.shell.keyguard.KeyguardTransitionHandler@aa67e3a
05-04 20:26:36.799 V/WindowManagerShell( 3827):  try handler com.android.wm.shell.activityembedding.ActivityEmbeddingController@e359aeb
05-04 20:26:36.799 V/WindowManagerShell( 3827):  try handler com.android.wm.shell.recents.RecentsTransitionHandler@ec8c048
05-04 20:26:36.799 V/ShellRecents( 3827): RecentsTransitionHandler.startAnimation: no controller found
05-04 20:26:36.799 V/WindowManagerShell( 3827):  try handler com.android.wm.shell.pip.PipTransition@5bffee1
05-04 20:26:36.800 V/WindowManagerShell( 3827):  try handler com.android.wm.shell.splitscreen.StageCoordinator@56e4406
05-04 20:26:36.800 V/WindowManagerShell( 3827):  try handler com.android.wm.shell.transition.RemoteTransitionHandler@b50fac7
05-04 20:26:36.800 V/WindowManagerShell( 3827): Transition doesn't have explicit remote, search filters for match for {id=6252 t=OPEN f=0x0 trk=0 r=[0@Point(0, 0)] c=[{WCT{android.window.IWindowContainerToken$Stub$Proxy@c3b5d22} m=OPEN f=NONE pTaskId=-1 leash=Surface(name=Task=3808)/@0xad7dd17 sb=Rect(0, 0 - 1080, 2400) eb=Rect(0, 0 - 1080, 2400) d=0},{WCT{android.window.IWindowContainerToken$Stub$Proxy@5f333b3} m=TO_BACK f=SHOW_WALLPAPER pTaskId=-1 leash=Surface(name=Task=1)/@0xa105504 sb=Rect(0, 0 - 1080, 2400) eb=Rect(0, 0 - 1080, 2400) d=0}]}
05-04 20:26:36.800 V/WindowManagerShell( 3827):  Checking filter Pair{{types=[] flags=0x0] notFlags=0x100 checks=[{atype=home independent=true modes=[OPEN,TO_FRONT] flags=NONE mustBeTask=false order=TOP topActivity=ComponentInfo{com.motorola.launcher3/com.android.launcher3.uioverrides.QuickstepLauncher}},{atype=standard independent=true modes=[CLOSE,TO_BACK] flags=NONE mustBeTask=false order=ANY topActivity=null}]} RemoteTransition { remoteTransition = android.window.IRemoteTransition$Stub$Proxy@4795a1a, appThread = android.app.IApplicationThread$Stub$Proxy@b3b794b, debugName = QuickstepLaunchHome }}
05-04 20:26:36.800 V/WindowManagerShell( 3827):  Delegate animation for #6252 to null
05-04 20:26:36.800 V/WindowManagerShell( 3827):  try handler com.android.wm.shell.transition.DefaultTransitionHandler@acd98f4
05-04 20:26:36.800 V/WindowManagerShell( 3827): start default transition animation, info = {id=6252 t=OPEN f=0x0 trk=0 r=[0@Point(0, 0)] c=[{WCT{android.window.IWindowContainerToken$Stub$Proxy@c3b5d22} m=OPEN f=NONE pTaskId=-1 leash=Surface(name=Task=3808)/@0xad7dd17 sb=Rect(0, 0 - 1080, 2400) eb=Rect(0, 0 - 1080, 2400) d=0},{WCT{android.window.IWindowContainerToken$Stub$Proxy@5f333b3} m=TO_BACK f=SHOW_WALLPAPER pTaskId=-1 leash=Surface(name=Task=1)/@0xa105504 sb=Rect(0, 0 - 1080, 2400) eb=Rect(0, 0 - 1080, 2400) d=0}]}
05-04 20:26:36.800 V/WindowManagerShell( 3827): loadAnimation: anim=android.view.animation.AnimationSet@efbf8e9 animAttr=0x13 type=OPEN isEntrance=false
05-04 20:26:36.800 V/WindowManagerShell( 3827): loadAnimation: anim=android.view.animation.AnimationSet@9123aa5 animAttr=0x12 type=OPEN isEntrance=true
05-04 20:26:36.801 V/WindowManagerShell( 3827):  animated by com.android.wm.shell.transition.DefaultTransitionHandler@acd98f4
05-04 20:26:36.812 I/.musicpro.debug(15273): Using CollectorTypeCMC GC.
05-04 20:26:36.814 I/adbd    ( 7521): jdwp connection from 15273
05-04 20:26:36.819 D/nativeloader(15273): Load libframework-connectivity-tiramisu-jni.so using APEX ns com_android_tethering for caller /apex/com.android.tethering/javalib/framework-connectivity-t.jar: ok
05-04 20:26:36.824 E/ANDR-PERF-LM( 1798): MetaMeter: handleAsync() 166: AdaptLaunch Invalid Async
05-04 20:26:36.832 D/CompatibilityChangeReporter(15273): Compat change id reported: 171979766; UID 10502; state: ENABLED
05-04 20:26:36.832 D/CompatibilityChangeReporter(15273): Compat change id reported: 242716250; UID 10502; state: ENABLED
05-04 20:26:36.835 D/CompatibilityChangeReporter( 3064): Compat change id reported: 170503758; UID 10502; state: ENABLED
05-04 20:26:36.868 I/bwmt    (10800): onPause
05-04 20:26:37.085 V/WindowManagerShell( 3827): Transition animation finished (aborted=false), notifying core (#6252)android.os.BinderProxy@2a9a941@0
05-04 20:26:37.086 V/WindowManager( 3064): Finish Transition #6252: created at 05-04 20:26:36.755 collect-started=0.013ms request-sent=10.299ms started=19.357ms ready=41.865ms sent=43.547ms finished=331.025ms
05-04 20:26:37.088 V/WindowManagerShell( 3827): Track 0 became idle
05-04 20:26:37.088 V/WindowManagerShell( 3827): All active transition animations finished
05-04 20:26:37.092 D/Surface (10800): Surface::disconnect
05-04 20:26:37.092 D/BufferQueueProducer(10800): [VRI[GoogleDiscoverWindow]#61(BLAST Consumer)61](id:2a300000003d,api:1,p:10800,c:10800) disconnect: api 1
05-04 20:26:37.092 D/Surface (20981): Surface::disconnect
05-04 20:26:37.093 D/BufferQueueProducer(20981): [VRI[CustomizationPanelLauncher]#332(BLAST Consumer)332](id:51f500000482,api:1,p:20981,c:20981) disconnect: api 1
05-04 20:26:37.146 D/nativeloader(15273): Configuring clns-4 for other apk /data/app/~~HI9UX6hskjVEwzB34HA6SQ==/com.deepeye.musicpro.debug-pi_TPD4qWrJg7WXGCePLjA==/base.apk. target_sdk_version=35, uses_libraries=, library_path=/data/app/~~HI9UX6hskjVEwzB34HA6SQ==/com.deepeye.musicpro.debug-pi_TPD4qWrJg7WXGCePLjA==/lib/arm64:/data/app/~~HI9UX6hskjVEwzB34HA6SQ==/com.deepeye.musicpro.debug-pi_TPD4qWrJg7WXGCePLjA==/base.apk!/lib/arm64-v8a, permitted_path=/data:/mnt/expand:/data/user/0/com.deepeye.musicpro.debug
05-04 20:26:37.150 D/nativeloader(15273): Load libframework-connectivity-jni.so using APEX ns com_android_tethering for caller /apex/com.android.tethering/javalib/framework-connectivity.jar: ok
05-04 20:26:37.151 V/GraphicsEnvironment(15273): Currently set values for:
05-04 20:26:37.151 V/GraphicsEnvironment(15273):   angle_gl_driver_selection_pkgs=[]
05-04 20:26:37.151 V/GraphicsEnvironment(15273):   angle_gl_driver_selection_values=[]
05-04 20:26:37.151 V/GraphicsEnvironment(15273): ANGLE GameManagerService for com.deepeye.musicpro.debug: false
05-04 20:26:37.151 V/GraphicsEnvironment(15273): com.deepeye.musicpro.debug is not listed in per-application setting
05-04 20:26:37.151 V/GraphicsEnvironment(15273): Updatable production driver is not supported on the device.
05-04 20:26:37.165 D/CompatibilityChangeReporter(15273): Compat change id reported: 183155436; UID 10502; state: ENABLED
05-04 20:26:37.169 D/SessionsDependencies(15273): Dependency to CRASHLYTICS added.
05-04 20:26:37.172 I/FirebaseApp(15273): Device unlocked: initializing all Firebase APIs for app [DEFAULT]
05-04 20:26:37.212 D/nativeloader(15273): Load /data/app/~~HI9UX6hskjVEwzB34HA6SQ==/com.deepeye.musicpro.debug-pi_TPD4qWrJg7WXGCePLjA==/base.apk!/lib/arm64-v8a/libcrashlytics.so using class loader ns clns-4 (caller=/data/app/~~HI9UX6hskjVEwzB34HA6SQ==/com.deepeye.musicpro.debug-pi_TPD4qWrJg7WXGCePLjA==/base.apk!classes18.dex): ok
05-04 20:26:37.217 D/CompatibilityChangeReporter(15273): Compat change id reported: 3400644; UID 10502; state: ENABLED
05-04 20:26:37.218 I/FirebaseCrashlytics(15273): Initializing Firebase Crashlytics 19.3.0 for com.deepeye.musicpro.debug
05-04 20:26:37.228 D/SessionsDependencies(15273): Subscriber CRASHLYTICS registered.
05-04 20:26:37.237 W/.musicpro.debug(15273): ClassLoaderContext classpath size mismatch. expected=1, found=0 (DLC[];PCL[base.apk*3459175842]{PCL[/system/framework/org.apache.http.legacy.jar*365604909]#PCL[/system/framework/com.android.location.provider.jar*3994156537]#PCL[/system/framework/com.android.media.remotedisplay.jar*2114713712]} | DLC[];PCL[])
05-04 20:26:37.238 I/DynamiteModule(15273): Considering local module com.google.android.gms.measurement.dynamite:127 and remote module com.google.android.gms.measurement.dynamite:189
05-04 20:26:37.238 I/DynamiteModule(15273): Selected remote version of com.google.android.gms.measurement.dynamite, version >= 189
05-04 20:26:37.238 V/DynamiteModule(15273): Dynamite loader version >= 2, using loadModule2NoCrashUtils
05-04 20:26:37.240 I/QC2Comp ( 1830): [avcD_1124] Stats: Pending(9) i/p-done(5) Works: Q: 28/Done 20|Work-Rate: Q(0.0/s Avg=0.0/s) Done(0.000/s Avg=0.001/s)| Stream: 30.00fps 203.8Kbps
05-04 20:26:37.240 I/QC2Comp ( 1830): [avcD_1124] Mem-usage:  [In-1D: 6 bufs 17.930 MB] [1D-2226: 16 bufs 0.250 MB] [2D-2227: 20 bufs 28.438 MB] | Total: 46.617 MB
05-04 20:26:37.241 D/CompatibilityChangeReporter( 3064): Compat change id reported: 161145287; UID 10502; state: ENABLED
05-04 20:26:37.246 W/System  (15273): ClassLoader referenced unknown path: 
05-04 20:26:37.246 D/nativeloader(15273): Configuring clns-5 for other apk . target_sdk_version=37, uses_libraries=, library_path=/data/app/~~PUhE4W2uBXrEkGAAEBiq0w==/com.google.android.gms--Ck5ZGrrO_6TuPDI4fgJVw==/lib/arm64:/data/app/~~PUhE4W2uBXrEkGAAEBiq0w==/com.google.android.gms--Ck5ZGrrO_6TuPDI4fgJVw==/base.apk!/lib/arm64-v8a, permitted_path=/data:/mnt/expand:/data/user/0/com.google.android.gms
05-04 20:26:37.252 W/.musicpro.debug(15273): ClassLoaderContext classpath element checksum mismatch. expected=3459175842, found=3556664689 (DLC[];PCL[base.apk*3459175842]{PCL[/system/framework/org.apache.http.legacy.jar*365604909]#PCL[/system/framework/com.android.location.provider.jar*3994156537]#PCL[/system/framework/com.android.media.remotedisplay.jar*2114713712]} | DLC[];PCL[/data/app/~~HI9UX6hskjVEwzB34HA6SQ==/com.deepeye.musicpro.debug-pi_TPD4qWrJg7WXGCePLjA==/base.apk*3556664689])
05-04 20:26:37.252 D/libcrashlytics(15273): Initializing libcrashlytics version 3.2.0
05-04 20:26:37.255 D/libcrashlytics(15273): Initializing native crash handling successful.
05-04 20:26:37.266 I/FirebaseCrashlytics(15273): No version control information found
05-04 20:26:37.266 D/FirebaseSessions(15273): Initializing Firebase Sessions SDK.
05-04 20:26:37.267 I/FirebaseInitProvider(15273): FirebaseApp initialization successful
05-04 20:26:37.267 D/FirebaseSessions(15273): No Sessions subscribers. Not listening to lifecycle events.
05-04 20:26:37.273 D/CompatibilityChangeReporter( 3064): Compat change id reported: 261072174; UID 10502; state: ENABLED
05-04 20:26:37.277 D/WM-WrkMgrInitializer(15273): Initializing WorkManager with default configuration.
05-04 20:26:37.279 I/.musicpro.debug(15273): hiddenapi: Accessing hidden method Ldalvik/system/VMStack;->getStackClass2()Ljava/lang/Class; (runtime_flags=0, domain=core-platform, api=unsupported) from Lm7/apm; (domain=app, TargetSdkVersion=35) using reflection: allowed
05-04 20:26:37.285 D/WM-PackageManagerHelper(15273): Skipping component enablement for androidx.work.impl.background.systemjob.SystemJobService
05-04 20:26:37.285 D/WM-Schedulers(15273): Created SystemJobScheduler and enabled SystemJobService
05-04 20:26:37.287 E/.musicpro.debug(15273): No package ID 6a found for resource ID 0x6a0b0013.
05-04 20:26:37.287 I/CrashGuard(15273): Enabling StrictMode penaltyDeath for debug build
05-04 20:26:37.288 I/FA      (15273): App measurement initialized, version: 165000
05-04 20:26:37.288 I/FA      (15273): To enable debug logging run: adb shell setprop log.tag.FA VERBOSE
05-04 20:26:37.288 I/FA      (15273): To enable faster debug mode event logging run:
05-04 20:26:37.288 I/FA      (15273):   adb shell setprop debug.firebase.analytics.app com.deepeye.musicpro.debug
05-04 20:26:37.291 D/nativeloader(15273): Load /data/app/~~HI9UX6hskjVEwzB34HA6SQ==/com.deepeye.musicpro.debug-pi_TPD4qWrJg7WXGCePLjA==/base.apk!/lib/arm64-v8a/libdeepeye_dsp.so using class loader ns clns-4 (caller=/data/app/~~HI9UX6hskjVEwzB34HA6SQ==/com.deepeye.musicpro.debug-pi_TPD4qWrJg7WXGCePLjA==/base.apk!classes11.dex): ok
05-04 20:26:37.291 I/DeepEyeJNI(15273): JNI_OnLoad called - Native library initializing...
05-04 20:26:37.293 I/PhenotypeResourceReader(27765): unable to find any Phenotype resource metadata for com.deepeye.musicpro.debug
05-04 20:26:37.294 E/FA      (15273): Invalid google_app_id. Firebase Analytics disabled. See https://goo.gl/NAOOOI. provided id: 1:1234567890:android:debug
05-04 20:26:37.294 I/Typeface(15273): updateThemeFont new=Rookery-Regular;old=sans-serif;new=Rookery-Stacked;old=
05-04 20:26:37.295 E/FA      (15273): Uploading is not possible. App measurement disabled
05-04 20:26:37.295 I/ActivityManager( 3064): Flag disabled. Ignoring finishAttachApplication from uid: 10502. pid: 15273
05-04 20:26:37.300 D/CompatibilityChangeReporter(15273): Compat change id reported: 160794467; UID 10502; state: ENABLED
05-04 20:26:37.310 D/AppCompatDelegate(15273): Checking for metadata for AppLocalesMetadataHolderService : Service not found
05-04 20:26:37.356 E/KeymasterUtils( 1251): rsp_header->status: -28
05-04 20:26:37.357 E/KeyMasterHalDevice( 1251): abort_operation
05-04 20:26:37.357 E/KeyMasterHalDevice( 1251): ret: -28
05-04 20:26:37.368 D/CompatibilityChangeReporter(15273): Compat change id reported: 210923482; UID 10502; state: ENABLED
05-04 20:26:37.372 E/KeymasterUtils( 1251): rsp_header->status: -28
05-04 20:26:37.372 E/KeyMasterHalDevice( 1251): abort_operation
05-04 20:26:37.372 E/KeyMasterHalDevice( 1251): ret: -28
05-04 20:26:37.388 E/KeymasterUtils( 1251): rsp_header->status: -28
05-04 20:26:37.388 E/KeyMasterHalDevice( 1251): abort_operation
05-04 20:26:37.388 E/KeyMasterHalDevice( 1251): ret: -28
05-04 20:26:37.404 E/KeymasterUtils( 1251): rsp_header->status: -28
05-04 20:26:37.404 E/KeyMasterHalDevice( 1251): abort_operation
05-04 20:26:37.404 E/KeyMasterHalDevice( 1251): ret: -28
05-04 20:26:37.408 I/.musicpro.debug(15273): hiddenapi: Accessing hidden method Landroid/view/ViewGroup;->makeOptionalFitsSystemWindows()V (runtime_flags=0, domain=platform, api=unsupported) from Landroidx/appcompat/widget/ViewUtils; (domain=app, TargetSdkVersion=35) using reflection: allowed
05-04 20:26:37.414 I/MediaController(15273): Init 47f9e5c [AndroidXMedia3/1.4.1] [hiphi, motorola edge 30 pro, motorola, 34]
05-04 20:26:37.415 E/KeymasterUtils( 1251): rsp_header->status: -28
05-04 20:26:37.416 E/KeyMasterHalDevice( 1251): abort_operation
05-04 20:26:37.416 E/KeyMasterHalDevice( 1251): ret: -28
05-04 20:26:37.428 E/KeymasterUtils( 1251): rsp_header->status: -28
05-04 20:26:37.428 E/KeyMasterHalDevice( 1251): abort_operation
05-04 20:26:37.428 E/KeyMasterHalDevice( 1251): ret: -28
05-04 20:26:37.433 E/minksocket( 1727): MinkIPC_QRTR_Service: client with node 1 port 7944 went down
05-04 20:26:37.435 E/minksocket( 1727): MinkIPC_QRTR_Service: client with node 1 port 7945 went down
05-04 20:26:37.435 E/minksocket( 1727): MinkIPC_QRTR_Service: client with node 1 port 7946 went down
05-04 20:26:37.436 E/minksocket( 1727): MinkIPC_QRTR_Service: client with node 1 port 7947 went down
05-04 20:26:37.442 D/CompatibilityChangeReporter(15273): Compat change id reported: 171228096; UID 10502; state: ENABLED
05-04 20:26:37.502 D/HomeViewModel(15273): loadHomeContent: Starting
05-04 20:26:37.550 D/HomeViewModel(15273): loadHomeContent: Starting
05-04 20:26:37.557 I/FA      (15273): Tag Manager is not found and thus will not be used
05-04 20:26:37.559 D/CompatibilityChangeReporter(15273): Compat change id reported: 237531167; UID 10502; state: DISABLED
05-04 20:26:37.563 D/ViewRootImpl(15273): update {(0,0)(fillxfill) sim={adjust=resize forwardNavigation} ty=BASE_APPLICATION wanim=0x10302fe
05-04 20:26:37.563 D/ViewRootImpl(15273):   fl=LAYOUT_IN_SCREEN LAYOUT_INSET_DECOR SPLIT_TOUCH HARDWARE_ACCELERATED DRAWS_SYSTEM_BAR_BACKGROUNDS
05-04 20:26:37.563 D/ViewRootImpl(15273):   pfl=NO_MOVE_ANIMATION FORCE_DRAW_STATUS_BAR_BACKGROUND FIT_INSETS_CONTROLLED
05-04 20:26:37.563 D/ViewRootImpl(15273):   bhv=DEFAULT
05-04 20:26:37.563 D/ViewRootImpl(15273):   fitSides=} by setView
05-04 20:26:37.568 I/Choreographer(15273): Skipped 41 frames!  The application may be doing too much work on its main thread.
05-04 20:26:37.581 D/CoreBackPreview( 3064): Window{e8354c3 u0 com.deepeye.musicpro.debug/com.deepeye.musicpro.ui.MainActivity}: Setting back callback OnBackInvokedCallbackInfo{mCallback=android.window.IOnBackInvokedCallback$Stub$Proxy@f5549be, mPriority=0, mIsAnimationCallback=false}
05-04 20:26:37.601 I/AdrenoGLES-0(15273): QUALCOMM build                   : dad4038ba6, If56d4a5bb8
05-04 20:26:37.601 I/AdrenoGLES-0(15273): Build Date                       : 07/28/23
05-04 20:26:37.601 I/AdrenoGLES-0(15273): OpenGL ES Shader Compiler Version: EV031.36.08.24
05-04 20:26:37.601 I/AdrenoGLES-0(15273): Local Branch                     : 
05-04 20:26:37.601 I/AdrenoGLES-0(15273): Remote Branch                    : refs/tags/AU_LINUX_ANDROID_LA.VENDOR.1.0.11.00.00.766.892
05-04 20:26:37.601 I/AdrenoGLES-0(15273): Remote Branch                    : NONE
05-04 20:26:37.601 I/AdrenoGLES-0(15273): Reconstruct Branch               : NOTHING
05-04 20:26:37.601 I/AdrenoGLES-0(15273): Build Config                     : S P 12.1.1 AArch64
05-04 20:26:37.601 I/AdrenoGLES-0(15273): Driver Path                      : /vendor/lib64/egl/libGLESv2_adreno.so
05-04 20:26:37.601 I/AdrenoGLES-0(15273): Driver Version                   : 0615.74
05-04 20:26:37.604 I/AdrenoGLES-0(15273): PFP: 0x01730158, ME: 0x00000000
05-04 20:26:37.617 I/OpenGLRenderer(15273): setGrContext nullptr-->validptr
05-04 20:26:37.618 E/OpenGLRenderer(15273): Unable to match the desired swap behavior.
05-04 20:26:37.657 W/ActivityTaskManager( 3064): activity boost didn't release as expected
05-04 20:26:37.659 I/ActivityTaskManager( 3064): Displayed com.deepeye.musicpro.debug/com.deepeye.musicpro.ui.MainActivity for user 0: +906ms
05-04 20:26:37.665 I/ExoPlayerImpl(15273): Init 4ad8791 [AndroidXMedia3/1.4.1] [hiphi, motorola edge 30 pro, motorola, 34]
05-04 20:26:37.674 W/AidlConversionCppNdk( 1852): legacy2aidl_audio_channel_mask_t_AudioChannelLayout: no AudioChannelLayout found for legacy output audio_channel_mask_t value 0x10
05-04 20:26:37.674 W/AidlConversionCppNdk(15273): aidl2legacy_AudioChannelLayout_audio_channel_mask_t: no legacy output audio_channel_mask_t found for AudioChannelLayout{layoutMask: 16}
05-04 20:26:37.680 I/.musicpro.debug(15273): hiddenapi: Accessing hidden method Landroid/media/AudioTrack;->getLatency()I (runtime_flags=0, domain=platform, api=unsupported) from Landroidx/media3/exoplayer/audio/AudioTrackPositionTracker; (domain=app, TargetSdkVersion=35) using reflection: allowed
05-04 20:26:37.701 D/CompatibilityChangeReporter(15273): Compat change id reported: 263076149; UID 10502; state: ENABLED
05-04 20:26:37.707 I/MediaSessionImpl(15273): Init 7c097c9 [AndroidXMedia3/1.4.1] [hiphi, motorola edge 30 pro, motorola, 34]
05-04 20:26:37.712 W/MediaSessionCompat(15273): Couldn't find a unique registered media button receiver in the given context.
05-04 20:26:37.713 I/MediaSessionStack( 3064): addSession to bottom of stack | record: com.deepeye.musicpro.debug/androidx.media3.session.id.DeepEyeMusicProSession (userId=0)
05-04 20:26:37.714 D/MotoMediaSessionUtils( 3827): onActiveSessionsChanged - controllers size: 2 mActiveControllers size: 1
05-04 20:26:37.714 D/HeadsetService( 7916): getHeadsetService(): returning com.android.bluetooth.hfp.HeadsetService@ee3f0c7
05-04 20:26:37.715 E/HeadsetStateMachine( 7916): returning mCurrentState as Connected
05-04 20:26:37.715 E/HeadsetStateMachine( 7916): returning mCurrentState as Disconnected
05-04 20:26:37.715 E/HeadsetStateMachine( 7916): returning mCurrentState as Disconnected
05-04 20:26:37.715 D/HeadsetService( 7916):  isAudioOn: The number of audio connected devices 0
05-04 20:26:37.715 D/HeadsetService( 7916): isScoOrCallActive(): Call Active:falseCall is Ringing:falseSCO is Active:false
05-04 20:26:37.715 E/HeadsetStateMachine( 7916): returning mCurrentState as Connected
05-04 20:26:37.715 E/HeadsetStateMachine( 7916): returning mCurrentState as Disconnected
05-04 20:26:37.715 E/HeadsetStateMachine( 7916): returning mCurrentState as Disconnected
05-04 20:26:37.715 D/HeadsetService( 7916):  isAudioOn: The number of audio connected devices 0
05-04 20:26:37.717 V/Avrcp_ext( 7916): ActiveSession: MediaController (com.google.android.youtube@9098752) Bengal Election Result : बंगाल में आज असली खेल क्या हुआ? नतीजों पर सब चौंक गए.., Punya Prasun Bajpai, Punya Prasun Bajpai
05-04 20:26:37.717 D/MotoMediaSessionUtils( 3827): Final controllers count: 1
05-04 20:26:37.717 V/Avrcp_ext( 7916): isBrowseSupported for com.google.android.youtube: false
05-04 20:26:37.717 D/Avrcp_ext( 7916): Adding media player info for com.google.android.youtube with id 3
05-04 20:26:37.718 D/Avrcp_ext( 7916): update #3:MediaPlayerInfo com.google.android.youtube (as 'YouTube') Type = 1, SubType = 0, Status = 0 Feature Bits [40 41 42 44 45 47 48 58] Controller: MediaController (com.google.android.youtube@9098752) Bengal Election Result : बंगाल में आज असली खेल क्या हुआ? नतीजों पर सब चौंक गए.., Punya Prasun Bajpai, Punya Prasun Bajpai
05-04 20:26:37.718 V/Avrcp_ext( 7916): updateNewIds: Addressed:3 to 3, Browse:-1 to -1
05-04 20:26:37.720 D/MotoMediaSessionUtils( 3827): onActiveSessionsChanged - controllers size: 3 mActiveControllers size: 1
05-04 20:26:37.720 D/Avrcp_ext( 7916): updateCurrentController: MediaController (com.google.android.youtube@2feb8af) Bengal Election Result : बंगाल में आज असली खेल क्या हुआ? नतीजों पर सब चौंक गए.., Punya Prasun Bajpai, Punya Prasun Bajpai to MediaController (com.google.android.youtube@9098752) Bengal Election Result : बंगाल में आज असली खेल क्या हुआ? नतीजों पर सब चौंक गए.., Punya Prasun Bajpai, Punya Prasun Bajpai
05-04 20:26:37.723 V/Avrcp_ext( 7916): updateCurrentMediaState: mMediaController: MediaController (com.google.android.youtube@9098752) Bengal Election Result : बंगाल में आज असली खेल क्या हुआ? नतीजों पर सब चौंक गए.., Punya Prasun Bajpai, Punya Prasun Bajpai
05-04 20:26:37.723 W/Avrcp_ext( 7916): isMusicActive: false getBluetoothPlayState: 0 A2dp State: 11 mAudioPlaybackIsActive: false
05-04 20:26:37.724 D/Avrcp_ext( 7916): isMusicActive = false mAudioPlaybackIsActive = false player state = PlaybackState {state=STOPPED(1), position=1328924, buffered position=0, speed=1.0, updated=1296916309, actions=8615, custom actions=[], active item id=-1, error=null}
05-04 20:26:37.725 D/MotoMediaSessionUtils( 3827): Final controllers count: 1
05-04 20:26:37.725 D/Avrcp_ext( 7916): overwrite album_artist :Punya Prasun Bajpaiif album is blank
05-04 20:26:37.725 D/AvrcpBipRsp( 7916):  getImgHandle device :17:3F:CF:BE:B9:01 data :android.media.MediaMetadata@e49e1816
05-04 20:26:37.725 W/AvrcpBipRsp( 7916): getImgHandle bipSm null
05-04 20:26:37.725 D/Avrcp_ext( 7916):  getImgHandle device:17:3F:CF:BE:B9:01 data:android.media.MediaMetadata@e49e1816 isKeyContains true Handle 
05-04 20:26:37.726 D/TelephonyManager( 3064): requestModemActivityInfo: Sending result to app: ModemActivityInfo{ mTimestamp=1305259691 mSleepTimeMs=1010907391 mIdleTimeMs=11104730 mActivityStatsTechSpecificInfo=[{mRat=UNKNOWN,mFrequencyRange=UNKNOWN,mTxTimeMs[]=[4279482, 2958812, 2914029, 3532264, 3466691],mRxTimeMs=266085987}]}
05-04 20:26:37.726 I/Avrcp_ext( 7916): device found at index 0
05-04 20:26:37.726 V/Avrcp_ext( 7916): updateCurrentMediaState: addr: [B@cb69d95
05-04 20:26:37.726 V/Avrcp_ext( 7916): Media update: id -1➡-1? [MediaAttributes: B⋯. - P⋯i by P⋯i (1329000 0/0) - ] : [MediaAttributes: B⋯. - P⋯i by P⋯i (1329000 0/0) - ]
05-04 20:26:37.726 D/Avrcp_ext( 7916): isPackageNameValid: browsedPackage = com.google.android.youtubeisValid = true
05-04 20:26:37.726 V/Avrcp_ext( 7916): isBrowseSupported for com.google.android.youtube: false
05-04 20:26:37.726 W/Avrcp_ext( 7916): updateCurrentMediaState: isInactivePlayer = false
05-04 20:26:37.726 V/Avrcp_ext( 7916): updatePlaybackState, state: PlaybackState {state=STOPPED(1), position=1328924, buffered position=0, speed=1.0, updated=1296916309, actions=8615, custom actions=[], active item id=-1, error=null} device: null
05-04 20:26:37.727 D/BroadcastService( 7916): getBroadcastAddress
05-04 20:26:37.727 D/BroadcastService( 7916): isBroadcastActive: Broadcast is turned to off
05-04 20:26:37.727 V/Avrcp_ext( 7916): Device: Ejaj’s AirPods : old state: PlaybackState {state=STOPPED(1), position=1328924, buffered position=0, speed=1.0, updated=1296916309, actions=8615, custom actions=[], active item id=-1, error=null}
05-04 20:26:37.727 V/Avrcp_ext( 7916): Device: no name: 
05-04 20:26:37.727 V/Avrcp_ext( 7916): Device: no name: 
05-04 20:26:37.727 V/Avrcp_ext( 7916): Device: no name: 
05-04 20:26:37.727 V/Avrcp_ext( 7916): Device: no name: 
05-04 20:26:37.727 V/Avrcp_ext( 7916): updatePlayerStateAndPosition, old=PlaybackState {state=STOPPED(1), position=1328924, buffered position=0, speed=1.0, updated=1296916309, actions=8615, custom actions=[], active item id=-1, error=null}, state=PlaybackState {state=STOPPED(1), position=1328924, buffered position=0, speed=1.0, updated=1296916309, actions=8615, custom actions=[], active item id=-1, error=null}
05-04 20:26:37.727 V/Avrcp_ext( 7916): old state = PlaybackState {state=STOPPED(1), position=1328924, buffered position=0, speed=1.0, updated=1296916309, actions=8615, custom actions=[], active item id=-1, error=null}, new state= PlaybackState {state=STOPPED(1), position=1328924, buffered position=0, speed=1.0, updated=1296916309, actions=8615, custom actions=[], active item id=-1, error=null}
05-04 20:26:37.727 D/HeadsetService( 7916): getHeadsetService(): returning com.android.bluetooth.hfp.HeadsetService@ee3f0c7
05-04 20:26:37.727 E/HeadsetStateMachine( 7916): returning mCurrentState as Connected
05-04 20:26:37.727 E/HeadsetStateMachine( 7916): returning mCurrentState as Disconnected
05-04 20:26:37.727 E/HeadsetStateMachine( 7916): returning mCurrentState as Disconnected
05-04 20:26:37.727 D/HeadsetService( 7916):  isAudioOn: The number of audio connected devices 0
05-04 20:26:37.727 D/HeadsetService( 7916): isScoOrCallActive(): Call Active:falseCall is Ringing:falseSCO is Active:false
05-04 20:26:37.727 E/HeadsetStateMachine( 7916): returning mCurrentState as Connected
05-04 20:26:37.727 E/HeadsetStateMachine( 7916): returning mCurrentState as Disconnected
05-04 20:26:37.727 E/HeadsetStateMachine( 7916): returning mCurrentState as Disconnected
05-04 20:26:37.727 D/HeadsetService( 7916):  isAudioOn: The number of audio connected devices 0
05-04 20:26:37.727 I/Avrcp_ext( 7916): updatePlayStatusForDevice: device: 17:3F:CF:BE:B9:01
05-04 20:26:37.727 V/Avrcp_ext( 7916): updatePlaybackState (0): old=PlaybackState {state=STOPPED(1), position=1328924, buffered position=0, speed=1.0, updated=1296916309, actions=8615, custom actions=[], active item id=-1, error=null}(0), new=PlaybackState {state=STOPPED(1), position=1328924, buffered position=0, speed=1.0, updated=1296916309, actions=8615, custom actions=[], active item id=-1, error=null}(0)
05-04 20:26:37.727 I/Avrcp_ext( 7916): Exit updatePlayStatusForDevice
05-04 20:26:37.727 E/HeadsetStateMachine( 7916): returning mCurrentState as Connected
05-04 20:26:37.727 E/HeadsetStateMachine( 7916): returning mCurrentState as Disconnected
05-04 20:26:37.727 E/HeadsetStateMachine( 7916): returning mCurrentState as Disconnected
05-04 20:26:37.727 D/HeadsetService( 7916):  isAudioOn: The number of audio connected devices 0
05-04 20:26:37.727 D/HeadsetService( 7916): isScoOrCallActive(): Call Active:falseCall is Ringing:falseSCO is Active:false
05-04 20:26:37.727 E/HeadsetStateMachine( 7916): returning mCurrentState as Connected
05-04 20:26:37.727 E/HeadsetStateMachine( 7916): returning mCurrentState as Disconnected
05-04 20:26:37.727 E/HeadsetStateMachine( 7916): returning mCurrentState as Disconnected
05-04 20:26:37.727 D/HeadsetService( 7916):  isAudioOn: The number of audio connected devices 0
05-04 20:26:37.727 I/Avrcp_ext( 7916): updatePlayStatusForDevice: device: null
05-04 20:26:37.727 V/Avrcp_ext( 7916): updatePlaybackState (1): old=PlaybackState {state=STOPPED(1), position=1328924, buffered position=0, speed=1.0, updated=1296916309, actions=8615, custom actions=[], active item id=-1, error=null}(0), new=PlaybackState {state=STOPPED(1), position=1328924, buffered position=0, speed=1.0, updated=1296916309, actions=8615, custom actions=[], active item id=-1, error=null}(0)
05-04 20:26:37.727 I/Avrcp_ext( 7916): Exit updatePlayStatusForDevice
05-04 20:26:37.727 E/HeadsetStateMachine( 7916): returning mCurrentState as Connected
05-04 20:26:37.727 E/HeadsetStateMachine( 7916): returning mCurrentState as Disconnected
05-04 20:26:37.727 E/HeadsetStateMachine( 7916): returning mCurrentState as Disconnected
05-04 20:26:37.727 D/HeadsetService( 7916):  isAudioOn: The number of audio connected devices 0
05-04 20:26:37.727 D/HeadsetService( 7916): isScoOrCallActive(): Call Active:falseCall is Ringing:falseSCO is Active:false
05-04 20:26:37.727 E/HeadsetStateMachine( 7916): returning mCurrentState as Connected
05-04 20:26:37.727 E/HeadsetStateMachine( 7916): returning mCurrentState as Disconnected
05-04 20:26:37.727 E/HeadsetStateMachine( 7916): returning mCurrentState as Disconnected
05-04 20:26:37.727 D/HeadsetService( 7916):  isAudioOn: The number of audio connected devices 0
05-04 20:26:37.727 I/Avrcp_ext( 7916): updatePlayStatusForDevice: device: null
05-04 20:26:37.727 V/Avrcp_ext( 7916): updatePlaybackState (1): old=PlaybackState {state=STOPPED(1), position=1328924, buffered position=0, speed=1.0, updated=1296916309, actions=8615, custom actions=[], active item id=-1, error=null}(0), new=PlaybackState {state=STOPPED(1), position=1328924, buffered position=0, speed=1.0, updated=1296916309, actions=8615, custom actions=[], active item id=-1, error=null}(0)
05-04 20:26:37.727 I/Avrcp_ext( 7916): Exit updatePlayStatusForDevice
05-04 20:26:37.727 E/HeadsetStateMachine( 7916): returning mCurrentState as Connected
05-04 20:26:37.727 E/HeadsetStateMachine( 7916): returning mCurrentState as Disconnected
05-04 20:26:37.727 E/HeadsetStateMachine( 7916): returning mCurrentState as Disconnected
05-04 20:26:37.727 D/HeadsetService( 7916):  isAudioOn: The number of audio connected devices 0
05-04 20:26:37.727 D/HeadsetService( 7916): isScoOrCallActive(): Call Active:falseCall is Ringing:falseSCO is Active:false
05-04 20:26:37.727 E/HeadsetStateMachine( 7916): returning mCurrentState as Connected
05-04 20:26:37.727 E/HeadsetStateMachine( 7916): returning mCurrentState as Disconnected
05-04 20:26:37.727 E/HeadsetStateMachine( 7916): returning mCurrentState as Disconnected
05-04 20:26:37.727 D/HeadsetService( 7916):  isAudioOn: The number of audio connected devices 0
05-04 20:26:37.727 I/Avrcp_ext( 7916): updatePlayStatusForDevice: device: null
05-04 20:26:37.727 V/Avrcp_ext( 7916): updatePlaybackState (1): old=PlaybackState {state=STOPPED(1), position=1328924, buffered position=0, speed=1.0, updated=1296916309, actions=8615, custom actions=[], active item id=-1, error=null}(0), new=PlaybackState {state=STOPPED(1), position=1328924, buffered position=0, speed=1.0, updated=1296916309, actions=8615, custom actions=[], active item id=-1, error=null}(0)
05-04 20:26:37.727 I/Avrcp_ext( 7916): Exit updatePlayStatusForDevice
05-04 20:26:37.727 E/HeadsetStateMachine( 7916): returning mCurrentState as Connected
05-04 20:26:37.727 E/HeadsetStateMachine( 7916): returning mCurrentState as Disconnected
05-04 20:26:37.727 E/HeadsetStateMachine( 7916): returning mCurrentState as Disconnected
05-04 20:26:37.727 D/HeadsetService( 7916):  isAudioOn: The number of audio connected devices 0
05-04 20:26:37.727 D/HeadsetService( 7916): isScoOrCallActive(): Call Active:falseCall is Ringing:falseSCO is Active:false
05-04 20:26:37.727 E/HeadsetStateMachine( 7916): returning mCurrentState as Connected
05-04 20:26:37.727 E/HeadsetStateMachine( 7916): returning mCurrentState as Disconnected
05-04 20:26:37.727 E/HeadsetStateMachine( 7916): returning mCurrentState as Disconnected
05-04 20:26:37.727 D/HeadsetService( 7916):  isAudioOn: The number of audio connected devices 0
05-04 20:26:37.727 I/Avrcp_ext( 7916): updatePlayStatusForDevice: device: null
05-04 20:26:37.727 V/Avrcp_ext( 7916): updatePlaybackState (1): old=PlaybackState {state=STOPPED(1), position=1328924, buffered position=0, speed=1.0, updated=1296916309, actions=8615, custom actions=[], active item id=-1, error=null}(0), new=PlaybackState {state=STOPPED(1), position=1328924, buffered position=0, speed=1.0, updated=1296916309, actions=8615, custom actions=[], active item id=-1, error=null}(0)
05-04 20:26:37.727 I/Avrcp_ext( 7916): Exit updatePlayStatusForDevice
05-04 20:26:37.727 D/Avrcp_ext( 7916): Enter sendPlayPosNotificationRsp
05-04 20:26:37.727 D/Avrcp_ext( 7916): sendPlayPosNotificationRsp: Not registered or requesting.
05-04 20:26:37.727 D/Avrcp_ext( 7916): Enter sendPlayPosNotificationRsp
05-04 20:26:37.727 D/Avrcp_ext( 7916): sendPlayPosNotificationRsp: Not registered or requesting.
05-04 20:26:37.727 D/Avrcp_ext( 7916): Enter sendPlayPosNotificationRsp
05-04 20:26:37.727 D/Avrcp_ext( 7916): sendPlayPosNotificationRsp: Not registered or requesting.
05-04 20:26:37.727 D/Avrcp_ext( 7916): Enter sendPlayPosNotificationRsp
05-04 20:26:37.727 D/Avrcp_ext( 7916): sendPlayPosNotificationRsp: Not registered or requesting.
05-04 20:26:37.727 D/Avrcp_ext( 7916): Enter sendPlayPosNotificationRsp
05-04 20:26:37.727 D/Avrcp_ext( 7916): sendPlayPosNotificationRsp: Not registered or requesting.
05-04 20:26:37.727 V/Avrcp_ext( 7916): Exit updatePlayerStateAndPosition
05-04 20:26:37.727 D/APM: ActiveDeviceManagerServiceLegacy( 7916): getActiveAbsoluteDevice(): device: 17:3F:CF:BE:B9:01
05-04 20:26:37.727 D/APM: ActiveDeviceManagerServiceLegacy( 7916): isStableState(): true
05-04 20:26:37.728 D/Avrcp_ext( 7916): isAdmStable = true activeAbsAddr = 17:3F:CF:BE:B9:01 device = null
05-04 20:26:37.728 V/APM: MediaControlManager( 7916): onPlaybackStateChanged
05-04 20:26:37.728 W/McpService( 7916): updatePlaybackState state PlaybackState {state=STOPPED(1), position=1328924, buffered position=0, speed=1.0, updated=1296916309, actions=8615, custom actions=[], active item id=-1, error=null}
05-04 20:26:37.728 W/McpService( 7916): updatePlaybackState mState: 2 state: 2
05-04 20:26:37.728 W/Avrcp_ext( 7916): updated player state = PlaybackState {state=STOPPED(1), position=1328924, buffered position=0, speed=1.0, updated=1296916309, actions=8615, custom actions=[], active item id=-1, error=null}to MCP module also
05-04 20:26:37.728 V/Avrcp_ext( 7916): ActiveSession: MediaController (ai.perplexity.app.android@402aeaa) null
05-04 20:26:37.728 V/Avrcp_ext( 7916): isBrowseSupported for ai.perplexity.app.android: false
05-04 20:26:37.728 D/HomeViewModel(15273): loadHomeContent: Token exists: false
05-04 20:26:37.728 D/HomeViewModel(15273): loadHomeContent: Using guest mixes
05-04 20:26:37.728 D/Avrcp_ext( 7916): Adding media player info for ai.perplexity.app.android with id 6
05-04 20:26:37.729 D/Avrcp_ext( 7916): update #6:MediaPlayerInfo ai.perplexity.app.android (as 'Perplexity') Type = 1, SubType = 0, Status = 0 Feature Bits [40 41 42 44 45 47 48 58] Controller: MediaController (ai.perplexity.app.android@402aeaa) null
05-04 20:26:37.730 D/vendor.qti.bluetooth@1.0-ibs_handler( 1737): SerialClockVote: vote for UART CLK ON
05-04 20:26:37.730 V/Avrcp_ext( 7916): updateCurrentMediaState: mMediaController: MediaController (com.google.android.youtube@9098752) Bengal Election Result : बंगाल में आज असली खेल क्या हुआ? नतीजों पर सब चौंक गए.., Punya Prasun Bajpai, Punya Prasun Bajpai
05-04 20:26:37.730 W/Avrcp_ext( 7916): isMusicActive: false getBluetoothPlayState: 0 A2dp State: 11 mAudioPlaybackIsActive: false
05-04 20:26:37.730 D/vendor.qti.bluetooth@1.0-wake_lock( 1737): Acquire wakelock is acquired 
05-04 20:26:37.730 I/vendor.qti.bluetooth@1.0-ibs_handler( 1737): DeviceWakeUp: Writing IBS_WAKE_IND
05-04 20:26:37.730 D/Avrcp_ext( 7916): isMusicActive = false mAudioPlaybackIsActive = false player state = PlaybackState {state=STOPPED(1), position=1328924, buffered position=0, speed=1.0, updated=1296916309, actions=8615, custom actions=[], active item id=-1, error=null}
05-04 20:26:37.731 D/Avrcp_ext( 7916): overwrite album_artist :Punya Prasun Bajpaiif album is blank
05-04 20:26:37.731 D/AvrcpBipRsp( 7916):  getImgHandle device :17:3F:CF:BE:B9:01 data :android.media.MediaMetadata@e49e1816
05-04 20:26:37.731 W/AvrcpBipRsp( 7916): getImgHandle bipSm null
05-04 20:26:37.732 D/Avrcp_ext( 7916):  getImgHandle device:17:3F:CF:BE:B9:01 data:android.media.MediaMetadata@e49e1816 isKeyContains true Handle 
05-04 20:26:37.733 I/Avrcp_ext( 7916): device found at index 0
05-04 20:26:37.733 V/Avrcp_ext( 7916): updateCurrentMediaState: addr: [B@3350b76
05-04 20:26:37.733 V/Avrcp_ext( 7916): Media update: id -1➡-1? [MediaAttributes: B⋯. - P⋯i by P⋯i (1329000 0/0) - ] : [MediaAttributes: B⋯. - P⋯i by P⋯i (1329000 0/0) - ]
05-04 20:26:37.733 D/Avrcp_ext( 7916): isPackageNameValid: browsedPackage = com.google.android.youtubeisValid = true
05-04 20:26:37.733 V/Avrcp_ext( 7916): isBrowseSupported for com.google.android.youtube: false
05-04 20:26:37.733 W/Avrcp_ext( 7916): updateCurrentMediaState: isInactivePlayer = false
05-04 20:26:37.733 V/Avrcp_ext( 7916): updatePlaybackState, state: PlaybackState {state=STOPPED(1), position=1328924, buffered position=0, speed=1.0, updated=1296916309, actions=8615, custom actions=[], active item id=-1, error=null} device: null
05-04 20:26:37.733 D/BroadcastService( 7916): getBroadcastAddress
05-04 20:26:37.733 D/BroadcastService( 7916): isBroadcastActive: Broadcast is turned to off
05-04 20:26:37.733 V/Avrcp_ext( 7916): Device: Ejaj’s AirPods : old state: PlaybackState {state=STOPPED(1), position=1328924, buffered position=0, speed=1.0, updated=1296916309, actions=8615, custom actions=[], active item id=-1, error=null}
05-04 20:26:37.733 V/Avrcp_ext( 7916): Device: no name: 
05-04 20:26:37.733 V/Avrcp_ext( 7916): Device: no name: 
05-04 20:26:37.733 V/Avrcp_ext( 7916): Device: no name: 
05-04 20:26:37.733 V/Avrcp_ext( 7916): Device: no name: 
05-04 20:26:37.733 V/Avrcp_ext( 7916): updatePlayerStateAndPosition, old=PlaybackState {state=STOPPED(1), position=1328924, buffered position=0, speed=1.0, updated=1296916309, actions=8615, custom actions=[], active item id=-1, error=null}, state=PlaybackState {state=STOPPED(1), position=1328924, buffered position=0, speed=1.0, updated=1296916309, actions=8615, custom actions=[], active item id=-1, error=null}
05-04 20:26:37.733 V/Avrcp_ext( 7916): old state = PlaybackState {state=STOPPED(1), position=1328924, buffered position=0, speed=1.0, updated=1296916309, actions=8615, custom actions=[], active item id=-1, error=null}, new state= PlaybackState {state=STOPPED(1), position=1328924, buffered position=0, speed=1.0, updated=1296916309, actions=8615, custom actions=[], active item id=-1, error=null}
05-04 20:26:37.734 D/HeadsetService( 7916): getHeadsetService(): returning com.android.bluetooth.hfp.HeadsetService@ee3f0c7
05-04 20:26:37.734 E/HeadsetStateMachine( 7916): returning mCurrentState as Connected
05-04 20:26:37.734 E/HeadsetStateMachine( 7916): returning mCurrentState as Disconnected
05-04 20:26:37.734 E/HeadsetStateMachine( 7916): returning mCurrentState as Disconnected
05-04 20:26:37.734 D/HeadsetService( 7916):  isAudioOn: The number of audio connected devices 0
05-04 20:26:37.734 D/HeadsetService( 7916): isScoOrCallActive(): Call Active:falseCall is Ringing:falseSCO is Active:false
05-04 20:26:37.734 E/HeadsetStateMachine( 7916): returning mCurrentState as Connected
05-04 20:26:37.734 E/HeadsetStateMachine( 7916): returning mCurrentState as Disconnected
05-04 20:26:37.734 E/HeadsetStateMachine( 7916): returning mCurrentState as Disconnected
05-04 20:26:37.734 D/HeadsetService( 7916):  isAudioOn: The number of audio connected devices 0
05-04 20:26:37.734 I/Avrcp_ext( 7916): updatePlayStatusForDevice: device: 17:3F:CF:BE:B9:01
05-04 20:26:37.734 V/Avrcp_ext( 7916): updatePlaybackState (0): old=PlaybackState {state=STOPPED(1), position=1328924, buffered position=0, speed=1.0, updated=1296916309, actions=8615, custom actions=[], active item id=-1, error=null}(0), new=PlaybackState {state=STOPPED(1), position=1328924, buffered position=0, speed=1.0, updated=1296916309, actions=8615, custom actions=[], active item id=-1, error=null}(0)
05-04 20:26:37.734 I/Avrcp_ext( 7916): Exit updatePlayStatusForDevice
05-04 20:26:37.734 E/HeadsetStateMachine( 7916): returning mCurrentState as Connected
05-04 20:26:37.734 E/HeadsetStateMachine( 7916): returning mCurrentState as Disconnected
05-04 20:26:37.734 E/HeadsetStateMachine( 7916): returning mCurrentState as Disconnected
05-04 20:26:37.734 D/HeadsetService( 7916):  isAudioOn: The number of audio connected devices 0
05-04 20:26:37.734 D/HeadsetService( 7916): isScoOrCallActive(): Call Active:falseCall is Ringing:falseSCO is Active:false
05-04 20:26:37.734 E/HeadsetStateMachine( 7916): returning mCurrentState as Connected
05-04 20:26:37.734 E/HeadsetStateMachine( 7916): returning mCurrentState as Disconnected
05-04 20:26:37.734 E/HeadsetStateMachine( 7916): returning mCurrentState as Disconnected
05-04 20:26:37.734 D/HeadsetService( 7916):  isAudioOn: The number of audio connected devices 0
05-04 20:26:37.734 I/Avrcp_ext( 7916): updatePlayStatusForDevice: device: null
05-04 20:26:37.734 V/Avrcp_ext( 7916): updatePlaybackState (1): old=PlaybackState {state=STOPPED(1), position=1328924, buffered position=0, speed=1.0, updated=1296916309, actions=8615, custom actions=[], active item id=-1, error=null}(0), new=PlaybackState {state=STOPPED(1), position=1328924, buffered position=0, speed=1.0, updated=1296916309, actions=8615, custom actions=[], active item id=-1, error=null}(0)
05-04 20:26:37.734 I/Avrcp_ext( 7916): Exit updatePlayStatusForDevice
05-04 20:26:37.734 E/HeadsetStateMachine( 7916): returning mCurrentState as Connected
05-04 20:26:37.734 E/HeadsetStateMachine( 7916): returning mCurrentState as Disconnected
05-04 20:26:37.734 E/HeadsetStateMachine( 7916): returning mCurrentState as Disconnected
05-04 20:26:37.734 D/HeadsetService( 7916):  isAudioOn: The number of audio connected devices 0
05-04 20:26:37.734 D/HeadsetService( 7916): isScoOrCallActive(): Call Active:falseCall is Ringing:falseSCO is Active:false
05-04 20:26:37.734 E/HeadsetStateMachine( 7916): returning mCurrentState as Connected
05-04 20:26:37.734 E/HeadsetStateMachine( 7916): returning mCurrentState as Disconnected
05-04 20:26:37.734 E/HeadsetStateMachine( 7916): returning mCurrentState as Disconnected
05-04 20:26:37.734 D/HeadsetService( 7916):  isAudioOn: The number of audio connected devices 0
05-04 20:26:37.734 I/Avrcp_ext( 7916): updatePlayStatusForDevice: device: null
05-04 20:26:37.734 V/Avrcp_ext( 7916): updatePlaybackState (1): old=PlaybackState {state=STOPPED(1), position=1328924, buffered position=0, speed=1.0, updated=1296916309, actions=8615, custom actions=[], active item id=-1, error=null}(0), new=PlaybackState {state=STOPPED(1), position=1328924, buffered position=0, speed=1.0, updated=1296916309, actions=8615, custom actions=[], active item id=-1, error=null}(0)
05-04 20:26:37.734 I/Avrcp_ext( 7916): Exit updatePlayStatusForDevice
05-04 20:26:37.734 E/HeadsetStateMachine( 7916): returning mCurrentState as Connected
05-04 20:26:37.734 E/HeadsetStateMachine( 7916): returning mCurrentState as Disconnected
05-04 20:26:37.734 E/HeadsetStateMachine( 7916): returning mCurrentState as Disconnected
05-04 20:26:37.734 D/HeadsetService( 7916):  isAudioOn: The number of audio connected devices 0
05-04 20:26:37.734 D/HeadsetService( 7916): isScoOrCallActive(): Call Active:falseCall is Ringing:falseSCO is Active:false
05-04 20:26:37.734 E/HeadsetStateMachine( 7916): returning mCurrentState as Connected
05-04 20:26:37.734 E/HeadsetStateMachine( 7916): returning mCurrentState as Disconnected
05-04 20:26:37.734 E/HeadsetStateMachine( 7916): returning mCurrentState as Disconnected
05-04 20:26:37.734 D/HeadsetService( 7916):  isAudioOn: The number of audio connected devices 0
05-04 20:26:37.734 I/Avrcp_ext( 7916): updatePlayStatusForDevice: device: null
05-04 20:26:37.734 V/Avrcp_ext( 7916): updatePlaybackState (1): old=PlaybackState {state=STOPPED(1), position=1328924, buffered position=0, speed=1.0, updated=1296916309, actions=8615, custom actions=[], active item id=-1, error=null}(0), new=PlaybackState {state=STOPPED(1), position=1328924, buffered position=0, speed=1.0, updated=1296916309, actions=8615, custom actions=[], active item id=-1, error=null}(0)
05-04 20:26:37.734 I/Avrcp_ext( 7916): Exit updatePlayStatusForDevice
05-04 20:26:37.734 E/HeadsetStateMachine( 7916): returning mCurrentState as Connected
05-04 20:26:37.734 E/HeadsetStateMachine( 7916): returning mCurrentState as Disconnected
05-04 20:26:37.734 E/HeadsetStateMachine( 7916): returning mCurrentState as Disconnected
05-04 20:26:37.734 D/HeadsetService( 7916):  isAudioOn: The number of audio connected devices 0
05-04 20:26:37.734 D/HeadsetService( 7916): isScoOrCallActive(): Call Active:falseCall is Ringing:falseSCO is Active:false
05-04 20:26:37.734 E/HeadsetStateMachine( 7916): returning mCurrentState as Connected
05-04 20:26:37.734 E/HeadsetStateMachine( 7916): returning mCurrentState as Disconnected
05-04 20:26:37.734 E/HeadsetStateMachine( 7916): returning mCurrentState as Disconnected
05-04 20:26:37.734 D/HeadsetService( 7916):  isAudioOn: The number of audio connected devices 0
05-04 20:26:37.734 I/Avrcp_ext( 7916): updatePlayStatusForDevice: device: null
05-04 20:26:37.734 V/Avrcp_ext( 7916): updatePlaybackState (1): old=PlaybackState {state=STOPPED(1), position=1328924, buffered position=0, speed=1.0, updated=1296916309, actions=8615, custom actions=[], active item id=-1, error=null}(0), new=PlaybackState {state=STOPPED(1), position=1328924, buffered position=0, speed=1.0, updated=1296916309, actions=8615, custom actions=[], active item id=-1, error=null}(0)
05-04 20:26:37.734 I/Avrcp_ext( 7916): Exit updatePlayStatusForDevice
05-04 20:26:37.734 D/Avrcp_ext( 7916): Enter sendPlayPosNotificationRsp
05-04 20:26:37.734 D/Avrcp_ext( 7916): sendPlayPosNotificationRsp: Not registered or requesting.
05-04 20:26:37.734 D/Avrcp_ext( 7916): Enter sendPlayPosNotificationRsp
05-04 20:26:37.734 D/Avrcp_ext( 7916): sendPlayPosNotificationRsp: Not registered or requesting.
05-04 20:26:37.734 D/Avrcp_ext( 7916): Enter sendPlayPosNotificationRsp
05-04 20:26:37.734 D/Avrcp_ext( 7916): sendPlayPosNotificationRsp: Not registered or requesting.
05-04 20:26:37.734 D/Avrcp_ext( 7916): Enter sendPlayPosNotificationRsp
05-04 20:26:37.734 D/Avrcp_ext( 7916): sendPlayPosNotificationRsp: Not registered or requesting.
05-04 20:26:37.734 D/Avrcp_ext( 7916): Enter sendPlayPosNotificationRsp
05-04 20:26:37.734 D/Avrcp_ext( 7916): sendPlayPosNotificationRsp: Not registered or requesting.
05-04 20:26:37.734 V/Avrcp_ext( 7916): Exit updatePlayerStateAndPosition
05-04 20:26:37.734 D/APM: ActiveDeviceManagerServiceLegacy( 7916): getActiveAbsoluteDevice(): device: 17:3F:CF:BE:B9:01
05-04 20:26:37.734 D/APM: ActiveDeviceManagerServiceLegacy( 7916): isStableState(): true
05-04 20:26:37.734 D/Avrcp_ext( 7916): isAdmStable = true activeAbsAddr = 17:3F:CF:BE:B9:01 device = null
05-04 20:26:37.734 V/APM: MediaControlManager( 7916): onPlaybackStateChanged
05-04 20:26:37.734 W/McpService( 7916): updatePlaybackState state PlaybackState {state=STOPPED(1), position=1328924, buffered position=0, speed=1.0, updated=1296916309, actions=8615, custom actions=[], active item id=-1, error=null}
05-04 20:26:37.734 W/McpService( 7916): updatePlaybackState mState: 2 state: 2
05-04 20:26:37.734 W/Avrcp_ext( 7916): updated player state = PlaybackState {state=STOPPED(1), position=1328924, buffered position=0, speed=1.0, updated=1296916309, actions=8615, custom actions=[], active item id=-1, error=null}to MCP module also
05-04 20:26:37.734 D/HeadsetService( 7916): getHeadsetService(): returning com.android.bluetooth.hfp.HeadsetService@ee3f0c7
05-04 20:26:37.734 E/HeadsetStateMachine( 7916): returning mCurrentState as Connected
05-04 20:26:37.734 E/HeadsetStateMachine( 7916): returning mCurrentState as Disconnected
05-04 20:26:37.734 E/HeadsetStateMachine( 7916): returning mCurrentState as Disconnected
05-04 20:26:37.734 D/HeadsetService( 7916):  isAudioOn: The number of audio connected devices 0
05-04 20:26:37.734 D/HeadsetService( 7916): isScoOrCallActive(): Call Active:falseCall is Ringing:falseSCO is Active:false
05-04 20:26:37.734 E/HeadsetStateMachine( 7916): returning mCurrentState as Connected
05-04 20:26:37.734 E/HeadsetStateMachine( 7916): returning mCurrentState as Disconnected
05-04 20:26:37.734 E/HeadsetStateMachine( 7916): returning mCurrentState as Disconnected
05-04 20:26:37.734 D/HeadsetService( 7916):  isAudioOn: The number of audio connected devices 0
05-04 20:26:37.736 V/Avrcp_ext( 7916): ActiveSession: MediaController (com.google.android.youtube@a2ec5e4) Bengal Election Result : बंगाल में आज असली खेल क्या हुआ? नतीजों पर सब चौंक गए.., Punya Prasun Bajpai, Punya Prasun Bajpai
05-04 20:26:37.736 V/Avrcp_ext( 7916): isBrowseSupported for com.google.android.youtube: false
05-04 20:26:37.736 I/vendor.qti.bluetooth@1.0-ibs_handler( 1737): ProcessIbsCmd: Received IBS_WAKE_ACK: 0xFC
05-04 20:26:37.736 I/vendor.qti.bluetooth@1.0-ibs_handler( 1737): ProcessIbsCmd: Signal wack_cond_
05-04 20:26:37.736 D/vendor.qti.bluetooth@1.0-ibs_handler( 1737): DeviceWakeUp: Unblocked from waiting for FC, pthread_cond_timedwait ret = 0
05-04 20:26:37.736 D/Avrcp_ext( 7916): Adding media player info for com.google.android.youtube with id 3
05-04 20:26:37.737 D/Avrcp_ext( 7916): update #3:MediaPlayerInfo com.google.android.youtube (as 'YouTube') Type = 1, SubType = 0, Status = 0 Feature Bits [40 41 42 44 45 47 48 58] Controller: MediaController (com.google.android.youtube@a2ec5e4) Bengal Election Result : बंगाल में आज असली खेल क्या हुआ? नतीजों पर सब चौंक गए.., Punya Prasun Bajpai, Punya Prasun Bajpai
05-04 20:26:37.738 V/Avrcp_ext( 7916): updateNewIds: Addressed:3 to 3, Browse:-1 to -1
05-04 20:26:37.738 I/vendor.qti.bluetooth@1.0-ibs_handler( 1737): ProcessIbsCmd: Received IBS_WAKE_IND: 0xFD
05-04 20:26:37.738 I/vendor.qti.bluetooth@1.0-ibs_handler( 1737): ProcessIbsCmd: Writing IBS_WAKE_ACK
05-04 20:26:37.739 D/Avrcp_ext( 7916): updateCurrentController: MediaController (com.google.android.youtube@9098752) Bengal Election Result : बंगाल में आज असली खेल क्या हुआ? नतीजों पर सब चौंक गए.., Punya Prasun Bajpai, Punya Prasun Bajpai to MediaController (com.google.android.youtube@a2ec5e4) Bengal Election Result : बंगाल में आज असली खेल क्या हुआ? नतीजों पर सब चौंक गए.., Punya Prasun Bajpai, Punya Prasun Bajpai
05-04 20:26:37.742 V/Avrcp_ext( 7916): updateCurrentMediaState: mMediaController: MediaController (com.google.android.youtube@a2ec5e4) Bengal Election Result : बंगाल में आज असली खेल क्या हुआ? नतीजों पर सब चौंक गए.., Punya Prasun Bajpai, Punya Prasun Bajpai
05-04 20:26:37.742 W/Avrcp_ext( 7916): isMusicActive: false getBluetoothPlayState: 0 A2dp State: 11 mAudioPlaybackIsActive: false
05-04 20:26:37.742 D/Avrcp_ext( 7916): isMusicActive = false mAudioPlaybackIsActive = false player state = PlaybackState {state=STOPPED(1), position=1328924, buffered position=0, speed=1.0, updated=1296916309, actions=8615, custom actions=[], active item id=-1, error=null}
05-04 20:26:37.746 D/Avrcp_ext( 7916): overwrite album_artist :Punya Prasun Bajpaiif album is blank
05-04 20:26:37.746 D/CompatibilityChangeReporter( 3064): Compat change id reported: 319212206; UID 10502; state: ENABLED
05-04 20:26:37.746 D/AvrcpBipRsp( 7916):  getImgHandle device :17:3F:CF:BE:B9:01 data :android.media.MediaMetadata@e49e1816
05-04 20:26:37.746 W/AvrcpBipRsp( 7916): getImgHandle bipSm null
05-04 20:26:37.746 D/Avrcp_ext( 7916):  getImgHandle device:17:3F:CF:BE:B9:01 data:android.media.MediaMetadata@e49e1816 isKeyContains true Handle 
05-04 20:26:37.750 D/ConnectivityService( 3064): NetReassign [no changes] [c 0] [a 1] [i 1]
05-04 20:26:37.750 I/Avrcp_ext( 7916): device found at index 0
05-04 20:26:37.750 V/Avrcp_ext( 7916): updateCurrentMediaState: addr: [B@ff42c6f
05-04 20:26:37.750 V/Avrcp_ext( 7916): Media update: id -1➡-1? [MediaAttributes: B⋯. - P⋯i by P⋯i (1329000 0/0) - ] : [MediaAttributes: B⋯. - P⋯i by P⋯i (1329000 0/0) - ]
05-04 20:26:37.750 D/Avrcp_ext( 7916): isPackageNameValid: browsedPackage = com.google.android.youtubeisValid = true
05-04 20:26:37.750 V/Avrcp_ext( 7916): isBrowseSupported for com.google.android.youtube: false
05-04 20:26:37.750 W/Avrcp_ext( 7916): updateCurrentMediaState: isInactivePlayer = false
05-04 20:26:37.750 V/Avrcp_ext( 7916): updatePlaybackState, state: PlaybackState {state=STOPPED(1), position=1328924, buffered position=0, speed=1.0, updated=1296916309, actions=8615, custom actions=[], active item id=-1, error=null} device: null
05-04 20:26:37.751 D/BroadcastService( 7916): getBroadcastAddress
05-04 20:26:37.751 D/BroadcastService( 7916): isBroadcastActive: Broadcast is turned to off
05-04 20:26:37.751 V/Avrcp_ext( 7916): Device: Ejaj’s AirPods : old state: PlaybackState {state=STOPPED(1), position=1328924, buffered position=0, speed=1.0, updated=1296916309, actions=8615, custom actions=[], active item id=-1, error=null}
05-04 20:26:37.751 V/Avrcp_ext( 7916): Device: no name: 
05-04 20:26:37.751 V/Avrcp_ext( 7916): Device: no name: 
05-04 20:26:37.751 V/Avrcp_ext( 7916): Device: no name: 
05-04 20:26:37.751 V/Avrcp_ext( 7916): Device: no name: 
05-04 20:26:37.751 V/Avrcp_ext( 7916): updatePlayerStateAndPosition, old=PlaybackState {state=STOPPED(1), position=1328924, buffered position=0, speed=1.0, updated=1296916309, actions=8615, custom actions=[], active item id=-1, error=null}, state=PlaybackState {state=STOPPED(1), position=1328924, buffered position=0, speed=1.0, updated=1296916309, actions=8615, custom actions=[], active item id=-1, error=null}
05-04 20:26:37.751 V/Avrcp_ext( 7916): old state = PlaybackState {state=STOPPED(1), position=1328924, buffered position=0, speed=1.0, updated=1296916309, actions=8615, custom actions=[], active item id=-1, error=null}, new state= PlaybackState {state=STOPPED(1), position=1328924, buffered position=0, speed=1.0, updated=1296916309, actions=8615, custom actions=[], active item id=-1, error=null}
05-04 20:26:37.751 D/HeadsetService( 7916): getHeadsetService(): returning com.android.bluetooth.hfp.HeadsetService@ee3f0c7
05-04 20:26:37.751 E/HeadsetStateMachine( 7916): returning mCurrentState as Connected
05-04 20:26:37.751 E/HeadsetStateMachine( 7916): returning mCurrentState as Disconnected
05-04 20:26:37.751 E/HeadsetStateMachine( 7916): returning mCurrentState as Disconnected
05-04 20:26:37.751 D/HeadsetService( 7916):  isAudioOn: The number of audio connected devices 0
05-04 20:26:37.751 D/HeadsetService( 7916): isScoOrCallActive(): Call Active:falseCall is Ringing:falseSCO is Active:false
05-04 20:26:37.751 E/HeadsetStateMachine( 7916): returning mCurrentState as Connected
05-04 20:26:37.751 E/HeadsetStateMachine( 7916): returning mCurrentState as Disconnected
05-04 20:26:37.751 E/HeadsetStateMachine( 7916): returning mCurrentState as Disconnected
05-04 20:26:37.751 D/HeadsetService( 7916):  isAudioOn: The number of audio connected devices 0
05-04 20:26:37.751 I/Avrcp_ext( 7916): updatePlayStatusForDevice: device: 17:3F:CF:BE:B9:01
05-04 20:26:37.751 V/Avrcp_ext( 7916): updatePlaybackState (0): old=PlaybackState {state=STOPPED(1), position=1328924, buffered position=0, speed=1.0, updated=1296916309, actions=8615, custom actions=[], active item id=-1, error=null}(0), new=PlaybackState {state=STOPPED(1), position=1328924, buffered position=0, speed=1.0, updated=1296916309, actions=8615, custom actions=[], active item id=-1, error=null}(0)
05-04 20:26:37.751 I/Avrcp_ext( 7916): Exit updatePlayStatusForDevice
05-04 20:26:37.751 E/HeadsetStateMachine( 7916): returning mCurrentState as Connected
05-04 20:26:37.751 E/HeadsetStateMachine( 7916): returning mCurrentState as Disconnected
05-04 20:26:37.751 E/HeadsetStateMachine( 7916): returning mCurrentState as Disconnected
05-04 20:26:37.751 D/HeadsetService( 7916):  isAudioOn: The number of audio connected devices 0
05-04 20:26:37.751 D/HeadsetService( 7916): isScoOrCallActive(): Call Active:falseCall is Ringing:falseSCO is Active:false
05-04 20:26:37.751 E/HeadsetStateMachine( 7916): returning mCurrentState as Connected
05-04 20:26:37.751 E/HeadsetStateMachine( 7916): returning mCurrentState as Disconnected
05-04 20:26:37.751 E/HeadsetStateMachine( 7916): returning mCurrentState as Disconnected
05-04 20:26:37.751 D/HeadsetService( 7916):  isAudioOn: The number of audio connected devices 0
05-04 20:26:37.751 I/Avrcp_ext( 7916): updatePlayStatusForDevice: device: null
05-04 20:26:37.751 V/Avrcp_ext( 7916): updatePlaybackState (1): old=PlaybackState {state=STOPPED(1), position=1328924, buffered position=0, speed=1.0, updated=1296916309, actions=8615, custom actions=[], active item id=-1, error=null}(0), new=PlaybackState {state=STOPPED(1), position=1328924, buffered position=0, speed=1.0, updated=1296916309, actions=8615, custom actions=[], active item id=-1, error=null}(0)
05-04 20:26:37.751 I/Avrcp_ext( 7916): Exit updatePlayStatusForDevice
05-04 20:26:37.751 E/HeadsetStateMachine( 7916): returning mCurrentState as Connected
05-04 20:26:37.751 E/HeadsetStateMachine( 7916): returning mCurrentState as Disconnected
05-04 20:26:37.751 E/HeadsetStateMachine( 7916): returning mCurrentState as Disconnected
05-04 20:26:37.751 D/HeadsetService( 7916):  isAudioOn: The number of audio connected devices 0
05-04 20:26:37.751 D/HeadsetService( 7916): isScoOrCallActive(): Call Active:falseCall is Ringing:falseSCO is Active:false
05-04 20:26:37.751 E/HeadsetStateMachine( 7916): returning mCurrentState as Connected
05-04 20:26:37.751 E/HeadsetStateMachine( 7916): returning mCurrentState as Disconnected
05-04 20:26:37.751 E/HeadsetStateMachine( 7916): returning mCurrentState as Disconnected
05-04 20:26:37.751 D/HeadsetService( 7916):  isAudioOn: The number of audio connected devices 0
05-04 20:26:37.751 I/Avrcp_ext( 7916): updatePlayStatusForDevice: device: null
05-04 20:26:37.751 V/Avrcp_ext( 7916): updatePlaybackState (1): old=PlaybackState {state=STOPPED(1), position=1328924, buffered position=0, speed=1.0, updated=1296916309, actions=8615, custom actions=[], active item id=-1, error=null}(0), new=PlaybackState {state=STOPPED(1), position=1328924, buffered position=0, speed=1.0, updated=1296916309, actions=8615, custom actions=[], active item id=-1, error=null}(0)
05-04 20:26:37.751 I/Avrcp_ext( 7916): Exit updatePlayStatusForDevice
05-04 20:26:37.751 E/HeadsetStateMachine( 7916): returning mCurrentState as Connected
05-04 20:26:37.751 E/HeadsetStateMachine( 7916): returning mCurrentState as Disconnected
05-04 20:26:37.751 E/HeadsetStateMachine( 7916): returning mCurrentState as Disconnected
05-04 20:26:37.751 D/HeadsetService( 7916):  isAudioOn: The number of audio connected devices 0
05-04 20:26:37.751 D/HeadsetService( 7916): isScoOrCallActive(): Call Active:falseCall is Ringing:falseSCO is Active:false
05-04 20:26:37.751 E/HeadsetStateMachine( 7916): returning mCurrentState as Connected
05-04 20:26:37.751 E/HeadsetStateMachine( 7916): returning mCurrentState as Disconnected
05-04 20:26:37.751 E/HeadsetStateMachine( 7916): returning mCurrentState as Disconnected
05-04 20:26:37.751 D/HeadsetService( 7916):  isAudioOn: The number of audio connected devices 0
05-04 20:26:37.751 I/Avrcp_ext( 7916): updatePlayStatusForDevice: device: null
05-04 20:26:37.751 V/Avrcp_ext( 7916): updatePlaybackState (1): old=PlaybackState {state=STOPPED(1), position=1328924, buffered position=0, speed=1.0, updated=1296916309, actions=8615, custom actions=[], active item id=-1, error=null}(0), new=PlaybackState {state=STOPPED(1), position=1328924, buffered position=0, speed=1.0, updated=1296916309, actions=8615, custom actions=[], active item id=-1, error=null}(0)
05-04 20:26:37.751 I/Avrcp_ext( 7916): Exit updatePlayStatusForDevice
05-04 20:26:37.751 E/HeadsetStateMachine( 7916): returning mCurrentState as Connected
05-04 20:26:37.751 E/HeadsetStateMachine( 7916): returning mCurrentState as Disconnected
05-04 20:26:37.751 E/HeadsetStateMachine( 7916): returning mCurrentState as Disconnected
05-04 20:26:37.751 D/HeadsetService( 7916):  isAudioOn: The number of audio connected devices 0
05-04 20:26:37.751 D/HeadsetService( 7916): isScoOrCallActive(): Call Active:falseCall is Ringing:falseSCO is Active:false
05-04 20:26:37.751 E/HeadsetStateMachine( 7916): returning mCurrentState as Connected
05-04 20:26:37.751 E/HeadsetStateMachine( 7916): returning mCurrentState as Disconnected
05-04 20:26:37.751 E/HeadsetStateMachine( 7916): returning mCurrentState as Disconnected
05-04 20:26:37.751 D/HeadsetService( 7916):  isAudioOn: The number of audio connected devices 0
05-04 20:26:37.751 I/Avrcp_ext( 7916): updatePlayStatusForDevice: device: null
05-04 20:26:37.751 V/Avrcp_ext( 7916): updatePlaybackState (1): old=PlaybackState {state=STOPPED(1), position=1328924, buffered position=0, speed=1.0, updated=1296916309, actions=8615, custom actions=[], active item id=-1, error=null}(0), new=PlaybackState {state=STOPPED(1), position=1328924, buffered position=0, speed=1.0, updated=1296916309, actions=8615, custom actions=[], active item id=-1, error=null}(0)
05-04 20:26:37.751 I/Avrcp_ext( 7916): Exit updatePlayStatusForDevice
05-04 20:26:37.751 D/Avrcp_ext( 7916): Enter sendPlayPosNotificationRsp
05-04 20:26:37.751 D/Avrcp_ext( 7916): sendPlayPosNotificationRsp: Not registered or requesting.
05-04 20:26:37.751 D/Avrcp_ext( 7916): Enter sendPlayPosNotificationRsp
05-04 20:26:37.751 D/Avrcp_ext( 7916): sendPlayPosNotificationRsp: Not registered or requesting.
05-04 20:26:37.751 D/Avrcp_ext( 7916): Enter sendPlayPosNotificationRsp
05-04 20:26:37.751 D/Avrcp_ext( 7916): sendPlayPosNotificationRsp: Not registered or requesting.
05-04 20:26:37.751 D/Avrcp_ext( 7916): Enter sendPlayPosNotificationRsp
05-04 20:26:37.751 D/Avrcp_ext( 7916): sendPlayPosNotificationRsp: Not registered or requesting.
05-04 20:26:37.751 D/Avrcp_ext( 7916): Enter sendPlayPosNotificationRsp
05-04 20:26:37.751 D/Avrcp_ext( 7916): sendPlayPosNotificationRsp: Not registered or requesting.
05-04 20:26:37.751 V/Avrcp_ext( 7916): Exit updatePlayerStateAndPosition
05-04 20:26:37.751 D/APM: ActiveDeviceManagerServiceLegacy( 7916): getActiveAbsoluteDevice(): device: 17:3F:CF:BE:B9:01
05-04 20:26:37.751 D/APM: ActiveDeviceManagerServiceLegacy( 7916): isStableState(): true
05-04 20:26:37.751 D/Avrcp_ext( 7916): isAdmStable = true activeAbsAddr = 17:3F:CF:BE:B9:01 device = null
05-04 20:26:37.751 V/APM: MediaControlManager( 7916): onPlaybackStateChanged
05-04 20:26:37.751 W/McpService( 7916): updatePlaybackState state PlaybackState {state=STOPPED(1), position=1328924, buffered position=0, speed=1.0, updated=1296916309, actions=8615, custom actions=[], active item id=-1, error=null}
05-04 20:26:37.751 W/McpService( 7916): updatePlaybackState mState: 2 state: 2
05-04 20:26:37.751 W/Avrcp_ext( 7916): updated player state = PlaybackState {state=STOPPED(1), position=1328924, buffered position=0, speed=1.0, updated=1296916309, actions=8615, custom actions=[], active item id=-1, error=null}to MCP module also
05-04 20:26:37.751 V/Avrcp_ext( 7916): ActiveSession: MediaController (ai.perplexity.app.android@d5aed7c) null
05-04 20:26:37.752 V/Avrcp_ext( 7916): isBrowseSupported for ai.perplexity.app.android: false
05-04 20:26:37.752 D/Avrcp_ext( 7916): Adding media player info for ai.perplexity.app.android with id 6
05-04 20:26:37.752 D/Avrcp_ext( 7916): update #6:MediaPlayerInfo ai.perplexity.app.android (as 'Perplexity') Type = 1, SubType = 0, Status = 0 Feature Bits [40 41 42 44 45 47 48 58] Controller: MediaController (ai.perplexity.app.android@d5aed7c) null
05-04 20:26:37.752 V/Avrcp_ext( 7916): ActiveSession: MediaController (com.deepeye.musicpro.debug@dfb1605) null
05-04 20:26:37.752 V/Avrcp_ext( 7916): isBrowseSupported for com.deepeye.musicpro.debug: false
05-04 20:26:37.752 D/Avrcp_ext( 7916): Adding media player info for com.deepeye.musicpro.debug with id 16
05-04 20:26:37.752 D/Avrcp_ext( 7916): update #16:MediaPlayerInfo com.deepeye.musicpro.debug (as 'DeepEyeMusicPro') Type = 1, SubType = 0, Status = 0 Feature Bits [40 41 42 44 45 47 48 58] Controller: MediaController (com.deepeye.musicpro.debug@dfb1605) null
05-04 20:26:37.754 V/Avrcp_ext( 7916): updateCurrentMediaState: mMediaController: MediaController (com.google.android.youtube@a2ec5e4) Bengal Election Result : बंगाल में आज असली खेल क्या हुआ? नतीजों पर सब चौंक गए.., Punya Prasun Bajpai, Punya Prasun Bajpai
05-04 20:26:37.754 W/Avrcp_ext( 7916): isMusicActive: false getBluetoothPlayState: 0 A2dp State: 11 mAudioPlaybackIsActive: false
05-04 20:26:37.755 D/Avrcp_ext( 7916): isMusicActive = false mAudioPlaybackIsActive = false player state = PlaybackState {state=STOPPED(1), position=1328924, buffered position=0, speed=1.0, updated=1296916309, actions=8615, custom actions=[], active item id=-1, error=null}
05-04 20:26:37.756 D/Avrcp_ext( 7916): overwrite album_artist :Punya Prasun Bajpaiif album is blank
05-04 20:26:37.756 D/AvrcpBipRsp( 7916):  getImgHandle device :17:3F:CF:BE:B9:01 data :android.media.MediaMetadata@e49e1816
05-04 20:26:37.756 W/AvrcpBipRsp( 7916): getImgHandle bipSm null
05-04 20:26:37.756 D/Avrcp_ext( 7916):  getImgHandle device:17:3F:CF:BE:B9:01 data:android.media.MediaMetadata@e49e1816 isKeyContains true Handle 
05-04 20:26:37.761 I/Avrcp_ext( 7916): device found at index 0
05-04 20:26:37.761 V/Avrcp_ext( 7916): updateCurrentMediaState: addr: [B@e1c0d81
05-04 20:26:37.761 V/Avrcp_ext( 7916): Media update: id -1➡-1? [MediaAttributes: B⋯. - P⋯i by P⋯i (1329000 0/0) - ] : [MediaAttributes: B⋯. - P⋯i by P⋯i (1329000 0/0) - ]
05-04 20:26:37.761 D/Avrcp_ext( 7916): isPackageNameValid: browsedPackage = com.google.android.youtubeisValid = true
05-04 20:26:37.761 V/Avrcp_ext( 7916): isBrowseSupported for com.google.android.youtube: false
05-04 20:26:37.761 W/Avrcp_ext( 7916): updateCurrentMediaState: isInactivePlayer = false
05-04 20:26:37.761 V/Avrcp_ext( 7916): updatePlaybackState, state: PlaybackState {state=STOPPED(1), position=1328924, buffered position=0, speed=1.0, updated=1296916309, actions=8615, custom actions=[], active item id=-1, error=null} device: null
05-04 20:26:37.762 D/BroadcastService( 7916): getBroadcastAddress
05-04 20:26:37.762 D/BroadcastService( 7916): isBroadcastActive: Broadcast is turned to off
05-04 20:26:37.762 V/Avrcp_ext( 7916): Device: Ejaj’s AirPods : old state: PlaybackState {state=STOPPED(1), position=1328924, buffered position=0, speed=1.0, updated=1296916309, actions=8615, custom actions=[], active item id=-1, error=null}
05-04 20:26:37.762 V/Avrcp_ext( 7916): Device: no name: 
05-04 20:26:37.762 V/Avrcp_ext( 7916): Device: no name: 
05-04 20:26:37.762 V/Avrcp_ext( 7916): Device: no name: 
05-04 20:26:37.762 V/Avrcp_ext( 7916): Device: no name: 
05-04 20:26:37.762 V/Avrcp_ext( 7916): updatePlayerStateAndPosition, old=PlaybackState {state=STOPPED(1), position=1328924, buffered position=0, speed=1.0, updated=1296916309, actions=8615, custom actions=[], active item id=-1, error=null}, state=PlaybackState {state=STOPPED(1), position=1328924, buffered position=0, speed=1.0, updated=1296916309, actions=8615, custom actions=[], active item id=-1, error=null}
05-04 20:26:37.762 V/Avrcp_ext( 7916): old state = PlaybackState {state=STOPPED(1), position=1328924, buffered position=0, speed=1.0, updated=1296916309, actions=8615, custom actions=[], active item id=-1, error=null}, new state= PlaybackState {state=STOPPED(1), position=1328924, buffered position=0, speed=1.0, updated=1296916309, actions=8615, custom actions=[], active item id=-1, error=null}
05-04 20:26:37.762 D/HeadsetService( 7916): getHeadsetService(): returning com.android.bluetooth.hfp.HeadsetService@ee3f0c7
05-04 20:26:37.762 E/HeadsetStateMachine( 7916): returning mCurrentState as Connected
05-04 20:26:37.762 E/HeadsetStateMachine( 7916): returning mCurrentState as Disconnected
05-04 20:26:37.762 E/HeadsetStateMachine( 7916): returning mCurrentState as Disconnected
05-04 20:26:37.762 D/HeadsetService( 7916):  isAudioOn: The number of audio connected devices 0
05-04 20:26:37.763 D/HeadsetService( 7916): isScoOrCallActive(): Call Active:falseCall is Ringing:falseSCO is Active:false
05-04 20:26:37.763 E/HeadsetStateMachine( 7916): returning mCurrentState as Connected
05-04 20:26:37.763 E/HeadsetStateMachine( 7916): returning mCurrentState as Disconnected
05-04 20:26:37.763 E/HeadsetStateMachine( 7916): returning mCurrentState as Disconnected
05-04 20:26:37.763 D/HeadsetService( 7916):  isAudioOn: The number of audio connected devices 0
05-04 20:26:37.763 I/Avrcp_ext( 7916): updatePlayStatusForDevice: device: 17:3F:CF:BE:B9:01
05-04 20:26:37.763 V/Avrcp_ext( 7916): updatePlaybackState (0): old=PlaybackState {state=STOPPED(1), position=1328924, buffered position=0, speed=1.0, updated=1296916309, actions=8615, custom actions=[], active item id=-1, error=null}(0), new=PlaybackState {state=STOPPED(1), position=1328924, buffered position=0, speed=1.0, updated=1296916309, actions=8615, custom actions=[], active item id=-1, error=null}(0)
05-04 20:26:37.763 I/Avrcp_ext( 7916): Exit updatePlayStatusForDevice
05-04 20:26:37.763 E/HeadsetStateMachine( 7916): returning mCurrentState as Connected
05-04 20:26:37.763 E/HeadsetStateMachine( 7916): returning mCurrentState as Disconnected
05-04 20:26:37.763 E/HeadsetStateMachine( 7916): returning mCurrentState as Disconnected
05-04 20:26:37.763 D/HeadsetService( 7916):  isAudioOn: The number of audio connected devices 0
05-04 20:26:37.763 D/HeadsetService( 7916): isScoOrCallActive(): Call Active:falseCall is Ringing:falseSCO is Active:false
05-04 20:26:37.763 E/HeadsetStateMachine( 7916): returning mCurrentState as Connected
05-04 20:26:37.763 E/HeadsetStateMachine( 7916): returning mCurrentState as Disconnected
05-04 20:26:37.763 E/HeadsetStateMachine( 7916): returning mCurrentState as Disconnected
05-04 20:26:37.763 D/HeadsetService( 7916):  isAudioOn: The number of audio connected devices 0
05-04 20:26:37.763 I/Avrcp_ext( 7916): updatePlayStatusForDevice: device: null
05-04 20:26:37.763 V/Avrcp_ext( 7916): updatePlaybackState (1): old=PlaybackState {state=STOPPED(1), position=1328924, buffered position=0, speed=1.0, updated=1296916309, actions=8615, custom actions=[], active item id=-1, error=null}(0), new=PlaybackState {state=STOPPED(1), position=1328924, buffered position=0, speed=1.0, updated=1296916309, actions=8615, custom actions=[], active item id=-1, error=null}(0)
05-04 20:26:37.763 I/Avrcp_ext( 7916): Exit updatePlayStatusForDevice
05-04 20:26:37.763 E/HeadsetStateMachine( 7916): returning mCurrentState as Connected
05-04 20:26:37.763 E/HeadsetStateMachine( 7916): returning mCurrentState as Disconnected
05-04 20:26:37.763 E/HeadsetStateMachine( 7916): returning mCurrentState as Disconnected
05-04 20:26:37.763 D/HeadsetService( 7916):  isAudioOn: The number of audio connected devices 0
05-04 20:26:37.763 D/HeadsetService( 7916): isScoOrCallActive(): Call Active:falseCall is Ringing:falseSCO is Active:false
05-04 20:26:37.763 E/HeadsetStateMachine( 7916): returning mCurrentState as Connected
05-04 20:26:37.763 E/HeadsetStateMachine( 7916): returning mCurrentState as Disconnected
05-04 20:26:37.763 E/HeadsetStateMachine( 7916): returning mCurrentState as Disconnected
05-04 20:26:37.763 D/HeadsetService( 7916):  isAudioOn: The number of audio connected devices 0
05-04 20:26:37.763 I/Avrcp_ext( 7916): updatePlayStatusForDevice: device: null
05-04 20:26:37.763 V/Avrcp_ext( 7916): updatePlaybackState (1): old=PlaybackState {state=STOPPED(1), position=1328924, buffered position=0, speed=1.0, updated=1296916309, actions=8615, custom actions=[], active item id=-1, error=null}(0), new=PlaybackState {state=STOPPED(1), position=1328924, buffered position=0, speed=1.0, updated=1296916309, actions=8615, custom actions=[], active item id=-1, error=null}(0)
05-04 20:26:37.763 I/Avrcp_ext( 7916): Exit updatePlayStatusForDevice
05-04 20:26:37.763 E/HeadsetStateMachine( 7916): returning mCurrentState as Connected
05-04 20:26:37.763 E/HeadsetStateMachine( 7916): returning mCurrentState as Disconnected
05-04 20:26:37.763 E/HeadsetStateMachine( 7916): returning mCurrentState as Disconnected
05-04 20:26:37.763 D/HeadsetService( 7916):  isAudioOn: The number of audio connected devices 0
05-04 20:26:37.763 D/HeadsetService( 7916): isScoOrCallActive(): Call Active:falseCall is Ringing:falseSCO is Active:false
05-04 20:26:37.763 E/HeadsetStateMachine( 7916): returning mCurrentState as Connected
05-04 20:26:37.763 E/HeadsetStateMachine( 7916): returning mCurrentState as Disconnected
05-04 20:26:37.763 E/HeadsetStateMachine( 7916): returning mCurrentState as Disconnected
05-04 20:26:37.763 D/HeadsetService( 7916):  isAudioOn: The number of audio connected devices 0
05-04 20:26:37.763 I/Avrcp_ext( 7916): updatePlayStatusForDevice: device: null
05-04 20:26:37.763 V/Avrcp_ext( 7916): updatePlaybackState (1): old=PlaybackState {state=STOPPED(1), position=1328924, buffered position=0, speed=1.0, updated=1296916309, actions=8615, custom actions=[], active item id=-1, error=null}(0), new=PlaybackState {state=STOPPED(1), position=1328924, buffered position=0, speed=1.0, updated=1296916309, actions=8615, custom actions=[], active item id=-1, error=null}(0)
05-04 20:26:37.763 I/Avrcp_ext( 7916): Exit updatePlayStatusForDevice
05-04 20:26:37.763 E/HeadsetStateMachine( 7916): returning mCurrentState as Connected
05-04 20:26:37.763 E/HeadsetStateMachine( 7916): returning mCurrentState as Disconnected
05-04 20:26:37.763 E/HeadsetStateMachine( 7916): returning mCurrentState as Disconnected
05-04 20:26:37.763 D/HeadsetService( 7916):  isAudioOn: The number of audio connected devices 0
05-04 20:26:37.763 D/HeadsetService( 7916): isScoOrCallActive(): Call Active:falseCall is Ringing:falseSCO is Active:false
05-04 20:26:37.763 E/HeadsetStateMachine( 7916): returning mCurrentState as Connected
05-04 20:26:37.763 E/HeadsetStateMachine( 7916): returning mCurrentState as Disconnected
05-04 20:26:37.763 E/HeadsetStateMachine( 7916): returning mCurrentState as Disconnected
05-04 20:26:37.763 D/HeadsetService( 7916):  isAudioOn: The number of audio connected devices 0
05-04 20:26:37.763 I/Avrcp_ext( 7916): updatePlayStatusForDevice: device: null
05-04 20:26:37.763 V/Avrcp_ext( 7916): updatePlaybackState (1): old=PlaybackState {state=STOPPED(1), position=1328924, buffered position=0, speed=1.0, updated=1296916309, actions=8615, custom actions=[], active item id=-1, error=null}(0), new=PlaybackState {state=STOPPED(1), position=1328924, buffered position=0, speed=1.0, updated=1296916309, actions=8615, custom actions=[], active item id=-1, error=null}(0)
05-04 20:26:37.763 I/Avrcp_ext( 7916): Exit updatePlayStatusForDevice
05-04 20:26:37.763 D/Avrcp_ext( 7916): Enter sendPlayPosNotificationRsp
05-04 20:26:37.763 D/Avrcp_ext( 7916): sendPlayPosNotificationRsp: Not registered or requesting.
05-04 20:26:37.763 D/Avrcp_ext( 7916): Enter sendPlayPosNotificationRsp
05-04 20:26:37.763 D/Avrcp_ext( 7916): sendPlayPosNotificationRsp: Not registered or requesting.
05-04 20:26:37.763 D/Avrcp_ext( 7916): Enter sendPlayPosNotificationRsp
05-04 20:26:37.763 D/Avrcp_ext( 7916): sendPlayPosNotificationRsp: Not registered or requesting.
05-04 20:26:37.763 D/Avrcp_ext( 7916): Enter sendPlayPosNotificationRsp
05-04 20:26:37.763 D/Avrcp_ext( 7916): sendPlayPosNotificationRsp: Not registered or requesting.
05-04 20:26:37.763 D/Avrcp_ext( 7916): Enter sendPlayPosNotificationRsp
05-04 20:26:37.763 D/Avrcp_ext( 7916): sendPlayPosNotificationRsp: Not registered or requesting.
05-04 20:26:37.763 V/Avrcp_ext( 7916): Exit updatePlayerStateAndPosition
05-04 20:26:37.763 D/APM: ActiveDeviceManagerServiceLegacy( 7916): getActiveAbsoluteDevice(): device: 17:3F:CF:BE:B9:01
05-04 20:26:37.763 D/APM: ActiveDeviceManagerServiceLegacy( 7916): isStableState(): true
05-04 20:26:37.763 D/Avrcp_ext( 7916): isAdmStable = true activeAbsAddr = 17:3F:CF:BE:B9:01 device = null
05-04 20:26:37.763 V/APM: MediaControlManager( 7916): onPlaybackStateChanged
05-04 20:26:37.763 W/McpService( 7916): updatePlaybackState state PlaybackState {state=STOPPED(1), position=1328924, buffered position=0, speed=1.0, updated=1296916309, actions=8615, custom actions=[], active item id=-1, error=null}
05-04 20:26:37.763 W/McpService( 7916): updatePlaybackState mState: 2 state: 2
05-04 20:26:37.763 W/Avrcp_ext( 7916): updated player state = PlaybackState {state=STOPPED(1), position=1328924, buffered position=0, speed=1.0, updated=1296916309, actions=8615, custom actions=[], active item id=-1, error=null}to MCP module also
05-04 20:26:37.772 D/CompatibilityChangeReporter( 3064): Compat change id reported: 183164979; UID 10502; state: ENABLED
05-04 20:26:37.775 E/ANDR-PERF-LM( 1798): VmRssMeter:: start() 358: Could not find pid, can not collect vmrss data
05-04 20:26:37.777 D/CompatibilityChangeReporter( 3064): Compat change id reported: 214016041; UID 10502; state: ENABLED
05-04 20:26:37.778 I/ImeTracker( 3064): com.deepeye.musicpro.debug:8ac33c57: onRequestHide at ORIGIN_SERVER_HIDE_INPUT reason HIDE_UNSPECIFIED_WINDOW
05-04 20:26:37.778 I/ImeTracker( 3064): com.deepeye.musicpro.debug:8ac33c57: onCancelled at PHASE_SERVER_SHOULD_HIDE
05-04 20:26:37.779 I/vendor.qti.bluetooth@1.0-ibs_handler( 1737): ProcessIbsCmd: Received IBS_SLEEP_IND: 0xFE
05-04 20:26:37.780 E/ANDR-PERF-LM( 1798): VmRssMeter:: start() 358: Could not find pid, can not collect vmrss data
05-04 20:26:37.780 E/ANDR-PERF-LM( 1798): AdaptiveLaunch: writeToDataBase() 64: Meter aborted or could not get meter data for this run
05-04 20:26:37.781 I/GoogleInputMethodService(23155): GoogleInputMethodService.onFinishInput():2259 
05-04 20:26:37.781 I/Module  (23155): DeviceLockedStatusModuleProvider$Module.updateDeviceLockedStatus():103 repeatCheckTimes = 0, locked = false
05-04 20:26:37.782 I/GoogleInputMethodService(23155): GoogleInputMethodService.onStartInput():1446 onStartInput(EditorInfo{EditorInfo{packageName=com.deepeye.musicpro.debug, inputType=0, inputTypeString=NULL, enableLearning=false, autoCorrection=false, autoComplete=false, imeOptions=0, privateImeOptions=null, actionName=UNSPECIFIED, actionLabel=null, initialSelStart=-1, initialSelEnd=-1, initialCapsMode=0, label=null, fieldId=0, fieldName=null, extras=null, hintText=null, hintLocales=[]}}, false)
05-04 20:26:37.782 I/AndroidIME(23155): LatinIMEBase.updateInputViewCoverNavigation():322 Update input view padding, isNavbarOverInputWindow=false, bottom inset=102
05-04 20:26:37.782 I/Module  (23155): DeviceLockedStatusModuleProvider$Module.updateDeviceLockedStatus():103 repeatCheckTimes = 1, locked = false
05-04 20:26:37.797 W/PackageConfigPersister( 3064): App-specific configuration not found for packageName: com.deepeye.musicpro.debug and userId: 0
05-04 20:26:37.799 I/MediaController(15273): Init 12a244a [AndroidXMedia3/1.4.1] [hiphi, motorola edge 30 pro, motorola, 34]
05-04 20:26:37.809 W/CpuPowerCalculator( 3064): UID 10502 CPU freq # mismatch: Power Profile # 52 actual # 54
05-04 20:26:37.809 W/CpuPowerCalculator( 3064): UID 10502 CPU freq # mismatch: Power Profile # 52 actual # 54
05-04 20:26:37.809 W/CpuPowerCalculator( 3064): UID 10502 CPU freq # mismatch: Power Profile # 52 actual # 54
05-04 20:26:37.809 W/CpuPowerCalculator( 3064): UID 10502 CPU freq # mismatch: Power Profile # 52 actual # 54
05-04 20:26:37.810 W/CpuPowerCalculator( 3064): UID 10502 CPU freq # mismatch: Power Profile # 52 actual # 54
05-04 20:26:37.810 W/CpuPowerCalculator( 3064): UID 10476 CPU freq # mismatch: Power Profile # 52 actual # 54
05-04 20:26:37.810 W/CpuPowerCalculator( 3064): UID 10476 CPU freq # mismatch: Power Profile # 52 actual # 54
05-04 20:26:37.810 W/CpuPowerCalculator( 3064): UID 10476 CPU freq # mismatch: Power Profile # 52 actual # 54
05-04 20:26:37.810 W/CpuPowerCalculator( 3064): UID 10469 CPU freq # mismatch: Power Profile # 52 actual # 54
05-04 20:26:37.810 W/CpuPowerCalculator( 3064): UID 10469 CPU freq # mismatch: Power Profile # 52 actual # 54
05-04 20:26:37.810 W/CpuPowerCalculator( 3064): UID 10469 CPU freq # mismatch: Power Profile # 52 actual # 54
05-04 20:26:37.810 W/CpuPowerCalculator( 3064): UID 10442 CPU freq # mismatch: Power Profile # 52 actual # 54
05-04 20:26:37.810 W/CpuPowerCalculator( 3064): UID 10442 CPU freq # mismatch: Power Profile # 52 actual # 54
05-04 20:26:37.810 W/CpuPowerCalculator( 3064): UID 10442 CPU freq # mismatch: Power Profile # 52 actual # 54
05-04 20:26:37.810 W/CpuPowerCalculator( 3064): UID 10392 CPU freq # mismatch: Power Profile # 52 actual # 54
05-04 20:26:37.810 W/CpuPowerCalculator( 3064): UID 10392 CPU freq # mismatch: Power Profile # 52 actual # 54
05-04 20:26:37.810 W/CpuPowerCalculator( 3064): UID 10392 CPU freq # mismatch: Power Profile # 52 actual # 54
05-04 20:26:37.810 W/CpuPowerCalculator( 3064): UID 10386 CPU freq # mismatch: Power Profile # 52 actual # 54
05-04 20:26:37.810 W/CpuPowerCalculator( 3064): UID 10386 CPU freq # mismatch: Power Profile # 52 actual # 54
05-04 20:26:37.810 W/CpuPowerCalculator( 3064): UID 10383 CPU freq # mismatch: Power Profile # 52 actual # 54
05-04 20:26:37.810 W/CpuPowerCalculator( 3064): UID 10383 CPU freq # mismatch: Power Profile # 52 actual # 54
05-04 20:26:37.810 W/CpuPowerCalculator( 3064): UID 10383 CPU freq # mismatch: Power Profile # 52 actual # 54
05-04 20:26:37.810 W/CpuPowerCalculator( 3064): UID 10382 CPU freq # mismatch: Power Profile # 52 actual # 54
05-04 20:26:37.810 W/CpuPowerCalculator( 3064): UID 10382 CPU freq # mismatch: Power Profile # 52 actual # 54
05-04 20:26:37.810 W/CpuPowerCalculator( 3064): UID 10382 CPU freq # mismatch: Power Profile # 52 actual # 54
05-04 20:26:37.810 W/CpuPowerCalculator( 3064): UID 10382 CPU freq # mismatch: Power Profile # 52 actual # 54
05-04 20:26:37.810 W/CpuPowerCalculator( 3064): UID 10381 CPU freq # mismatch: Power Profile # 52 actual # 54
05-04 20:26:37.810 W/CpuPowerCalculator( 3064): UID 10381 CPU freq # mismatch: Power Profile # 52 actual # 54
05-04 20:26:37.810 W/CpuPowerCalculator( 3064): UID 10381 CPU freq # mismatch: Power Profile # 52 actual # 54
05-04 20:26:37.810 W/CpuPowerCalculator( 3064): UID 10375 CPU freq # mismatch: Power Profile # 52 actual # 54
05-04 20:26:37.810 W/CpuPowerCalculator( 3064): UID 10375 CPU freq # mismatch: Power Profile # 52 actual # 54
05-04 20:26:37.810 W/CpuPowerCalculator( 3064): UID 10367 CPU freq # mismatch: Power Profile # 52 actual # 54
05-04 20:26:37.810 W/CpuPowerCalculator( 3064): UID 10367 CPU freq # mismatch: Power Profile # 52 actual # 54
05-04 20:26:37.810 W/CpuPowerCalculator( 3064): UID 10367 CPU freq # mismatch: Power Profile # 52 actual # 54
05-04 20:26:37.810 W/CpuPowerCalculator( 3064): UID 10366 CPU freq # mismatch: Power Profile # 52 actual # 54
05-04 20:26:37.810 W/CpuPowerCalculator( 3064): UID 10366 CPU freq # mismatch: Power Profile # 52 actual # 54
05-04 20:26:37.810 W/CpuPowerCalculator( 3064): UID 10365 CPU freq # mismatch: Power Profile # 52 actual # 54
05-04 20:26:37.810 W/CpuPowerCalculator( 3064): UID 10365 CPU freq # mismatch: Power Profile # 52 actual # 54
05-04 20:26:37.810 W/CpuPowerCalculator( 3064): UID 10363 CPU freq # mismatch: Power Profile # 52 actual # 54
05-04 20:26:37.810 W/CpuPowerCalculator( 3064): UID 10363 CPU freq # mismatch: Power Profile # 52 actual # 54
05-04 20:26:37.810 W/CpuPowerCalculator( 3064): UID 10357 CPU freq # mismatch: Power Profile # 52 actual # 54
05-04 20:26:37.810 W/CpuPowerCalculator( 3064): UID 10357 CPU freq # mismatch: Power Profile # 52 actual # 54
05-04 20:26:37.810 W/CpuPowerCalculator( 3064): UID 10357 CPU freq # mismatch: Power Profile # 52 actual # 54
05-04 20:26:37.810 W/CpuPowerCalculator( 3064): UID 10357 CPU freq # mismatch: Power Profile # 52 actual # 54
05-04 20:26:37.810 W/CpuPowerCalculator( 3064): UID 10351 CPU freq # mismatch: Power Profile # 52 actual # 54
05-04 20:26:37.810 W/CpuPowerCalculator( 3064): UID 10351 CPU freq # mismatch: Power Profile # 52 actual # 54
05-04 20:26:37.810 W/CpuPowerCalculator( 3064): UID 10350 CPU freq # mismatch: Power Profile # 52 actual # 54
05-04 20:26:37.810 W/CpuPowerCalculator( 3064): UID 10350 CPU freq # mismatch: Power Profile # 52 actual # 54
05-04 20:26:37.810 W/CpuPowerCalculator( 3064): UID 10346 CPU freq # mismatch: Power Profile # 52 actual # 54
05-04 20:26:37.810 W/CpuPowerCalculator( 3064): UID 10346 CPU freq # mismatch: Power Profile # 52 actual # 54
05-04 20:26:37.810 W/CpuPowerCalculator( 3064): UID 10345 CPU freq # mismatch: Power Profile # 52 actual # 54
05-04 20:26:37.810 W/CpuPowerCalculator( 3064): UID 10345 CPU freq # mismatch: Power Profile # 52 actual # 54
05-04 20:26:37.810 W/CpuPowerCalculator( 3064): UID 10344 CPU freq # mismatch: Power Profile # 52 actual # 54
05-04 20:26:37.810 W/CpuPowerCalculator( 3064): UID 10344 CPU freq # mismatch: Power Profile # 52 actual # 54
05-04 20:26:37.810 W/CpuPowerCalculator( 3064): UID 10343 CPU freq # mismatch: Power Profile # 52 actual # 54
05-04 20:26:37.810 W/CpuPowerCalculator( 3064): UID 10343 CPU freq # mismatch: Power Profile # 52 actual # 54
05-04 20:26:37.810 W/CpuPowerCalculator( 3064): UID 10342 CPU freq # mismatch: Power Profile # 52 actual # 54
05-04 20:26:37.810 W/CpuPowerCalculator( 3064): UID 10342 CPU freq # mismatch: Power Profile # 52 actual # 54
05-04 20:26:37.810 W/CpuPowerCalculator( 3064): UID 10342 CPU freq # mismatch: Power Profile # 52 actual # 54
05-04 20:26:37.810 W/CpuPowerCalculator( 3064): UID 10340 CPU freq # mismatch: Power Profile # 52 actual # 54
05-04 20:26:37.810 W/CpuPowerCalculator( 3064): UID 10340 CPU freq # mismatch: Power Profile # 52 actual # 54
05-04 20:26:37.810 W/CpuPowerCalculator( 3064): UID 10338 CPU freq # mismatch: Power Profile # 52 actual # 54
05-04 20:26:37.810 W/CpuPowerCalculator( 3064): UID 10338 CPU freq # mismatch: Power Profile # 52 actual # 54
05-04 20:26:37.810 W/CpuPowerCalculator( 3064): UID 10335 CPU freq # mismatch: Power Profile # 52 actual # 54
05-04 20:26:37.810 W/CpuPowerCalculator( 3064): UID 10335 CPU freq # mismatch: Power Profile # 52 actual # 54
05-04 20:26:37.811 W/CpuPowerCalculator( 3064): UID 10332 CPU freq # mismatch: Power Profile # 52 actual # 54
05-04 20:26:37.811 W/CpuPowerCalculator( 3064): UID 10332 CPU freq # mismatch: Power Profile # 52 actual # 54
05-04 20:26:37.811 W/CpuPowerCalculator( 3064): UID 10331 CPU freq # mismatch: Power Profile # 52 actual # 54
05-04 20:26:37.811 W/CpuPowerCalculator( 3064): UID 10331 CPU freq # mismatch: Power Profile # 52 actual # 54
05-04 20:26:37.811 W/CpuPowerCalculator( 3064): UID 10329 CPU freq # mismatch: Power Profile # 52 actual # 54
05-04 20:26:37.811 W/CpuPowerCalculator( 3064): UID 10329 CPU freq # mismatch: Power Profile # 52 actual # 54
05-04 20:26:37.811 W/CpuPowerCalculator( 3064): UID 10325 CPU freq # mismatch: Power Profile # 52 actual # 54
05-04 20:26:37.811 W/CpuPowerCalculator( 3064): UID 10325 CPU freq # mismatch: Power Profile # 52 actual # 54
05-04 20:26:37.811 W/CpuPowerCalculator( 3064): UID 10318 CPU freq # mismatch: Power Profile # 52 actual # 54
05-04 20:26:37.811 W/CpuPowerCalculator( 3064): UID 10318 CPU freq # mismatch: Power Profile # 52 actual # 54
05-04 20:26:37.811 W/CpuPowerCalculator( 3064): UID 10316 CPU freq # mismatch: Power Profile # 52 actual # 54
05-04 20:26:37.811 W/CpuPowerCalculator( 3064): UID 10316 CPU freq # mismatch: Power Profile # 52 actual # 54
05-04 20:26:37.811 W/CpuPowerCalculator( 3064): UID 10310 CPU freq # mismatch: Power Profile # 52 actual # 54
05-04 20:26:37.811 W/CpuPowerCalculator( 3064): UID 10310 CPU freq # mismatch: Power Profile # 52 actual # 54
05-04 20:26:37.811 W/CpuPowerCalculator( 3064): UID 10308 CPU freq # mismatch: Power Profile # 52 actual # 54
05-04 20:26:37.811 W/CpuPowerCalculator( 3064): UID 10308 CPU freq # mismatch: Power Profile # 52 actual # 54
05-04 20:26:37.811 W/CpuPowerCalculator( 3064): UID 10308 CPU freq # mismatch: Power Profile # 52 actual # 54
05-04 20:26:37.811 W/CpuPowerCalculator( 3064): UID 10305 CPU freq # mismatch: Power Profile # 52 actual # 54
05-04 20:26:37.811 W/CpuPowerCalculator( 3064): UID 10305 CPU freq # mismatch: Power Profile # 52 actual # 54
05-04 20:26:37.811 W/CpuPowerCalculator( 3064): UID 10302 CPU freq # mismatch: Power Profile # 52 actual # 54
05-04 20:26:37.811 W/CpuPowerCalculator( 3064): UID 10302 CPU freq # mismatch: Power Profile # 52 actual # 54
05-04 20:26:37.811 W/CpuPowerCalculator( 3064): UID 10301 CPU freq # mismatch: Power Profile # 52 actual # 54
05-04 20:26:37.811 W/CpuPowerCalculator( 3064): UID 10301 CPU freq # mismatch: Power Profile # 52 actual # 54
05-04 20:26:37.811 W/CpuPowerCalculator( 3064): UID 10299 CPU freq # mismatch: Power Profile # 52 actual # 54
05-04 20:26:37.811 W/CpuPowerCalculator( 3064): UID 10299 CPU freq # mismatch: Power Profile # 52 actual # 54
05-04 20:26:37.812 W/CpuPowerCalculator( 3064): UID 10296 CPU freq # mismatch: Power Profile # 52 actual # 54
05-04 20:26:37.812 W/CpuPowerCalculator( 3064): UID 10296 CPU freq # mismatch: Power Profile # 52 actual # 54
05-04 20:26:37.812 W/CpuPowerCalculator( 3064): UID 10296 CPU freq # mismatch: Power Profile # 52 actual # 54
05-04 20:26:37.812 W/CpuPowerCalculator( 3064): UID 10292 CPU freq # mismatch: Power Profile # 52 actual # 54
05-04 20:26:37.812 W/CpuPowerCalculator( 3064): UID 10292 CPU freq # mismatch: Power Profile # 52 actual # 54
05-04 20:26:37.812 W/CpuPowerCalculator( 3064): UID 10290 CPU freq # mismatch: Power Profile # 52 actual # 54
05-04 20:26:37.812 W/CpuPowerCalculator( 3064): UID 10290 CPU freq # mismatch: Power Profile # 52 actual # 54
05-04 20:26:37.812 W/CpuPowerCalculator( 3064): UID 10290 CPU freq # mismatch: Power Profile # 52 actual # 54
05-04 20:26:37.812 W/CpuPowerCalculator( 3064): UID 10289 CPU freq # mismatch: Power Profile # 52 actual # 54
05-04 20:26:37.812 W/CpuPowerCalculator( 3064): UID 10289 CPU freq # mismatch: Power Profile # 52 actual # 54
05-04 20:26:37.812 W/CpuPowerCalculator( 3064): UID 10285 CPU freq # mismatch: Power Profile # 52 actual # 54
05-04 20:26:37.812 W/CpuPowerCalculator( 3064): UID 10285 CPU freq # mismatch: Power Profile # 52 actual # 54
05-04 20:26:37.812 W/CpuPowerCalculator( 3064): UID 10275 CPU freq # mismatch: Power Profile # 52 actual # 54
05-04 20:26:37.812 W/CpuPowerCalculator( 3064): UID 10275 CPU freq # mismatch: Power Profile # 52 actual # 54
05-04 20:26:37.812 W/CpuPowerCalculator( 3064): UID 10275 CPU freq # mismatch: Power Profile # 52 actual # 54
05-04 20:26:37.812 W/CpuPowerCalculator( 3064): UID 10274 CPU freq # mismatch: Power Profile # 52 actual # 54
05-04 20:26:37.812 W/CpuPowerCalculator( 3064): UID 10274 CPU freq # mismatch: Power Profile # 52 actual # 54
05-04 20:26:37.812 W/CpuPowerCalculator( 3064): UID 10266 CPU freq # mismatch: Power Profile # 52 actual # 54
05-04 20:26:37.812 W/CpuPowerCalculator( 3064): UID 10266 CPU freq # mismatch: Power Profile # 52 actual # 54
05-04 20:26:37.812 W/CpuPowerCalculator( 3064): UID 10266 CPU freq # mismatch: Power Profile # 52 actual # 54
05-04 20:26:37.812 W/CpuPowerCalculator( 3064): UID 10252 CPU freq # mismatch: Power Profile # 52 actual # 54
05-04 20:26:37.812 W/CpuPowerCalculator( 3064): UID 10252 CPU freq # mismatch: Power Profile # 52 actual # 54
05-04 20:26:37.812 W/CpuPowerCalculator( 3064): UID 10251 CPU freq # mismatch: Power Profile # 52 actual # 54
05-04 20:26:37.812 W/CpuPowerCalculator( 3064): UID 10251 CPU freq # mismatch: Power Profile # 52 actual # 54
05-04 20:26:37.812 W/CpuPowerCalculator( 3064): UID 10249 CPU freq # mismatch: Power Profile # 52 actual # 54
05-04 20:26:37.812 W/CpuPowerCalculator( 3064): UID 10249 CPU freq # mismatch: Power Profile # 52 actual # 54
05-04 20:26:37.812 W/CpuPowerCalculator( 3064): UID 10239 CPU freq # mismatch: Power Profile # 52 actual # 54
05-04 20:26:37.812 W/CpuPowerCalculator( 3064): UID 10239 CPU freq # mismatch: Power Profile # 52 actual # 54
05-04 20:26:37.812 W/CpuPowerCalculator( 3064): UID 10239 CPU freq # mismatch: Power Profile # 52 actual # 54
05-04 20:26:37.812 W/CpuPowerCalculator( 3064): UID 10228 CPU freq # mismatch: Power Profile # 52 actual # 54
05-04 20:26:37.812 W/CpuPowerCalculator( 3064): UID 10228 CPU freq # mismatch: Power Profile # 52 actual # 54
05-04 20:26:37.812 W/CpuPowerCalculator( 3064): UID 10228 CPU freq # mismatch: Power Profile # 52 actual # 54
05-04 20:26:37.812 W/CpuPowerCalculator( 3064): UID 10226 CPU freq # mismatch: Power Profile # 52 actual # 54
05-04 20:26:37.812 W/CpuPowerCalculator( 3064): UID 10226 CPU freq # mismatch: Power Profile # 52 actual # 54
05-04 20:26:37.812 W/CpuPowerCalculator( 3064): UID 10221 CPU freq # mismatch: Power Profile # 52 actual # 54
05-04 20:26:37.812 W/CpuPowerCalculator( 3064): UID 10221 CPU freq # mismatch: Power Profile # 52 actual # 54
05-04 20:26:37.812 W/CpuPowerCalculator( 3064): UID 10218 CPU freq # mismatch: Power Profile # 52 actual # 54
05-04 20:26:37.812 W/CpuPowerCalculator( 3064): UID 10218 CPU freq # mismatch: Power Profile # 52 actual # 54
05-04 20:26:37.812 W/CpuPowerCalculator( 3064): UID 10214 CPU freq # mismatch: Power Profile # 52 actual # 54
05-04 20:26:37.812 W/CpuPowerCalculator( 3064): UID 10214 CPU freq # mismatch: Power Profile # 52 actual # 54
05-04 20:26:37.812 W/CpuPowerCalculator( 3064): UID 10210 CPU freq # mismatch: Power Profile # 52 actual # 54
05-04 20:26:37.812 W/CpuPowerCalculator( 3064): UID 10210 CPU freq # mismatch: Power Profile # 52 actual # 54
05-04 20:26:37.812 W/CpuPowerCalculator( 3064): UID 10210 CPU freq # mismatch: Power Profile # 52 actual # 54
05-04 20:26:37.812 W/CpuPowerCalculator( 3064): UID 10207 CPU freq # mismatch: Power Profile # 52 actual # 54
05-04 20:26:37.812 W/CpuPowerCalculator( 3064): UID 10207 CPU freq # mismatch: Power Profile # 52 actual # 54
05-04 20:26:37.812 W/CpuPowerCalculator( 3064): UID 10207 CPU freq # mismatch: Power Profile # 52 actual # 54
05-04 20:26:37.812 W/CpuPowerCalculator( 3064): UID 10200 CPU freq # mismatch: Power Profile # 52 actual # 54
05-04 20:26:37.812 W/CpuPowerCalculator( 3064): UID 10200 CPU freq # mismatch: Power Profile # 52 actual # 54
05-04 20:26:37.812 W/CpuPowerCalculator( 3064): UID 10197 CPU freq # mismatch: Power Profile # 52 actual # 54
05-04 20:26:37.812 W/CpuPowerCalculator( 3064): UID 10197 CPU freq # mismatch: Power Profile # 52 actual # 54
05-04 20:26:37.812 W/CpuPowerCalculator( 3064): UID 10192 CPU freq # mismatch: Power Profile # 52 actual # 54
05-04 20:26:37.812 W/CpuPowerCalculator( 3064): UID 10192 CPU freq # mismatch: Power Profile # 52 actual # 54
05-04 20:26:37.812 W/CpuPowerCalculator( 3064): UID 10192 CPU freq # mismatch: Power Profile # 52 actual # 54
05-04 20:26:37.814 W/droid.bluetooth( 7916): ApkAssets: Deleting an ApkAssets object '<empty> and /data/app/~~0qwJXl7WYCjzs9UtpFxL1g==/org.torproject.torbrowser-eBYn6MnmBkWAZ0O6p8Wmww==/base.apk' with 1 weak references
05-04 20:26:37.815 W/droid.bluetooth( 7916): ApkAssets: Deleting an ApkAssets object '<empty> and /data/app/~~WCk0Xouo6OG13g8wNBX4dQ==/com.google.android.youtube-47MG5Uo5IvIbaAHo79YEyQ==/base.apk' with 1 weak references
05-04 20:26:37.815 W/droid.bluetooth( 7916): ApkAssets: Deleting an ApkAssets object '<empty> and /data/app/~~WCk0Xouo6OG13g8wNBX4dQ==/com.google.android.youtube-47MG5Uo5IvIbaAHo79YEyQ==/split_config.arm64_v8a.apk' with 1 weak references
05-04 20:26:37.815 W/droid.bluetooth( 7916): ApkAssets: Deleting an ApkAssets object '<empty> and /data/app/~~WCk0Xouo6OG13g8wNBX4dQ==/com.google.android.youtube-47MG5Uo5IvIbaAHo79YEyQ==/split_config.en.apk' with 1 weak references
05-04 20:26:37.815 W/droid.bluetooth( 7916): ApkAssets: Deleting an ApkAssets object '<empty> and /data/app/~~WCk0Xouo6OG13g8wNBX4dQ==/com.google.android.youtube-47MG5Uo5IvIbaAHo79YEyQ==/split_config.xxhdpi.apk' with 1 weak references
05-04 20:26:37.815 W/droid.bluetooth( 7916): ApkAssets: Deleting an ApkAssets object '<empty> and /data/app/~~HI9UX6hskjVEwzB34HA6SQ==/com.deepeye.musicpro.debug-pi_TPD4qWrJg7WXGCePLjA==/base.apk' with 1 weak references
05-04 20:26:37.815 W/droid.bluetooth( 7916): ApkAssets: Deleting an ApkAssets object '<empty> and /data/app/~~Jj8qSYHJZyDu__RbqtbgVQ==/ai.perplexity.app.android-gfLuhmErQVQ2B0gS7Jw3JQ==/base.apk' with 1 weak references
05-04 20:26:37.815 W/droid.bluetooth( 7916): ApkAssets: Deleting an ApkAssets object '<empty> and /data/app/~~Jj8qSYHJZyDu__RbqtbgVQ==/ai.perplexity.app.android-gfLuhmErQVQ2B0gS7Jw3JQ==/split_config.arm64_v8a.apk' with 1 weak references
05-04 20:26:37.815 W/droid.bluetooth( 7916): ApkAssets: Deleting an ApkAssets object '<empty> and /data/app/~~Jj8qSYHJZyDu__RbqtbgVQ==/ai.perplexity.app.android-gfLuhmErQVQ2B0gS7Jw3JQ==/split_config.xxhdpi.apk' with 1 weak references
05-04 20:26:37.816 W/CpuPowerCalculator( 3064): UID 10184 CPU freq # mismatch: Power Profile # 52 actual # 54
05-04 20:26:37.816 W/CpuPowerCalculator( 3064): UID 10184 CPU freq # mismatch: Power Profile # 52 actual # 54
05-04 20:26:37.816 W/CpuPowerCalculator( 3064): UID 10183 CPU freq # mismatch: Power Profile # 52 actual # 54
05-04 20:26:37.816 W/CpuPowerCalculator( 3064): UID 10183 CPU freq # mismatch: Power Profile # 52 actual # 54
05-04 20:26:37.816 W/CpuPowerCalculator( 3064): UID 10181 CPU freq # mismatch: Power Profile # 52 actual # 54
05-04 20:26:37.816 W/CpuPowerCalculator( 3064): UID 10181 CPU freq # mismatch: Power Profile # 52 actual # 54
05-04 20:26:37.816 W/CpuPowerCalculator( 3064): UID 10181 CPU freq # mismatch: Power Profile # 52 actual # 54
05-04 20:26:37.816 W/CpuPowerCalculator( 3064): UID 10179 CPU freq # mismatch: Power Profile # 52 actual # 54
05-04 20:26:37.816 W/CpuPowerCalculator( 3064): UID 10179 CPU freq # mismatch: Power Profile # 52 actual # 54
05-04 20:26:37.816 W/CpuPowerCalculator( 3064): UID 10177 CPU freq # mismatch: Power Profile # 52 actual # 54
05-04 20:26:37.816 W/CpuPowerCalculator( 3064): UID 10177 CPU freq # mismatch: Power Profile # 52 actual # 54
05-04 20:26:37.816 W/CpuPowerCalculator( 3064): UID 10163 CPU freq # mismatch: Power Profile # 52 actual # 54
05-04 20:26:37.816 W/CpuPowerCalculator( 3064): UID 10163 CPU freq # mismatch: Power Profile # 52 actual # 54
05-04 20:26:37.816 W/CpuPowerCalculator( 3064): UID 10162 CPU freq # mismatch: Power Profile # 52 actual # 54
05-04 20:26:37.816 W/CpuPowerCalculator( 3064): UID 10162 CPU freq # mismatch: Power Profile # 52 actual # 54
05-04 20:26:37.816 W/CpuPowerCalculator( 3064): UID 10150 CPU freq # mismatch: Power Profile # 52 actual # 54
05-04 20:26:37.816 W/CpuPowerCalculator( 3064): UID 10150 CPU freq # mismatch: Power Profile # 52 actual # 54
05-04 20:26:37.816 W/CpuPowerCalculator( 3064): UID 10139 CPU freq # mismatch: Power Profile # 52 actual # 54
05-04 20:26:37.816 W/CpuPowerCalculator( 3064): UID 10139 CPU freq # mismatch: Power Profile # 52 actual # 54
05-04 20:26:37.817 W/CpuPowerCalculator( 3064): UID 10130 CPU freq # mismatch: Power Profile # 52 actual # 54
05-04 20:26:37.817 W/CpuPowerCalculator( 3064): UID 10130 CPU freq # mismatch: Power Profile # 52 actual # 54
05-04 20:26:37.817 W/CpuPowerCalculator( 3064): UID 10130 CPU freq # mismatch: Power Profile # 52 actual # 54
05-04 20:26:37.817 W/CpuPowerCalculator( 3064): UID 10125 CPU freq # mismatch: Power Profile # 52 actual # 54
05-04 20:26:37.817 W/CpuPowerCalculator( 3064): UID 10125 CPU freq # mismatch: Power Profile # 52 actual # 54
05-04 20:26:37.817 W/CpuPowerCalculator( 3064): UID 10122 CPU freq # mismatch: Power Profile # 52 actual # 54
05-04 20:26:37.817 W/CpuPowerCalculator( 3064): UID 10122 CPU freq # mismatch: Power Profile # 52 actual # 54
05-04 20:26:37.817 W/CpuPowerCalculator( 3064): UID 10122 CPU freq # mismatch: Power Profile # 52 actual # 54
05-04 20:26:37.817 W/CpuPowerCalculator( 3064): UID 10114 CPU freq # mismatch: Power Profile # 52 actual # 54
05-04 20:26:37.817 W/CpuPowerCalculator( 3064): UID 10114 CPU freq # mismatch: Power Profile # 52 actual # 54
05-04 20:26:37.817 W/CpuPowerCalculator( 3064): UID 10114 CPU freq # mismatch: Power Profile # 52 actual # 54
05-04 20:26:37.817 W/CpuPowerCalculator( 3064): UID 9999 CPU freq # mismatch: Power Profile # 52 actual # 54
05-04 20:26:37.817 W/CpuPowerCalculator( 3064): UID 2906 CPU freq # mismatch: Power Profile # 52 actual # 54
05-04 20:26:37.817 W/CpuPowerCalculator( 3064): UID 2903 CPU freq # mismatch: Power Profile # 52 actual # 54
05-04 20:26:37.817 W/CpuPowerCalculator( 3064): UID 2000 CPU freq # mismatch: Power Profile # 52 actual # 54
05-04 20:26:37.817 W/CpuPowerCalculator( 3064): UID 1092 CPU freq # mismatch: Power Profile # 52 actual # 54
05-04 20:26:37.817 W/CpuPowerCalculator( 3064): UID 1073 CPU freq # mismatch: Power Profile # 52 actual # 54
05-04 20:26:37.817 W/CpuPowerCalculator( 3064): UID 1073 CPU freq # mismatch: Power Profile # 52 actual # 54
05-04 20:26:37.817 W/CpuPowerCalculator( 3064): UID 1072 CPU freq # mismatch: Power Profile # 52 actual # 54
05-04 20:26:37.817 W/CpuPowerCalculator( 3064): UID 1069 CPU freq # mismatch: Power Profile # 52 actual # 54
05-04 20:26:37.817 W/CpuPowerCalculator( 3064): UID 1068 CPU freq # mismatch: Power Profile # 52 actual # 54
05-04 20:26:37.817 W/CpuPowerCalculator( 3064): UID 1068 CPU freq # mismatch: Power Profile # 52 actual # 54
05-04 20:26:37.817 W/CpuPowerCalculator( 3064): UID 1066 CPU freq # mismatch: Power Profile # 52 actual # 54
05-04 20:26:37.817 W/CpuPowerCalculator( 3064): UID 1053 CPU freq # mismatch: Power Profile # 52 actual # 54
05-04 20:26:37.817 W/CpuPowerCalculator( 3064): UID 1052 CPU freq # mismatch: Power Profile # 52 actual # 54
05-04 20:26:37.817 W/CpuPowerCalculator( 3064): UID 1047 CPU freq # mismatch: Power Profile # 52 actual # 54
05-04 20:26:37.817 W/CpuPowerCalculator( 3064): UID 1046 CPU freq # mismatch: Power Profile # 52 actual # 54
05-04 20:26:37.817 W/CpuPowerCalculator( 3064): UID 1041 CPU freq # mismatch: Power Profile # 52 actual # 54
05-04 20:26:37.817 W/CpuPowerCalculator( 3064): UID 1036 CPU freq # mismatch: Power Profile # 52 actual # 54
05-04 20:26:37.817 W/CpuPowerCalculator( 3064): UID 1027 CPU freq # mismatch: Power Profile # 52 actual # 54
05-04 20:26:37.817 W/CpuPowerCalculator( 3064): UID 1027 CPU freq # mismatch: Power Profile # 52 actual # 54
05-04 20:26:37.817 W/CpuPowerCalculator( 3064): UID 1021 CPU freq # mismatch: Power Profile # 52 actual # 54
05-04 20:26:37.817 W/CpuPowerCalculator( 3064): UID 1019 CPU freq # mismatch: Power Profile # 52 actual # 54
05-04 20:26:37.817 W/CpuPowerCalculator( 3064): UID 1017 CPU freq # mismatch: Power Profile # 52 actual # 54
05-04 20:26:37.817 W/CpuPowerCalculator( 3064): UID 1013 CPU freq # mismatch: Power Profile # 52 actual # 54
05-04 20:26:37.817 W/CpuPowerCalculator( 3064): UID 1010 CPU freq # mismatch: Power Profile # 52 actual # 54
05-04 20:26:37.817 W/CpuPowerCalculator( 3064): UID 1007 CPU freq # mismatch: Power Profile # 52 actual # 54
05-04 20:26:37.817 W/CpuPowerCalculator( 3064): UID 1007 CPU freq # mismatch: Power Profile # 52 actual # 54
05-04 20:26:37.817 W/CpuPowerCalculator( 3064): UID 1002 CPU freq # mismatch: Power Profile # 52 actual # 54
05-04 20:26:37.817 W/CpuPowerCalculator( 3064): UID 1002 CPU freq # mismatch: Power Profile # 52 actual # 54
05-04 20:26:37.817 W/CpuPowerCalculator( 3064): UID 1001 CPU freq # mismatch: Power Profile # 52 actual # 54
05-04 20:26:37.817 W/CpuPowerCalculator( 3064): UID 1001 CPU freq # mismatch: Power Profile # 52 actual # 54
05-04 20:26:37.817 W/CpuPowerCalculator( 3064): UID 1000 CPU freq # mismatch: Power Profile # 52 actual # 54
05-04 20:26:37.817 W/CpuPowerCalculator( 3064): UID 0 CPU freq # mismatch: Power Profile # 52 actual # 54
05-04 20:26:37.840 D/PowerManagerService( 3064): nativeSetPowerMode ret:false mode:5 enabled:false duration ms: 0
05-04 20:26:37.851 I/bwmt    (10800): onStop
05-04 20:26:37.851 I/ImeTracker(20981): com.motorola.launcher3:414979e2: onRequestHide at ORIGIN_CLIENT_HIDE_SOFT_INPUT reason HIDE_SOFT_INPUT
05-04 20:26:37.851 I/ImeTracker(20981): com.motorola.launcher3:414979e2: onFailed at PHASE_CLIENT_VIEW_SERVED
05-04 20:26:37.919 I/.musicpro.debug(15273): Compiler allocated 4496KB to compile void android.view.ViewRootImpl.performTraversals()
05-04 20:26:37.940 W/.adservices.api(20171): Reducing the number of considered missed Gc histogram windows from 139 to 100
05-04 20:26:38.016 D/Surface ( 3827): Surface::disconnect
05-04 20:26:38.016 D/BufferQueueProducer( 3827): [VRI[debug]#7250(BLAST Consumer)7250](id:ef300001c5a,api:1,p:3827,c:3827) disconnect: api 1
05-04 20:26:38.019 W/WindowOnBackDispatcher( 3827): sendCancelIfRunning: isInProgress=falsecallback=android.view.ViewRootImpl$$ExternalSyntheticLambda17@551beca
05-04 20:26:38.019 D/CoreBackPreview( 3064): Window{35c6398 u0 Splash Screen com.deepeye.musicpro.debug EXITING}: Setting back callback null
05-04 20:26:38.019 W/InputManager-JNI( 3064): Input channel object '35c6398 Splash Screen com.deepeye.musicpro.debug (client)' was disposed without first being removed with the input manager!
05-04 20:26:38.041 E/minksocket( 1727): MinkIPC_QRTR_Service: client with node 1 port 7948 went down
05-04 20:26:38.041 E/minksocket( 1727): MinkIPC_QRTR_Service: client with node 1 port 7949 went down
05-04 20:26:38.041 E/minksocket( 1727): MinkIPC_QRTR_Service: client with node 1 port 794a went down
05-04 20:26:38.042 E/minksocket( 1727): MinkIPC_QRTR_Service: client with node 1 port 794c went down
05-04 20:26:38.042 E/minksocket( 1727): MinkIPC_QRTR_Service: client with node 1 port 794d went down
05-04 20:26:38.043 E/minksocket( 1727): MinkIPC_QRTR_Service: client with node 1 port 794e went down
05-04 20:26:38.060 I/FontLog (27765): (REDACTED) Received query %s, URI %s
05-04 20:26:38.061 I/FontLog (27765): (REDACTED) Query [%s] resolved to %s
05-04 20:26:38.061 I/FontLog (27765): (REDACTED) Fetch %s end status %s
05-04 20:26:38.062 I/FontLog (27765): (REDACTED) Pulling font file for id = %d, cache size = %d
05-04 20:26:38.064 I/FontLog (27765): (REDACTED) Pulling font file for id = %d, cache size = %d
05-04 20:26:38.176 I/QcrilOemhookMsgTunnel( 4048): [0]processOemHookIndication length=33
05-04 20:26:38.176 D/QcrilMsgTunnelIfaceManager( 4048): handleMessage what = 5
05-04 20:26:38.176 I/QcrilOemhookMsgTunnel( 4048): [0]processOemHookIndication length=12
05-04 20:26:38.177 D/QcrilMsgTunnelIfaceManager( 4048): handleMessage what = 5
05-04 20:26:38.353 W/Thread-7(14671): type=1400 audit(0.0:529363): avc:  denied  { read } for  name="cache" dev="dm-8" ino=16 scontext=u:r:untrusted_app:s0:c120,c257,c512,c768 tcontext=u:object_r:cache_file:s0 tclass=lnk_file permissive=0 app=com.mobikwik_new
05-04 20:26:38.353 W/Thread-7(14671): type=1400 audit(0.0:529364): avc:  denied  { read } for  name="cache" dev="dm-8" ino=16 scontext=u:r:untrusted_app:s0:c120,c257,c512,c768 tcontext=u:object_r:cache_file:s0 tclass=lnk_file permissive=0 app=com.mobikwik_new
05-04 20:26:38.353 W/Thread-7(14671): type=1400 audit(0.0:529365): avc:  denied  { read } for  name="cache" dev="dm-8" ino=16 scontext=u:r:untrusted_app:s0:c120,c257,c512,c768 tcontext=u:object_r:cache_file:s0 tclass=lnk_file permissive=0 app=com.mobikwik_new
05-04 20:26:38.353 W/Thread-7(14671): type=1400 audit(0.0:529366): avc:  denied  { read } for  name="cache" dev="dm-8" ino=16 scontext=u:r:untrusted_app:s0:c120,c257,c512,c768 tcontext=u:object_r:cache_file:s0 tclass=lnk_file permissive=0 app=com.mobikwik_new
05-04 20:26:38.353 W/Thread-7(14671): type=1400 audit(0.0:529367): avc:  denied  { read } for  name="cache" dev="dm-8" ino=16 scontext=u:r:untrusted_app:s0:c120,c257,c512,c768 tcontext=u:object_r:cache_file:s0 tclass=lnk_file permissive=0 app=com.mobikwik_new
05-04 20:26:38.549 E/minksocket( 1727): MinkIPC_QRTR_Service: client with node 1 port 7950 went down
05-04 20:26:38.550 E/minksocket( 1727): MinkIPC_QRTR_Service: client with node 1 port 7951 went down
05-04 20:26:38.550 E/minksocket( 1727): MinkIPC_QRTR_Service: client with node 1 port 7952 went down
05-04 20:26:38.552 E/minksocket( 1727): MinkIPC_QRTR_Service: client with node 1 port 7953 went down
05-04 20:26:38.650 I/QcrilOemhookMsgTunnel( 4048): [0]processOemHookIndication length=33
05-04 20:26:38.650 D/QcrilMsgTunnelIfaceManager( 4048): handleMessage what = 5
05-04 20:26:38.650 I/QcrilOemhookMsgTunnel( 4048): [0]processOemHookIndication length=12
05-04 20:26:38.651 D/QcrilMsgTunnelIfaceManager( 4048): handleMessage what = 5
05-04 20:26:38.663 I/QcrilOemhookMsgTunnel( 4048): [0]processOemHookIndication length=33
05-04 20:26:38.663 D/QcrilMsgTunnelIfaceManager( 4048): handleMessage what = 5
05-04 20:26:38.663 I/QcrilOemhookMsgTunnel( 4048): [0]processOemHookIndication length=12
05-04 20:26:38.664 D/QcrilMsgTunnelIfaceManager( 4048): handleMessage what = 5
05-04 20:26:38.665 I/QcrilOemhookMsgTunnel( 4048): [0]processOemHookIndication length=21
05-04 20:26:38.665 D/QcrilMsgTunnelIfaceManager( 4048): handleMessage what = 0
05-04 20:26:38.667 D/QC_RIL_OEM_HOOK( 4048): Received Broadcast Intent ACTION_UNSOL_RESPONSE_OEM_HOOK_RAW
05-04 20:26:38.667 D/QC_RIL_OEM_HOOK( 4048): Oem ID in QCRILHOOK UNSOL RESP is QOEMHOOK
05-04 20:26:38.667 D/QC_RIL_OEM_HOOK( 4128): Received Broadcast Intent ACTION_UNSOL_RESPONSE_OEM_HOOK_RAW
05-04 20:26:38.667 D/QC_RIL_OEM_HOOK( 4128): Oem ID in QCRILHOOK UNSOL RESP is QOEMHOOK
05-04 20:26:38.667 D/QC_RIL_OEM_HOOK( 4128): Received Broadcast Intent ACTION_UNSOL_RESPONSE_OEM_HOOK_RAW
05-04 20:26:38.667 D/QC_RIL_OEM_HOOK( 4128): Oem ID in QCRILHOOK UNSOL RESP is QOEMHOOK
05-04 20:26:38.671 W/IWlanNetworkService( 4043): 102508 > Response Processed
05-04 20:26:38.672 I/QcrilOemhookMsgTunnel( 4048): [0]processOemHookIndication length=33
05-04 20:26:38.672 D/QcrilMsgTunnelIfaceManager( 4048): handleMessage what = 5
05-04 20:26:38.674 E/RIL-MOTEXT( 2410): qcrilUpdateOperator, called
05-04 20:26:38.675 I/QcrilOemhookMsgTunnel( 4048): [0]processOemHookIndication length=12
05-04 20:26:38.675 D/QcrilMsgTunnelIfaceManager( 4048): handleMessage what = 5
05-04 20:26:38.675 I/QcrilOemhookMsgTunnel( 4048): [0]processOemHookIndication length=21
05-04 20:26:38.675 D/QcrilMsgTunnelIfaceManager( 4048): handleMessage what = 0
05-04 20:26:38.676 D/QC_RIL_OEM_HOOK( 4048): Received Broadcast Intent ACTION_UNSOL_RESPONSE_OEM_HOOK_RAW
05-04 20:26:38.676 D/QC_RIL_OEM_HOOK( 4048): Oem ID in QCRILHOOK UNSOL RESP is QOEMHOOK
05-04 20:26:38.676 D/QC_RIL_OEM_HOOK( 4128): Received Broadcast Intent ACTION_UNSOL_RESPONSE_OEM_HOOK_RAW
05-04 20:26:38.676 D/QC_RIL_OEM_HOOK( 4128): Oem ID in QCRILHOOK UNSOL RESP is QOEMHOOK
05-04 20:26:38.676 D/QC_RIL_OEM_HOOK( 4128): Received Broadcast Intent ACTION_UNSOL_RESPONSE_OEM_HOOK_RAW
05-04 20:26:38.676 D/QC_RIL_OEM_HOOK( 4128): Oem ID in QCRILHOOK UNSOL RESP is QOEMHOOK
05-04 20:26:38.688 D/GlobalActionsDialogLite( 3827): Service changed before actions created
05-04 20:26:38.688 D/GlobalActionsDialogLite( 3827): Service changed before actions created
05-04 20:26:38.690 D/HeadsetPhoneState( 7916): Enter onServiceStateChanged
05-04 20:26:38.690 W/ContextImpl( 3064): Calling a method in the system process without a qualified user: android.app.ContextImpl.sendBroadcastMultiplePermissions:1281 android.content.Context.sendBroadcastMultiplePermissions:2476 com.android.server.TelephonyRegistry.broadcastServiceStateChanged:3597 com.android.server.TelephonyRegistry.notifyServiceStateForPhoneId:1734 com.android.internal.telephony.ITelephonyRegistry$Stub.onTransact:550 
05-04 20:26:38.690 W/ContextImpl( 3064): Calling a method in the system process without a qualified user: android.app.ContextImpl.sendBroadcastMultiplePermissions:1314 com.android.server.TelephonyRegistry.broadcastServiceStateChanged:3602 com.android.server.TelephonyRegistry.notifyServiceStateForPhoneId:1734 com.android.internal.telephony.ITelephonyRegistry$Stub.onTransact:550 android.os.Binder.execTransactInternal:1380 
05-04 20:26:38.691 W/ContextImpl( 3064): Calling a method in the system process without a qualified user: android.app.ContextImpl.sendBroadcastMultiplePermissions:1314 com.android.server.TelephonyRegistry.broadcastServiceStateChanged:3611 com.android.server.TelephonyRegistry.notifyServiceStateForPhoneId:1734 com.android.internal.telephony.ITelephonyRegistry$Stub.onTransact:550 android.os.Binder.execTransactInternal:1380 
05-04 20:26:38.691 W/ContextImpl( 3064): Calling a method in the system process without a qualified user: android.app.ContextImpl.sendBroadcastMultiplePermissions:1314 com.android.server.TelephonyRegistry.broadcastServiceStateChanged:3617 com.android.server.TelephonyRegistry.notifyServiceStateForPhoneId:1734 com.android.internal.telephony.ITelephonyRegistry$Stub.onTransact:550 android.os.Binder.execTransactInternal:1380 
05-04 20:26:38.692 D/CBR_SystemUI( 3827): CarrierLabel - : updateLabel cellMsg:  cellEnabled: true
05-04 20:26:38.692 D/CBR_SystemUI( 3827): CarrierLabel - : updateLabel mCellBroadcastMessage Visibility: 8
05-04 20:26:38.692 D/CBR_SystemUI( 3827): CarrierLabel - : updateLabel cellMsg:  cellEnabled: true
05-04 20:26:38.692 D/CBR_SystemUI( 3827): CarrierLabel - : updateLabel mCellBroadcastMessage Visibility: 8
05-04 20:26:38.692 D/ActivityManager( 3064): unfreezing ProcessRecord{1cb6b85 9276:com.google.android.cellbroadcastreceiver/u0a367}, reason = unfreezeTemporarily, adj = 925, adjType = cch-empty, adjSource = null
05-04 20:26:38.692 D/ServiceStateProvider( 4128): subId=1
05-04 20:26:38.692 D/StatusBarIconController( 3827): ignoring old pipeline callbacks, because the new mobile icons are enabled
05-04 20:26:38.692 D/ActivityManager( 3064): sync unfroze 9276 com.google.android.cellbroadcastreceiver for 3
05-04 20:26:38.693 D/CellBroadcastReceiver( 9276): onReceive Intent { act=android.intent.action.SERVICE_STATE flg=0x1000010 cmp=com.google.android.cellbroadcastreceiver/com.android.cellbroadcastreceiver.CellBroadcastReceiver (has extras) }
05-04 20:26:38.695 W/IWlanNetworkService( 4043): 102509 > Response Processed
05-04 20:26:38.696 E/RIL-MOTEXT( 2410): qcrilUpdateOperator, called
05-04 20:26:38.696 D/CellBroadcastReceiver( 9276): onServiceStateChanged, ss: 0
05-04 20:26:38.696 D/CellBroadcastReceiver( 9276): networkOperator: 40410
05-04 20:26:38.696 D/CellBroadcastReceiver( 9276): update supported roaming operator as 
05-04 20:26:38.698 D/Telephony( 4128): TelecomAccountTelephonyCallback: onServiceStateChanged called.
05-04 20:26:38.698 I/qcc-trd ( 2464): qdmaConnectivityInfoProvider: Into parseLTESysInfo()
05-04 20:26:38.698 I/Telephony( 4128): TelecomAccountTelephonyCallback: onServiceStateChanged: newState=0, mServiceState=0
05-04 20:26:38.700 E/RIL-MOTEXT( 2410): qcrilUpdRegRAT, called , rat =7
05-04 20:26:38.701 I/Telephony( 4128): AccountEntry: isRttCurrentlySupported -- regular acct, hasVoiceAvailability: true
05-04 20:26:38.701 I/Telephony( 4128):  isRttSupported: false
05-04 20:26:38.701 I/Telephony( 4128):  alwaysAllowWhileRoaming: false
05-04 20:26:38.701 I/Telephony( 4128):  isRoaming: false
05-04 20:26:38.701 I/Telephony( 4128):  isOnWfc: false
05-04 20:26:38.701 I/Telephony( 4128): VoiceActivationHandler: Service state is IN_SERVICE. Set voice activation state to ACTIVATED
05-04 20:26:38.702 I/QImsService( 4065): ImsRadioIndicationAidl : onServiceDomainChanged()[SUB0]
05-04 20:26:38.702 I/QImsService( 4065): ImsSenderRxr : [UNSL]< UNSOL_SERVICE_DOMAIN_CHANGED 3[SUB0]
05-04 20:26:38.702 I/QcrilOemhookMsgTunnel( 4048): [0]processOemHookIndication length=16
05-04 20:26:38.703 D/QcrilMsgTunnelIfaceManager( 4048): handleMessage what = 5
05-04 20:26:38.703 I/QImsService( 4065): ImsRegistrationController : Message received: what = 5
05-04 20:26:38.703 I/QImsService( 4065): ImsRegistrationController : handleSrvDomainChanged
05-04 20:26:38.705 D/CBR_SystemUI( 3827): CarrierLabel - : updateLabel cellMsg:  cellEnabled: true
05-04 20:26:38.705 D/CBR_SystemUI( 3827): CarrierLabel - : updateLabel mCellBroadcastMessage Visibility: 8
05-04 20:26:38.705 D/CBR_SystemUI( 3827): CarrierLabel - : updateLabel cellMsg:  cellEnabled: true
05-04 20:26:38.705 D/CBR_SystemUI( 3827): CarrierLabel - : updateLabel mCellBroadcastMessage Visibility: 8
05-04 20:26:38.709 W/IWlanNetworkService( 4043): 102510 > Response Processed
05-04 20:26:38.713 I/QcrilOemhookMsgTunnel( 4048): [0]processOemHookIndication length=21
05-04 20:26:38.713 D/QcrilMsgTunnelIfaceManager( 4048): handleMessage what = 0
05-04 20:26:38.714 D/QC_RIL_OEM_HOOK( 4128): Received Broadcast Intent ACTION_UNSOL_RESPONSE_OEM_HOOK_RAW
05-04 20:26:38.714 D/QC_RIL_OEM_HOOK( 4128): Oem ID in QCRILHOOK UNSOL RESP is QOEMHOOK
05-04 20:26:38.714 D/QC_RIL_OEM_HOOK( 4128): Received Broadcast Intent ACTION_UNSOL_RESPONSE_OEM_HOOK_RAW
05-04 20:26:38.714 D/QC_RIL_OEM_HOOK( 4128): Oem ID in QCRILHOOK UNSOL RESP is QOEMHOOK
05-04 20:26:38.714 D/QC_RIL_OEM_HOOK( 4048): Received Broadcast Intent ACTION_UNSOL_RESPONSE_OEM_HOOK_RAW
05-04 20:26:38.714 D/QC_RIL_OEM_HOOK( 4048): Oem ID in QCRILHOOK UNSOL RESP is QOEMHOOK
05-04 20:26:38.714 D/StatusBarIconController( 3827): ignoring old pipeline callbacks, because the new mobile icons are enabled
05-04 20:26:38.715 I/QcrilOemhookMsgTunnel( 4048): [0]processOemHookIndication length=13
05-04 20:26:38.715 D/QcrilMsgTunnelIfaceManager( 4048): handleMessage what = 5
05-04 20:26:38.715 D/QtiRadioAidl( 4048): onNrIconTypeChange: slotId = 0NrIconType = 1
05-04 20:26:38.715 D/QtiRadioProxy( 4048): onNrIconType slotId = 0 NrIconType = NrIconType: 1
05-04 20:26:38.715 D/QtiRadioProxyHandler: ( 4048): handleMessage msg.what = 1
05-04 20:26:38.715 D/QtiRadioProxyHandler: ( 4048): EVENT_ON_NR_ICON_TYPE
05-04 20:26:38.715 D/ExtTelephonyServiceImpl( 4048): Retrieved callbacks for event = 20 list = [com.qti.extphone.IExtPhoneCallback$Stub$Proxy@69c6756]
05-04 20:26:38.716 D/QtiRadioProxy( 4048): onNrIconType: Responding back for transaction = null
05-04 20:26:38.716 E/RIL-MOTEXT( 2410): qcrilUpdateOperator, called
05-04 20:26:38.718 D/CBR_SystemUI( 3827): CarrierLabel - : updateLabel cellMsg:  cellEnabled: true
05-04 20:26:38.719 D/CBR_SystemUI( 3827): CarrierLabel - : updateLabel mCellBroadcastMessage Visibility: 8
05-04 20:26:38.719 D/CBR_SystemUI( 3827): CarrierLabel - : updateLabel cellMsg:  cellEnabled: true
05-04 20:26:38.719 D/CBR_SystemUI( 3827): CarrierLabel - : updateLabel mCellBroadcastMessage Visibility: 8
05-04 20:26:38.719 D/StatusBarIconController( 3827): ignoring old pipeline callbacks, because the new mobile icons are enabled
05-04 20:26:38.720 W/ContextImpl( 3064): Calling a method in the system process without a qualified user: android.app.ContextImpl.sendBroadcastMultiplePermissions:1281 android.content.Context.sendBroadcastMultiplePermissions:2476 com.android.server.TelephonyRegistry.broadcastServiceStateChanged:3597 com.android.server.TelephonyRegistry.notifyServiceStateForPhoneId:1734 com.android.internal.telephony.ITelephonyRegistry$Stub.onTransact:550 
05-04 20:26:38.720 D/HeadsetPhoneState( 7916): Enter onServiceStateChanged
05-04 20:26:38.721 W/ContextImpl( 3064): Calling a method in the system process without a qualified user: android.app.ContextImpl.sendBroadcastMultiplePermissions:1314 com.android.server.TelephonyRegistry.broadcastServiceStateChanged:3602 com.android.server.TelephonyRegistry.notifyServiceStateForPhoneId:1734 com.android.internal.telephony.ITelephonyRegistry$Stub.onTransact:550 android.os.Binder.execTransactInternal:1380 
05-04 20:26:38.721 W/ContextImpl( 3064): Calling a method in the system process without a qualified user: android.app.ContextImpl.sendBroadcastMultiplePermissions:1314 com.android.server.TelephonyRegistry.broadcastServiceStateChanged:3611 com.android.server.TelephonyRegistry.notifyServiceStateForPhoneId:1734 com.android.internal.telephony.ITelephonyRegistry$Stub.onTransact:550 android.os.Binder.execTransactInternal:1380 
05-04 20:26:38.721 D/GlobalActionsDialogLite( 3827): Service changed before actions created
05-04 20:26:38.721 D/GlobalActionsDialogLite( 3827): Service changed before actions created
05-04 20:26:38.721 D/CBR_SystemUI( 3827): CarrierLabel - : updateLabel cellMsg:  cellEnabled: true
05-04 20:26:38.721 D/CBR_SystemUI( 3827): CarrierLabel - : updateLabel mCellBroadcastMessage Visibility: 8
05-04 20:26:38.721 D/CBR_SystemUI( 3827): CarrierLabel - : updateLabel cellMsg:  cellEnabled: true
05-04 20:26:38.721 D/CBR_SystemUI( 3827): CarrierLabel - : updateLabel mCellBroadcastMessage Visibility: 8
05-04 20:26:38.721 W/ContextImpl( 3064): Calling a method in the system process without a qualified user: android.app.ContextImpl.sendBroadcastMultiplePermissions:1314 com.android.server.TelephonyRegistry.broadcastServiceStateChanged:3617 com.android.server.TelephonyRegistry.notifyServiceStateForPhoneId:1734 com.android.internal.telephony.ITelephonyRegistry$Stub.onTransact:550 android.os.Binder.execTransactInternal:1380 
05-04 20:26:38.722 D/StatusBarIconController( 3827): ignoring old pipeline callbacks, because the new mobile icons are enabled
05-04 20:26:38.723 D/CellBroadcastReceiver( 9276): onReceive Intent { act=android.intent.action.SERVICE_STATE flg=0x1000010 cmp=com.google.android.cellbroadcastreceiver/com.android.cellbroadcastreceiver.CellBroadcastReceiver (has extras) }
05-04 20:26:38.724 E/RIL-MOTEXT( 2410): qcrilUpdateOperator, called
05-04 20:26:38.725 D/CellBroadcastReceiver( 9276): onServiceStateChanged, ss: 0
05-04 20:26:38.725 D/CellBroadcastReceiver( 9276): networkOperator: 40410
05-04 20:26:38.725 D/CellBroadcastReceiver( 9276): update supported roaming operator as 
05-04 20:26:38.726 I/QcrilOemhookMsgTunnel( 4048): [0]processOemHookIndication length=16
05-04 20:26:38.726 D/QcrilMsgTunnelIfaceManager( 4048): handleMessage what = 5
05-04 20:26:38.728 D/Telephony( 4128): TelecomAccountTelephonyCallback: onServiceStateChanged called.
05-04 20:26:38.728 I/Telephony( 4128): TelecomAccountTelephonyCallback: onServiceStateChanged: newState=0, mServiceState=0
05-04 20:26:38.728 W/IWlanNetworkService( 4043): 102512 > Response Processed
05-04 20:26:38.729 E/RIL-MOTEXT( 2410): qcrilUpdateOperator, called
05-04 20:26:38.731 I/Telephony( 4128): AccountEntry: isRttCurrentlySupported -- regular acct, hasVoiceAvailability: true
05-04 20:26:38.731 I/Telephony( 4128):  isRttSupported: false
05-04 20:26:38.731 I/Telephony( 4128):  alwaysAllowWhileRoaming: false
05-04 20:26:38.731 I/Telephony( 4128):  isRoaming: false
05-04 20:26:38.731 I/Telephony( 4128):  isOnWfc: false
05-04 20:26:38.731 I/Telephony( 4128): VoiceActivationHandler: Service state is IN_SERVICE. Set voice activation state to ACTIVATED
05-04 20:26:38.733 E/RIL-MOTEXT( 2410): qcrilUpdateOperator, called
05-04 20:26:38.735 D/EnhancedConnectivityController( 3064): Default net onCapabilitiesChanged
05-04 20:26:38.735 D/EnhancedConnectivityController( 3064): updateDefaultNet:650
05-04 20:26:38.735 D/QCNEJ/WwanInfoRelay( 4043): onCapabilitiesChanged: 650 [ Transports: CELLULAR Capabilities: SUPL&FOTA&INTERNET&NOT_RESTRICTED&TRUSTED&NOT_VPN&VALIDATED&NOT_ROAMING&FOREGROUND&NOT_CONGESTED&NOT_SUSPENDED&NOT_VCN_MANAGED LinkUpBandwidth>=4366Kbps LinkDnBandwidth>=4366Kbps Specifier: <TelephonyNetworkSpecifier [mSubId = 1]> SubscriptionIds: {1} UnderlyingNetworks: Null]
05-04 20:26:38.735 I/ModemStats( 5998): [DataStallDetectService] onCapabilitiesChanged networkCapabilities=[ Transports: CELLULAR Capabilities: SUPL&FOTA&INTERNET&NOT_RESTRICTED&TRUSTED&NOT_VPN&VALIDATED&NOT_ROAMING&FOREGROUND&NOT_CONGESTED&NOT_SUSPENDED&NOT_VCN_MANAGED LinkUpBandwidth>=4366Kbps LinkDnBandwidth>=4366Kbps Specifier: <TelephonyNetworkSpecifier [mSubId = 1]> SubscriptionIds: {1} UnderlyingNetworks: Null]
05-04 20:26:38.735 I/ModemStats( 5998): [DataStallDetectService] onCapabilitiesChanged NET_CAPABILITY_VALIDATED=true
05-04 20:26:38.735 I/ModemStats( 5998): [DataStallDetectService] onCapabilitiesChanged mDataStallManager.mDataStallInstance=null
05-04 20:26:38.735 I/ModemStats( 5998): [DataStallDetectService] onCapabilitiesChanged mDataStallSmart5gManager.mDataStallInstance=null
05-04 20:26:38.736 I/vendor.qti.bluetooth@1.0-ibs_handler( 1737): DeviceSleep: TX Awake, Sending SLEEP_IND
05-04 20:26:38.736 D/vendor.qti.bluetooth@1.0-ibs_handler( 1737): SerialClockVote: vote for UART CLK OFF
05-04 20:26:38.736 I/QCNEJ/WwanInfoRelay( 4043): cacheWwanInfo subId = 1 phoneId = 0 slotId = 0
05-04 20:26:38.737 I/QcrilOemhookMsgTunnel( 4048): [0]processOemHookIndication length=33
05-04 20:26:38.737 I/QcrilOemhookMsgTunnel( 4048): [0]processOemHookIndication length=12
05-04 20:26:38.737 D/QcrilMsgTunnelIfaceManager( 4048): handleMessage what = 5
05-04 20:26:38.738 D/QcrilMsgTunnelIfaceManager( 4048): handleMessage what = 5
05-04 20:26:38.738 D/QCNEJ/NativeHalConnector( 4043): -> SND notifyDefaultNetworkChanged(0)
05-04 20:26:38.744 W/IWlanNetworkService( 4043): 102513 > Response Processed
05-04 20:26:38.745 E/RIL-MOTEXT( 2410): qcrilUpdateOperator, called
05-04 20:26:38.754 D/GlobalActionsDialogLite( 3827): Service changed before actions created
05-04 20:26:38.754 D/GlobalActionsDialogLite( 3827): Service changed before actions created
05-04 20:26:38.755 D/CBR_SystemUI( 3827): CarrierLabel - : updateLabel cellMsg:  cellEnabled: true
05-04 20:26:38.755 D/CBR_SystemUI( 3827): CarrierLabel - : updateLabel mCellBroadcastMessage Visibility: 8
05-04 20:26:38.755 D/CBR_SystemUI( 3827): CarrierLabel - : updateLabel cellMsg:  cellEnabled: true
05-04 20:26:38.755 D/CBR_SystemUI( 3827): CarrierLabel - : updateLabel mCellBroadcastMessage Visibility: 8
05-04 20:26:38.756 D/HeadsetPhoneState( 7916): Enter onServiceStateChanged
05-04 20:26:38.756 D/StatusBarIconController( 3827): ignoring old pipeline callbacks, because the new mobile icons are enabled
05-04 20:26:38.756 W/ContextImpl( 3064): Calling a method in the system process without a qualified user: android.app.ContextImpl.sendBroadcastMultiplePermissions:1281 android.content.Context.sendBroadcastMultiplePermissions:2476 com.android.server.TelephonyRegistry.broadcastServiceStateChanged:3597 com.android.server.TelephonyRegistry.notifyServiceStateForPhoneId:1734 com.android.internal.telephony.ITelephonyRegistry$Stub.onTransact:550 
05-04 20:26:38.756 W/ContextImpl( 3064): Calling a method in the system process without a qualified user: android.app.ContextImpl.sendBroadcastMultiplePermissions:1314 com.android.server.TelephonyRegistry.broadcastServiceStateChanged:3602 com.android.server.TelephonyRegistry.notifyServiceStateForPhoneId:1734 com.android.internal.telephony.ITelephonyRegistry$Stub.onTransact:550 android.os.Binder.execTransactInternal:1380 
05-04 20:26:38.757 W/ContextImpl( 3064): Calling a method in the system process without a qualified user: android.app.ContextImpl.sendBroadcastMultiplePermissions:1314 com.android.server.TelephonyRegistry.broadcastServiceStateChanged:3611 com.android.server.TelephonyRegistry.notifyServiceStateForPhoneId:1734 com.android.internal.telephony.ITelephonyRegistry$Stub.onTransact:550 android.os.Binder.execTransactInternal:1380 
05-04 20:26:38.757 W/ContextImpl( 3064): Calling a method in the system process without a qualified user: android.app.ContextImpl.sendBroadcastMultiplePermissions:1314 com.android.server.TelephonyRegistry.broadcastServiceStateChanged:3617 com.android.server.TelephonyRegistry.notifyServiceStateForPhoneId:1734 com.android.internal.telephony.ITelephonyRegistry$Stub.onTransact:550 android.os.Binder.execTransactInternal:1380 
05-04 20:26:38.758 D/ServiceStateProvider( 4128): subId=1
05-04 20:26:38.759 D/CellBroadcastReceiver( 9276): onReceive Intent { act=android.intent.action.SERVICE_STATE flg=0x1000010 cmp=com.google.android.cellbroadcastreceiver/com.android.cellbroadcastreceiver.CellBroadcastReceiver (has extras) }
05-04 20:26:38.761 D/Telephony( 4128): TelecomAccountTelephonyCallback: onServiceStateChanged called.
05-04 20:26:38.761 I/Telephony( 4128): TelecomAccountTelephonyCallback: onServiceStateChanged: newState=0, mServiceState=0
05-04 20:26:38.761 D/CellBroadcastReceiver( 9276): onServiceStateChanged, ss: 0
05-04 20:26:38.761 D/CellBroadcastReceiver( 9276): networkOperator: 40410
05-04 20:26:38.761 D/CellBroadcastReceiver( 9276): update supported roaming operator as 
05-04 20:26:38.764 I/Telephony( 4128): AccountEntry: isRttCurrentlySupported -- regular acct, hasVoiceAvailability: true
05-04 20:26:38.764 I/Telephony( 4128):  isRttSupported: false
05-04 20:26:38.764 I/Telephony( 4128):  alwaysAllowWhileRoaming: false
05-04 20:26:38.764 I/Telephony( 4128):  isRoaming: false
05-04 20:26:38.764 I/Telephony( 4128):  isOnWfc: false
05-04 20:26:38.764 I/Telephony( 4128): VoiceActivationHandler: Service state is IN_SERVICE. Set voice activation state to ACTIVATED
05-04 20:26:38.790 I/NearbyMediums(27765): No BLE Fast/GATT advertisements found in the latest cycle.
05-04 20:26:38.790 I/NearbyMediums(27765): Current Tracked Scanning Clients are : {NearbyConnections.EnvironmentMonitor, NearbySharing, NearbyConnections.TxAdvertisement}
05-04 20:26:38.852 E/PhoneInterfaceManager( 4128): queryModemActivityInfo: invalid response
05-04 20:26:38.852 D/TelephonyManager( 4128): requestModemActivityInfo: Sending result to app: ModemActivityInfo{ mTimestamp=1305259691 mSleepTimeMs=1010907391 mIdleTimeMs=11104730 mActivityStatsTechSpecificInfo=[{mRat=UNKNOWN,mFrequencyRange=UNKNOWN,mTxTimeMs[]=[4279482, 2958812, 2914029, 3532264, 3466691],mRxTimeMs=266085987}]}
05-04 20:26:38.855 D/EnhancedConnectivityController( 3064): Default net onCapabilitiesChanged
05-04 20:26:38.855 D/EnhancedConnectivityController( 3064): updateDefaultNet:650
05-04 20:26:38.856 D/QCNEJ/WwanInfoRelay( 4043): onCapabilitiesChanged: 650 [ Transports: CELLULAR Capabilities: SUPL&FOTA&INTERNET&NOT_RESTRICTED&TRUSTED&NOT_VPN&VALIDATED&NOT_ROAMING&FOREGROUND&NOT_CONGESTED&NOT_SUSPENDED&NOT_VCN_MANAGED LinkUpBandwidth>=34933Kbps LinkDnBandwidth>=81287Kbps Specifier: <TelephonyNetworkSpecifier [mSubId = 1]> SubscriptionIds: {1} UnderlyingNetworks: Null]
05-04 20:26:38.857 I/ModemStats( 5998): [DataStallDetectService] onCapabilitiesChanged networkCapabilities=[ Transports: CELLULAR Capabilities: SUPL&FOTA&INTERNET&NOT_RESTRICTED&TRUSTED&NOT_VPN&VALIDATED&NOT_ROAMING&FOREGROUND&NOT_CONGESTED&NOT_SUSPENDED&NOT_VCN_MANAGED LinkUpBandwidth>=34933Kbps LinkDnBandwidth>=81287Kbps Specifier: <TelephonyNetworkSpecifier [mSubId = 1]> SubscriptionIds: {1} UnderlyingNetworks: Null]
05-04 20:26:38.857 I/ModemStats( 5998): [DataStallDetectService] onCapabilitiesChanged NET_CAPABILITY_VALIDATED=true
05-04 20:26:38.857 I/ModemStats( 5998): [DataStallDetectService] onCapabilitiesChanged mDataStallManager.mDataStallInstance=null
05-04 20:26:38.857 I/ModemStats( 5998): [DataStallDetectService] onCapabilitiesChanged mDataStallSmart5gManager.mDataStallInstance=null
05-04 20:26:38.857 I/QCNEJ/WwanInfoRelay( 4043): cacheWwanInfo subId = 1 phoneId = 0 slotId = 0
05-04 20:26:38.859 D/QCNEJ/NativeHalConnector( 4043): -> SND notifyDefaultNetworkChanged(0)
05-04 20:26:38.886 I/QcrilOemhookMsgTunnel( 4048): [0]processOemHookIndication length=33
05-04 20:26:38.887 D/QcrilMsgTunnelIfaceManager( 4048): handleMessage what = 5
05-04 20:26:38.887 D/vendor.qti.bluetooth@1.0-wake_lock( 1737): Release wakelock is released 
05-04 20:26:38.887 I/QcrilOemhookMsgTunnel( 4048): [0]processOemHookIndication length=12
05-04 20:26:38.888 D/QcrilMsgTunnelIfaceManager( 4048): handleMessage what = 5
05-04 20:26:38.909 W/.musicpro.debug(15273): userfaultfd: MOVE ioctl seems unsupported: Connection timed out
05-04 20:26:38.911 W/IWlanProxy( 4043): RESP_WAKE_LOCK_TIMEOUT
05-04 20:26:39.100 I/Diag-Router( 1729): 	 log code b825 set
05-04 20:26:39.100 I/Diag-Router( 1729): diag: In diag_copy_dci senidng data 156 entry 0x0 buf 0x7ff3c42b90
05-04 20:26:39.102 D/MOT_DCI ( 5938): Parsed log output: {"code":47141,"slotId":0,"timestamp":1777906594619,"rrc_controller_state":"CONNECTED","connectivity_mode":"NSA","lte_band_list":[1,40],"nr5g_cell_#_active_cc":1,"nr5g_active_cc_list":[{"#":0,"cell_id":210,"dl_arfcn":630000,"ul_arfcn":630000,"band":78,"dl_carrier_bw":"100","ul_carrier_bw":"100"}]}
05-04 20:26:39.232 D/HomeViewModel(15273): loadHomeContent: Finished
05-04 20:26:39.361 I/NearbySharing(27765): Network state changed: NetworkState(isRestricted=false, isOnline=true, isCongested=false, isMetered=true, isWifiConnected=false)
05-04 20:26:39.654 E/minksocket( 1727): MinkIPC_QRTR_Service: client with node 1 port 7954 went down
05-04 20:26:39.654 E/minksocket( 1727): MinkIPC_QRTR_Service: client with node 1 port 7955 went down
05-04 20:26:39.655 E/minksocket( 1727): MinkIPC_QRTR_Service: client with node 1 port 7956 went down
05-04 20:26:39.657 E/minksocket( 1727): MinkIPC_QRTR_Service: client with node 1 port 7957 went down
05-04 20:26:40.718 D/PowerManagerService( 3064): nativeReleaseSuspendBlocker name:PowerManagerService.WakeLocks duration ms: 0
05-04 20:26:40.754 E/minksocket( 1727): MinkIPC_QRTR_Service: client with node 1 port 7958 went down
05-04 20:26:40.754 E/minksocket( 1727): MinkIPC_QRTR_Service: client with node 1 port 7959 went down
05-04 20:26:40.755 E/minksocket( 1727): MinkIPC_QRTR_Service: client with node 1 port 795a went down
05-04 20:26:40.756 E/minksocket( 1727): MinkIPC_QRTR_Service: client with node 1 port 795b went down
05-04 20:26:41.225 D/ActivityManager( 3064): freezing 8925 com.google.process.gservices, reason = oom_cached
05-04 20:26:41.226 D/ActivityManager( 3064): freezing 11241 com.google.process.gapps, reason = oom_cached
05-04 20:26:41.392 D/PowerManagerService( 3064): nativeAcquireSuspendBlocker name:PowerManagerService.WakeLocks duration ms: 1
05-04 20:26:41.410 D/PowerManagerService( 3064): nativeReleaseSuspendBlocker name:PowerManagerService.WakeLocks duration ms: 0
05-04 20:26:41.410 I/QImsService( 4065): VtDataUsageProvider : onSetAlert:2097152
05-04 20:26:41.411 I/QImsService( 4065): ImsServiceClassTracker : updateAlertQuota:newQuota=2097152,Remaining=2097152
05-04 20:26:41.758 E/minksocket( 1727): MinkIPC_QRTR_Service: client with node 1 port 794b went down
05-04 20:26:41.758 E/minksocket( 1727): MinkIPC_QRTR_Service: client with node 1 port 794f went down
05-04 20:26:41.857 E/minksocket( 1727): MinkIPC_QRTR_Service: client with node 1 port 795c went down
05-04 20:26:41.858 E/minksocket( 1727): MinkIPC_QRTR_Service: client with node 1 port 795d went down
05-04 20:26:41.858 E/minksocket( 1727): MinkIPC_QRTR_Service: client with node 1 port 795e went down
05-04 20:26:41.860 E/minksocket( 1727): MinkIPC_QRTR_Service: client with node 1 port 795f went down
05-04 20:26:42.240 I/QC2Comp ( 1830): [avcD_1124] Stats: Pending(9) i/p-done(5) Works: Q: 28/Done 20|Work-Rate: Q(0.0/s Avg=0.0/s) Done(0.000/s Avg=0.001/s)| Stream: 30.00fps 203.8Kbps
05-04 20:26:42.240 I/QC2Comp ( 1830): [avcD_1124] Mem-usage:  [In-1D: 6 bufs 17.930 MB] [1D-2226: 16 bufs 0.250 MB] [2D-2227: 20 bufs 28.438 MB] | Total: 46.617 MB
05-04 20:26:42.274 E/LocSvc_ApiV02( 1744): reportLocEvent:3882] Loc event report: 0 KlobucharIonoMode_valid:0: leapSec_valid:1: tauC_valid:1 featureStatusReport_valid: 0 featureStatusReport: 0
05-04 20:26:42.342 D/ActivityManager( 3064): freezing 14671 com.mobikwik_new, reason = oom_cached
05-04 20:26:42.857 D/StatusBarIconController( 3827): ignoring old pipeline callbacks, because the new mobile icons are enabled
05-04 20:26:42.958 E/minksocket( 1727): MinkIPC_QRTR_Service: client with node 1 port 7960 went down
05-04 20:26:42.959 E/minksocket( 1727): MinkIPC_QRTR_Service: client with node 1 port 7961 went down
05-04 20:26:42.960 E/minksocket( 1727): MinkIPC_QRTR_Service: client with node 1 port 7962 went down
05-04 20:26:42.963 E/minksocket( 1727): MinkIPC_QRTR_Service: client with node 1 port 7963 went down
05-04 20:26:43.091 D/PowerUI ( 3827): can't show warning due to - plugged: true status unknown: false
05-04 20:26:43.092 D/QtiCarrierConfigHelper( 4065): WARNING, no carrier configs on phone Id: 1
05-04 20:26:43.092 D/DeviceStatisticsService( 4048): onReceive: action= android.intent.action.BATTERY_CHANGED
05-04 20:26:43.092 V/UiModeManager( 3064): updateLocked: null action, mDockState=0, category=null
05-04 20:26:43.093 D/UiModeManager( 3064): updateConfigurationLocked: mDockState=0; mCarMode=false; mNightMode=2; mNightModeCustomType=-1; uiMode=33
05-04 20:26:43.094 V/DeviceStatisticsService( 4048): chargerType=2 batteryLevel=94 totalBatteryCapacity=3471000
05-04 20:26:43.094 D/DeviceInfoHidlClient( 4048): isRadioOn()=true
05-04 20:26:43.094 I/DeviceInfoHidlClient( 4048): isPowerInfoNeverSent=false batteryLevel=94 batteryLevelIndex=4 chargingMode=2 totalCapacity=3471000 powerSaveMode=false
05-04 20:26:43.106 D/ProfileInstaller(15273): Installing profile for com.deepeye.musicpro.debug
05-04 20:26:43.313 E/LocSvc_ApiV02( 1744): reportLocEvent:3882] Loc event report: 0 KlobucharIonoMode_valid:0: leapSec_valid:1: tauC_valid:1 featureStatusReport_valid: 0 featureStatusReport: 0
05-04 20:26:43.592 D/CmdCenter(16948): - RowBase2: sPrevModStatus: 1, modStatus: 1
05-04 20:26:43.592 D/CmdCenter(16948): - RowBase2: sPrevBatStatus: 2, status: 2
05-04 20:26:43.592 D/CmdCenter(16948): - RowBase2: sPrevChargeRate = 1, new = 1
05-04 20:26:43.592 D/CmdCenter(16948): - RowBase2: sPrevPlugType: 2 plugType: 2
05-04 20:26:43.629 I/ThermalEngine(10311): Monitor:ACTIVE:FREEZE-CHG:freeze_rule=1:DETECT-STANDBY=1
05-04 20:26:43.629 I/ThermalEngine(10311): ACTION: freeze_rule - Setting freeze_rule to 1
05-04 20:26:43.629 I/ThermalEngine(10311): Monitor:ACTIVE:OVERRIDE-CHG:internal_override=1:DETECT-STANDBY=1
05-04 20:26:43.630 I/ThermalEngine(10311): ACTION: override_c - Setting override_c to 1
05-04 20:26:43.630 I/Thermal-Lib(10311): Thermal-Lib-Client: Client request sent
05-04 20:26:43.630 I/ThermalEngine(10311): Thermal-Server: Thermal received msg from  freezing
05-04 20:26:43.630 I/Thermal-Lib(10311): Thermal-Lib-Client: Client request sent
05-04 20:26:43.631 I/ThermalEngine(10311): Thermal-Server: Thermal received msg from  override_c
05-04 20:26:43.860 D/StatusBarIconController( 3827): ignoring old pipeline callbacks, because the new mobile icons are enabled
05-04 20:26:43.860 D/PowerManagerService( 3064): nativeAcquireSuspendBlocker name:PowerManagerService.WakeLocks duration ms: 1
05-04 20:26:43.864 D/TelephonyManager( 4128): requestModemActivityInfo: Sending result to app: ModemActivityInfo{ mTimestamp=1305265830 mSleepTimeMs=1010908309 mIdleTimeMs=11105094 mActivityStatsTechSpecificInfo=[{mRat=UNKNOWN,mFrequencyRange=UNKNOWN,mTxTimeMs[]=[4279708, 2959019, 2914125, 3532268, 3466692],mRxTimeMs=266090310}]}
05-04 20:26:43.865 D/PowerManagerService( 3064): nativeReleaseSuspendBlocker name:PowerManagerService.WakeLocks duration ms: 0
05-04 20:26:44.259 E/minksocket( 1727): MinkIPC_QRTR_Service: client with node 1 port 7964 went down
05-04 20:26:44.260 E/minksocket( 1727): MinkIPC_QRTR_Service: client with node 1 port 7965 went down
05-04 20:26:44.261 E/minksocket( 1727): MinkIPC_QRTR_Service: client with node 1 port 7966 went down
05-04 20:26:44.262 E/minksocket( 1727): MinkIPC_QRTR_Service: client with node 1 port 7967 went down
05-04 20:26:44.321 I/ThermalEngine(10311): SS:ACTIVE:SS-MSM-CPU7:cpu-cluster2=0:BACK_TEMP=41076
05-04 20:26:44.330 I/ThermalEngine(10311): SS:ACTIVE:SS-MSM-CPU4:cpu-cluster1=0:BACK_TEMP=41061
05-04 20:26:44.338 I/ThermalEngine(10311): ACTION: CPU - Setting CPU[7] to 1
05-04 20:26:44.360 I/ThermalEngine(10311): ACTION: CPU - Setting CPU[4] to 1
05-04 20:26:44.863 D/StatusBarIconController( 3827): ignoring old pipeline callbacks, because the new mobile icons are enabled
05-04 20:26:45.391 I/ThermalEngine(10311): ACTION: CPU - Setting CPU[7] to 0
05-04 20:26:45.407 I/ThermalEngine(10311): ACTION: CPU - Setting CPU[4] to 0
05-04 20:26:47.241 I/QC2Comp ( 1830): [avcD_1124] Stats: Pending(9) i/p-done(5) Works: Q: 28/Done 20|Work-Rate: Q(0.0/s Avg=0.0/s) Done(0.000/s Avg=0.001/s)| Stream: 30.00fps 203.8Kbps
05-04 20:26:47.241 I/QC2Comp ( 1830): [avcD_1124] Mem-usage:  [In-1D: 6 bufs 17.930 MB] [1D-2226: 16 bufs 0.250 MB] [2D-2227: 20 bufs 28.438 MB] | Total: 46.617 MB
05-04 20:26:47.428 I/keystore2( 1336): system/security/keystore2/src/watchdog.rs:319 - Watchdog thread idle -> terminating. Have a great day.
05-04 20:26:47.843 W/ProcessStats( 3064): Tracking association SourceState{acee65c com.google.android.gms/10192 Fgs #2043445} whose proc state 3 is better than process ProcessState{95e76ae com.android.vending/10207 pkg=com.android.vending} proc state 8 (102 skipped)
05-04 20:26:47.860 D/ActivityManager( 3064): freezing 22768 com.whatsapp.w4b, reason = oom_cached
05-04 20:26:48.372 E/minksocket( 1727): MinkIPC_QRTR_Service: client with node 1 port 7968 went down
05-04 20:26:48.373 E/minksocket( 1727): MinkIPC_QRTR_Service: client with node 1 port 7969 went down
05-04 20:26:48.374 E/minksocket( 1727): MinkIPC_QRTR_Service: client with node 1 port 796a went down
05-04 20:26:48.375 E/minksocket( 1727): MinkIPC_QRTR_Service: client with node 1 port 796b went down
05-04 20:26:48.608 I/slpi    ( 1731): STK3A5X ALS_OC: lux:1885.095947, last_ps:0[1219], CH0:1411, CH2:181, CH4:7, AWAIT:32, ACRL:33, AGAIN:33, INT1:9, INT2:0, PS:114, LED:128, flag:65, state:7, scale:167.560,als_sel:1(0)(cnt:0)
05-04 20:26:48.767 D/ActivityManager( 3064): freezing 9276 com.google.android.cellbroadcastreceiver, reason = oom_cached
05-04 20:26:48.792 I/NearbyMediums(27765): No BLE Fast/GATT advertisements found in the latest cycle.
05-04 20:26:48.792 I/NearbyMediums(27765): Current Tracked Scanning Clients are : {NearbyConnections.EnvironmentMonitor, NearbySharing, NearbyConnections.TxAdvertisement}
05-04 20:26:48.878 D/StatusBarIconController( 3827): ignoring old pipeline callbacks, because the new mobile icons are enabled
05-04 20:26:49.473 E/minksocket( 1727): MinkIPC_QRTR_Service: client with node 1 port 796c went down
05-04 20:26:49.474 E/minksocket( 1727): MinkIPC_QRTR_Service: client with node 1 port 796d went down
05-04 20:26:49.476 E/minksocket( 1727): MinkIPC_QRTR_Service: client with node 1 port 796e went down
05-04 20:26:49.477 E/minksocket( 1727): MinkIPC_QRTR_Service: client with node 1 port 796f went down
05-04 20:26:49.881 D/StatusBarIconController( 3827): ignoring old pipeline callbacks, because the new mobile icons are enabled
05-04 20:26:52.242 I/QC2Comp ( 1830): [avcD_1124] Stats: Pending(9) i/p-done(5) Works: Q: 28/Done 20|Work-Rate: Q(0.0/s Avg=0.0/s) Done(0.000/s Avg=0.001/s)| Stream: 30.00fps 203.8Kbps
05-04 20:26:52.243 I/QC2Comp ( 1830): [avcD_1124] Mem-usage:  [In-1D: 6 bufs 17.930 MB] [1D-2226: 16 bufs 0.250 MB] [2D-2227: 20 bufs 28.438 MB] | Total: 46.617 MB
05-04 20:26:53.192 E/minksocket( 1727): MinkIPC_QRTR_Service: client with node 1 port 7970 went down
05-04 20:26:53.192 E/minksocket( 1727): MinkIPC_QRTR_Service: client with node 1 port 7971 went down
05-04 20:26:53.193 E/minksocket( 1727): MinkIPC_QRTR_Service: client with node 1 port 7972 went down
05-04 20:26:53.195 E/minksocket( 1727): MinkIPC_QRTR_Service: client with node 1 port 7973 went down
05-04 20:26:53.292 E/minksocket( 1727): MinkIPC_QRTR_Service: client with node 1 port 7974 went down
05-04 20:26:53.293 E/minksocket( 1727): MinkIPC_QRTR_Service: client with node 1 port 7975 went down
05-04 20:26:53.295 E/minksocket( 1727): MinkIPC_QRTR_Service: client with node 1 port 7976 went down
05-04 20:26:53.297 E/minksocket( 1727): MinkIPC_QRTR_Service: client with node 1 port 7978 went down
05-04 20:26:53.299 E/minksocket( 1727): MinkIPC_QRTR_Service: client with node 1 port 7979 went down
05-04 20:26:53.300 E/minksocket( 1727): MinkIPC_QRTR_Service: client with node 1 port 797a went down
05-04 20:26:53.898 D/StatusBarIconController( 3827): ignoring old pipeline callbacks, because the new mobile icons are enabled
05-04 20:26:53.914 D/CompatibilityChangeReporter( 3064): Compat change id reported: 261072174; UID 10210; state: DISABLED
05-04 20:26:53.915 D/CompatibilityChangeReporter( 3064): Compat change id reported: 261072174; UID 10376; state: ENABLED
05-04 20:26:53.915 I/ActivityManager( 3064): Killing 6738:com.google.android.documentsui/u0a124 (adj 999, setSvc -10000): empty #31
05-04 20:26:53.922 I/libprocessgroup( 3064): Successfully killed process cgroup uid 10124 pid 6738 in 6ms
05-04 20:26:53.952 I/ActivityManager( 3064): appDiedLocked: app=ProcessRecord{8b4a65c 6738:com.google.android.documentsui/u0a124} thread=android.os.BinderProxy@f6579de fromBinderDied=true isKilledByAm=true reason=null
05-04 20:26:53.953 I/Zygote  ( 1587): Process 6738 exited due to signal 9 (Killed)
05-04 20:26:53.953 D/RestartModeController( 3064): markWaitRestartAppIsSuicided null processName=com.google.android.documentsui
05-04 20:26:53.953 D/ActivityTaskManager( 3064): handleAppDied: uid=10124,diedCount=1,lastDiedTime=737868409,forceStopUids=false
05-04 20:26:53.954 D/DisplayManagerService( 3064): Drop pending events for gone uid 10124
05-04 20:26:54.293 E/minksocket( 1727): MinkIPC_QRTR_Service: client with node 1 port 7977 went down
05-04 20:26:54.294 E/minksocket( 1727): MinkIPC_QRTR_Service: client with node 1 port 797b went down
05-04 20:26:54.295 E/minksocket( 1727): MinkIPC_QRTR_Service: client with node 1 port 797c went down
05-04 20:26:54.296 E/minksocket( 1727): MinkIPC_QRTR_Service: client with node 1 port 797d went down
05-04 20:26:54.298 E/minksocket( 1727): MinkIPC_QRTR_Service: client with node 1 port 797e went down
05-04 20:26:54.300 E/minksocket( 1727): MinkIPC_QRTR_Service: client with node 1 port 797f went down
05-04 20:26:54.902 D/StatusBarIconController( 3827): ignoring old pipeline callbacks, because the new mobile icons are enabled
05-04 20:26:56.146 E/minksocket( 1727): MinkIPC_QRTR_Service: client with node 1 port 7980 went down
05-04 20:26:56.147 E/minksocket( 1727): MinkIPC_QRTR_Service: client with node 1 port 7981 went down
05-04 20:26:56.148 E/minksocket( 1727): MinkIPC_QRTR_Service: client with node 1 port 7982 went down
05-04 20:26:56.150 E/minksocket( 1727): MinkIPC_QRTR_Service: client with node 1 port 7984 went down
05-04 20:26:56.151 E/minksocket( 1727): MinkIPC_QRTR_Service: client with node 1 port 7985 went down
05-04 20:26:56.153 E/minksocket( 1727): MinkIPC_QRTR_Service: client with node 1 port 7986 went down
05-04 20:26:56.157 E/minksocket( 1727): MinkIPC_QRTR_Service: client with node 1 port 7988 went down
05-04 20:26:56.158 E/minksocket( 1727): MinkIPC_QRTR_Service: client with node 1 port 7989 went down
05-04 20:26:56.160 E/minksocket( 1727): MinkIPC_QRTR_Service: client with node 1 port 798a went down
05-04 20:26:56.162 E/minksocket( 1727): MinkIPC_QRTR_Service: client with node 1 port 798b went down
05-04 20:26:56.908 D/StatusBarIconController( 3827): ignoring old pipeline callbacks, because the new mobile icons are enabled
05-04 20:26:57.150 E/minksocket( 1727): MinkIPC_QRTR_Service: client with node 1 port 7983 went down
05-04 20:26:57.151 E/minksocket( 1727): MinkIPC_QRTR_Service: client with node 1 port 7987 went down
05-04 20:26:57.243 I/QC2Comp ( 1830): [avcD_1124] Stats: Pending(9) i/p-done(5) Works: Q: 28/Done 20|Work-Rate: Q(0.0/s Avg=0.0/s) Done(0.000/s Avg=0.001/s)| Stream: 30.00fps 203.8Kbps
05-04 20:26:57.243 I/QC2Comp ( 1830): [avcD_1124] Mem-usage:  [In-1D: 6 bufs 17.930 MB] [1D-2226: 16 bufs 0.250 MB] [2D-2227: 20 bufs 28.438 MB] | Total: 46.617 MB
05-04 20:26:57.247 E/minksocket( 1727): MinkIPC_QRTR_Service: client with node 1 port 798c went down
05-04 20:26:57.248 E/minksocket( 1727): MinkIPC_QRTR_Service: client with node 1 port 798d went down
05-04 20:26:57.249 E/minksocket( 1727): MinkIPC_QRTR_Service: client with node 1 port 798e went down
05-04 20:26:57.250 E/minksocket( 1727): MinkIPC_QRTR_Service: client with node 1 port 798f went down
05-04 20:26:57.911 D/StatusBarIconController( 3827): ignoring old pipeline callbacks, because the new mobile icons are enabled
05-04 20:26:58.348 E/minksocket( 1727): MinkIPC_QRTR_Service: client with node 1 port 7990 went down
05-04 20:26:58.349 E/minksocket( 1727): MinkIPC_QRTR_Service: client with node 1 port 7991 went down
05-04 20:26:58.350 E/minksocket( 1727): MinkIPC_QRTR_Service: client with node 1 port 7992 went down
05-04 20:26:58.352 E/minksocket( 1727): MinkIPC_QRTR_Service: client with node 1 port 7993 went down
05-04 20:26:58.794 I/NearbyMediums(27765): No BLE Fast/GATT advertisements found in the latest cycle.
05-04 20:26:58.794 I/NearbyMediums(27765): Current Tracked Scanning Clients are : {NearbyConnections.EnvironmentMonitor, NearbySharing, NearbyConnections.TxAdvertisement}
05-04 20:26:58.914 D/StatusBarIconController( 3827): ignoring old pipeline callbacks, because the new mobile icons are enabled
05-04 20:26:59.447 E/minksocket( 1727): MinkIPC_QRTR_Service: client with node 1 port 7994 went down
05-04 20:26:59.448 E/minksocket( 1727): MinkIPC_QRTR_Service: client with node 1 port 7995 went down
05-04 20:26:59.448 E/minksocket( 1727): MinkIPC_QRTR_Service: client with node 1 port 7996 went down
05-04 20:26:59.451 E/minksocket( 1727): MinkIPC_QRTR_Service: client with node 1 port 7997 went down
05-04 20:26:59.918 D/StatusBarIconController( 3827): ignoring old pipeline callbacks, because the new mobile icons are enabled
05-04 20:27:00.003 D/PowerManagerService( 3064): nativeAcquireSuspendBlocker name:PowerManagerService.WakeLocks duration ms: 1
05-04 20:27:00.004 I/FolioManager( 3827): Doze enabled: true
05-04 20:27:00.004 D/FolioManager( 3827): Use SystemUI folio UI.  isAodComponentEmpty: true  isADEnabled: true
05-04 20:27:00.004 D/PowerManagerService( 3064): nativeReleaseSuspendBlocker name:PowerManagerService.WakeLocks duration ms: 0
05-04 20:27:00.004 D/FolioManager( 3827): updateTime
05-04 20:27:02.243 I/QC2Comp ( 1830): [avcD_1124] Stats: Pending(9) i/p-done(5) Works: Q: 28/Done 20|Work-Rate: Q(0.0/s Avg=0.0/s) Done(0.000/s Avg=0.001/s)| Stream: 30.00fps 203.8Kbps
05-04 20:27:02.243 I/QC2Comp ( 1830): [avcD_1124] Mem-usage:  [In-1D: 6 bufs 17.930 MB] [1D-2226: 16 bufs 0.250 MB] [2D-2227: 20 bufs 28.438 MB] | Total: 46.617 MB
05-04 20:27:03.827 I/qcc-trd ( 2464): qdmaConnectivityInfoProvider: Into parseLTESysInfo()
05-04 20:27:03.827 D/PowerManagerService( 3064): nativeAcquireSuspendBlocker name:PowerManagerService.WakeLocks duration ms: 1
05-04 20:27:03.831 W/IWlanNetworkService( 4043): 102514 > Response Processed
05-04 20:27:03.834 D/CBR_SystemUI( 3827): CarrierLabel - : updateLabel cellMsg:  cellEnabled: true
05-04 20:27:03.834 D/CBR_SystemUI( 3827): CarrierLabel - : updateLabel mCellBroadcastMessage Visibility: 8
05-04 20:27:03.834 D/CBR_SystemUI( 3827): CarrierLabel - : updateLabel cellMsg:  cellEnabled: true
05-04 20:27:03.834 D/CBR_SystemUI( 3827): CarrierLabel - : updateLabel mCellBroadcastMessage Visibility: 8
05-04 20:27:03.834 D/StatusBarIconController( 3827): ignoring old pipeline callbacks, because the new mobile icons are enabled
05-04 20:27:03.834 E/RIL-MOTEXT( 2410): qcrilUpdRegRAT, called , rat =7
05-04 20:27:03.842 I/QImsService( 4065): ImsRadioIndicationAidl : onServiceDomainChanged()[SUB0]
05-04 20:27:03.842 I/QImsService( 4065): ImsSenderRxr : [UNSL]< UNSOL_SERVICE_DOMAIN_CHANGED 3[SUB0]
05-04 20:27:03.842 I/QImsService( 4065): ImsRegistrationController : Message received: what = 5
05-04 20:27:03.842 I/QImsService( 4065): ImsRegistrationController : handleSrvDomainChanged
05-04 20:27:03.843 I/QcrilOemhookMsgTunnel( 4048): [0]processOemHookIndication length=16
05-04 20:27:03.843 D/QcrilMsgTunnelIfaceManager( 4048): handleMessage what = 5
05-04 20:27:03.845 W/IWlanNetworkService( 4043): 102515 > Response Processed
05-04 20:27:03.848 I/QcrilOemhookMsgTunnel( 4048): [0]processOemHookIndication length=33
05-04 20:27:03.848 D/QcrilMsgTunnelIfaceManager( 4048): handleMessage what = 5
05-04 20:27:03.850 E/RIL-MOTEXT( 2410): qcrilUpdateOperator, called
05-04 20:27:03.851 I/QcrilOemhookMsgTunnel( 4048): [0]processOemHookIndication length=12
05-04 20:27:03.851 D/QcrilMsgTunnelIfaceManager( 4048): handleMessage what = 5
05-04 20:27:03.861 W/IWlanNetworkService( 4043): 102516 > Response Processed
05-04 20:27:03.864 E/RIL-MOTEXT( 2410): qcrilUpdateOperator, called
05-04 20:27:03.870 D/StatusBarIconController( 3827): ignoring old pipeline callbacks, because the new mobile icons are enabled
05-04 20:27:03.873 D/QtiRadioAidl( 4048): onNrIconTypeChange: slotId = 0NrIconType = 1
05-04 20:27:03.873 D/QtiRadioProxy( 4048): onNrIconType slotId = 0 NrIconType = NrIconType: 1
05-04 20:27:03.873 D/QtiRadioProxyHandler: ( 4048): handleMessage msg.what = 1
05-04 20:27:03.873 D/QtiRadioProxyHandler: ( 4048): EVENT_ON_NR_ICON_TYPE
05-04 20:27:03.873 D/ExtTelephonyServiceImpl( 4048): Retrieved callbacks for event = 20 list = [com.qti.extphone.IExtPhoneCallback$Stub$Proxy@69c6756]
05-04 20:27:03.873 D/QtiRadioProxy( 4048): onNrIconType: Responding back for transaction = null
05-04 20:27:03.876 W/IWlanNetworkService( 4043): 102518 > Response Processed
05-04 20:27:03.876 I/QcrilOemhookMsgTunnel( 4048): [0]processOemHookIndication length=21
05-04 20:27:03.876 D/QcrilMsgTunnelIfaceManager( 4048): handleMessage what = 0
05-04 20:27:03.877 D/QC_RIL_OEM_HOOK( 4048): Received Broadcast Intent ACTION_UNSOL_RESPONSE_OEM_HOOK_RAW
05-04 20:27:03.877 D/QC_RIL_OEM_HOOK( 4048): Oem ID in QCRILHOOK UNSOL RESP is QOEMHOOK
05-04 20:27:03.879 D/GlobalActionsDialogLite( 3827): Service changed before actions created
05-04 20:27:03.879 D/GlobalActionsDialogLite( 3827): Service changed before actions created
05-04 20:27:03.881 D/HeadsetPhoneState( 7916): Enter onServiceStateChanged
05-04 20:27:03.882 W/ContextImpl( 3064): Calling a method in the system process without a qualified user: android.app.ContextImpl.sendBroadcastMultiplePermissions:1281 android.content.Context.sendBroadcastMultiplePermissions:2476 com.android.server.TelephonyRegistry.broadcastServiceStateChanged:3597 com.android.server.TelephonyRegistry.notifyServiceStateForPhoneId:1734 com.android.internal.telephony.ITelephonyRegistry$Stub.onTransact:550 
05-04 20:27:03.882 W/ContextImpl( 3064): Calling a method in the system process without a qualified user: android.app.ContextImpl.sendBroadcastMultiplePermissions:1314 com.android.server.TelephonyRegistry.broadcastServiceStateChanged:3602 com.android.server.TelephonyRegistry.notifyServiceStateForPhoneId:1734 com.android.internal.telephony.ITelephonyRegistry$Stub.onTransact:550 android.os.Binder.execTransactInternal:1380 
05-04 20:27:03.883 W/ContextImpl( 3064): Calling a method in the system process without a qualified user: android.app.ContextImpl.sendBroadcastMultiplePermissions:1314 com.android.server.TelephonyRegistry.broadcastServiceStateChanged:3611 com.android.server.TelephonyRegistry.notifyServiceStateForPhoneId:1734 com.android.internal.telephony.ITelephonyRegistry$Stub.onTransact:550 android.os.Binder.execTransactInternal:1380 
05-04 20:27:03.883 D/CBR_SystemUI( 3827): CarrierLabel - : updateLabel cellMsg:  cellEnabled: true
05-04 20:27:03.883 D/CBR_SystemUI( 3827): CarrierLabel - : updateLabel mCellBroadcastMessage Visibility: 8
05-04 20:27:03.883 W/ContextImpl( 3064): Calling a method in the system process without a qualified user: android.app.ContextImpl.sendBroadcastMultiplePermissions:1314 com.android.server.TelephonyRegistry.broadcastServiceStateChanged:3617 com.android.server.TelephonyRegistry.notifyServiceStateForPhoneId:1734 com.android.internal.telephony.ITelephonyRegistry$Stub.onTransact:550 android.os.Binder.execTransactInternal:1380 
05-04 20:27:03.883 D/CBR_SystemUI( 3827): CarrierLabel - : updateLabel cellMsg:  cellEnabled: true
05-04 20:27:03.883 D/CBR_SystemUI( 3827): CarrierLabel - : updateLabel mCellBroadcastMessage Visibility: 8
05-04 20:27:03.884 D/ActivityManager( 3064): unfreezing ProcessRecord{1cb6b85 9276:com.google.android.cellbroadcastreceiver/u0a367}, reason = unfreezeTemporarily, adj = 925, adjType = cch-empty, adjSource = null
05-04 20:27:03.884 D/ActivityManager( 3064): sync unfroze 9276 com.google.android.cellbroadcastreceiver for 3
05-04 20:27:03.884 D/QC_RIL_OEM_HOOK( 4128): Received Broadcast Intent ACTION_UNSOL_RESPONSE_OEM_HOOK_RAW
05-04 20:27:03.884 D/QC_RIL_OEM_HOOK( 4128): Oem ID in QCRILHOOK UNSOL RESP is QOEMHOOK
05-04 20:27:03.884 D/QC_RIL_OEM_HOOK( 4128): Received Broadcast Intent ACTION_UNSOL_RESPONSE_OEM_HOOK_RAW
05-04 20:27:03.884 D/StatusBarIconController( 3827): ignoring old pipeline callbacks, because the new mobile icons are enabled
05-04 20:27:03.884 D/QC_RIL_OEM_HOOK( 4128): Oem ID in QCRILHOOK UNSOL RESP is QOEMHOOK
05-04 20:27:03.885 I/QcrilOemhookMsgTunnel( 4048): [0]processOemHookIndication length=13
05-04 20:27:03.885 D/Telephony( 4128): TelecomAccountTelephonyCallback: onServiceStateChanged called.
05-04 20:27:03.885 I/Telephony( 4128): TelecomAccountTelephonyCallback: onServiceStateChanged: newState=0, mServiceState=0
05-04 20:27:03.885 D/QcrilMsgTunnelIfaceManager( 4048): handleMessage what = 5
05-04 20:27:03.885 D/CellBroadcastReceiver( 9276): onReceive Intent { act=android.intent.action.SERVICE_STATE flg=0x1000010 cmp=com.google.android.cellbroadcastreceiver/com.android.cellbroadcastreceiver.CellBroadcastReceiver (has extras) }
05-04 20:27:03.886 I/QcrilOemhookMsgTunnel( 4048): [0]processOemHookIndication length=16
05-04 20:27:03.886 D/QcrilMsgTunnelIfaceManager( 4048): handleMessage what = 5
05-04 20:27:03.887 D/CellBroadcastReceiver( 9276): onServiceStateChanged, ss: 0
05-04 20:27:03.887 D/CellBroadcastReceiver( 9276): networkOperator: 40410
05-04 20:27:03.888 D/CellBroadcastReceiver( 9276): update supported roaming operator as 
05-04 20:27:03.889 I/Telephony( 4128): AccountEntry: isRttCurrentlySupported -- regular acct, hasVoiceAvailability: true
05-04 20:27:03.889 I/Telephony( 4128):  isRttSupported: false
05-04 20:27:03.889 I/Telephony( 4128):  alwaysAllowWhileRoaming: false
05-04 20:27:03.889 I/Telephony( 4128):  isRoaming: false
05-04 20:27:03.889 I/Telephony( 4128):  isOnWfc: false
05-04 20:27:03.889 I/Telephony( 4128): VoiceActivationHandler: Service state is IN_SERVICE. Set voice activation state to ACTIVATED
05-04 20:27:03.893 D/EnhancedConnectivityController( 3064): Default net onCapabilitiesChanged
05-04 20:27:03.893 D/EnhancedConnectivityController( 3064): updateDefaultNet:650
05-04 20:27:03.894 D/QCNEJ/WwanInfoRelay( 4043): onCapabilitiesChanged: 650 [ Transports: CELLULAR Capabilities: SUPL&FOTA&INTERNET&NOT_RESTRICTED&TRUSTED&NOT_VPN&VALIDATED&NOT_ROAMING&FOREGROUND&NOT_CONGESTED&NOT_SUSPENDED&NOT_VCN_MANAGED LinkUpBandwidth>=10812Kbps LinkDnBandwidth>=40410Kbps Specifier: <TelephonyNetworkSpecifier [mSubId = 1]> SubscriptionIds: {1} UnderlyingNetworks: Null]
05-04 20:27:03.894 I/ModemStats( 5998): [DataStallDetectService] onCapabilitiesChanged networkCapabilities=[ Transports: CELLULAR Capabilities: SUPL&FOTA&INTERNET&NOT_RESTRICTED&TRUSTED&NOT_VPN&VALIDATED&NOT_ROAMING&FOREGROUND&NOT_CONGESTED&NOT_SUSPENDED&NOT_VCN_MANAGED LinkUpBandwidth>=10812Kbps LinkDnBandwidth>=40410Kbps Specifier: <TelephonyNetworkSpecifier [mSubId = 1]> SubscriptionIds: {1} UnderlyingNetworks: Null]
05-04 20:27:03.894 I/ModemStats( 5998): [DataStallDetectService] onCapabilitiesChanged NET_CAPABILITY_VALIDATED=true
05-04 20:27:03.894 I/ModemStats( 5998): [DataStallDetectService] onCapabilitiesChanged mDataStallManager.mDataStallInstance=null
05-04 20:27:03.894 I/ModemStats( 5998): [DataStallDetectService] onCapabilitiesChanged mDataStallSmart5gManager.mDataStallInstance=null
05-04 20:27:03.896 E/RIL-MOTEXT( 2410): qcrilUpdateOperator, called
05-04 20:27:03.897 I/QCNEJ/WwanInfoRelay( 4043): cacheWwanInfo subId = 1 phoneId = 0 slotId = 0
05-04 20:27:03.898 D/QCNEJ/NativeHalConnector( 4043): -> SND notifyDefaultNetworkChanged(0)
05-04 20:27:03.901 W/IWlanNetworkService( 4043): 102519 > Response Processed
05-04 20:27:03.904 E/RIL-MOTEXT( 2410): qcrilUpdateOperator, called
05-04 20:27:04.072 W/IWlanProxy( 4043): RESP_WAKE_LOCK_TIMEOUT
05-04 20:27:04.085 D/PowerManagerService( 3064): nativeReleaseSuspendBlocker name:PowerManagerService.WakeLocks duration ms: 1
05-04 20:27:04.364 I/Diag-Router( 1729): 	 log code b825 set
05-04 20:27:04.365 I/Diag-Router( 1729): diag: In diag_copy_dci senidng data 111 entry 0x0 buf 0x7ff3c42b90
05-04 20:27:04.367 D/MOT_DCI ( 5938): Parsed log output: {"code":47141,"slotId":0,"timestamp":1777906619779,"rrc_controller_state":"IDLE","connectivity_mode":"NSA","lte_band_list":[1,40],"nr5g_cell_#_active_cc":0}
05-04 20:27:04.400 I/NearbySharing(27765): Network state changed: NetworkState(isRestricted=false, isOnline=true, isCongested=false, isMetered=true, isWifiConnected=false)
05-04 20:27:07.244 I/QC2Comp ( 1830): [avcD_1124] Stats: Pending(9) i/p-done(5) Works: Q: 28/Done 20|Work-Rate: Q(0.0/s Avg=0.0/s) Done(0.000/s Avg=0.001/s)| Stream: 30.00fps 203.8Kbps
05-04 20:27:07.244 I/QC2Comp ( 1830): [avcD_1124] Mem-usage:  [In-1D: 6 bufs 17.930 MB] [1D-2226: 16 bufs 0.250 MB] [2D-2227: 20 bufs 28.438 MB] | Total: 46.617 MB
05-04 20:27:07.579 I/CNSS    ( 2313): cnss_open_log_file: directory /data/vendor/wifi/wlan_logs/ created
05-04 20:27:08.795 I/NearbyMediums(27765): No BLE Fast/GATT advertisements found in the latest cycle.
05-04 20:27:08.795 I/NearbyMediums(27765): Current Tracked Scanning Clients are : {NearbyConnections.EnvironmentMonitor, NearbySharing, NearbyConnections.TxAdvertisement}
05-04 20:27:11.664 I/ThermalEngine(10311): ACTION: freeze_rule - Setting freeze_rule to 0
05-04 20:27:11.664 I/ThermalEngine(10311): Thermal-Server: Thermal received msg from  freezing
05-04 20:27:11.664 I/ThermalEngine(10311): Monitor:INACTIVE:FREEZE-CHG:freeze_rule=1:DETECT-STANDBY=0
05-04 20:27:11.664 I/Thermal-Lib(10311): Thermal-Lib-Client: Client request sent
05-04 20:27:11.665 I/ThermalEngine(10311): ACTION: override_c - Setting override_c to 0
05-04 20:27:11.665 I/ThermalEngine(10311): Thermal-Server: Thermal received msg from  override_c
05-04 20:27:11.665 I/ThermalEngine(10311): Monitor:INACTIVE:OVERRIDE-CHG:internal_override=1:DETECT-STANDBY=0
05-04 20:27:11.665 I/Thermal-Lib(10311): Thermal-Lib-Client: Client request sent
05-04 20:27:11.666 I/ThermalEngine(10311): Monitor:ACTIVE:MON-MSM-charge:battery=6:CHG-SENSORS=42758
05-04 20:27:12.244 I/QC2Comp ( 1830): [avcD_1124] Stats: Pending(9) i/p-done(5) Works: Q: 28/Done 20|Work-Rate: Q(0.0/s Avg=0.0/s) Done(0.000/s Avg=0.001/s)| Stream: 30.00fps 203.8Kbps
05-04 20:27:12.245 I/QC2Comp ( 1830): [avcD_1124] Mem-usage:  [In-1D: 6 bufs 17.930 MB] [1D-2226: 16 bufs 0.250 MB] [2D-2227: 20 bufs 28.438 MB] | Total: 46.617 MB
05-04 20:27:12.665 I/ThermalEngine(10311): Monitor:ACTIVE:FREEZE-CHG:freeze_rule=1:DETECT-STANDBY=1
05-04 20:27:12.665 I/ThermalEngine(10311): ACTION: freeze_rule - Setting freeze_rule to 1
05-04 20:27:12.666 I/ThermalEngine(10311): Thermal-Server: Thermal received msg from  freezing
05-04 20:27:12.666 I/Thermal-Lib(10311): Thermal-Lib-Client: Client request sent
05-04 20:27:12.667 I/ThermalEngine(10311): Monitor:ACTIVE:OVERRIDE-CHG:internal_override=1:DETECT-STANDBY=1
05-04 20:27:12.667 I/ThermalEngine(10311): ACTION: override_c - Setting override_c to 1
05-04 20:27:12.667 I/ThermalEngine(10311): Thermal-Server: Thermal received msg from  override_c
05-04 20:27:12.667 I/Thermal-Lib(10311): Thermal-Lib-Client: Client request sent
05-04 20:27:13.531 D/CompatibilityChangeReporter( 3064): Compat change id reported: 197654537; UID 10502; state: ENABLED
05-04 20:27:13.666 I/ThermalEngine(10311): ACTION: freeze_rule - Setting freeze_rule to 0
05-04 20:27:13.667 I/ThermalEngine(10311): Thermal-Server: Thermal received msg from  freezing
05-04 20:27:13.667 I/ThermalEngine(10311): Monitor:INACTIVE:FREEZE-CHG:freeze_rule=1:DETECT-STANDBY=0
05-04 20:27:13.667 I/Thermal-Lib(10311): Thermal-Lib-Client: Client request sent
05-04 20:27:13.667 I/ThermalEngine(10311): ACTION: override_c - Setting override_c to 0
05-04 20:27:13.667 I/ThermalEngine(10311): Thermal-Server: Thermal received msg from  override_c
05-04 20:27:13.667 I/ThermalEngine(10311): Monitor:INACTIVE:OVERRIDE-CHG:internal_override=1:DETECT-STANDBY=0
05-04 20:27:13.667 I/Thermal-Lib(10311): Thermal-Lib-Client: Client request sent
05-04 20:27:13.669 I/ThermalEngine(10311): Monitor:ACTIVE:MON-MSM-charge:battery=6:CHG-SENSORS=42725
05-04 20:27:13.908 D/ActivityManager( 3064): freezing 9276 com.google.android.cellbroadcastreceiver, reason = oom_cached
05-04 20:27:14.667 I/ThermalEngine(10311): Monitor:ACTIVE:FREEZE-CHG:freeze_rule=1:DETECT-STANDBY=1
05-04 20:27:14.668 I/ThermalEngine(10311): ACTION: freeze_rule - Setting freeze_rule to 1
05-04 20:27:14.668 I/ThermalEngine(10311): Monitor:ACTIVE:OVERRIDE-CHG:internal_override=1:DETECT-STANDBY=1
05-04 20:27:14.668 I/ThermalEngine(10311): Thermal-Server: Thermal received msg from  freezing
05-04 20:27:14.668 I/Thermal-Lib(10311): Thermal-Lib-Client: Client request sent
05-04 20:27:14.668 I/ThermalEngine(10311): ACTION: override_c - Setting override_c to 1
05-04 20:27:14.668 I/Thermal-Lib(10311): Thermal-Lib-Client: Client request sent
05-04 20:27:14.669 I/ThermalEngine(10311): Thermal-Server: Thermal received msg from  override_c
05-04 20:27:15.168 D/MotoSxfService( 3064): unknown touch type
05-04 20:27:16.241 I/QcrilOemhookMsgTunnel( 4048): [0]processOemHookIndication length=33
05-04 20:27:16.241 D/QcrilMsgTunnelIfaceManager( 4048): handleMessage what = 5
05-04 20:27:16.242 I/QcrilOemhookMsgTunnel( 4048): [0]processOemHookIndication length=12
05-04 20:27:16.242 D/QcrilMsgTunnelIfaceManager( 4048): handleMessage what = 5
05-04 20:27:16.243 I/QcrilOemhookMsgTunnel( 4048): [0]processOemHookIndication length=21
05-04 20:27:16.243 D/QcrilMsgTunnelIfaceManager( 4048): handleMessage what = 0
05-04 20:27:16.244 D/QC_RIL_OEM_HOOK( 4048): Received Broadcast Intent ACTION_UNSOL_RESPONSE_OEM_HOOK_RAW
05-04 20:27:16.244 D/QC_RIL_OEM_HOOK( 4048): Oem ID in QCRILHOOK UNSOL RESP is QOEMHOOK
05-04 20:27:16.244 D/QC_RIL_OEM_HOOK( 4128): Received Broadcast Intent ACTION_UNSOL_RESPONSE_OEM_HOOK_RAW
05-04 20:27:16.244 D/QC_RIL_OEM_HOOK( 4128): Oem ID in QCRILHOOK UNSOL RESP is QOEMHOOK
05-04 20:27:16.244 D/QC_RIL_OEM_HOOK( 4128): Received Broadcast Intent ACTION_UNSOL_RESPONSE_OEM_HOOK_RAW
05-04 20:27:16.244 D/QC_RIL_OEM_HOOK( 4128): Oem ID in QCRILHOOK UNSOL RESP is QOEMHOOK
05-04 20:27:16.250 D/PowerManagerService( 3064): nativeAcquireSuspendBlocker name:PowerManagerService.WakeLocks duration ms: 1
05-04 20:27:16.255 W/IWlanNetworkService( 4043): 102520 > Response Processed
05-04 20:27:16.262 E/RIL-MOTEXT( 2410): qcrilUpdateOperator, called
05-04 20:27:16.263 D/GlobalActionsDialogLite( 3827): Service changed before actions created
05-04 20:27:16.263 D/GlobalActionsDialogLite( 3827): Service changed before actions created
05-04 20:27:16.265 D/CBR_SystemUI( 3827): CarrierLabel - : updateLabel cellMsg:  cellEnabled: true
05-04 20:27:16.265 D/CBR_SystemUI( 3827): CarrierLabel - : updateLabel mCellBroadcastMessage Visibility: 8
05-04 20:27:16.265 D/CBR_SystemUI( 3827): CarrierLabel - : updateLabel cellMsg:  cellEnabled: true
05-04 20:27:16.265 D/CBR_SystemUI( 3827): CarrierLabel - : updateLabel mCellBroadcastMessage Visibility: 8
05-04 20:27:16.266 D/StatusBarIconController( 3827): ignoring old pipeline callbacks, because the new mobile icons are enabled
05-04 20:27:16.267 I/QcrilOemhookMsgTunnel( 4048): [0]processOemHookIndication length=33
05-04 20:27:16.267 D/QcrilMsgTunnelIfaceManager( 4048): handleMessage what = 5
05-04 20:27:16.267 D/HeadsetPhoneState( 7916): Enter onServiceStateChanged
05-04 20:27:16.267 W/ContextImpl( 3064): Calling a method in the system process without a qualified user: android.app.ContextImpl.sendBroadcastMultiplePermissions:1281 android.content.Context.sendBroadcastMultiplePermissions:2476 com.android.server.TelephonyRegistry.broadcastServiceStateChanged:3597 com.android.server.TelephonyRegistry.notifyServiceStateForPhoneId:1734 com.android.internal.telephony.ITelephonyRegistry$Stub.onTransact:550 
05-04 20:27:16.267 I/QcrilOemhookMsgTunnel( 4048): [0]processOemHookIndication length=12
05-04 20:27:16.268 W/ContextImpl( 3064): Calling a method in the system process without a qualified user: android.app.ContextImpl.sendBroadcastMultiplePermissions:1314 com.android.server.TelephonyRegistry.broadcastServiceStateChanged:3602 com.android.server.TelephonyRegistry.notifyServiceStateForPhoneId:1734 com.android.internal.telephony.ITelephonyRegistry$Stub.onTransact:550 android.os.Binder.execTransactInternal:1380 
05-04 20:27:16.268 D/QcrilMsgTunnelIfaceManager( 4048): handleMessage what = 5
05-04 20:27:16.268 W/ContextImpl( 3064): Calling a method in the system process without a qualified user: android.app.ContextImpl.sendBroadcastMultiplePermissions:1314 com.android.server.TelephonyRegistry.broadcastServiceStateChanged:3611 com.android.server.TelephonyRegistry.notifyServiceStateForPhoneId:1734 com.android.internal.telephony.ITelephonyRegistry$Stub.onTransact:550 android.os.Binder.execTransactInternal:1380 
05-04 20:27:16.269 W/ContextImpl( 3064): Calling a method in the system process without a qualified user: android.app.ContextImpl.sendBroadcastMultiplePermissions:1314 com.android.server.TelephonyRegistry.broadcastServiceStateChanged:3617 com.android.server.TelephonyRegistry.notifyServiceStateForPhoneId:1734 com.android.internal.telephony.ITelephonyRegistry$Stub.onTransact:550 android.os.Binder.execTransactInternal:1380 
05-04 20:27:16.269 D/ActivityManager( 3064): unfreezing ProcessRecord{1cb6b85 9276:com.google.android.cellbroadcastreceiver/u0a367}, reason = unfreezeTemporarily, adj = 925, adjType = cch-empty, adjSource = null
05-04 20:27:16.270 D/ActivityManager( 3064): sync unfroze 9276 com.google.android.cellbroadcastreceiver for 3
05-04 20:27:16.271 D/CellBroadcastReceiver( 9276): onReceive Intent { act=android.intent.action.SERVICE_STATE flg=0x1000010 cmp=com.google.android.cellbroadcastreceiver/com.android.cellbroadcastreceiver.CellBroadcastReceiver (has extras) }
05-04 20:27:16.272 D/Telephony( 4128): TelecomAccountTelephonyCallback: onServiceStateChanged called.
05-04 20:27:16.272 I/Telephony( 4128): TelecomAccountTelephonyCallback: onServiceStateChanged: newState=0, mServiceState=0
05-04 20:27:16.273 D/StatusBarIconController( 3827): ignoring old pipeline callbacks, because the new mobile icons are enabled
05-04 20:27:16.273 D/CellBroadcastReceiver( 9276): onServiceStateChanged, ss: 0
05-04 20:27:16.273 D/CellBroadcastReceiver( 9276): networkOperator: 40410
05-04 20:27:16.273 D/CellBroadcastReceiver( 9276): update supported roaming operator as 
05-04 20:27:16.276 I/Telephony( 4128): AccountEntry: isRttCurrentlySupported -- regular acct, hasVoiceAvailability: true
05-04 20:27:16.276 I/Telephony( 4128):  isRttSupported: false
05-04 20:27:16.276 I/Telephony( 4128):  alwaysAllowWhileRoaming: false
05-04 20:27:16.276 I/Telephony( 4128):  isRoaming: false
05-04 20:27:16.276 I/Telephony( 4128):  isOnWfc: false
05-04 20:27:16.276 I/Telephony( 4128): VoiceActivationHandler: Service state is IN_SERVICE. Set voice activation state to ACTIVATED
05-04 20:27:16.387 I/QcrilOemhookMsgTunnel( 4048): [0]processOemHookIndication length=33
05-04 20:27:16.387 D/QcrilMsgTunnelIfaceManager( 4048): handleMessage what = 5
05-04 20:27:16.388 I/QcrilOemhookMsgTunnel( 4048): [0]processOemHookIndication length=12
05-04 20:27:16.388 D/QcrilMsgTunnelIfaceManager( 4048): handleMessage what = 5
05-04 20:27:16.452 D/PowerManagerService( 3064): nativeReleaseSuspendBlocker name:PowerManagerService.WakeLocks duration ms: 0
05-04 20:27:16.506 E/minksocket( 1727): MinkIPC_QRTR_Service: client with node 1 port 7998 went down
05-04 20:27:16.507 E/minksocket( 1727): MinkIPC_QRTR_Service: client with node 1 port 7999 went down
05-04 20:27:16.507 E/minksocket( 1727): MinkIPC_QRTR_Service: client with node 1 port 799a went down
05-04 20:27:16.510 E/minksocket( 1727): MinkIPC_QRTR_Service: client with node 1 port 799c went down
05-04 20:27:16.511 E/minksocket( 1727): MinkIPC_QRTR_Service: client with node 1 port 799d went down
05-04 20:27:16.513 E/minksocket( 1727): MinkIPC_QRTR_Service: client with node 1 port 799e went down
05-04 20:27:16.607 E/minksocket( 1727): MinkIPC_QRTR_Service: client with node 1 port 79a0 went down
05-04 20:27:16.608 E/minksocket( 1727): MinkIPC_QRTR_Service: client with node 1 port 79a1 went down
05-04 20:27:16.609 E/minksocket( 1727): MinkIPC_QRTR_Service: client with node 1 port 79a2 went down
05-04 20:27:16.610 E/minksocket( 1727): MinkIPC_QRTR_Service: client with node 1 port 79a3 went down
05-04 20:27:16.690 E/NetlinkEvent( 1585): NetlinkEvent::FindParam(): Parameter 'INTERFACE' not found
05-04 20:27:16.690 E/NetlinkEvent( 1585): NetlinkEvent::FindParam(): Parameter 'STATE' not found
05-04 20:27:16.690 E/NetlinkEvent( 1585): NetlinkEvent::FindParam(): Parameter 'TIME_NS' not found
05-04 20:27:16.690 E/NetlinkEvent( 1585): NetlinkEvent::FindParam(): Parameter 'UID' not found
05-04 20:27:16.974 D/StatusBarIconController( 3827): ignoring old pipeline callbacks, because the new mobile icons are enabled
05-04 20:27:17.233 I/slpi    ( 1731): STK3A5X ALS_OC: lux:2120.231934, last_ps:0[1219], CH0:1587, CH2:203, CH4:8, AWAIT:32, ACRL:33, AGAIN:33, INT1:9, INT2:0, PS:114, LED:128, flag:65, state:7, scale:167.560,als_sel:1(0)(cnt:0)
05-04 20:27:17.245 I/QC2Comp ( 1830): [avcD_1124] Stats: Pending(9) i/p-done(5) Works: Q: 28/Done 20|Work-Rate: Q(0.0/s Avg=0.0/s) Done(0.000/s Avg=0.001/s)| Stream: 30.00fps 203.8Kbps
05-04 20:27:17.245 I/QC2Comp ( 1830): [avcD_1124] Mem-usage:  [In-1D: 6 bufs 17.930 MB] [1D-2226: 16 bufs 0.250 MB] [2D-2227: 20 bufs 28.438 MB] | Total: 46.617 MB
05-04 20:27:17.709 E/minksocket( 1727): MinkIPC_QRTR_Service: client with node 1 port 799b went down
05-04 20:27:17.709 E/minksocket( 1727): MinkIPC_QRTR_Service: client with node 1 port 799f went down
05-04 20:27:17.711 E/minksocket( 1727): MinkIPC_QRTR_Service: client with node 1 port 79a4 went down
05-04 20:27:17.712 E/minksocket( 1727): MinkIPC_QRTR_Service: client with node 1 port 79a5 went down
05-04 20:27:17.713 E/minksocket( 1727): MinkIPC_QRTR_Service: client with node 1 port 79a6 went down
05-04 20:27:17.715 E/minksocket( 1727): MinkIPC_QRTR_Service: client with node 1 port 79a7 went down
05-04 20:27:17.977 D/StatusBarIconController( 3827): ignoring old pipeline callbacks, because the new mobile icons are enabled
05-04 20:27:18.797 I/NearbyMediums(27765): No BLE Fast/GATT advertisements found in the latest cycle.
05-04 20:27:18.798 I/NearbyMediums(27765): Current Tracked Scanning Clients are : {NearbyConnections.EnvironmentMonitor, NearbySharing, NearbyConnections.TxAdvertisement}
05-04 20:27:18.982 D/StatusBarIconController( 3827): ignoring old pipeline callbacks, because the new mobile icons are enabled
05-04 20:27:19.228 E/minksocket( 1727): MinkIPC_QRTR_Service: client with node 1 port 79a8 went down
05-04 20:27:19.229 E/minksocket( 1727): MinkIPC_QRTR_Service: client with node 1 port 79a9 went down
05-04 20:27:19.230 E/minksocket( 1727): MinkIPC_QRTR_Service: client with node 1 port 79aa went down
05-04 20:27:19.232 E/minksocket( 1727): MinkIPC_QRTR_Service: client with node 1 port 79ab went down
05-04 20:27:19.986 D/StatusBarIconController( 3827): ignoring old pipeline callbacks, because the new mobile icons are enabled
05-04 20:27:20.327 E/minksocket( 1727): MinkIPC_QRTR_Service: client with node 1 port 79ac went down
05-04 20:27:20.328 E/minksocket( 1727): MinkIPC_QRTR_Service: client with node 1 port 79ad went down
05-04 20:27:20.329 E/minksocket( 1727): MinkIPC_QRTR_Service: client with node 1 port 79ae went down
05-04 20:27:20.331 E/minksocket( 1727): MinkIPC_QRTR_Service: client with node 1 port 79af went down
05-04 20:27:20.366 I/slpi    ( 1731): STK3A5X ALS_OC: lux:1906.472046, last_ps:0[1224], CH0:1427, CH2:186, CH4:7, AWAIT:32, ACRL:33, AGAIN:33, INT1:9, INT2:0, PS:114, LED:128, flag:65, state:7, scale:167.560,als_sel:1(0)(cnt:0)
05-04 20:27:22.246 I/QC2Comp ( 1830): [avcD_1124] Stats: Pending(9) i/p-done(5) Works: Q: 28/Done 20|Work-Rate: Q(0.0/s Avg=0.0/s) Done(0.000/s Avg=0.001/s)| Stream: 30.00fps 203.8Kbps
05-04 20:27:22.246 I/QC2Comp ( 1830): [avcD_1124] Mem-usage:  [In-1D: 6 bufs 17.930 MB] [1D-2226: 16 bufs 0.250 MB] [2D-2227: 20 bufs 28.438 MB] | Total: 46.617 MB
05-04 20:27:23.776 I/QcrilOemhookMsgTunnel( 4048): [0]processOemHookIndication length=33
05-04 20:27:23.777 I/QcrilOemhookMsgTunnel( 4048): [0]processOemHookIndication length=12
05-04 20:27:23.777 I/QcrilOemhookMsgTunnel( 4048): [0]processOemHookIndication length=21
05-04 20:27:23.777 D/QcrilMsgTunnelIfaceManager( 4048): handleMessage what = 5
05-04 20:27:23.778 D/QcrilMsgTunnelIfaceManager( 4048): handleMessage what = 5
05-04 20:27:23.778 D/QcrilMsgTunnelIfaceManager( 4048): handleMessage what = 0
05-04 20:27:23.779 D/QC_RIL_OEM_HOOK( 4048): Received Broadcast Intent ACTION_UNSOL_RESPONSE_OEM_HOOK_RAW
05-04 20:27:23.779 D/QC_RIL_OEM_HOOK( 4048): Oem ID in QCRILHOOK UNSOL RESP is QOEMHOOK
05-04 20:27:23.779 D/QC_RIL_OEM_HOOK( 4128): Received Broadcast Intent ACTION_UNSOL_RESPONSE_OEM_HOOK_RAW
05-04 20:27:23.779 D/QC_RIL_OEM_HOOK( 4128): Oem ID in QCRILHOOK UNSOL RESP is QOEMHOOK
05-04 20:27:23.779 D/QC_RIL_OEM_HOOK( 4128): Received Broadcast Intent ACTION_UNSOL_RESPONSE_OEM_HOOK_RAW
05-04 20:27:23.779 D/QC_RIL_OEM_HOOK( 4128): Oem ID in QCRILHOOK UNSOL RESP is QOEMHOOK
05-04 20:27:23.784 D/PowerManagerService( 3064): nativeAcquireSuspendBlocker name:PowerManagerService.WakeLocks duration ms: 0
05-04 20:27:23.792 W/IWlanNetworkService( 4043): 102521 > Response Processed
05-04 20:27:23.798 E/RIL-MOTEXT( 2410): qcrilUpdateOperator, called
05-04 20:27:23.803 I/QcrilOemhookMsgTunnel( 4048): [0]processOemHookIndication length=16
05-04 20:27:23.804 D/QcrilMsgTunnelIfaceManager( 4048): handleMessage what = 5
05-04 20:27:23.806 D/StatusBarIconController( 3827): ignoring old pipeline callbacks, because the new mobile icons are enabled
05-04 20:27:23.986 D/PowerManagerService( 3064): nativeReleaseSuspendBlocker name:PowerManagerService.WakeLocks duration ms: 0
05-04 20:27:24.422 I/ThermalEngine(10311): SS:INACTIVE:SS-MSM-CPU7:cpu-cluster2=0:BACK_TEMP=39919
05-04 20:27:24.430 I/ThermalEngine(10311): SS:INACTIVE:SS-MSM-CPU4:cpu-cluster1=0:BACK_TEMP=39909
05-04 20:27:24.599 D/PowerManagerService( 3064): nativeAcquireSuspendBlocker name:PowerManagerService.WakeLocks duration ms: 2
05-04 20:27:24.602 D/PowerManagerService( 3064): nativeReleaseSuspendBlocker name:PowerManagerService.WakeLocks duration ms: 0
05-04 20:27:25.827 I/QcrilOemhookMsgTunnel( 4048): [0]processOemHookIndication length=16
05-04 20:27:25.827 D/QcrilMsgTunnelIfaceManager( 4048): handleMessage what = 5
05-04 20:27:26.274 D/ActivityManager( 3064): freezing 9276 com.google.android.cellbroadcastreceiver, reason = oom_cached
05-04 20:27:27.247 I/QC2Comp ( 1830): [avcD_1124] Stats: Pending(9) i/p-done(5) Works: Q: 28/Done 20|Work-Rate: Q(0.0/s Avg=0.0/s) Done(0.000/s Avg=0.001/s)| Stream: 30.00fps 203.8Kbps
05-04 20:27:27.247 I/QC2Comp ( 1830): [avcD_1124] Mem-usage:  [In-1D: 6 bufs 17.930 MB] [1D-2226: 16 bufs 0.250 MB] [2D-2227: 20 bufs 28.438 MB] | Total: 46.617 MB
05-04 20:27:28.097 I/slpi    ( 1731): STK3A5X ALS_OC: lux:2112.216064, last_ps:0[1227], CH0:1581, CH2:204, CH4:8, AWAIT:32, ACRL:33, AGAIN:33, INT1:9, INT2:0, PS:114, LED:128, flag:65, state:7, scale:167.560,als_sel:1(0)(cnt:0)
05-04 20:27:28.800 I/NearbyMediums(27765): No BLE Fast/GATT advertisements found in the latest cycle.
05-04 20:27:28.800 I/NearbyMediums(27765): Current Tracked Scanning Clients are : {NearbyConnections.EnvironmentMonitor, NearbySharing, NearbyConnections.TxAdvertisement}
05-04 20:27:30.276 D/PowerManagerService( 3064): nativeAcquireSuspendBlocker name:PowerManagerService.WakeLocks duration ms: 1
05-04 20:27:30.276 I/sensors-hal( 1731): batch:206, android.sensor.motion_detect/302, period=1000000, max_latency=0
05-04 20:27:30.276 I/sensors-hal( 1731): set_config:57, sample_period_ns is adjusted to 0 based on min/max delay_ns
05-04 20:27:30.277 I/sensors-hal( 1731): batch:215, android.sensor.motion_detect/302, period=1000000, max_latency=0 request completed
05-04 20:27:30.277 I/sensors-hal( 1731): activate:173, android.sensor.motion_detect/302 en=1
05-04 20:27:30.277 I/sensors-hal( 1731): get_qmi_debug_flag:239, support_qmi_debug : false
05-04 20:27:30.278 W/ProcessStats( 3064): Tracking association SourceState{c590abc com.deepeye.musicpro.debug/10502 BTop #2043454} whose proc state 2 is better than process ProcessState{bf547ef com.google.android.gms.persistent/10192 pkg=com.google.android.gms} proc state 3 (3 skipped)
05-04 20:27:30.279 E/minksocket( 1727): MinkIPC_QRTR_Service: client with node 1 port 79b0 went down
05-04 20:27:30.279 E/minksocket( 1727): MinkIPC_QRTR_Service: client with node 1 port 79b1 went down
05-04 20:27:30.280 E/minksocket( 1727): MinkIPC_QRTR_Service: client with node 1 port 79b2 went down
05-04 20:27:30.281 E/Diag_Lib( 1731): diag: Diag_LSM_Init: invoked for pid: 1731 with init_count: 0
05-04 20:27:30.281 E/Diag_Lib( 1731): diag:failed to connect to diag socket
05-04 20:27:30.281 E/Diag_Lib( 1731):  Diag_LSM_Init: Failed to open handle to diag driver, error = 13
05-04 20:27:30.281 I/sensors-hal( 1731): send_sync_sensor_request:341, send sync request
05-04 20:27:30.282 I/sensors-hal( 1731): send_sync_sensor_request:367, wait for notification of response
05-04 20:27:30.282 E/minksocket( 1727): MinkIPC_QRTR_Service: client with node 1 port 79b3 went down
05-04 20:27:30.285 I/sensors-hal( 1731): ssc_conn_resp_cb:632, resp_value = 0
05-04 20:27:30.286 I/sensors-hal( 1731): send_sync_sensor_request:373, takes 3 ms to receive the response with 0
05-04 20:27:30.286 I/sensors-hal( 1731): activate:184, android.sensor.motion_detect/302 en=1 completed
05-04 20:27:30.286 I/sensors-hal( 1731): flush:235, android.sensor.accelerometer/11
05-04 20:27:30.286 I/sensors-hal( 1731): send_sync_sensor_request:341, send sync request
05-04 20:27:30.286 I/sensors-hal( 1731): send_sync_sensor_request:367, wait for notification of response
05-04 20:27:30.287 I/sensors-hal( 1731): ssc_conn_resp_cb:632, resp_value = 0
05-04 20:27:30.287 I/sensors-hal( 1731): send_sync_sensor_request:373, takes 1 ms to receive the response with 0
05-04 20:27:30.287 I/sensors-hal( 1731): flush:241, android.sensor.accelerometer/11 completed
05-04 20:27:30.293 D/ActivityManager( 3064): unfreezing ProcessRecord{8a1343 7345:com.google.android.googlequicksearchbox:search/u0a228}, reason = oom_uncached, adj = 0, adjType = service, adjSource = ProcessRecord{bcfdf54 3064:system/1000}
05-04 20:27:30.294 D/ActivityManager( 3064): sync unfroze 7345 com.google.android.googlequicksearchbox:search for 6
05-04 20:27:30.299 D/WM-DelayedWorkTracker( 7345): Scheduling work 7ee4aa7f-f8ba-4329-8a0a-ca32e12f6fd7
05-04 20:27:30.299 D/WM-WorkConstraintsTrack( 7345): NetworkRequestConstraintController onCapabilitiesChanged callback
05-04 20:27:30.300 D/WM-GreedyScheduler( 7345): Starting tracking for 7ee4aa7f-f8ba-4329-8a0a-ca32e12f6fd7
05-04 20:27:30.300 D/WM-DelayedWorkTracker( 7345): Scheduling work 0eed5820-5c8f-4db0-aef5-019018342866
05-04 20:27:30.300 D/WM-GreedyScheduler( 7345): Starting tracking for 0eed5820-5c8f-4db0-aef5-019018342866
05-04 20:27:30.301 D/WM-WorkConstraintsTrack( 7345): NetworkRequestConstraintController onCapabilitiesChanged callback
05-04 20:27:30.301 D/WM-WorkConstraintsTrack( 7345): NetworkRequestConstraintController onCapabilitiesChanged callback
05-04 20:27:30.301 D/WM-WorkConstraintsTrack( 7345): NetworkRequestConstraintController onCapabilitiesChanged callback
05-04 20:27:30.301 I/Finsky:background( 6700): [2] SCH: job service start with id 10601.
05-04 20:27:30.301 D/WM-WorkConstraintsTrack( 7345): NetworkRequestConstraintController send initial capabilities
05-04 20:27:30.302 D/WM-GreedyScheduler( 7345): Constraints not met: Cancelling work ID WorkGenerationalId(workSpecId=0eed5820-5c8f-4db0-aef5-019018342866, generation=2968)
05-04 20:27:30.303 D/WM-SystemJobService( 7345): onStartJob for WorkGenerationalId(workSpecId=0eed5820-5c8f-4db0-aef5-019018342866, generation=2968)
05-04 20:27:30.308 D/WM-Processor( 7345): owb: processing WorkGenerationalId(workSpecId=0eed5820-5c8f-4db0-aef5-019018342866, generation=2968)
05-04 20:27:30.313 D/WM-WorkerWrapper( 7345): Starting work for androidx.work.multiprocess.RemoteListenableDelegatingWorker
05-04 20:27:30.313 D/WM-ListenableWorkerImpl( 7345): Binding to com.google.android.googlequicksearchbox, com.google.android.libraries.search.integrations.tiktok.RemoteWorkerService_search
05-04 20:27:30.314 I/Finsky:background( 6700): [1202] SCH: Satisfied jobs for 10601 are: 47-15
05-04 20:27:30.319 I/WM-RemoteWorkerService( 7345): Binding to RemoteWorkerService
05-04 20:27:30.321 D/WM-ListenableWorkerImpl( 7345): Service connected
05-04 20:27:30.322 D/WM-ListenableWorkerImpl( 7345): Executing work request (0eed5820-5c8f-4db0-aef5-019018342866, com.google.apps.tiktok.contrib.work.TikTokListenableWorker)
05-04 20:27:30.334 W/AppOps  ( 3064): Noting op not finished: uid 10192 pkg com.google.android.gms code 113 startTime of in progress event=1777906538491
05-04 20:27:30.337 W/AppOps  ( 3064): Noting op not finished: uid 10192 pkg com.google.android.gms code 79 startTime of in progress event=1777906538491
05-04 20:27:30.339 W/AppOps  ( 3064): Noting op not finished: uid 10192 pkg com.google.android.gms code 113 startTime of in progress event=1777906538491
05-04 20:27:30.340 W/AppOps  ( 3064): Noting op not finished: uid 10192 pkg com.google.android.gms code 113 startTime of in progress event=1777906538491
05-04 20:27:30.342 W/AppOps  ( 3064): Noting op not finished: uid 10192 pkg com.google.android.gms code 113 startTime of in progress event=1777906538491
05-04 20:27:30.343 W/AppOps  ( 3064): Noting op not finished: uid 10192 pkg com.google.android.gms code 113 startTime of in progress event=1777906538491
05-04 20:27:30.345 I/ActivityScheduler(27765): nextTriggerTime: 1305552311, in 240000ms, detectorType: 39, FULL_TYPE alarmWindowMillis: 30000
05-04 20:27:30.359 I/Finsky:background( 6700): [1201] SCH: Job 47-15 starting
05-04 20:27:30.360 I/Finsky:background( 6700): [2] WM::SCH: Logging work start for 47-15
05-04 20:27:30.399 D/IntervalStats( 3064): Unable to parse usage stats packages: [766]
05-04 20:27:30.399 D/IntervalStats( 3064): Unable to parse event packages: [766]
05-04 20:27:30.477 I/etbc    ( 7345): #sync(). Running Synclets and scheduling next sync.
05-04 20:27:30.489 D/CompatibilityChangeReporter( 7345): Compat change id reported: 183155436; UID 10228; state: ENABLED
05-04 20:27:30.495 W/SQLiteLog( 6700): (28) double-quoted string literal: "play-pass"
05-04 20:27:30.559 E/Finsky:background( 6700): [1150] [Counters] attempted to use a non-positive increment for: 5114
05-04 20:27:30.559 E/Finsky:background( 6700): [1150] [Counters] attempted to use a non-positive increment for: 5129
05-04 20:27:30.559 E/Finsky:background( 6700): [1150] [Counters] attempted to use a non-positive increment for: 5119
05-04 20:27:30.570 I/Finsky:background( 6700): [1146] [AUC]: Logging for account [enLKfATwYK1DvxLTY65Q1Q6HwBUccP5z6B3qB8vekxs]
05-04 20:27:30.570 I/Finsky:background( 6700): [1146] [AUC] Creating standard logger for account [enLKfATwYK1DvxLTY65Q1Q6HwBUccP5z6B3qB8vekxs]
05-04 20:27:30.571 I/Finsky:background( 6700): [1146] playLoggingServerUrl: https://play.googleapis.com/play/log
05-04 20:27:30.571 I/Finsky:background( 6700): [1146] playLoggingServerTimestampUrl: https://play.googleapis.com/play/log/timestamp
05-04 20:27:30.584 I/Finsky:background( 6700): [1146] SCH: Received scheduling request: Id: 47-30, Constraints: [{ L: 0, D: 172800000, C: CHARGING_NONE, I: IDLE_NONE, N: NET_ANY, B: BATTERY_ANY }]
05-04 20:27:30.606 D/WM-PackageManagerHelper( 6700): Skipping component enablement for androidx.work.impl.background.systemjob.SystemJobService
05-04 20:27:30.606 D/WM-Schedulers( 6700): Created SystemJobScheduler and enabled SystemJobService
05-04 20:27:30.607 D/WM-ForceStopRunnable( 6700): Is default app process = true
05-04 20:27:30.607 D/WM-ForceStopRunnable( 6700): Performing cleanup operations.
05-04 20:27:30.617 I/etbc    ( 7345): (REDACTED) Running synclets: %s
05-04 20:27:30.625 I/etbc    ( 7345): (REDACTED) Starting synclet: %s
05-04 20:27:30.631 D/CompatibilityChangeReporter( 6700): Compat change id reported: 160794467; UID 10207; state: ENABLED
05-04 20:27:30.637 D/WM-PackageManagerHelper( 6700): Skipping component enablement for androidx.work.impl.background.systemalarm.RescheduleReceiver
05-04 20:27:30.683 I/ThermalEngine(10311): ACTION: freeze_rule - Setting freeze_rule to 0
05-04 20:27:30.683 I/ThermalEngine(10311): Monitor:INACTIVE:FREEZE-CHG:freeze_rule=1:DETECT-STANDBY=0
05-04 20:27:30.683 I/ThermalEngine(10311): Thermal-Server: Thermal received msg from  freezing
05-04 20:27:30.683 I/Thermal-Lib(10311): Thermal-Lib-Client: Client request sent
05-04 20:27:30.683 I/ThermalEngine(10311): ACTION: override_c - Setting override_c to 0
05-04 20:27:30.683 I/ThermalEngine(10311): Monitor:INACTIVE:OVERRIDE-CHG:internal_override=1:DETECT-STANDBY=0
05-04 20:27:30.683 I/ThermalEngine(10311): Thermal-Server: Thermal received msg from  override_c
05-04 20:27:30.684 I/Thermal-Lib(10311): Thermal-Lib-Client: Client request sent
05-04 20:27:30.689 I/ThermalEngine(10311): Monitor:ACTIVE:MON-MSM-charge:battery=6:CHG-SENSORS=42467
05-04 20:27:30.707 I/slpi    ( 1731): STK3A5X ALS_OC: lux:1882.423950, last_ps:0[1219], CH0:1409, CH2:181, CH4:7, AWAIT:32, ACRL:33, AGAIN:33, INT1:9, INT2:0, PS:114, LED:128, flag:65, state:7, scale:167.560,als_sel:1(0)(cnt:0)
05-04 20:27:30.738 D/BoundBrokerSvc(14578): onRebind: Intent { act=com.google.android.gms.onboardingconsent.api.ConsentManagerApiService.START dat=chimera-action:/... cmp=com.google.android.gms/.chimera.GmsApiService }
05-04 20:27:30.742 D/BoundBrokerSvc(14578): onBind: Intent { act=com.google.android.gms.audit.service.START pkg=com.google.android.gms }
05-04 20:27:30.742 D/BoundBrokerSvc(14578): Loading bound service for intent: Intent { act=com.google.android.gms.audit.service.START pkg=com.google.android.gms }
05-04 20:27:30.743 W/ConsentManagerApiServic(14578): Consent Manager API is not enabled. [CONTEXT service_id=460 ]
05-04 20:27:30.746 W/bnwz    ( 7345): No value provided for the places model index flag.
05-04 20:27:30.746 W/bnwz    ( 7345): No value provided for the places model index flag.
05-04 20:27:30.754 I/QcrilOemhookMsgTunnel( 4048): [0]processOemHookIndication length=33
05-04 20:27:30.755 D/QcrilMsgTunnelIfaceManager( 4048): handleMessage what = 5
05-04 20:27:30.755 I/QcrilOemhookMsgTunnel( 4048): [0]processOemHookIndication length=12
05-04 20:27:30.755 D/QcrilMsgTunnelIfaceManager( 4048): handleMessage what = 5
05-04 20:27:30.756 I/QcrilOemhookMsgTunnel( 4048): [0]processOemHookIndication length=21
05-04 20:27:30.757 D/QcrilMsgTunnelIfaceManager( 4048): handleMessage what = 0
05-04 20:27:30.758 D/CompatibilityChangeReporter(10800): Compat change id reported: 150939131; UID 10228; state: ENABLED
05-04 20:27:30.759 D/QC_RIL_OEM_HOOK( 4048): Received Broadcast Intent ACTION_UNSOL_RESPONSE_OEM_HOOK_RAW
05-04 20:27:30.759 D/QC_RIL_OEM_HOOK( 4048): Oem ID in QCRILHOOK UNSOL RESP is QOEMHOOK
05-04 20:27:30.761 D/QC_RIL_OEM_HOOK( 4128): Received Broadcast Intent ACTION_UNSOL_RESPONSE_OEM_HOOK_RAW
05-04 20:27:30.761 D/QC_RIL_OEM_HOOK( 4128): Oem ID in QCRILHOOK UNSOL RESP is QOEMHOOK
05-04 20:27:30.761 D/QC_RIL_OEM_HOOK( 4128): Received Broadcast Intent ACTION_UNSOL_RESPONSE_OEM_HOOK_RAW
05-04 20:27:30.761 D/QC_RIL_OEM_HOOK( 4128): Oem ID in QCRILHOOK UNSOL RESP is QOEMHOOK
05-04 20:27:30.764 W/IWlanNetworkService( 4043): 102522 > Response Processed
05-04 20:27:30.771 D/StatusBarIconController( 3827): ignoring old pipeline callbacks, because the new mobile icons are enabled
05-04 20:27:30.775 E/RIL-MOTEXT( 2410): qcrilUpdateOperator, called
05-04 20:27:30.781 I/QcrilOemhookMsgTunnel( 4048): [0]processOemHookIndication length=33
05-04 20:27:30.782 D/QcrilMsgTunnelIfaceManager( 4048): handleMessage what = 5
05-04 20:27:30.782 I/QcrilOemhookMsgTunnel( 4048): [0]processOemHookIndication length=12
05-04 20:27:30.782 D/QcrilMsgTunnelIfaceManager( 4048): handleMessage what = 5
05-04 20:27:30.816 W/PhBaseOp(27765): Phenotype API error. Event: # izmk@dbcf7d14, EventCode: COMMIT_CONFIG [CONTEXT service_id=51 ]
05-04 20:27:30.816 W/PhBaseOp(27765): eyih: 29547: Stale snapshot for com.google.android.apps.search.readaloud#com.google.android.googlequicksearchbox(new configuration available)
05-04 20:27:30.816 W/PhBaseOp(27765): 	at eykf.d(:com.google.android.gms@261631029@26.16.31 (190400-900800821):380)
05-04 20:27:30.816 W/PhBaseOp(27765): 	at eykf.b(:com.google.android.gms@261631029@26.16.31 (190400-900800821):44)
05-04 20:27:30.816 W/PhBaseOp(27765): 	at eyke.i(:com.google.android.gms@261631029@26.16.31 (190400-900800821):3)
05-04 20:27:30.816 W/PhBaseOp(27765): 	at eyka.h(:com.google.android.gms@261631029@26.16.31 (190400-900800821):34)
05-04 20:27:30.816 W/PhBaseOp(27765): 	at eyka.f(:com.google.android.gms@261631029@26.16.31 (190400-900800821):16)
05-04 20:27:30.816 W/PhBaseOp(27765): 	at cvok.fB(:com.google.android.gms@261631029@26.16.31 (190400-900800821):1)
05-04 20:27:30.816 W/PhBaseOp(27765): 	at cvov.run(:com.google.android.gms@261631029@26.16.31 (190400-900800821):121)
05-04 20:27:30.816 W/PhBaseOp(27765): 	at gzlf.run(:com.google.android.gms@261631029@26.16.31 (190400-900800821):23)
05-04 20:27:30.816 W/PhBaseOp(27765): 	at biwf.c(:com.google.android.gms@261631029@26.16.31 (190400-900800821):50)
05-04 20:27:30.816 W/PhBaseOp(27765): 	at biwf.run(:com.google.android.gms@261631029@26.16.31 (190400-900800821):66)
05-04 20:27:30.816 W/PhBaseOp(27765): 	at java.util.concurrent.ThreadPoolExecutor.runWorker(ThreadPoolExecutor.java:1154)
05-04 20:27:30.816 W/PhBaseOp(27765): 	at java.util.concurrent.ThreadPoolExecutor$Worker.run(ThreadPoolExecutor.java:652)
05-04 20:27:30.816 W/PhBaseOp(27765): 	at bjbw.run(:com.google.android.gms@261631029@26.16.31 (190400-900800821):8)
05-04 20:27:30.816 W/PhBaseOp(27765): 	at java.lang.Thread.run(Thread.java:1564)
05-04 20:27:30.816 W/AsyncOperation(27765): operation=CommitToConfigurationOperationCall, opStatusCode=29547 [CONTEXT service_id=51 ]
05-04 20:27:30.816 W/AsyncOperation(27765): OperationException[Status{statusCode=Stale snapshot for com.google.android.apps.search.readaloud#com.google.android.googlequicksearchbox(new configuration available), resolution=null}]
05-04 20:27:30.816 W/AsyncOperation(27765): 	at eyka.h(:com.google.android.gms@261631029@26.16.31 (190400-900800821):64)
05-04 20:27:30.816 W/AsyncOperation(27765): 	at eyka.f(:com.google.android.gms@261631029@26.16.31 (190400-900800821):16)
05-04 20:27:30.816 W/AsyncOperation(27765): 	at cvok.fB(:com.google.android.gms@261631029@26.16.31 (190400-900800821):1)
05-04 20:27:30.816 W/AsyncOperation(27765): 	at cvov.run(:com.google.android.gms@261631029@26.16.31 (190400-900800821):121)
05-04 20:27:30.816 W/AsyncOperation(27765): 	at gzlf.run(:com.google.android.gms@261631029@26.16.31 (190400-900800821):23)
05-04 20:27:30.816 W/AsyncOperation(27765): 	at biwf.c(:com.google.android.gms@261631029@26.16.31 (190400-900800821):50)
05-04 20:27:30.816 W/AsyncOperation(27765): 	at biwf.run(:com.google.android.gms@261631029@26.16.31 (190400-900800821):66)
05-04 20:27:30.816 W/AsyncOperation(27765): 	at java.util.concurrent.ThreadPoolExecutor.runWorker(ThreadPoolExecutor.java:1154)
05-04 20:27:30.816 W/AsyncOperation(27765): 	at java.util.concurrent.ThreadPoolExecutor$Worker.run(ThreadPoolExecutor.java:652)
05-04 20:27:30.816 W/AsyncOperation(27765): 	at bjbw.run(:com.google.android.gms@261631029@26.16.31 (190400-900800821):8)
05-04 20:27:30.816 W/AsyncOperation(27765): 	at java.lang.Thread.run(Thread.java:1564)
05-04 20:27:30.854 I/cssu    ( 7345): PCPv2 has subscribed clients. Start daily sync.
05-04 20:27:30.860 I/cssu    ( 7345): SYNC_DATA_RESPONSE cancelled.
05-04 20:27:30.860 I/cssu    ( 7345): java.util.concurrent.CancellationException: Task was cancelled.
05-04 20:27:30.860 I/cssu    ( 7345): 	at fdlf.g(PG:31)
05-04 20:27:30.860 I/cssu    ( 7345): 	at fdlg.q(PG:24)
05-04 20:27:30.860 I/cssu    ( 7345): 	at fdlf.get(PG:1)
05-04 20:27:30.860 I/cssu    ( 7345): 	at a.dV(PG:2)
05-04 20:27:30.860 I/cssu    ( 7345): 	at fdpo.o(PG:10)
05-04 20:27:30.860 I/cssu    ( 7345): 	at cssu.b(PG:8)
05-04 20:27:30.860 I/cssu    ( 7345): 	at csst.a(PG:7)
05-04 20:27:30.860 I/cssu    ( 7345): 	at etjo.a(PG:17)
05-04 20:27:30.860 I/cssu    ( 7345): 	at fdmz.a(PG:3)
05-04 20:27:30.860 I/cssu    ( 7345): 	at fdop.run(PG:19)
05-04 20:27:30.860 I/cssu    ( 7345): 	at cvhm.run(PG:5)
05-04 20:27:30.860 I/cssu    ( 7345): 	at fcin.run(PG:46)
05-04 20:27:30.860 I/cssu    ( 7345): 	at cvgy.run(PG:81)
05-04 20:27:30.860 I/cssu    ( 7345): 	at java.lang.Thread.run(Thread.java:1564)
05-04 20:27:30.860 I/cssu    ( 7345): 	at cviq.run(PG:63)
05-04 20:27:30.877 I/etbc    ( 7345): Scheduling next wakeup
05-04 20:27:30.878 I/etcc    ( 7345): Scheduling next periodic WorkManager workers
05-04 20:27:30.878 I/cslk    ( 7345): (REDACTED) remove request for trigger key: %s, isClientInitiated: %s
05-04 20:27:30.883 I/csnk    ( 7345): (REDACTED) #remove: subTriggerId=%s
05-04 20:27:30.888 D/WM-GreedyScheduler( 7345): Cancelling work ID a804e960-08de-4c21-8f97-a6d5e171bbdc
05-04 20:27:30.888 I/csnk    ( 7345): (REDACTED) #maybeCreateTimeTrigger: time trigger= %s with start time=%d, stop time=%d in seconds.
05-04 20:27:30.890 D/CompatibilityChangeReporter( 3064): Compat change id reported: 171306433; UID 10228; state: ENABLED
05-04 20:27:30.890 D/CompatibilityChangeReporter( 3064): Compat change id reported: 226439802; UID 10228; state: ENABLED
05-04 20:27:30.891 D/CompatibilityChangeReporter( 3064): Compat change id reported: 218533173; UID 10228; state: ENABLED
05-04 20:27:30.895 I/QcrilOemhookMsgTunnel( 4048): [0]processOemHookIndication length=33
05-04 20:27:30.895 D/QcrilMsgTunnelIfaceManager( 4048): handleMessage what = 5
05-04 20:27:30.895 I/QcrilOemhookMsgTunnel( 4048): [0]processOemHookIndication length=12
05-04 20:27:30.896 D/QcrilMsgTunnelIfaceManager( 4048): handleMessage what = 5
05-04 20:27:30.896 D/WM-SystemJobScheduler( 7345): Scheduling work ID a804e960-08de-4c21-8f97-a6d5e171bbdcJob ID 42372
05-04 20:27:30.898 D/WM-GreedyScheduler( 7345): Starting tracking for 7ee4aa7f-f8ba-4329-8a0a-ca32e12f6fd7
05-04 20:27:30.901 D/WM-GreedyScheduler( 7345): Cancelling work ID 7ee4aa7f-f8ba-4329-8a0a-ca32e12f6fd7
05-04 20:27:30.906 D/WM-SystemJobScheduler( 7345): Scheduling work ID 7ee4aa7f-f8ba-4329-8a0a-ca32e12f6fd7Job ID 42373
05-04 20:27:30.910 D/WM-GreedyScheduler( 7345): Cancelling work ID 7ee4aa7f-f8ba-4329-8a0a-ca32e12f6fd7
05-04 20:27:30.919 D/WM-SystemJobScheduler( 7345): Scheduling work ID 7ee4aa7f-f8ba-4329-8a0a-ca32e12f6fd7Job ID 42374
05-04 20:27:30.924 D/WM-GreedyScheduler( 7345): Cancelling work ID de6d823c-20fb-4ef8-8abf-717f629ab38d
05-04 20:27:30.930 D/WM-SystemJobScheduler( 7345): Scheduling work ID de6d823c-20fb-4ef8-8abf-717f629ab38dJob ID 42375
05-04 20:27:30.936 I/etcc    ( 7345): Successfully scheduled next periodic workers
05-04 20:27:30.938 I/etbc    ( 7345): #sync() complete
05-04 20:27:30.940 D/RemoteListenableDelegatingWorker( 7345): Cleaning up
05-04 20:27:30.942 I/WM-WorkerWrapper( 7345): Worker result SUCCESS for Work [ id=0eed5820-5c8f-4db0-aef5-019018342866, tags={ com.google.apps.tiktok.contrib.work.TikTokListenableWorker,com.google.apps.tiktok.sync.impl.workmanager.SyncPeriodicWorker_proc<search>,sync_constraint:charger_connected,TikTokWorker#com.google.apps.tiktok.sync.impl.workmanager.SyncPeriodicWorker } ]
05-04 20:27:30.944 D/WM-Processor( 7345): owb 0eed5820-5c8f-4db0-aef5-019018342866 executed; reschedule = false
05-04 20:27:30.944 D/WM-GreedyScheduler( 7345): Stopping tracking for WorkGenerationalId(workSpecId=0eed5820-5c8f-4db0-aef5-019018342866, generation=2968)
05-04 20:27:30.944 D/WM-SystemJobService( 7345): 0eed5820-5c8f-4db0-aef5-019018342866 executed on JobScheduler
05-04 20:27:30.947 D/WM-GreedyScheduler( 7345): Cancelling work ID 0eed5820-5c8f-4db0-aef5-019018342866
05-04 20:27:30.954 D/WM-SystemJobScheduler( 7345): Scheduling work ID 0eed5820-5c8f-4db0-aef5-019018342866Job ID 42376
05-04 20:27:31.025 D/StatusBarIconController( 3827): ignoring old pipeline callbacks, because the new mobile icons are enabled
05-04 20:27:31.107 W/earchbox:search( 7345): Reducing the number of considered missed Gc histogram windows from 132 to 100
05-04 20:27:31.118 E/minksocket( 1727): MinkIPC_QRTR_Service: client with node 1 port 79b5 went down
05-04 20:27:31.118 E/minksocket( 1727): MinkIPC_QRTR_Service: client with node 1 port 79b6 went down
05-04 20:27:31.118 E/minksocket( 1727): MinkIPC_QRTR_Service: client with node 1 port 79b7 went down
05-04 20:27:31.120 E/minksocket( 1727): MinkIPC_QRTR_Service: client with node 1 port 79b9 went down
05-04 20:27:31.121 E/minksocket( 1727): MinkIPC_QRTR_Service: client with node 1 port 79ba went down
05-04 20:27:31.122 E/minksocket( 1727): MinkIPC_QRTR_Service: client with node 1 port 79bb went down
05-04 20:27:31.230 I/slpi    ( 1731): STK3A5X ALS_OC: lux:1649.959961, last_ps:0[1224], CH0:1235, CH2:157, CH4:6, AWAIT:32, ACRL:33, AGAIN:33, INT1:9, INT2:0, PS:114, LED:128, flag:65, state:7, scale:167.560,als_sel:1(0)(cnt:0)
05-04 20:27:31.319 E/minksocket( 1727): MinkIPC_QRTR_Service: client with node 1 port 79bd went down
05-04 20:27:31.320 E/minksocket( 1727): MinkIPC_QRTR_Service: client with node 1 port 79be went down
05-04 20:27:31.321 E/minksocket( 1727): MinkIPC_QRTR_Service: client with node 1 port 79bf went down
05-04 20:27:31.325 E/minksocket( 1727): MinkIPC_QRTR_Service: client with node 1 port 79c0 went down
05-04 20:27:31.350 D/BoundBrokerSvc(27765): onRebind: Intent { act=com.google.android.gms.libs.gmscorelogger.service.START dat=chimera-action:/... cmp=com.google.android.gms/.chimera.PersistentDirectBootAwareApiService }
05-04 20:27:31.578 I/Finsky:background( 6700): [1145] WM::SCH: Logging work initialize for 47-30
05-04 20:27:31.584 I/Finsky:background( 6700): [1156] SCH: Scheduling phonesky job Id: 47-30, CT: 1777906650584, Constraints: [{ L: 0, D: 172800000, C: CHARGING_NONE, I: IDLE_NONE, N: NET_ANY, B: BATTERY_ANY }, { L: 0, D: 0, C: CHARGING_NONE, I: IDLE_NONE, N: NET_NONE, B: BATTERY_ANY }]
05-04 20:27:31.587 I/Finsky:background( 6700): [1154] SCH: Scheduling 2 system job(s)
05-04 20:27:31.588 D/CompatibilityChangeReporter( 6700): Compat change id reported: 194532703; UID 10207; state: ENABLED
05-04 20:27:31.588 D/CompatibilityChangeReporter( 6700): Compat change id reported: 253665015; UID 10207; state: ENABLED
05-04 20:27:31.588 I/Finsky:background( 6700): [1154] SCH: Scheduling system job Id: 10636, L: 0, D: 16244639, C: false, I: false, N: 1
05-04 20:27:31.594 I/Finsky:background( 6700): [1154] SCH: Scheduling expedited system job 10639
05-04 20:27:31.594 I/Finsky:background( 6700): [2] SCH: job service start with id 10636.
05-04 20:27:31.596 I/Finsky:background( 6700): [2] SCH: job service start with id 10639.
05-04 20:27:31.598 I/Finsky:background( 6700): [1202] SCH: Satisfied jobs for 10636 are: 47-30
05-04 20:27:31.602 I/Finsky:background( 6700): [1202] SCH: Satisfied jobs for 10639 are: 47-30
05-04 20:27:31.602 I/Finsky:background( 6700): [1201] SCH: Job 47-30 starting
05-04 20:27:31.603 I/Finsky:background( 6700): [2] WM::SCH: Logging work start for 47-30
05-04 20:27:31.605 I/Finsky:background( 6700): [2] [AUC] Creating standard logger for account [fXHyxShIPC9K29HwlPzMwGQ1gpqw60dVWPQwJyR-3fQ]
05-04 20:27:31.606 I/Finsky:background( 6700): [2] playLoggingServerUrl: https://play.googleapis.com/play/log
05-04 20:27:31.606 I/Finsky:background( 6700): [2] playLoggingServerTimestampUrl: https://play.googleapis.com/play/log/timestamp
05-04 20:27:31.613 I/Finsky:background( 6700): [2] [AUC] Creating standard logger for account [DxzJyVXQinIDSojzpb-Py5BCqZQSgsdv2-NcTt6ZcaI]
05-04 20:27:31.613 I/Finsky:background( 6700): [2] playLoggingServerUrl: https://play.googleapis.com/play/log
05-04 20:27:31.613 I/Finsky:background( 6700): [2] playLoggingServerTimestampUrl: https://play.googleapis.com/play/log/timestamp
05-04 20:27:31.619 I/Finsky:background( 6700): [2] [AUC] Creating standard logger for account [xXyBLui-ZNY2-6L3z_ule8XZhlBqedA7wXjHrVQZUxw]
05-04 20:27:31.619 I/Finsky:background( 6700): [2] playLoggingServerUrl: https://play.googleapis.com/play/log
05-04 20:27:31.619 I/Finsky:background( 6700): [2] playLoggingServerTimestampUrl: https://play.googleapis.com/play/log/timestamp
05-04 20:27:31.625 I/Finsky:background( 6700): [2] [AUC] Creating standard logger for account [EMPFOtfmLhsXmQ3Q1-z3hlj_DEIHORPsOTmTvS2d0XU]
05-04 20:27:31.625 I/Finsky:background( 6700): [2] playLoggingServerUrl: https://play.googleapis.com/play/log
05-04 20:27:31.625 I/Finsky:background( 6700): [2] playLoggingServerTimestampUrl: https://play.googleapis.com/play/log/timestamp
05-04 20:27:31.646 I/Finsky:background( 6700): [1146] SCH: jobFinished: 47-15. TimeElapsed: 1287ms.
05-04 20:27:31.646 I/Finsky:background( 6700): [1146] WM::SCH: Logging work end for 47-15
05-04 20:27:31.648 I/Finsky:background( 6700): [1202] SCH: Attempting to reschedule job: Id: 47-15, Constraints: [{ L: 3600000, D: 21584599, C: CHARGING_NONE, I: IDLE_REQUIRED, N: NET_NONE, B: BATTERY_ANY }]
05-04 20:27:31.650 I/PlayCommon( 6700): [1206] Preparing logs for uploading
05-04 20:27:31.650 I/Finsky:background( 6700): [2] [AUC]: Logs flushed for account: [fXHyxShIPC9K29HwlPzMwGQ1gpqw60dVWPQwJyR-3fQ]
05-04 20:27:31.650 I/Finsky:background( 6700): [2] [AUC]: Logs flushed for account: [DxzJyVXQinIDSojzpb-Py5BCqZQSgsdv2-NcTt6ZcaI]
05-04 20:27:31.650 I/Finsky:background( 6700): [2] [AUC]: Logs flushed for account: [xXyBLui-ZNY2-6L3z_ule8XZhlBqedA7wXjHrVQZUxw]
05-04 20:27:31.651 I/Finsky:background( 6700): [2] [AUC]: Logs flushed for account: [EMPFOtfmLhsXmQ3Q1-z3hlj_DEIHORPsOTmTvS2d0XU]
05-04 20:27:31.653 I/Finsky:background( 6700): [1154] SCH: no pending jobs to schedule.
05-04 20:27:31.653 I/Finsky:background( 6700): [1201] SCH: job service finished with id 10601.
05-04 20:27:31.686 I/PlayCommon( 6700): [1206] Connecting to server: https://play.googleapis.com/play/log?format=raw&proto_v2=true
05-04 20:27:31.713 I/Finsky:background( 6700): [1148] WM::SCH: Logging work initialize for 47-15
05-04 20:27:31.715 I/Finsky:background( 6700): [1152] SCH: Scheduling phonesky job Id: 47-15, CT: 1777906651648, Constraints: [{ L: 3600000, D: 21584599, C: CHARGING_NONE, I: IDLE_REQUIRED, N: NET_NONE, B: BATTERY_ANY }]
05-04 20:27:31.719 I/Finsky:background( 6700): [1154] SCH: Scheduling 1 system job(s)
05-04 20:27:31.719 I/Finsky:background( 6700): [1154] SCH: Scheduling system job Id: 10641, L: 3599929, D: 21584528, C: false, I: true, N: 0
05-04 20:27:32.207 I/PlayCommon( 6700): [1206] Successfully uploaded logs.
05-04 20:27:32.210 I/Finsky:background( 6700): [2] [AUC]: Logs flushed for account: [enLKfATwYK1DvxLTY65Q1Q6HwBUccP5z6B3qB8vekxs]
05-04 20:27:32.210 I/Finsky:background( 6700): [2] [AUC]: Finished flush job
05-04 20:27:32.210 I/Finsky:background( 6700): [2] SCH: jobFinished: 47-30. TimeElapsed: 609ms.
05-04 20:27:32.211 I/Finsky:background( 6700): [2] WM::SCH: Logging work end for 47-30
05-04 20:27:32.221 I/Finsky:background( 6700): [1150] SCH: Scheduling phonesky job Id: 59-1, CT: 1777902645054, Constraints: [{ L: 10111179, D: 20251172, C: CHARGING_NONE, I: IDLE_NONE, N: NET_ANY, B: BATTERY_ANY }]
05-04 20:27:32.223 I/Finsky:background( 6700): [1152] SCH: Scheduling 1 system job(s)
05-04 20:27:32.224 I/Finsky:background( 6700): [1152] SCH: Scheduling system job Id: 10642, L: 6104010, D: 16244003, C: false, I: false, N: 1
05-04 20:27:32.228 I/Finsky:background( 6700): [1150] SCH: no pending jobs to schedule.
05-04 20:27:32.228 I/Finsky:background( 6700): [1201] SCH: job service finished with id 10636.
05-04 20:27:32.228 I/Finsky:background( 6700): [1201] SCH: job service finished with id 10639.
05-04 20:27:32.231 D/PowerManagerService( 3064): nativeReleaseSuspendBlocker name:PowerManagerService.WakeLocks duration ms: 1
05-04 20:27:32.247 I/QC2Comp ( 1830): [avcD_1124] Stats: Pending(9) i/p-done(5) Works: Q: 28/Done 20|Work-Rate: Q(0.0/s Avg=0.0/s) Done(0.000/s Avg=0.001/s)| Stream: 30.00fps 203.8Kbps
05-04 20:27:32.247 I/QC2Comp ( 1830): [avcD_1124] Mem-usage:  [In-1D: 6 bufs 17.930 MB] [1D-2226: 16 bufs 0.250 MB] [2D-2227: 20 bufs 28.438 MB] | Total: 46.617 MB
05-04 20:27:32.391 W/ding:background( 6700): Reducing the number of considered missed Gc histogram windows from 145 to 100
05-04 20:27:32.423 E/minksocket( 1727): MinkIPC_QRTR_Service: client with node 1 port 79c1 went down
05-04 20:27:32.424 E/minksocket( 1727): MinkIPC_QRTR_Service: client with node 1 port 79c2 went down
05-04 20:27:32.425 E/minksocket( 1727): MinkIPC_QRTR_Service: client with node 1 port 79c3 went down
05-04 20:27:32.428 E/minksocket( 1727): MinkIPC_QRTR_Service: client with node 1 port 79c4 went down
05-04 20:27:32.686 I/ThermalEngine(10311): Monitor:ACTIVE:FREEZE-CHG:freeze_rule=1:DETECT-STANDBY=1
05-04 20:27:32.686 I/ThermalEngine(10311): ACTION: freeze_rule - Setting freeze_rule to 1
05-04 20:27:32.686 I/ThermalEngine(10311): Monitor:ACTIVE:OVERRIDE-CHG:internal_override=1:DETECT-STANDBY=1
05-04 20:27:32.686 I/Thermal-Lib(10311): Thermal-Lib-Client: Client request sent
05-04 20:27:32.686 I/ThermalEngine(10311): Thermal-Server: Thermal received msg from  freezing
05-04 20:27:32.687 I/ThermalEngine(10311): ACTION: override_c - Setting override_c to 1
05-04 20:27:32.687 I/Thermal-Lib(10311): Thermal-Lib-Client: Client request sent
05-04 20:27:32.688 I/ThermalEngine(10311): Thermal-Server: Thermal received msg from  override_c
05-04 20:27:32.902 I/slpi    ( 1731): STK3A5X ALS_OC: lux:1865.056030, last_ps:0[1219], CH0:1396, CH2:179, CH4:7, AWAIT:32, ACRL:33, AGAIN:33, INT1:9, INT2:0, PS:114, LED:128, flag:65, state:7, scale:167.560,als_sel:1(0)(cnt:0)
05-04 20:27:33.324 E/minksocket( 1727): MinkIPC_QRTR_Service: client with node 1 port 79b8 went down
05-04 20:27:33.324 E/minksocket( 1727): MinkIPC_QRTR_Service: client with node 1 port 79bc went down
05-04 20:27:33.524 E/minksocket( 1727): MinkIPC_QRTR_Service: client with node 1 port 79c5 went down
05-04 20:27:33.525 E/minksocket( 1727): MinkIPC_QRTR_Service: client with node 1 port 79c6 went down
05-04 20:27:33.526 E/minksocket( 1727): MinkIPC_QRTR_Service: client with node 1 port 79c7 went down
05-04 20:27:33.528 E/minksocket( 1727): MinkIPC_QRTR_Service: client with node 1 port 79c8 went down
05-04 20:27:34.626 E/minksocket( 1727): MinkIPC_QRTR_Service: client with node 1 port 79c9 went down
05-04 20:27:34.627 E/minksocket( 1727): MinkIPC_QRTR_Service: client with node 1 port 79ca went down
05-04 20:27:34.629 E/minksocket( 1727): MinkIPC_QRTR_Service: client with node 1 port 79cb went down
05-04 20:27:34.631 E/minksocket( 1727): MinkIPC_QRTR_Service: client with node 1 port 79cc went down
05-04 20:27:35.043 D/StatusBarIconController( 3827): ignoring old pipeline callbacks, because the new mobile icons are enabled
05-04 20:27:35.749 D/BoundBrokerSvc(14578): onUnbind: Intent { act=com.google.android.gms.onboardingconsent.api.ConsentManagerApiService.START dat=chimera-action:/... cmp=com.google.android.gms/.chimera.GmsApiService }
05-04 20:27:36.778 E/minksocket( 1727): MinkIPC_QRTR_Service: client with node 1 port 79cd went down
05-04 20:27:36.779 E/minksocket( 1727): MinkIPC_QRTR_Service: client with node 1 port 79ce went down
05-04 20:27:36.780 E/minksocket( 1727): MinkIPC_QRTR_Service: client with node 1 port 79cf went down
05-04 20:27:36.782 E/minksocket( 1727): MinkIPC_QRTR_Service: client with node 1 port 79d1 went down
05-04 20:27:36.783 E/minksocket( 1727): MinkIPC_QRTR_Service: client with node 1 port 79d2 went down
05-04 20:27:36.786 E/minksocket( 1727): MinkIPC_QRTR_Service: client with node 1 port 79d3 went down
05-04 20:27:36.879 I/MdnsReplySender( 3064): Sending {MdnsReplyInfo: /[fe80::d08d:76ff:fe5f:4745%ap_br_wlan2]:5353 to /[ff02::fb]:5353, answers: 1, additionalAnswers: 7, knownAnswers: 0, sendDelayMs 79}
05-04 20:27:36.910 I/MdnsReplySender( 3064): Sending {MdnsReplyInfo: /10.85.181.71:5353 to /224.0.0.251:5353, answers: 1, additionalAnswers: 7, knownAnswers: 0, sendDelayMs 111}
05-04 20:27:37.050 D/StatusBarIconController( 3827): ignoring old pipeline callbacks, because the new mobile icons are enabled
05-04 20:27:37.247 I/QC2Comp ( 1830): [avcD_1124] Stats: Pending(9) i/p-done(5) Works: Q: 28/Done 20|Work-Rate: Q(0.0/s Avg=0.0/s) Done(0.000/s Avg=0.001/s)| Stream: 30.00fps 203.8Kbps
05-04 20:27:37.247 I/QC2Comp ( 1830): [avcD_1124] Mem-usage:  [In-1D: 6 bufs 17.930 MB] [1D-2226: 16 bufs 0.250 MB] [2D-2227: 20 bufs 28.438 MB] | Total: 46.617 MB
05-04 20:27:37.579 E/minksocket( 1727): MinkIPC_QRTR_Service: client with node 1 port 79d5 went down
05-04 20:27:37.580 E/minksocket( 1727): MinkIPC_QRTR_Service: client with node 1 port 79d6 went down
05-04 20:27:37.580 E/minksocket( 1727): MinkIPC_QRTR_Service: client with node 1 port 79d7 went down
05-04 20:27:37.582 E/minksocket( 1727): MinkIPC_QRTR_Service: client with node 1 port 79d8 went down
05-04 20:27:37.846 D/PowerManagerService( 3064): nativeAcquireSuspendBlocker name:PowerManagerService.WakeLocks duration ms: 1
05-04 20:27:37.846 D/vendor.qti.bluetooth@1.0-ibs_handler( 1737): SerialClockVote: vote for UART CLK ON
05-04 20:27:37.847 D/vendor.qti.bluetooth@1.0-wake_lock( 1737): Acquire wakelock is acquired 
05-04 20:27:37.847 I/vendor.qti.bluetooth@1.0-ibs_handler( 1737): DeviceWakeUp: Writing IBS_WAKE_IND
05-04 20:27:37.850 D/TelephonyManager( 3064): requestModemActivityInfo: Sending result to app: ModemActivityInfo{ mTimestamp=1305319816 mSleepTimeMs=1010942978 mIdleTimeMs=11106717 mActivityStatsTechSpecificInfo=[{mRat=UNKNOWN,mFrequencyRange=UNKNOWN,mTxTimeMs[]=[4280043, 2959662, 2914207, 3532284, 3466692],mRxTimeMs=266106929}]}
05-04 20:27:37.851 D/PowerManagerService( 3064): nativeReleaseSuspendBlocker name:PowerManagerService.WakeLocks duration ms: 0
05-04 20:27:37.853 I/vendor.qti.bluetooth@1.0-ibs_handler( 1737): ProcessIbsCmd: Received IBS_WAKE_ACK: 0xFC
05-04 20:27:37.853 I/vendor.qti.bluetooth@1.0-ibs_handler( 1737): ProcessIbsCmd: Signal wack_cond_
05-04 20:27:37.853 D/vendor.qti.bluetooth@1.0-ibs_handler( 1737): DeviceWakeUp: Unblocked from waiting for FC, pthread_cond_timedwait ret = 0
05-04 20:27:37.855 I/vendor.qti.bluetooth@1.0-ibs_handler( 1737): ProcessIbsCmd: Received IBS_WAKE_IND: 0xFD
05-04 20:27:37.855 I/vendor.qti.bluetooth@1.0-ibs_handler( 1737): ProcessIbsCmd: Writing IBS_WAKE_ACK
05-04 20:27:37.883 E/minksocket( 1727): MinkIPC_QRTR_Service: client with node 1 port 79d0 went down
05-04 20:27:37.883 E/minksocket( 1727): MinkIPC_QRTR_Service: client with node 1 port 79d4 went down
05-04 20:27:37.896 I/vendor.qti.bluetooth@1.0-ibs_handler( 1737): ProcessIbsCmd: Received IBS_SLEEP_IND: 0xFE
05-04 20:27:38.053 D/StatusBarIconController( 3827): ignoring old pipeline callbacks, because the new mobile icons are enabled
05-04 20:27:38.802 I/NearbyMediums(27765): No BLE Fast/GATT advertisements found in the latest cycle.
05-04 20:27:38.803 I/NearbyMediums(27765): Current Tracked Scanning Clients are : {NearbyConnections.EnvironmentMonitor, NearbySharing, NearbyConnections.TxAdvertisement}
05-04 20:27:38.854 I/vendor.qti.bluetooth@1.0-ibs_handler( 1737): DeviceSleep: TX Awake, Sending SLEEP_IND
05-04 20:27:38.854 D/vendor.qti.bluetooth@1.0-ibs_handler( 1737): SerialClockVote: vote for UART CLK OFF
05-04 20:27:39.004 D/vendor.qti.bluetooth@1.0-wake_lock( 1737): Release wakelock is released 
05-04 20:27:39.797 E/minksocket( 1727): MinkIPC_QRTR_Service: client with node 1 port 79d9 went down
05-04 20:27:39.798 E/minksocket( 1727): MinkIPC_QRTR_Service: client with node 1 port 79da went down
05-04 20:27:39.798 E/minksocket( 1727): MinkIPC_QRTR_Service: client with node 1 port 79db went down
05-04 20:27:39.800 E/minksocket( 1727): MinkIPC_QRTR_Service: client with node 1 port 79dc went down
05-04 20:27:40.060 D/StatusBarIconController( 3827): ignoring old pipeline callbacks, because the new mobile icons are enabled
05-04 20:27:40.896 E/minksocket( 1727): MinkIPC_QRTR_Service: client with node 1 port 79dd went down
05-04 20:27:40.897 E/minksocket( 1727): MinkIPC_QRTR_Service: client with node 1 port 79de went down
05-04 20:27:40.898 E/minksocket( 1727): MinkIPC_QRTR_Service: client with node 1 port 79df went down
05-04 20:27:40.901 E/minksocket( 1727): MinkIPC_QRTR_Service: client with node 1 port 79e0 went down
05-04 20:27:40.962 D/ActivityManager( 3064): freezing 7345 com.google.android.googlequicksearchbox:search, reason = oom_cached
05-04 20:27:41.064 D/StatusBarIconController( 3827): ignoring old pipeline callbacks, because the new mobile icons are enabled
05-04 20:27:42.067 D/StatusBarIconController( 3827): ignoring old pipeline callbacks, because the new mobile icons are enabled
05-04 20:27:42.135 E/minksocket( 1727): MinkIPC_QRTR_Service: client with node 1 port 79e1 went down
05-04 20:27:42.136 E/minksocket( 1727): MinkIPC_QRTR_Service: client with node 1 port 79e2 went down
05-04 20:27:42.137 E/minksocket( 1727): MinkIPC_QRTR_Service: client with node 1 port 79e3 went down
05-04 20:27:42.139 E/minksocket( 1727): MinkIPC_QRTR_Service: client with node 1 port 79e4 went down
05-04 20:27:42.248 I/QC2Comp ( 1830): [avcD_1124] Stats: Pending(9) i/p-done(5) Works: Q: 28/Done 20|Work-Rate: Q(0.0/s Avg=0.0/s) Done(0.000/s Avg=0.001/s)| Stream: 30.00fps 203.8Kbps
05-04 20:27:42.248 I/QC2Comp ( 1830): [avcD_1124] Mem-usage:  [In-1D: 6 bufs 17.930 MB] [1D-2226: 16 bufs 0.250 MB] [2D-2227: 20 bufs 28.438 MB] | Total: 46.617 MB
05-04 20:27:43.071 D/StatusBarIconController( 3827): ignoring old pipeline callbacks, because the new mobile icons are enabled
05-04 20:27:43.091 D/QtiCarrierConfigHelper( 4065): WARNING, no carrier configs on phone Id: 1
05-04 20:27:43.091 D/PowerUI ( 3827): can't show warning due to - plugged: true status unknown: false
05-04 20:27:43.091 D/DeviceStatisticsService( 4048): onReceive: action= android.intent.action.BATTERY_CHANGED
05-04 20:27:43.092 V/UiModeManager( 3064): updateLocked: null action, mDockState=0, category=null
05-04 20:27:43.092 D/UiModeManager( 3064): updateConfigurationLocked: mDockState=0; mCarMode=false; mNightMode=2; mNightModeCustomType=-1; uiMode=33
05-04 20:27:43.093 V/DeviceStatisticsService( 4048): chargerType=2 batteryLevel=94 totalBatteryCapacity=3470600
05-04 20:27:43.093 D/DeviceInfoHidlClient( 4048): isRadioOn()=true
05-04 20:27:43.093 I/DeviceInfoHidlClient( 4048): isPowerInfoNeverSent=false batteryLevel=94 batteryLevelIndex=4 chargingMode=2 totalCapacity=3470600 powerSaveMode=false
05-04 20:27:43.235 E/minksocket( 1727): MinkIPC_QRTR_Service: client with node 1 port 79e5 went down
05-04 20:27:43.236 E/minksocket( 1727): MinkIPC_QRTR_Service: client with node 1 port 79e6 went down
05-04 20:27:43.237 E/minksocket( 1727): MinkIPC_QRTR_Service: client with node 1 port 79e7 went down
05-04 20:27:43.239 E/minksocket( 1727): MinkIPC_QRTR_Service: client with node 1 port 79e8 went down
05-04 20:27:43.591 D/CmdCenter(16948): - RowBase2: sPrevModStatus: 1, modStatus: 1
05-04 20:27:43.592 D/CmdCenter(16948): - RowBase2: sPrevBatStatus: 2, status: 2
05-04 20:27:43.592 D/CmdCenter(16948): - RowBase2: sPrevChargeRate = 1, new = 1
05-04 20:27:43.592 D/CmdCenter(16948): - RowBase2: sPrevPlugType: 2 plugType: 2
05-04 20:27:45.379 W/ProcessStats( 3064): Tracking association SourceState{c590abc com.deepeye.musicpro.debug/10502 BTop #2043513} whose proc state 2 is better than process ProcessState{bf547ef com.google.android.gms.persistent/10192 pkg=com.google.android.gms} proc state 3 (27 skipped)
05-04 20:27:46.360 D/BoundBrokerSvc(27765): onUnbind: Intent { act=com.google.android.gms.libs.gmscorelogger.service.START dat=chimera-action:/... cmp=com.google.android.gms/.chimera.PersistentDirectBootAwareApiService }
05-04 20:27:47.083 D/StatusBarIconController( 3827): ignoring old pipeline callbacks, because the new mobile icons are enabled
05-04 20:27:47.147 E/minksocket( 1727): MinkIPC_QRTR_Service: client with node 1 port 79e9 went down
05-04 20:27:47.148 E/minksocket( 1727): MinkIPC_QRTR_Service: client with node 1 port 79ea went down
05-04 20:27:47.149 E/minksocket( 1727): MinkIPC_QRTR_Service: client with node 1 port 79eb went down
05-04 20:27:47.151 E/minksocket( 1727): MinkIPC_QRTR_Service: client with node 1 port 79ec went down
05-04 20:27:47.248 I/QC2Comp ( 1830): [avcD_1124] Stats: Pending(9) i/p-done(5) Works: Q: 28/Done 20|Work-Rate: Q(0.0/s Avg=0.0/s) Done(0.000/s Avg=0.001/s)| Stream: 30.00fps 203.8Kbps
05-04 20:27:47.248 I/QC2Comp ( 1830): [avcD_1124] Mem-usage:  [In-1D: 6 bufs 17.930 MB] [1D-2226: 16 bufs 0.250 MB] [2D-2227: 20 bufs 28.438 MB] | Total: 46.617 MB
05-04 20:27:48.248 E/minksocket( 1727): MinkIPC_QRTR_Service: client with node 1 port 79ed went down
05-04 20:27:48.249 E/minksocket( 1727): MinkIPC_QRTR_Service: client with node 1 port 79ee went down
05-04 20:27:48.251 E/minksocket( 1727): MinkIPC_QRTR_Service: client with node 1 port 79ef went down
05-04 20:27:48.253 E/minksocket( 1727): MinkIPC_QRTR_Service: client with node 1 port 79f0 went down
05-04 20:27:48.571 I/slpi    ( 1731): STK3A5X ALS_OC: lux:2054.768066, last_ps:0[1218], CH0:1538, CH2:199, CH4:8, AWAIT:32, ACRL:33, AGAIN:33, INT1:9, INT2:0, PS:114, LED:128, flag:65, state:7, scale:167.560,als_sel:1(0)(cnt:0)
05-04 20:27:48.805 I/NearbyMediums(27765): No BLE Fast/GATT advertisements found in the latest cycle.
05-04 20:27:48.805 I/NearbyMediums(27765): Current Tracked Scanning Clients are : {NearbyConnections.EnvironmentMonitor, NearbySharing, NearbyConnections.TxAdvertisement}
05-04 20:27:49.041 I/ActivityManager( 3064): Force stopping com.deepeye.musicpro.debug appid=10502 user=0: from pid 15600 and uid 2000(null)
05-04 20:27:49.043 I/ActivityManager( 3064): Killing 15273:com.deepeye.musicpro.debug/u0a502 (adj 0, setSvc -10000): stop com.deepeye.musicpro.debug due to from pid 15600 and uid 2000(null)
05-04 20:27:49.045 D/DisplayManagerService( 3064): Drop pending events for gone uid 10502
05-04 20:27:49.046 W/ActivityTaskManager( 3064): Force removing ActivityRecord{d7269b2 u0 com.deepeye.musicpro.debug/com.deepeye.musicpro.ui.MainActivity t3808 f}}: app died, no saved state
05-04 20:27:49.048 D/ActivityTaskManager( 3064): handleAppDied: uid=10502,diedCount=1,lastDiedTime=739172808,forceStopUids=false
05-04 20:27:49.049 V/WindowManagerShell( 3827): Transition requested: android.os.BinderProxy@f64a7ef TransitionRequestInfo { type = 2, triggerTask = TaskInfo{userId=0 taskId=3808 displayId=0 isRunning=false baseIntent=Intent { flg=0x10000000 cmp=com.deepeye.musicpro.debug/com.deepeye.musicpro.ui.MainActivity } baseActivity=null topActivity=null origActivity=null realActivity=ComponentInfo{com.deepeye.musicpro.debug/com.deepeye.musicpro.ui.MainActivity} numActivities=0 lastActiveTime=1305258793 supportsMultiWindow=true supportsGlobalFreeform=true resizeMode=1 isResizeable=true isAppLocked=false canKillAndRestart=false isShowDecorCaptionWindowRequest=false minWidth=-1 minHeight=-1 defaultMinSize=200 token=WCT{android.window.IWindowContainerToken$Stub$Proxy@ae082fc} topActivityType=1 pictureInPictureParams=null shouldDockBigOverlays=false launchIntoPipHostTaskId=-1 lastParentTaskIdBeforePip=-1 displayCutoutSafeInsets=Rect(0, 90 - 0, 0) topActivityInfo=null launchCookies=[] positionInParent=Point(0, 0) parentTaskId=-1 isFocused=true isVisible=true isVisibleRequested=true isSleeping=false topActivityInSizeCompat=false topActivityEligibleForLetterboxEducation= false topActivityLetterboxed= false isFromDoubleTap= false topActivityLetterboxVerticalPosition= -1 topActivityLetterboxHorizontalPosition= -1 topActivityLetterboxWidth=-1 topActivityLetterboxHeight=-1 locusId=null displayAreaFeatureId=1 cameraCompatControlState=hidden}, remoteTransition = null, displayChange = null, flags = 0 }
05-04 20:27:49.055 I/BpBinder( 1858): onLastStrongRef automatically unlinking death recipients: 
05-04 20:27:49.059 D/CarrierSvcBindHelper( 4128): onHandleForceStop: [com.deepeye.musicpro.debug]
05-04 20:27:49.060 D/CarrierSvcBindHelper( 4128): No carrier app for: 0
05-04 20:27:49.061 D/CarrierSvcBindHelper( 4128): No carrier app for: 1
05-04 20:27:49.061 E/OpenGLRenderer(10800): Unable to match the desired swap behavior.
05-04 20:27:49.063 D/ActivityManager( 3064): unfreezing ProcessRecord{f748e30 22768:com.whatsapp.w4b/u0a392}, reason = oom_uncached, adj = 800, adjType = cch-empty, adjSource = null
05-04 20:27:49.063 D/RegisteredNfcFServicesCache( 5829): invalidateCache() - Service unchanged, not updating
05-04 20:27:49.064 D/ActivityManager( 3064): sync unfroze 22768 com.whatsapp.w4b for 4
05-04 20:27:49.074 I/bwmt    (10800): onStart
05-04 20:27:49.075 I/buhd    (10800): (REDACTED) [%s] onStart()
05-04 20:27:49.075 I/bujo    (10800): Reloading theme data
05-04 20:27:49.075 E/NetworkErrorMessage(10800): (REDACTED) Invalid connectivity state: %s
05-04 20:27:49.076 I/bwmt    (10800): onResume
05-04 20:27:49.079 E/OpenGLRenderer(20981): Unable to match the desired swap behavior.
05-04 20:27:49.089 D/StatusBarIconController( 3827): ignoring old pipeline callbacks, because the new mobile icons are enabled
05-04 20:27:49.091 D/QuickstepModelDelegate(20981): notifyAppTargetEvent action=1 launchLocation=workspace/0/[-1,-1]/[1,1]
05-04 20:27:49.094 V/WindowManager( 3064): Sent Transition #6253 createdAt=05-04 20:27:49.046 via request=TransitionRequestInfo { type = 2, triggerTask = TaskInfo{userId=0 taskId=3808 displayId=0 isRunning=false baseIntent=Intent { flg=0x10000000 cmp=com.deepeye.musicpro.debug/com.deepeye.musicpro.ui.MainActivity } baseActivity=null topActivity=null origActivity=null realActivity=ComponentInfo{com.deepeye.musicpro.debug/com.deepeye.musicpro.ui.MainActivity} numActivities=0 lastActiveTime=1305258793 supportsMultiWindow=true supportsGlobalFreeform=true resizeMode=1 isResizeable=true isAppLocked=false canKillAndRestart=true isShowDecorCaptionWindowRequest=false minWidth=-1 minHeight=-1 defaultMinSize=200 token=WCT{RemoteToken{d0b154f Task{a719ab9 #3808 type=standard A=10502:com.deepeye.musicpro.debug}}} topActivityType=1 pictureInPictureParams=null shouldDockBigOverlays=false launchIntoPipHostTaskId=-1 lastParentTaskIdBeforePip=-1 displayCutoutSafeInsets=Rect(0, 90 - 0, 0) topActivityInfo=null launchCookies=[] positionInParent=Point(0, 0) parentTaskId=-1 isFocused=true isVisible=true isVisibleRequested=true isSleeping=false topActivityInSizeCompat=false topActivityEligibleForLetterboxEducation= false topActivityLetterboxed= false isFromDoubleTap= false topActivityLetterboxVerticalPosition= -1 topActivityLetterboxHorizontalPosition= -1 topActivityLetterboxWidth=-1 topActivityLetterboxHeight=-1 locusId=null displayAreaFeatureId=1 cameraCompatControlState=hidden}, remoteTransition = null, displayChange = null, flags = 0 }
05-04 20:27:49.094 V/WindowManager( 3064):     startWCT=WindowContainerTransaction { changes = {} hops = [] errorCallbackToken=null taskFragmentOrganizer=null }
05-04 20:27:49.095 V/WindowManager( 3064):     info={id=6253 t=CLOSE f=0x0 trk=0 r=[0@Point(0, 0)] c=[{WCT{RemoteToken{d0b154f Task{a719ab9 #3808 type=standard A=10502:com.deepeye.musicpro.debug}}} m=CLOSE f=NONE pTaskId=-1 leash=Surface(name=Task=3808)/@0xf51a429 sb=Rect(0, 0 - 1080, 2400) eb=Rect(0, 0 - 1080, 2400) d=0},{WCT{RemoteToken{9a2e0c9 Task{97f56a1 #1 type=home}}} m=TO_FRONT f=SHOW_WALLPAPER pTaskId=-1 leash=Surface(name=Task=1)/@0x5e976da sb=Rect(0, 0 - 1080, 2400) eb=Rect(0, 0 - 1080, 2400) d=0},{null m=TO_FRONT f=IS_WALLPAPER leash=Surface(name=WallpaperWindowToken{69b9f27 token=android.os.Binder@8253de6})/@0x9a1864e sb=Rect(0, 0 - 1080, 2400) eb=Rect(0, 0 - 1080, 2400) d=0}]}
05-04 20:27:49.095 V/WindowManagerShell( 3827): onTransitionReady android.os.BinderProxy@f64a7ef: {id=6253 t=CLOSE f=0x0 trk=0 r=[0@Point(0, 0)] c=[{WCT{android.window.IWindowContainerToken$Stub$Proxy@ec0fb39} m=CLOSE f=NONE pTaskId=-1 leash=Surface(name=Task=3808)/@0x286183d sb=Rect(0, 0 - 1080, 2400) eb=Rect(0, 0 - 1080, 2400) d=0},{WCT{android.window.IWindowContainerToken$Stub$Proxy@bcc857e} m=TO_FRONT f=SHOW_WALLPAPER pTaskId=-1 leash=Surface(name=Task=1)/@0xaa91832 sb=Rect(0, 0 - 1080, 2400) eb=Rect(0, 0 - 1080, 2400) d=0},{null m=TO_FRONT f=IS_WALLPAPER leash=Surface(name=WallpaperWindowToken{69b9f27 token=android.os.Binder@8253de6})/@0x80ab983 sb=Rect(0, 0 - 1080, 2400) eb=Rect(0, 0 - 1080, 2400) d=0}]}
05-04 20:27:49.095 V/WindowManagerShell( 3827): Playing animation for (#6253)android.os.BinderProxy@f64a7ef@0
05-04 20:27:49.095 V/WindowManagerShell( 3827):  try handler com.android.wm.shell.transition.DefaultMixedHandler@9f0b165
05-04 20:27:49.095 V/WindowManagerShell( 3827):  try handler com.android.wm.shell.keyguard.KeyguardTransitionHandler@aa67e3a
05-04 20:27:49.095 V/WindowManagerShell( 3827):  try handler com.android.wm.shell.activityembedding.ActivityEmbeddingController@e359aeb
05-04 20:27:49.095 V/WindowManagerShell( 3827):  try handler com.android.wm.shell.recents.RecentsTransitionHandler@ec8c048
05-04 20:27:49.095 V/ShellRecents( 3827): RecentsTransitionHandler.startAnimation: no controller found
05-04 20:27:49.095 V/WindowManagerShell( 3827):  try handler com.android.wm.shell.pip.PipTransition@5bffee1
05-04 20:27:49.095 V/WindowManagerShell( 3827):  try handler com.android.wm.shell.splitscreen.StageCoordinator@56e4406
05-04 20:27:49.095 V/WindowManagerShell( 3827):  try handler com.android.wm.shell.transition.RemoteTransitionHandler@b50fac7
05-04 20:27:49.095 V/WindowManagerShell( 3827): Transition doesn't have explicit remote, search filters for match for {id=6253 t=CLOSE f=0x0 trk=0 r=[0@Point(0, 0)] c=[{WCT{android.window.IWindowContainerToken$Stub$Proxy@ec0fb39} m=CLOSE f=NONE pTaskId=-1 leash=Surface(name=Task=3808)/@0x286183d sb=Rect(0, 0 - 1080, 2400) eb=Rect(0, 0 - 1080, 2400) d=0},{WCT{android.window.IWindowContainerToken$Stub$Proxy@bcc857e} m=TO_FRONT f=SHOW_WALLPAPER pTaskId=-1 leash=Surface(name=Task=1)/@0xaa91832 sb=Rect(0, 0 - 1080, 2400) eb=Rect(0, 0 - 1080, 2400) d=0},{null m=TO_FRONT f=IS_WALLPAPER leash=Surface(name=WallpaperWindowToken{69b9f27 token=android.os.Binder@8253de6})/@0x80ab983 sb=Rect(0, 0 - 1080, 2400) eb=Rect(0, 0 - 1080, 2400) d=0}]}
05-04 20:27:49.095 V/WindowManagerShell( 3827):  Checking filter Pair{{types=[] flags=0x0] notFlags=0x100 checks=[{atype=home independent=true modes=[OPEN,TO_FRONT] flags=NONE mustBeTask=false order=TOP topActivity=ComponentInfo{com.motorola.launcher3/com.android.launcher3.uioverrides.QuickstepLauncher}},{atype=standard independent=true modes=[CLOSE,TO_BACK] flags=NONE mustBeTask=false order=ANY topActivity=null}]} RemoteTransition { remoteTransition = android.window.IRemoteTransition$Stub$Proxy@4795a1a, appThread = android.app.IApplicationThread$Stub$Proxy@b3b794b, debugName = QuickstepLaunchHome }}
05-04 20:27:49.095 V/WindowManagerShell( 3827):  Delegate animation for #6253 to null
05-04 20:27:49.095 V/WindowManagerShell( 3827):  try handler com.android.wm.shell.transition.DefaultTransitionHandler@acd98f4
05-04 20:27:49.095 V/WindowManagerShell( 3827): start default transition animation, info = {id=6253 t=CLOSE f=0x0 trk=0 r=[0@Point(0, 0)] c=[{WCT{android.window.IWindowContainerToken$Stub$Proxy@ec0fb39} m=CLOSE f=NONE pTaskId=-1 leash=Surface(name=Task=3808)/@0x286183d sb=Rect(0, 0 - 1080, 2400) eb=Rect(0, 0 - 1080, 2400) d=0},{WCT{android.window.IWindowContainerToken$Stub$Proxy@bcc857e} m=TO_FRONT f=SHOW_WALLPAPER pTaskId=-1 leash=Surface(name=Task=1)/@0xaa91832 sb=Rect(0, 0 - 1080, 2400) eb=Rect(0, 0 - 1080, 2400) d=0},{null m=TO_FRONT f=IS_WALLPAPER leash=Surface(name=WallpaperWindowToken{69b9f27 token=android.os.Binder@8253de6})/@0x80ab983 sb=Rect(0, 0 - 1080, 2400) eb=Rect(0, 0 - 1080, 2400) d=0}]}
05-04 20:27:49.095 V/WindowManagerShell( 3827): loadAnimation: anim=android.view.animation.AnimationSet@8c8a32c animAttr=0x10 type=CLOSE isEntrance=true
05-04 20:27:49.095 V/WindowManagerShell( 3827): loadAnimation: anim=android.view.animation.AnimationSet@12fd5fb animAttr=0x11 type=CLOSE isEntrance=false
05-04 20:27:49.096 V/WindowManagerShell( 3827):  animated by com.android.wm.shell.transition.DefaultTransitionHandler@acd98f4
05-04 20:27:49.102 V/ActivityManager( 3064): Got obituary of 15273:com.deepeye.musicpro.debug
05-04 20:27:49.102 I/MediaSessionStack( 3064): removeSession | record: com.deepeye.musicpro.debug/androidx.media3.session.id.DeepEyeMusicProSession (userId=0)
05-04 20:27:49.102 I/ImeTracker( 3064): com.deepeye.musicpro.debug:f60f0094: onRequestHide at ORIGIN_SERVER_HIDE_INPUT reason HIDE_REMOVE_CLIENT
05-04 20:27:49.102 I/adbd    ( 7521): Remote process closed the socket (on MSG_PEEK)
05-04 20:27:49.102 I/ImeTracker( 3064): com.deepeye.musicpro.debug:f60f0094: onCancelled at PHASE_SERVER_SHOULD_HIDE
05-04 20:27:49.103 D/HeadsetService( 7916): getHeadsetService(): returning com.android.bluetooth.hfp.HeadsetService@ee3f0c7
05-04 20:27:49.103 E/HeadsetStateMachine( 7916): returning mCurrentState as Connected
05-04 20:27:49.103 E/HeadsetStateMachine( 7916): returning mCurrentState as Disconnected
05-04 20:27:49.103 E/HeadsetStateMachine( 7916): returning mCurrentState as Disconnected
05-04 20:27:49.103 D/HeadsetService( 7916):  isAudioOn: The number of audio connected devices 0
05-04 20:27:49.103 D/HeadsetService( 7916): isScoOrCallActive(): Call Active:falseCall is Ringing:falseSCO is Active:false
05-04 20:27:49.103 E/HeadsetStateMachine( 7916): returning mCurrentState as Connected
05-04 20:27:49.103 E/HeadsetStateMachine( 7916): returning mCurrentState as Disconnected
05-04 20:27:49.103 E/HeadsetStateMachine( 7916): returning mCurrentState as Disconnected
05-04 20:27:49.103 D/HeadsetService( 7916):  isAudioOn: The number of audio connected devices 0
05-04 20:27:49.104 I/Zygote  ( 1587): Process 15273 exited due to signal 9 (Killed)
05-04 20:27:49.104 I/ImeTracker( 3064): com.motorola.launcher3:77680932: onRequestHide at ORIGIN_SERVER_HIDE_INPUT reason HIDE_UNSPECIFIED_WINDOW
05-04 20:27:49.104 I/ImeTracker( 3064): com.motorola.launcher3:77680932: onCancelled at PHASE_SERVER_SHOULD_HIDE
05-04 20:27:49.106 D/MotoMediaSessionUtils( 3827): onActiveSessionsChanged - controllers size: 2 mActiveControllers size: 1
05-04 20:27:49.106 I/GoogleInputMethodService(23155): GoogleInputMethodService.onFinishInput():2259 
05-04 20:27:49.107 I/Module  (23155): DeviceLockedStatusModuleProvider$Module.updateDeviceLockedStatus():103 repeatCheckTimes = 0, locked = false
05-04 20:27:49.107 V/Avrcp_ext( 7916): ActiveSession: MediaController (com.google.android.youtube@b1f3a67) Bengal Election Result : बंगाल में आज असली खेल क्या हुआ? नतीजों पर सब चौंक गए.., Punya Prasun Bajpai, Punya Prasun Bajpai
05-04 20:27:49.107 I/GoogleInputMethodService(23155): GoogleInputMethodService.onStartInput():1446 onStartInput(EditorInfo{EditorInfo{packageName=com.motorola.launcher3, inputType=0, inputTypeString=NULL, enableLearning=false, autoCorrection=false, autoComplete=false, imeOptions=0, privateImeOptions=null, actionName=UNSPECIFIED, actionLabel=null, initialSelStart=-1, initialSelEnd=-1, initialCapsMode=0, label=null, fieldId=0, fieldName=null, extras=null, hintText=null, hintLocales=[]}}, false)
05-04 20:27:49.107 V/Avrcp_ext( 7916): isBrowseSupported for com.google.android.youtube: false
05-04 20:27:49.107 I/AndroidIME(23155): LatinIMEBase.updateInputViewCoverNavigation():322 Update input view padding, isNavbarOverInputWindow=false, bottom inset=102
05-04 20:27:49.107 I/Module  (23155): DeviceLockedStatusModuleProvider$Module.updateDeviceLockedStatus():103 repeatCheckTimes = 1, locked = false
05-04 20:27:49.108 I/WindowManager( 3064): WIN DEATH: Window{e8354c3 u0 com.deepeye.musicpro.debug/com.deepeye.musicpro.ui.MainActivity}
05-04 20:27:49.108 D/Avrcp_ext( 7916): Adding media player info for com.google.android.youtube with id 3
05-04 20:27:49.108 W/InputManager-JNI( 3064): Input channel object 'e8354c3 com.deepeye.musicpro.debug/com.deepeye.musicpro.ui.MainActivity (client)' was disposed without first being removed with the input manager!
05-04 20:27:49.108 W/PackageConfigPersister( 3064): App-specific configuration not found for packageName: com.motorola.launcher3 and userId: 0
05-04 20:27:49.109 D/Avrcp_ext( 7916): update #3:MediaPlayerInfo com.google.android.youtube (as 'YouTube') Type = 1, SubType = 0, Status = 0 Feature Bits [40 41 42 44 45 47 48 58] Controller: MediaController (com.google.android.youtube@b1f3a67) Bengal Election Result : बंगाल में आज असली खेल क्या हुआ? नतीजों पर सब चौंक गए.., Punya Prasun Bajpai, Punya Prasun Bajpai
05-04 20:27:49.109 V/Avrcp_ext( 7916): updateNewIds: Addressed:3 to 3, Browse:-1 to -1
05-04 20:27:49.109 D/MotoMediaSessionUtils( 3827): Final controllers count: 1
05-04 20:27:49.109 W/ActivityManager( 3064): pid 3064 system sent binder code 3 with flags 1 to frozen apps and got error -32
05-04 20:27:49.111 W/WindowManager( 3064): Failed to deliver inset control state change to w=Window{e8354c3 u0 com.deepeye.musicpro.debug/com.deepeye.musicpro.ui.MainActivity EXITING}
05-04 20:27:49.111 W/WindowManager( 3064): android.os.DeadObjectException
05-04 20:27:49.111 W/WindowManager( 3064): 	at android.os.BinderProxy.transactNative(Native Method)
05-04 20:27:49.111 W/WindowManager( 3064): 	at android.os.BinderProxy.transact(BinderProxy.java:586)
05-04 20:27:49.111 W/WindowManager( 3064): 	at android.view.IWindow$Stub$Proxy.insetsControlChanged(IWindow.java:479)
05-04 20:27:49.111 W/WindowManager( 3064): 	at com.android.server.wm.WindowState.notifyInsetsControlChanged(WindowState.java:4073)
05-04 20:27:49.111 W/WindowManager( 3064): 	at com.android.server.wm.InsetsStateController.lambda$notifyPendingInsetsControlChanged$3(InsetsStateController.java:351)
05-04 20:27:49.111 W/WindowManager( 3064): 	at com.android.server.wm.InsetsStateController.$r8$lambda$8yykPRG1GyNq_J17QvL9d5xANMc(InsetsStateController.java:0)
05-04 20:27:49.111 W/WindowManager( 3064): 	at com.android.server.wm.InsetsStateController$$ExternalSyntheticLambda2.run(R8$$SyntheticClass:0)
05-04 20:27:49.111 W/WindowManager( 3064): 	at com.android.server.wm.WindowAnimator.executeAfterPrepareSurfacesRunnables(WindowAnimator.java:294)
05-04 20:27:49.111 W/WindowManager( 3064): 	at com.android.server.wm.RootWindowContainer.performSurfacePlacementNoTrace(RootWindowContainer.java:863)
05-04 20:27:49.111 W/WindowManager( 3064): 	at com.android.server.wm.RootWindowContainer.performSurfacePlacement(RootWindowContainer.java:808)
05-04 20:27:49.111 W/WindowManager( 3064): 	at com.android.server.wm.WindowSurfacePlacer.performSurfacePlacementLoop(WindowSurfacePlacer.java:177)
05-04 20:27:49.111 W/WindowManager( 3064): 	at com.android.server.wm.WindowSurfacePlacer.performSurfacePlacement(WindowSurfacePlacer.java:126)
05-04 20:27:49.111 W/WindowManager( 3064): 	at com.android.server.wm.WindowSurfacePlacer.performSurfacePlacement(WindowSurfacePlacer.java:115)
05-04 20:27:49.111 W/WindowManager( 3064): 	at com.android.server.wm.WindowState.setupWindowForRemoveOnExit(WindowState.java:2753)
05-04 20:27:49.111 W/WindowManager( 3064): 	at com.android.server.wm.WindowState.removeIfPossible(WindowState.java:2713)
05-04 20:27:49.111 W/WindowManager( 3064): 	at com.android.server.wm.WindowState$DeathRecipient.binderDied(WindowState.java:3165)
05-04 20:27:49.111 W/WindowManager( 3064): 	at android.os.IBinder$DeathRecipient.binderDied(IBinder.java:319)
05-04 20:27:49.111 W/WindowManager( 3064): 	at android.os.BinderProxy.sendDeathNotice(BinderProxy.java:719)
05-04 20:27:49.114 D/Avrcp_ext( 7916): updateCurrentController: MediaController (com.google.android.youtube@a2ec5e4) Bengal Election Result : बंगाल में आज असली खेल क्या हुआ? नतीजों पर सब चौंक गए.., Punya Prasun Bajpai, Punya Prasun Bajpai to MediaController (com.google.android.youtube@b1f3a67) Bengal Election Result : बंगाल में आज असली खेल क्या हुआ? नतीजों पर सब चौंक गए.., Punya Prasun Bajpai, Punya Prasun Bajpai
05-04 20:27:49.117 V/Avrcp_ext( 7916): updateCurrentMediaState: mMediaController: MediaController (com.google.android.youtube@b1f3a67) Bengal Election Result : बंगाल में आज असली खेल क्या हुआ? नतीजों पर सब चौंक गए.., Punya Prasun Bajpai, Punya Prasun Bajpai
05-04 20:27:49.117 W/Avrcp_ext( 7916): isMusicActive: false getBluetoothPlayState: 0 A2dp State: 11 mAudioPlaybackIsActive: false
05-04 20:27:49.117 D/Avrcp_ext( 7916): isMusicActive = false mAudioPlaybackIsActive = false player state = PlaybackState {state=STOPPED(1), position=1328924, buffered position=0, speed=1.0, updated=1296916309, actions=8615, custom actions=[], active item id=-1, error=null}
05-04 20:27:49.118 D/Avrcp_ext( 7916): overwrite album_artist :Punya Prasun Bajpaiif album is blank
05-04 20:27:49.118 D/AvrcpBipRsp( 7916):  getImgHandle device :17:3F:CF:BE:B9:01 data :android.media.MediaMetadata@e49e1816
05-04 20:27:49.118 W/AvrcpBipRsp( 7916): getImgHandle bipSm null
05-04 20:27:49.118 D/Avrcp_ext( 7916):  getImgHandle device:17:3F:CF:BE:B9:01 data:android.media.MediaMetadata@e49e1816 isKeyContains true Handle 
05-04 20:27:49.119 I/Avrcp_ext( 7916): device found at index 0
05-04 20:27:49.119 V/Avrcp_ext( 7916): updateCurrentMediaState: addr: [B@a8bebfe
05-04 20:27:49.119 V/Avrcp_ext( 7916): Media update: id -1➡-1? [MediaAttributes: B⋯. - P⋯i by P⋯i (1329000 0/0) - ] : [MediaAttributes: B⋯. - P⋯i by P⋯i (1329000 0/0) - ]
05-04 20:27:49.119 D/Avrcp_ext( 7916): isPackageNameValid: browsedPackage = com.google.android.youtubeisValid = true
05-04 20:27:49.119 V/Avrcp_ext( 7916): isBrowseSupported for com.google.android.youtube: false
05-04 20:27:49.119 W/Avrcp_ext( 7916): updateCurrentMediaState: isInactivePlayer = false
05-04 20:27:49.120 V/Avrcp_ext( 7916): updatePlaybackState, state: PlaybackState {state=STOPPED(1), position=1328924, buffered position=0, speed=1.0, updated=1296916309, actions=8615, custom actions=[], active item id=-1, error=null} device: null
05-04 20:27:49.120 D/BroadcastService( 7916): getBroadcastAddress
05-04 20:27:49.120 D/BroadcastService( 7916): isBroadcastActive: Broadcast is turned to off
05-04 20:27:49.120 V/Avrcp_ext( 7916): Device: Ejaj’s AirPods : old state: PlaybackState {state=STOPPED(1), position=1328924, buffered position=0, speed=1.0, updated=1296916309, actions=8615, custom actions=[], active item id=-1, error=null}
05-04 20:27:49.120 V/Avrcp_ext( 7916): Device: no name: 
05-04 20:27:49.120 V/Avrcp_ext( 7916): Device: no name: 
05-04 20:27:49.120 V/Avrcp_ext( 7916): Device: no name: 
05-04 20:27:49.120 V/Avrcp_ext( 7916): Device: no name: 
05-04 20:27:49.120 V/Avrcp_ext( 7916): updatePlayerStateAndPosition, old=PlaybackState {state=STOPPED(1), position=1328924, buffered position=0, speed=1.0, updated=1296916309, actions=8615, custom actions=[], active item id=-1, error=null}, state=PlaybackState {state=STOPPED(1), position=1328924, buffered position=0, speed=1.0, updated=1296916309, actions=8615, custom actions=[], active item id=-1, error=null}
05-04 20:27:49.120 V/Avrcp_ext( 7916): old state = PlaybackState {state=STOPPED(1), position=1328924, buffered position=0, speed=1.0, updated=1296916309, actions=8615, custom actions=[], active item id=-1, error=null}, new state= PlaybackState {state=STOPPED(1), position=1328924, buffered position=0, speed=1.0, updated=1296916309, actions=8615, custom actions=[], active item id=-1, error=null}
05-04 20:27:49.120 D/HeadsetService( 7916): getHeadsetService(): returning com.android.bluetooth.hfp.HeadsetService@ee3f0c7
05-04 20:27:49.120 E/HeadsetStateMachine( 7916): returning mCurrentState as Connected
05-04 20:27:49.120 E/HeadsetStateMachine( 7916): returning mCurrentState as Disconnected
05-04 20:27:49.120 E/HeadsetStateMachine( 7916): returning mCurrentState as Disconnected
05-04 20:27:49.120 D/HeadsetService( 7916):  isAudioOn: The number of audio connected devices 0
05-04 20:27:49.120 D/HeadsetService( 7916): isScoOrCallActive(): Call Active:falseCall is Ringing:falseSCO is Active:false
05-04 20:27:49.120 E/HeadsetStateMachine( 7916): returning mCurrentState as Connected
05-04 20:27:49.120 E/HeadsetStateMachine( 7916): returning mCurrentState as Disconnected
05-04 20:27:49.120 E/HeadsetStateMachine( 7916): returning mCurrentState as Disconnected
05-04 20:27:49.120 D/HeadsetService( 7916):  isAudioOn: The number of audio connected devices 0
05-04 20:27:49.120 I/Avrcp_ext( 7916): updatePlayStatusForDevice: device: 17:3F:CF:BE:B9:01
05-04 20:27:49.120 V/Avrcp_ext( 7916): updatePlaybackState (0): old=PlaybackState {state=STOPPED(1), position=1328924, buffered position=0, speed=1.0, updated=1296916309, actions=8615, custom actions=[], active item id=-1, error=null}(0), new=PlaybackState {state=STOPPED(1), position=1328924, buffered position=0, speed=1.0, updated=1296916309, actions=8615, custom actions=[], active item id=-1, error=null}(0)
05-04 20:27:49.120 I/Avrcp_ext( 7916): Exit updatePlayStatusForDevice
05-04 20:27:49.120 E/HeadsetStateMachine( 7916): returning mCurrentState as Connected
05-04 20:27:49.120 E/HeadsetStateMachine( 7916): returning mCurrentState as Disconnected
05-04 20:27:49.120 E/HeadsetStateMachine( 7916): returning mCurrentState as Disconnected
05-04 20:27:49.120 D/HeadsetService( 7916):  isAudioOn: The number of audio connected devices 0
05-04 20:27:49.120 D/HeadsetService( 7916): isScoOrCallActive(): Call Active:falseCall is Ringing:falseSCO is Active:false
05-04 20:27:49.120 E/HeadsetStateMachine( 7916): returning mCurrentState as Connected
05-04 20:27:49.120 E/HeadsetStateMachine( 7916): returning mCurrentState as Disconnected
05-04 20:27:49.120 E/HeadsetStateMachine( 7916): returning mCurrentState as Disconnected
05-04 20:27:49.120 D/HeadsetService( 7916):  isAudioOn: The number of audio connected devices 0
05-04 20:27:49.120 I/Avrcp_ext( 7916): updatePlayStatusForDevice: device: null
05-04 20:27:49.120 V/Avrcp_ext( 7916): updatePlaybackState (1): old=PlaybackState {state=STOPPED(1), position=1328924, buffered position=0, speed=1.0, updated=1296916309, actions=8615, custom actions=[], active item id=-1, error=null}(0), new=PlaybackState {state=STOPPED(1), position=1328924, buffered position=0, speed=1.0, updated=1296916309, actions=8615, custom actions=[], active item id=-1, error=null}(0)
05-04 20:27:49.120 I/Avrcp_ext( 7916): Exit updatePlayStatusForDevice
05-04 20:27:49.120 E/HeadsetStateMachine( 7916): returning mCurrentState as Connected
05-04 20:27:49.120 E/HeadsetStateMachine( 7916): returning mCurrentState as Disconnected
05-04 20:27:49.120 E/HeadsetStateMachine( 7916): returning mCurrentState as Disconnected
05-04 20:27:49.120 D/HeadsetService( 7916):  isAudioOn: The number of audio connected devices 0
05-04 20:27:49.120 D/HeadsetService( 7916): isScoOrCallActive(): Call Active:falseCall is Ringing:falseSCO is Active:false
05-04 20:27:49.120 E/HeadsetStateMachine( 7916): returning mCurrentState as Connected
05-04 20:27:49.120 E/HeadsetStateMachine( 7916): returning mCurrentState as Disconnected
05-04 20:27:49.120 E/HeadsetStateMachine( 7916): returning mCurrentState as Disconnected
05-04 20:27:49.120 D/HeadsetService( 7916):  isAudioOn: The number of audio connected devices 0
05-04 20:27:49.120 I/Avrcp_ext( 7916): updatePlayStatusForDevice: device: null
05-04 20:27:49.120 V/Avrcp_ext( 7916): updatePlaybackState (1): old=PlaybackState {state=STOPPED(1), position=1328924, buffered position=0, speed=1.0, updated=1296916309, actions=8615, custom actions=[], active item id=-1, error=null}(0), new=PlaybackState {state=STOPPED(1), position=1328924, buffered position=0, speed=1.0, updated=1296916309, actions=8615, custom actions=[], active item id=-1, error=null}(0)
05-04 20:27:49.120 I/Avrcp_ext( 7916): Exit updatePlayStatusForDevice
05-04 20:27:49.120 E/HeadsetStateMachine( 7916): returning mCurrentState as Connected
05-04 20:27:49.120 E/HeadsetStateMachine( 7916): returning mCurrentState as Disconnected
05-04 20:27:49.120 E/HeadsetStateMachine( 7916): returning mCurrentState as Disconnected
05-04 20:27:49.120 D/HeadsetService( 7916):  isAudioOn: The number of audio connected devices 0
05-04 20:27:49.120 D/HeadsetService( 7916): isScoOrCallActive(): Call Active:falseCall is Ringing:falseSCO is Active:false
05-04 20:27:49.120 E/HeadsetStateMachine( 7916): returning mCurrentState as Connected
05-04 20:27:49.120 E/HeadsetStateMachine( 7916): returning mCurrentState as Disconnected
05-04 20:27:49.120 E/HeadsetStateMachine( 7916): returning mCurrentState as Disconnected
05-04 20:27:49.120 D/HeadsetService( 7916):  isAudioOn: The number of audio connected devices 0
05-04 20:27:49.120 I/Avrcp_ext( 7916): updatePlayStatusForDevice: device: null
05-04 20:27:49.120 V/Avrcp_ext( 7916): updatePlaybackState (1): old=PlaybackState {state=STOPPED(1), position=1328924, buffered position=0, speed=1.0, updated=1296916309, actions=8615, custom actions=[], active item id=-1, error=null}(0), new=PlaybackState {state=STOPPED(1), position=1328924, buffered position=0, speed=1.0, updated=1296916309, actions=8615, custom actions=[], active item id=-1, error=null}(0)
05-04 20:27:49.120 I/Avrcp_ext( 7916): Exit updatePlayStatusForDevice
05-04 20:27:49.120 E/HeadsetStateMachine( 7916): returning mCurrentState as Connected
05-04 20:27:49.120 E/HeadsetStateMachine( 7916): returning mCurrentState as Disconnected
05-04 20:27:49.120 E/HeadsetStateMachine( 7916): returning mCurrentState as Disconnected
05-04 20:27:49.120 D/HeadsetService( 7916):  isAudioOn: The number of audio connected devices 0
05-04 20:27:49.120 D/HeadsetService( 7916): isScoOrCallActive(): Call Active:falseCall is Ringing:falseSCO is Active:false
05-04 20:27:49.120 E/HeadsetStateMachine( 7916): returning mCurrentState as Connected
05-04 20:27:49.120 E/HeadsetStateMachine( 7916): returning mCurrentState as Disconnected
05-04 20:27:49.120 E/HeadsetStateMachine( 7916): returning mCurrentState as Disconnected
05-04 20:27:49.120 D/HeadsetService( 7916):  isAudioOn: The number of audio connected devices 0
05-04 20:27:49.121 I/Avrcp_ext( 7916): updatePlayStatusForDevice: device: null
05-04 20:27:49.121 V/Avrcp_ext( 7916): updatePlaybackState (1): old=PlaybackState {state=STOPPED(1), position=1328924, buffered position=0, speed=1.0, updated=1296916309, actions=8615, custom actions=[], active item id=-1, error=null}(0), new=PlaybackState {state=STOPPED(1), position=1328924, buffered position=0, speed=1.0, updated=1296916309, actions=8615, custom actions=[], active item id=-1, error=null}(0)
05-04 20:27:49.121 I/Avrcp_ext( 7916): Exit updatePlayStatusForDevice
05-04 20:27:49.121 D/Avrcp_ext( 7916): Enter sendPlayPosNotificationRsp
05-04 20:27:49.121 D/Avrcp_ext( 7916): sendPlayPosNotificationRsp: Not registered or requesting.
05-04 20:27:49.121 D/Avrcp_ext( 7916): Enter sendPlayPosNotificationRsp
05-04 20:27:49.121 D/Avrcp_ext( 7916): sendPlayPosNotificationRsp: Not registered or requesting.
05-04 20:27:49.121 D/Avrcp_ext( 7916): Enter sendPlayPosNotificationRsp
05-04 20:27:49.121 D/Avrcp_ext( 7916): sendPlayPosNotificationRsp: Not registered or requesting.
05-04 20:27:49.121 D/Avrcp_ext( 7916): Enter sendPlayPosNotificationRsp
05-04 20:27:49.121 D/Avrcp_ext( 7916): sendPlayPosNotificationRsp: Not registered or requesting.
05-04 20:27:49.121 D/Avrcp_ext( 7916): Enter sendPlayPosNotificationRsp
05-04 20:27:49.121 D/Avrcp_ext( 7916): sendPlayPosNotificationRsp: Not registered or requesting.
05-04 20:27:49.121 V/Avrcp_ext( 7916): Exit updatePlayerStateAndPosition
05-04 20:27:49.121 D/APM: ActiveDeviceManagerServiceLegacy( 7916): getActiveAbsoluteDevice(): device: 17:3F:CF:BE:B9:01
05-04 20:27:49.121 D/APM: ActiveDeviceManagerServiceLegacy( 7916): isStableState(): true
05-04 20:27:49.121 D/Avrcp_ext( 7916): isAdmStable = true activeAbsAddr = 17:3F:CF:BE:B9:01 device = null
05-04 20:27:49.121 V/APM: MediaControlManager( 7916): onPlaybackStateChanged
05-04 20:27:49.121 W/McpService( 7916): updatePlaybackState state PlaybackState {state=STOPPED(1), position=1328924, buffered position=0, speed=1.0, updated=1296916309, actions=8615, custom actions=[], active item id=-1, error=null}
05-04 20:27:49.121 W/McpService( 7916): updatePlaybackState mState: 2 state: 2
05-04 20:27:49.121 W/Avrcp_ext( 7916): updated player state = PlaybackState {state=STOPPED(1), position=1328924, buffered position=0, speed=1.0, updated=1296916309, actions=8615, custom actions=[], active item id=-1, error=null}to MCP module also
05-04 20:27:49.121 V/Avrcp_ext( 7916): ActiveSession: MediaController (ai.perplexity.app.android@3ef0f5f) null
05-04 20:27:49.121 V/Avrcp_ext( 7916): isBrowseSupported for ai.perplexity.app.android: false
05-04 20:27:49.121 D/Avrcp_ext( 7916): Adding media player info for ai.perplexity.app.android with id 6
05-04 20:27:49.121 D/Avrcp_ext( 7916): update #6:MediaPlayerInfo ai.perplexity.app.android (as 'Perplexity') Type = 1, SubType = 0, Status = 0 Feature Bits [40 41 42 44 45 47 48 58] Controller: MediaController (ai.perplexity.app.android@3ef0f5f) null
05-04 20:27:49.123 V/Avrcp_ext( 7916): updateCurrentMediaState: mMediaController: MediaController (com.google.android.youtube@b1f3a67) Bengal Election Result : बंगाल में आज असली खेल क्या हुआ? नतीजों पर सब चौंक गए.., Punya Prasun Bajpai, Punya Prasun Bajpai
05-04 20:27:49.123 W/Avrcp_ext( 7916): isMusicActive: false getBluetoothPlayState: 0 A2dp State: 11 mAudioPlaybackIsActive: false
05-04 20:27:49.123 D/Avrcp_ext( 7916): isMusicActive = false mAudioPlaybackIsActive = false player state = PlaybackState {state=STOPPED(1), position=1328924, buffered position=0, speed=1.0, updated=1296916309, actions=8615, custom actions=[], active item id=-1, error=null}
05-04 20:27:49.124 D/Avrcp_ext( 7916): overwrite album_artist :Punya Prasun Bajpaiif album is blank
05-04 20:27:49.124 D/AvrcpBipRsp( 7916):  getImgHandle device :17:3F:CF:BE:B9:01 data :android.media.MediaMetadata@e49e1816
05-04 20:27:49.124 W/AvrcpBipRsp( 7916): getImgHandle bipSm null
05-04 20:27:49.124 D/Avrcp_ext( 7916):  getImgHandle device:17:3F:CF:BE:B9:01 data:android.media.MediaMetadata@e49e1816 isKeyContains true Handle 
05-04 20:27:49.125 I/Avrcp_ext( 7916): device found at index 0
05-04 20:27:49.125 V/Avrcp_ext( 7916): updateCurrentMediaState: addr: [B@1f427b
05-04 20:27:49.125 V/Avrcp_ext( 7916): Media update: id -1➡-1? [MediaAttributes: B⋯. - P⋯i by P⋯i (1329000 0/0) - ] : [MediaAttributes: B⋯. - P⋯i by P⋯i (1329000 0/0) - ]
05-04 20:27:49.125 D/Avrcp_ext( 7916): isPackageNameValid: browsedPackage = com.google.android.youtubeisValid = true
05-04 20:27:49.125 V/Avrcp_ext( 7916): isBrowseSupported for com.google.android.youtube: false
05-04 20:27:49.125 W/Avrcp_ext( 7916): updateCurrentMediaState: isInactivePlayer = false
05-04 20:27:49.125 V/Avrcp_ext( 7916): updatePlaybackState, state: PlaybackState {state=STOPPED(1), position=1328924, buffered position=0, speed=1.0, updated=1296916309, actions=8615, custom actions=[], active item id=-1, error=null} device: null
05-04 20:27:49.126 D/BroadcastService( 7916): getBroadcastAddress
05-04 20:27:49.126 D/BroadcastService( 7916): isBroadcastActive: Broadcast is turned to off
05-04 20:27:49.126 V/Avrcp_ext( 7916): Device: Ejaj’s AirPods : old state: PlaybackState {state=STOPPED(1), position=1328924, buffered position=0, speed=1.0, updated=1296916309, actions=8615, custom actions=[], active item id=-1, error=null}
05-04 20:27:49.126 V/Avrcp_ext( 7916): Device: no name: 
05-04 20:27:49.126 V/Avrcp_ext( 7916): Device: no name: 
05-04 20:27:49.126 V/Avrcp_ext( 7916): Device: no name: 
05-04 20:27:49.126 V/Avrcp_ext( 7916): Device: no name: 
05-04 20:27:49.126 V/Avrcp_ext( 7916): updatePlayerStateAndPosition, old=PlaybackState {state=STOPPED(1), position=1328924, buffered position=0, speed=1.0, updated=1296916309, actions=8615, custom actions=[], active item id=-1, error=null}, state=PlaybackState {state=STOPPED(1), position=1328924, buffered position=0, speed=1.0, updated=1296916309, actions=8615, custom actions=[], active item id=-1, error=null}
05-04 20:27:49.126 V/Avrcp_ext( 7916): old state = PlaybackState {state=STOPPED(1), position=1328924, buffered position=0, speed=1.0, updated=1296916309, actions=8615, custom actions=[], active item id=-1, error=null}, new state= PlaybackState {state=STOPPED(1), position=1328924, buffered position=0, speed=1.0, updated=1296916309, actions=8615, custom actions=[], active item id=-1, error=null}
05-04 20:27:49.126 D/HeadsetService( 7916): getHeadsetService(): returning com.android.bluetooth.hfp.HeadsetService@ee3f0c7
05-04 20:27:49.126 E/HeadsetStateMachine( 7916): returning mCurrentState as Connected
05-04 20:27:49.126 E/HeadsetStateMachine( 7916): returning mCurrentState as Disconnected
05-04 20:27:49.126 E/HeadsetStateMachine( 7916): returning mCurrentState as Disconnected
05-04 20:27:49.126 D/HeadsetService( 7916):  isAudioOn: The number of audio connected devices 0
05-04 20:27:49.126 D/HeadsetService( 7916): isScoOrCallActive(): Call Active:falseCall is Ringing:falseSCO is Active:false
05-04 20:27:49.126 E/HeadsetStateMachine( 7916): returning mCurrentState as Connected
05-04 20:27:49.126 E/HeadsetStateMachine( 7916): returning mCurrentState as Disconnected
05-04 20:27:49.126 E/HeadsetStateMachine( 7916): returning mCurrentState as Disconnected
05-04 20:27:49.126 D/HeadsetService( 7916):  isAudioOn: The number of audio connected devices 0
05-04 20:27:49.126 I/Avrcp_ext( 7916): updatePlayStatusForDevice: device: 17:3F:CF:BE:B9:01
05-04 20:27:49.126 V/Avrcp_ext( 7916): updatePlaybackState (0): old=PlaybackState {state=STOPPED(1), position=1328924, buffered position=0, speed=1.0, updated=1296916309, actions=8615, custom actions=[], active item id=-1, error=null}(0), new=PlaybackState {state=STOPPED(1), position=1328924, buffered position=0, speed=1.0, updated=1296916309, actions=8615, custom actions=[], active item id=-1, error=null}(0)
05-04 20:27:49.126 I/Avrcp_ext( 7916): Exit updatePlayStatusForDevice
05-04 20:27:49.126 E/HeadsetStateMachine( 7916): returning mCurrentState as Connected
05-04 20:27:49.126 E/HeadsetStateMachine( 7916): returning mCurrentState as Disconnected
05-04 20:27:49.126 E/HeadsetStateMachine( 7916): returning mCurrentState as Disconnected
05-04 20:27:49.126 D/HeadsetService( 7916):  isAudioOn: The number of audio connected devices 0
05-04 20:27:49.126 D/HeadsetService( 7916): isScoOrCallActive(): Call Active:falseCall is Ringing:falseSCO is Active:false
05-04 20:27:49.126 E/HeadsetStateMachine( 7916): returning mCurrentState as Connected
05-04 20:27:49.126 E/HeadsetStateMachine( 7916): returning mCurrentState as Disconnected
05-04 20:27:49.126 E/HeadsetStateMachine( 7916): returning mCurrentState as Disconnected
05-04 20:27:49.126 D/HeadsetService( 7916):  isAudioOn: The number of audio connected devices 0
05-04 20:27:49.126 I/Avrcp_ext( 7916): updatePlayStatusForDevice: device: null
05-04 20:27:49.126 V/Avrcp_ext( 7916): updatePlaybackState (1): old=PlaybackState {state=STOPPED(1), position=1328924, buffered position=0, speed=1.0, updated=1296916309, actions=8615, custom actions=[], active item id=-1, error=null}(0), new=PlaybackState {state=STOPPED(1), position=1328924, buffered position=0, speed=1.0, updated=1296916309, actions=8615, custom actions=[], active item id=-1, error=null}(0)
05-04 20:27:49.126 I/Avrcp_ext( 7916): Exit updatePlayStatusForDevice
05-04 20:27:49.126 E/HeadsetStateMachine( 7916): returning mCurrentState as Connected
05-04 20:27:49.126 E/HeadsetStateMachine( 7916): returning mCurrentState as Disconnected
05-04 20:27:49.126 E/HeadsetStateMachine( 7916): returning mCurrentState as Disconnected
05-04 20:27:49.126 D/HeadsetService( 7916):  isAudioOn: The number of audio connected devices 0
05-04 20:27:49.126 D/HeadsetService( 7916): isScoOrCallActive(): Call Active:falseCall is Ringing:falseSCO is Active:false
05-04 20:27:49.126 E/HeadsetStateMachine( 7916): returning mCurrentState as Connected
05-04 20:27:49.126 E/HeadsetStateMachine( 7916): returning mCurrentState as Disconnected
05-04 20:27:49.126 E/HeadsetStateMachine( 7916): returning mCurrentState as Disconnected
05-04 20:27:49.126 D/HeadsetService( 7916):  isAudioOn: The number of audio connected devices 0
05-04 20:27:49.126 I/Avrcp_ext( 7916): updatePlayStatusForDevice: device: null
05-04 20:27:49.126 V/Avrcp_ext( 7916): updatePlaybackState (1): old=PlaybackState {state=STOPPED(1), position=1328924, buffered position=0, speed=1.0, updated=1296916309, actions=8615, custom actions=[], active item id=-1, error=null}(0), new=PlaybackState {state=STOPPED(1), position=1328924, buffered position=0, speed=1.0, updated=1296916309, actions=8615, custom actions=[], active item id=-1, error=null}(0)
05-04 20:27:49.126 I/Avrcp_ext( 7916): Exit updatePlayStatusForDevice
05-04 20:27:49.126 E/HeadsetStateMachine( 7916): returning mCurrentState as Connected
05-04 20:27:49.126 E/HeadsetStateMachine( 7916): returning mCurrentState as Disconnected
05-04 20:27:49.126 E/HeadsetStateMachine( 7916): returning mCurrentState as Disconnected
05-04 20:27:49.126 D/HeadsetService( 7916):  isAudioOn: The number of audio connected devices 0
05-04 20:27:49.126 D/HeadsetService( 7916): isScoOrCallActive(): Call Active:falseCall is Ringing:falseSCO is Active:false
05-04 20:27:49.126 E/HeadsetStateMachine( 7916): returning mCurrentState as Connected
05-04 20:27:49.126 E/HeadsetStateMachine( 7916): returning mCurrentState as Disconnected
05-04 20:27:49.126 E/HeadsetStateMachine( 7916): returning mCurrentState as Disconnected
05-04 20:27:49.126 D/HeadsetService( 7916):  isAudioOn: The number of audio connected devices 0
05-04 20:27:49.126 I/Avrcp_ext( 7916): updatePlayStatusForDevice: device: null
05-04 20:27:49.126 V/Avrcp_ext( 7916): updatePlaybackState (1): old=PlaybackState {state=STOPPED(1), position=1328924, buffered position=0, speed=1.0, updated=1296916309, actions=8615, custom actions=[], active item id=-1, error=null}(0), new=PlaybackState {state=STOPPED(1), position=1328924, buffered position=0, speed=1.0, updated=1296916309, actions=8615, custom actions=[], active item id=-1, error=null}(0)
05-04 20:27:49.126 I/Avrcp_ext( 7916): Exit updatePlayStatusForDevice
05-04 20:27:49.126 E/HeadsetStateMachine( 7916): returning mCurrentState as Connected
05-04 20:27:49.126 E/HeadsetStateMachine( 7916): returning mCurrentState as Disconnected
05-04 20:27:49.126 E/HeadsetStateMachine( 7916): returning mCurrentState as Disconnected
05-04 20:27:49.126 D/HeadsetService( 7916):  isAudioOn: The number of audio connected devices 0
05-04 20:27:49.126 D/HeadsetService( 7916): isScoOrCallActive(): Call Active:falseCall is Ringing:falseSCO is Active:false
05-04 20:27:49.126 E/HeadsetStateMachine( 7916): returning mCurrentState as Connected
05-04 20:27:49.126 E/HeadsetStateMachine( 7916): returning mCurrentState as Disconnected
05-04 20:27:49.126 E/HeadsetStateMachine( 7916): returning mCurrentState as Disconnected
05-04 20:27:49.126 D/HeadsetService( 7916):  isAudioOn: The number of audio connected devices 0
05-04 20:27:49.126 I/Avrcp_ext( 7916): updatePlayStatusForDevice: device: null
05-04 20:27:49.126 V/Avrcp_ext( 7916): updatePlaybackState (1): old=PlaybackState {state=STOPPED(1), position=1328924, buffered position=0, speed=1.0, updated=1296916309, actions=8615, custom actions=[], active item id=-1, error=null}(0), new=PlaybackState {state=STOPPED(1), position=1328924, buffered position=0, speed=1.0, updated=1296916309, actions=8615, custom actions=[], active item id=-1, error=null}(0)
05-04 20:27:49.126 I/Avrcp_ext( 7916): Exit updatePlayStatusForDevice
05-04 20:27:49.126 D/Avrcp_ext( 7916): Enter sendPlayPosNotificationRsp
05-04 20:27:49.126 D/Avrcp_ext( 7916): sendPlayPosNotificationRsp: Not registered or requesting.
05-04 20:27:49.126 D/Avrcp_ext( 7916): Enter sendPlayPosNotificationRsp
05-04 20:27:49.126 D/Avrcp_ext( 7916): sendPlayPosNotificationRsp: Not registered or requesting.
05-04 20:27:49.126 D/Avrcp_ext( 7916): Enter sendPlayPosNotificationRsp
05-04 20:27:49.126 D/Avrcp_ext( 7916): sendPlayPosNotificationRsp: Not registered or requesting.
05-04 20:27:49.126 D/Avrcp_ext( 7916): Enter sendPlayPosNotificationRsp
05-04 20:27:49.126 D/Avrcp_ext( 7916): sendPlayPosNotificationRsp: Not registered or requesting.
05-04 20:27:49.126 D/Avrcp_ext( 7916): Enter sendPlayPosNotificationRsp
05-04 20:27:49.126 D/Avrcp_ext( 7916): sendPlayPosNotificationRsp: Not registered or requesting.
05-04 20:27:49.126 V/Avrcp_ext( 7916): Exit updatePlayerStateAndPosition
05-04 20:27:49.126 D/APM: ActiveDeviceManagerServiceLegacy( 7916): getActiveAbsoluteDevice(): device: 17:3F:CF:BE:B9:01
05-04 20:27:49.126 D/APM: ActiveDeviceManagerServiceLegacy( 7916): isStableState(): true
05-04 20:27:49.126 D/Avrcp_ext( 7916): isAdmStable = true activeAbsAddr = 17:3F:CF:BE:B9:01 device = null
05-04 20:27:49.126 V/APM: MediaControlManager( 7916): onPlaybackStateChanged
05-04 20:27:49.126 W/McpService( 7916): updatePlaybackState state PlaybackState {state=STOPPED(1), position=1328924, buffered position=0, speed=1.0, updated=1296916309, actions=8615, custom actions=[], active item id=-1, error=null}
05-04 20:27:49.126 W/McpService( 7916): updatePlaybackState mState: 2 state: 2
05-04 20:27:49.126 W/Avrcp_ext( 7916): updated player state = PlaybackState {state=STOPPED(1), position=1328924, buffered position=0, speed=1.0, updated=1296916309, actions=8615, custom actions=[], active item id=-1, error=null}to MCP module also
05-04 20:27:49.332 V/WindowManagerShell( 3827): Transition animation finished (aborted=false), notifying core (#6253)android.os.BinderProxy@f64a7ef@0
05-04 20:27:49.333 V/WindowManager( 3064): Finish Transition #6253: created at 05-04 20:27:49.046 collect-started=0.037ms request-sent=0.168ms started=6.424ms ready=6.409ms sent=47.504ms finished=286.76ms
05-04 20:27:49.334 W/ActivityManager( 3064): pid 3064 system sent binder code 7 with flags 1 to frozen apps and got error -32
05-04 20:27:49.334 D/ActivityManager( 3064): Too many transaction errors, throttling freezer binder callback.
05-04 20:27:49.334 W/WindowManager( 3064): Exception thrown during dispatchAppVisibility Window{e8354c3 u0 com.deepeye.musicpro.debug/com.deepeye.musicpro.ui.MainActivity EXITING}
05-04 20:27:49.334 W/WindowManager( 3064): android.os.DeadObjectException
05-04 20:27:49.334 W/WindowManager( 3064): 	at android.os.BinderProxy.transactNative(Native Method)
05-04 20:27:49.334 W/WindowManager( 3064): 	at android.os.BinderProxy.transact(BinderProxy.java:586)
05-04 20:27:49.334 W/WindowManager( 3064): 	at android.view.IWindow$Stub$Proxy.dispatchAppVisibility(IWindow.java:546)
05-04 20:27:49.334 W/WindowManager( 3064): 	at com.android.server.wm.WindowState.sendAppVisibilityToClients(WindowState.java:3527)
05-04 20:27:49.334 W/WindowManager( 3064): 	at com.android.server.wm.WindowContainer.sendAppVisibilityToClients(WindowContainer.java:1277)
05-04 20:27:49.334 W/WindowManager( 3064): 	at com.android.server.wm.WindowToken.setClientVisible(WindowToken.java:497)
05-04 20:27:49.334 W/WindowManager( 3064): 	at com.android.server.wm.ActivityRecord.setClientVisible(ActivityRecord.java:7401)
05-04 20:27:49.334 W/WindowManager( 3064): 	at com.android.server.wm.ActivityRecord.postApplyAnimation(ActivityRecord.java:5970)
05-04 20:27:49.334 W/WindowManager( 3064): 	at com.android.server.wm.ActivityRecord.commitVisibility(ActivityRecord.java:5913)
05-04 20:27:49.334 W/WindowManager( 3064): 	at com.android.server.wm.Transition.finishTransition(Transition.java:1181)
05-04 20:27:49.334 W/WindowManager( 3064): 	at com.android.server.wm.TransitionController.finishTransition(TransitionController.java:885)
05-04 20:27:49.334 W/WindowManager( 3064): 	at com.android.server.wm.WindowOrganizerController.finishTransition(WindowOrganizerController.java:409)
05-04 20:27:49.334 W/WindowManager( 3064): 	at android.window.IWindowOrganizerController$Stub.onTransact(IWindowOrganizerController.java:286)
05-04 20:27:49.334 W/WindowManager( 3064): 	at com.android.server.wm.WindowOrganizerController.onTransact(WindowOrganizerController.java:194)
05-04 20:27:49.334 W/WindowManager( 3064): 	at android.os.Binder.execTransactInternal(Binder.java:1385)
05-04 20:27:49.334 W/WindowManager( 3064): 	at android.os.Binder.execTransact(Binder.java:1310)
05-04 20:27:49.334 I/Process ( 3064): Sending signal. PID: 15273 SIG: 9
05-04 20:27:49.337 W/ActivityManager( 3064): setHasOverlayUi called on unknown pid: 15273
05-04 20:27:49.341 V/WindowManagerShell( 3827): Track 0 became idle
05-04 20:27:49.341 V/WindowManagerShell( 3827): All active transition animations finished
05-04 20:27:49.341 W/MotoFreeForm( 5894): [FreeFormController] onTaskRemoved 3808
05-04 20:27:49.341 W/MotoFreeForm( 5894): [FreeFormController] onTaskRemoved 3808
05-04 20:27:49.351 E/BpTransactionCompletedListener( 1858): Failed to transact (-32)
05-04 20:27:49.399 E/minksocket( 1727): MinkIPC_QRTR_Service: client with node 1 port 79f1 went down
05-04 20:27:49.399 E/minksocket( 1727): MinkIPC_QRTR_Service: client with node 1 port 79f2 went down
05-04 20:27:49.400 E/minksocket( 1727): MinkIPC_QRTR_Service: client with node 1 port 79f3 went down
05-04 20:27:49.403 E/minksocket( 1727): MinkIPC_QRTR_Service: client with node 1 port 79f4 went down
05-04 20:27:49.512 D/CompatibilityChangeReporter( 3064): Compat change id reported: 161252188; UID 10502; state: DISABLED
05-04 20:27:49.512 W/ActivityTaskManager( 3064): callingPackage for (uid=2000, pid=15615) has no WPC
05-04 20:27:49.512 I/SettingsAccessControlPolicy( 3064): isDeviceSettingsChangeDisabled: value -> false
05-04 20:27:49.513 D/CompatibilityChangeReporter( 3064): Compat change id reported: 265464455; UID 10502; state: DISABLED
05-04 20:27:49.513 D/CompatibilityChangeReporter( 3064): Compat change id reported: 265452344; UID 10502; state: DISABLED
05-04 20:27:49.513 D/CompatibilityChangeReporter( 3064): Compat change id reported: 266124927; UID 10502; state: DISABLED
05-04 20:27:49.513 D/CompatibilityChangeReporter( 3064): Compat change id reported: 265451093; UID 10502; state: DISABLED
05-04 20:27:49.513 D/CompatibilityChangeReporter( 3064): Compat change id reported: 265456536; UID 10502; state: DISABLED
05-04 20:27:49.513 D/CompatibilityChangeReporter( 3064): Compat change id reported: 255940284; UID 10502; state: DISABLED
05-04 20:27:49.513 D/CompatibilityChangeReporter( 3064): Compat change id reported: 236283604; UID 10502; state: DISABLED
05-04 20:27:49.513 D/CompatibilityChangeReporter( 3064): Compat change id reported: 263959004; UID 10502; state: DISABLED
05-04 20:27:49.514 D/CompatibilityChangeReporter( 3064): Compat change id reported: 264304459; UID 10502; state: DISABLED
05-04 20:27:49.514 D/CompatibilityChangeReporter( 3064): Compat change id reported: 264301586; UID 10502; state: DISABLED
05-04 20:27:49.514 D/CompatibilityChangeReporter( 3064): Compat change id reported: 254631730; UID 10502; state: DISABLED
05-04 20:27:49.514 D/CompatibilityChangeReporter( 3064): Compat change id reported: 273509367; UID 10502; state: DISABLED
05-04 20:27:49.514 D/CompatibilityChangeReporter( 3064): Compat change id reported: 263259275; UID 10502; state: DISABLED
05-04 20:27:49.514 D/CompatibilityChangeReporter( 3064): Compat change id reported: 174042980; UID 10502; state: DISABLED
05-04 20:27:49.514 D/CompatibilityChangeReporter( 3064): Compat change id reported: 174042936; UID 10502; state: DISABLED
05-04 20:27:49.514 D/CompatibilityChangeReporter( 3064): Compat change id reported: 181136395; UID 10502; state: DISABLED
05-04 20:27:49.514 D/CompatibilityChangeReporter( 3064): Compat change id reported: 194480991; UID 10502; state: ENABLED
05-04 20:27:49.515 D/ActivityTaskManager( 3064): getPreferredLaunchDisplay userset_displayid false user set display id -1, current focus display 0
05-04 20:27:49.515 D/ActivityTaskManager( 3064): getPreferredLaunchDisplay userset_displayid false user set display id -1, current focus display 0
05-04 20:27:49.517 D/ActivityTaskManager( 3064): getPreferredLaunchDisplay userset_displayid false user set display id -1, current focus display 0
05-04 20:27:49.517 D/ActivityTaskManager( 3064): getPreferredLaunchDisplay userset_displayid false user set display id -1, current focus display 0
05-04 20:27:49.517 E/ANDR-PERF-LM( 1798): MetaMeter: handleAsync() 166: AdaptLaunch Invalid Async
05-04 20:27:49.517 E/ANDR-PERF-LM( 1798): MetaMeter: handleAsync() 166: AdaptLaunch Invalid Async
05-04 20:27:49.520 W/TopAppMonitor( 3064): resend missed activity state ActivityState{com.deepeye.musicpro.debug, userId=0, uid=10502, displayId=0, category=0, isLauncher=false, isTop=false, lastTopTime=1305258794}
05-04 20:27:49.520 D/ActivityTaskManager( 3064): getPreferredLaunchDisplay userset_displayid false user set display id 0, current focus display 0
05-04 20:27:49.520 D/ActivityTaskManager( 3064): getPreferredLaunchDisplay userset_displayid false user set display id 0, current focus display 0
05-04 20:27:49.521 D/CompatibilityChangeReporter( 3064): Compat change id reported: 184838306; UID 10502; state: DISABLED
05-04 20:27:49.521 D/CompatibilityChangeReporter( 3064): Compat change id reported: 185004937; UID 10502; state: DISABLED
05-04 20:27:49.523 D/PowerManagerService( 3064): nativeSetPowerMode ret:false mode:5 enabled:true duration ms: 0
05-04 20:27:49.523 D/CompatibilityChangeReporter( 3064): Compat change id reported: 205907456; UID 10502; state: ENABLED
05-04 20:27:49.524 D/ActivityTrigger( 3064): ActivityTrigger activityPauseTrigger 
05-04 20:27:49.524 W/ANDR-PERF-LM( 1798): MetaMeter: handlePrimaryAsync() 118: AdaptLaunch MetaMeter. No MeterMgr Available to handle this Primary Async. !!!!
05-04 20:27:49.524 W/ANDR-PERF-LM( 1798): MetaMeter: handlePrimaryAsync() 118: AdaptLaunch MetaMeter. No MeterMgr Available to handle this Primary Async. !!!!
05-04 20:27:49.526 D/PowerManagerService( 3064): nativeAcquireSuspendBlocker name:PowerManagerService.WakeLocks duration ms: 1
05-04 20:27:49.527 V/WindowManagerShell( 3827): Transition requested: android.os.BinderProxy@7a24a9 TransitionRequestInfo { type = 1, triggerTask = TaskInfo{userId=0 taskId=3809 displayId=0 isRunning=true baseIntent=Intent { flg=0x10000000 cmp=com.deepeye.musicpro.debug/com.deepeye.musicpro.ui.MainActivity } baseActivity=ComponentInfo{com.deepeye.musicpro.debug/com.deepeye.musicpro.ui.MainActivity} topActivity=ComponentInfo{com.deepeye.musicpro.debug/com.deepeye.musicpro.ui.MainActivity} origActivity=null realActivity=ComponentInfo{com.deepeye.musicpro.debug/com.deepeye.musicpro.ui.MainActivity} numActivities=1 lastActiveTime=1305331492 supportsMultiWindow=true supportsGlobalFreeform=true resizeMode=1 isResizeable=true isAppLocked=false canKillAndRestart=false isShowDecorCaptionWindowRequest=false minWidth=-1 minHeight=-1 defaultMinSize=200 token=WCT{android.window.IWindowContainerToken$Stub$Proxy@ee34a2e} topActivityType=1 pictureInPictureParams=null shouldDockBigOverlays=false launchIntoPipHostTaskId=-1 lastParentTaskIdBeforePip=-1 displayCutoutSafeInsets=Rect(0, 90 - 0, 0) topActivityInfo=ActivityInfo{4f4c9cf com.deepeye.musicpro.ui.MainActivity} launchCookies=[] positionInParent=Point(0, 0) parentTaskId=-1 isFocused=false isVisible=false isVisibleRequested=false isSleeping=false topActivityInSizeCompat=false topActivityEligibleForLetterboxEducation= false topActivityLetterboxed= false isFromDoubleTap= false topActivityLetterboxVerticalPosition= -1 topActivityLetterboxHorizontalPosition= -1 topActivityLetterboxWidth=-1 topActivityLetterboxHeight=-1 locusId=null displayAreaFeatureId=1 cameraCompatControlState=hidden}, remoteTransition = null, displayChange = null, flags = 0 }
05-04 20:27:49.527 I/ActivityTaskManager( 3064): START u0 {flg=0x10000000 cmp=com.deepeye.musicpro.debug/com.deepeye.musicpro.ui.MainActivity} with LAUNCH_SINGLE_TASK from uid 2000 (startActivityAsUser) (BAL_ALLOW_PERMISSION) result code=0
05-04 20:27:49.530 D/CompatibilityChangeReporter( 3064): Compat change id reported: 135634846; UID 10502; state: DISABLED
05-04 20:27:49.530 D/CompatibilityChangeReporter( 3064): Compat change id reported: 177438394; UID 10502; state: DISABLED
05-04 20:27:49.530 D/CompatibilityChangeReporter( 3064): Compat change id reported: 135772972; UID 10502; state: DISABLED
05-04 20:27:49.530 D/CompatibilityChangeReporter( 3064): Compat change id reported: 135754954; UID 10502; state: ENABLED
05-04 20:27:49.531 D/CompatibilityChangeReporter( 3064): Compat change id reported: 143937733; UID 10502; state: ENABLED
05-04 20:27:49.533 W/ANDR-PERF-LM( 1798): MetaMeter: handlePrimaryAsync() 118: AdaptLaunch MetaMeter. No MeterMgr Available to handle this Primary Async. !!!!
05-04 20:27:49.533 W/ANDR-PERF-LM( 1798): MetaMeter: handlePrimaryAsync() 118: AdaptLaunch MetaMeter. No MeterMgr Available to handle this Primary Async. !!!!
05-04 20:27:49.534 D/ViewRootImpl( 3827): update {(0,0)(fillxfill) ty=APPLICATION_STARTING fmt=TRANSLUCENT wanim=0x10302fe
05-04 20:27:49.534 D/ViewRootImpl( 3827):   fl=NOT_FOCUSABLE NOT_TOUCHABLE LAYOUT_IN_SCREEN LAYOUT_INSET_DECOR ALT_FOCUSABLE_IM HARDWARE_ACCELERATED DRAWS_SYSTEM_BAR_BACKGROUNDS
05-04 20:27:49.534 D/ViewRootImpl( 3827):   pfl=SHOW_FOR_ALL_USERS FIT_INSETS_CONTROLLED
05-04 20:27:49.534 D/ViewRootImpl( 3827):   bhv=DEFAULT
05-04 20:27:49.534 D/ViewRootImpl( 3827):   fitSides=} by setView
05-04 20:27:49.540 D/Zygote  ( 1587): Forked child process 15629
05-04 20:27:49.540 D/CompatibilityChangeReporter( 3064): Compat change id reported: 168419799; UID 10502; state: DISABLED
05-04 20:27:49.540 D/CompatibilityChangeReporter( 3064): Compat change id reported: 273564678; UID 10502; state: DISABLED
05-04 20:27:49.540 D/CompatibilityChangeReporter( 3064): Compat change id reported: 265195908; UID 10502; state: ENABLED
05-04 20:27:49.541 E/ANDR-PERF-LM( 1798): MetaMeter: handleAsync() 166: AdaptLaunch Invalid Async
05-04 20:27:49.541 I/ActivityManager( 3064): Start proc 15629:com.deepeye.musicpro.debug/u0a502 for next-top-activity {com.deepeye.musicpro.debug/com.deepeye.musicpro.ui.MainActivity}
05-04 20:27:49.546 D/CoreBackPreview( 3064): Window{51142e u0 Splash Screen com.deepeye.musicpro.debug}: Setting back callback OnBackInvokedCallbackInfo{mCallback=android.window.IOnBackInvokedCallback$Stub$Proxy@59f3465, mPriority=0, mIsAnimationCallback=false}
05-04 20:27:49.549 E/OpenGLRenderer( 3827): Unable to match the desired swap behavior.
05-04 20:27:49.550 I/.musicpro.debug(15629): Late-enabling -Xcheck:jni
05-04 20:27:49.557 V/WindowManager( 3064): Sent Transition #6254 createdAt=05-04 20:27:49.515 via request=TransitionRequestInfo { type = 1, triggerTask = TaskInfo{userId=0 taskId=3809 displayId=0 isRunning=true baseIntent=Intent { flg=0x10000000 cmp=com.deepeye.musicpro.debug/com.deepeye.musicpro.ui.MainActivity } baseActivity=ComponentInfo{com.deepeye.musicpro.debug/com.deepeye.musicpro.ui.MainActivity} topActivity=ComponentInfo{com.deepeye.musicpro.debug/com.deepeye.musicpro.ui.MainActivity} origActivity=null realActivity=ComponentInfo{com.deepeye.musicpro.debug/com.deepeye.musicpro.ui.MainActivity} numActivities=1 lastActiveTime=1305331492 supportsMultiWindow=true supportsGlobalFreeform=true resizeMode=1 isResizeable=true isAppLocked=false canKillAndRestart=true isShowDecorCaptionWindowRequest=false minWidth=-1 minHeight=-1 defaultMinSize=200 token=WCT{RemoteToken{5db7b06 Task{95098d7 #3809 type=standard A=10502:com.deepeye.musicpro.debug}}} topActivityType=1 pictureInPictureParams=null shouldDockBigOverlays=false launchIntoPipHostTaskId=-1 lastParentTaskIdBeforePip=-1 displayCutoutSafeInsets=Rect(0, 90 - 0, 0) topActivityInfo=ActivityInfo{8af27f4 com.deepeye.musicpro.ui.MainActivity} launchCookies=[] positionInParent=Point(0, 0) parentTaskId=-1 isFocused=false isVisible=false isVisibleRequested=false isSleeping=false topActivityInSizeCompat=false topActivityEligibleForLetterboxEducation= false topActivityLetterboxed= false isFromDoubleTap= false topActivityLetterboxVerticalPosition= -1 topActivityLetterboxHorizontalPosition= -1 topActivityLetterboxWidth=-1 topActivityLetterboxHeight=-1 locusId=null displayAreaFeatureId=1 cameraCompatControlState=hidden}, remoteTransition = null, displayChange = null, flags = 0 }
05-04 20:27:49.557 V/WindowManager( 3064):     startWCT=WindowContainerTransaction { changes = {} hops = [] errorCallbackToken=null taskFragmentOrganizer=null }
05-04 20:27:49.557 V/WindowManager( 3064):     info={id=6254 t=OPEN f=0x0 trk=0 r=[0@Point(0, 0)] c=[{WCT{RemoteToken{5db7b06 Task{95098d7 #3809 type=standard A=10502:com.deepeye.musicpro.debug}}} m=OPEN f=NONE pTaskId=-1 leash=Surface(name=Task=3809)/@0x5f5f48 sb=Rect(0, 0 - 1080, 2400) eb=Rect(0, 0 - 1080, 2400) d=0},{WCT{RemoteToken{9a2e0c9 Task{97f56a1 #1 type=home}}} m=TO_BACK f=SHOW_WALLPAPER pTaskId=-1 leash=Surface(name=Task=1)/@0x5e976da sb=Rect(0, 0 - 1080, 2400) eb=Rect(0, 0 - 1080, 2400) d=0}]}
05-04 20:27:49.557 V/WindowManagerShell( 3827): onTransitionReady android.os.BinderProxy@7a24a9: {id=6254 t=OPEN f=0x0 trk=0 r=[0@Point(0, 0)] c=[{WCT{android.window.IWindowContainerToken$Stub$Proxy@617eddb} m=OPEN f=NONE pTaskId=-1 leash=Surface(name=Task=3809)/@0x3ed278c sb=Rect(0, 0 - 1080, 2400) eb=Rect(0, 0 - 1080, 2400) d=0},{WCT{android.window.IWindowContainerToken$Stub$Proxy@50b3078} m=TO_BACK f=SHOW_WALLPAPER pTaskId=-1 leash=Surface(name=Task=1)/@0x4eaed5 sb=Rect(0, 0 - 1080, 2400) eb=Rect(0, 0 - 1080, 2400) d=0}]}
05-04 20:27:49.557 V/WindowManagerShell( 3827): Playing animation for (#6254)android.os.BinderProxy@7a24a9@0
05-04 20:27:49.557 V/WindowManagerShell( 3827):  try handler com.android.wm.shell.transition.DefaultMixedHandler@9f0b165
05-04 20:27:49.557 V/WindowManagerShell( 3827):  try handler com.android.wm.shell.keyguard.KeyguardTransitionHandler@aa67e3a
05-04 20:27:49.557 V/WindowManagerShell( 3827):  try handler com.android.wm.shell.activityembedding.ActivityEmbeddingController@e359aeb
05-04 20:27:49.557 V/WindowManagerShell( 3827):  try handler com.android.wm.shell.recents.RecentsTransitionHandler@ec8c048
05-04 20:27:49.557 V/ShellRecents( 3827): RecentsTransitionHandler.startAnimation: no controller found
05-04 20:27:49.557 V/WindowManagerShell( 3827):  try handler com.android.wm.shell.pip.PipTransition@5bffee1
05-04 20:27:49.557 V/WindowManagerShell( 3827):  try handler com.android.wm.shell.splitscreen.StageCoordinator@56e4406
05-04 20:27:49.557 V/WindowManagerShell( 3827):  try handler com.android.wm.shell.transition.RemoteTransitionHandler@b50fac7
05-04 20:27:49.557 V/WindowManagerShell( 3827): Transition doesn't have explicit remote, search filters for match for {id=6254 t=OPEN f=0x0 trk=0 r=[0@Point(0, 0)] c=[{WCT{android.window.IWindowContainerToken$Stub$Proxy@617eddb} m=OPEN f=NONE pTaskId=-1 leash=Surface(name=Task=3809)/@0x3ed278c sb=Rect(0, 0 - 1080, 2400) eb=Rect(0, 0 - 1080, 2400) d=0},{WCT{android.window.IWindowContainerToken$Stub$Proxy@50b3078} m=TO_BACK f=SHOW_WALLPAPER pTaskId=-1 leash=Surface(name=Task=1)/@0x4eaed5 sb=Rect(0, 0 - 1080, 2400) eb=Rect(0, 0 - 1080, 2400) d=0}]}
05-04 20:27:49.557 V/WindowManagerShell( 3827):  Checking filter Pair{{types=[] flags=0x0] notFlags=0x100 checks=[{atype=home independent=true modes=[OPEN,TO_FRONT] flags=NONE mustBeTask=false order=TOP topActivity=ComponentInfo{com.motorola.launcher3/com.android.launcher3.uioverrides.QuickstepLauncher}},{atype=standard independent=true modes=[CLOSE,TO_BACK] flags=NONE mustBeTask=false order=ANY topActivity=null}]} RemoteTransition { remoteTransition = android.window.IRemoteTransition$Stub$Proxy@4795a1a, appThread = android.app.IApplicationThread$Stub$Proxy@b3b794b, debugName = QuickstepLaunchHome }}
05-04 20:27:49.557 V/WindowManagerShell( 3827):  Delegate animation for #6254 to null
05-04 20:27:49.557 V/WindowManagerShell( 3827):  try handler com.android.wm.shell.transition.DefaultTransitionHandler@acd98f4
05-04 20:27:49.557 V/WindowManagerShell( 3827): start default transition animation, info = {id=6254 t=OPEN f=0x0 trk=0 r=[0@Point(0, 0)] c=[{WCT{android.window.IWindowContainerToken$Stub$Proxy@617eddb} m=OPEN f=NONE pTaskId=-1 leash=Surface(name=Task=3809)/@0x3ed278c sb=Rect(0, 0 - 1080, 2400) eb=Rect(0, 0 - 1080, 2400) d=0},{WCT{android.window.IWindowContainerToken$Stub$Proxy@50b3078} m=TO_BACK f=SHOW_WALLPAPER pTaskId=-1 leash=Surface(name=Task=1)/@0x4eaed5 sb=Rect(0, 0 - 1080, 2400) eb=Rect(0, 0 - 1080, 2400) d=0}]}
05-04 20:27:49.557 V/WindowManagerShell( 3827): loadAnimation: anim=android.view.animation.AnimationSet@c8b27b6 animAttr=0x13 type=OPEN isEntrance=false
05-04 20:27:49.558 V/WindowManagerShell( 3827): loadAnimation: anim=android.view.animation.AnimationSet@69a0942 animAttr=0x12 type=OPEN isEntrance=true
05-04 20:27:49.558 V/WindowManagerShell( 3827):  animated by com.android.wm.shell.transition.DefaultTransitionHandler@acd98f4
05-04 20:27:49.567 I/.musicpro.debug(15629): Using CollectorTypeCMC GC.
05-04 20:27:49.569 I/adbd    ( 7521): jdwp connection from 15629
05-04 20:27:49.572 D/nativeloader(15629): Load libframework-connectivity-tiramisu-jni.so using APEX ns com_android_tethering for caller /apex/com.android.tethering/javalib/framework-connectivity-t.jar: ok
05-04 20:27:49.577 E/ANDR-PERF-LM( 1798): MetaMeter: handleAsync() 166: AdaptLaunch Invalid Async
05-04 20:27:49.585 D/CompatibilityChangeReporter(15629): Compat change id reported: 171979766; UID 10502; state: ENABLED
05-04 20:27:49.585 D/CompatibilityChangeReporter(15629): Compat change id reported: 242716250; UID 10502; state: ENABLED
05-04 20:27:49.588 D/CompatibilityChangeReporter( 3064): Compat change id reported: 170503758; UID 10502; state: ENABLED
05-04 20:27:49.632 I/bwmt    (10800): onPause
05-04 20:27:49.706 I/ThermalEngine(10311): ACTION: freeze_rule - Setting freeze_rule to 0
05-04 20:27:49.706 I/ThermalEngine(10311): Monitor:INACTIVE:FREEZE-CHG:freeze_rule=1:DETECT-STANDBY=0
05-04 20:27:49.706 I/Thermal-Lib(10311): Thermal-Lib-Client: Client request sent
05-04 20:27:49.706 I/ThermalEngine(10311): ACTION: override_c - Setting override_c to 0
05-04 20:27:49.706 I/ThermalEngine(10311): Monitor:INACTIVE:OVERRIDE-CHG:internal_override=1:DETECT-STANDBY=0
05-04 20:27:49.706 I/ThermalEngine(10311): Thermal-Server: Thermal received msg from  freezing
05-04 20:27:49.706 I/Thermal-Lib(10311): Thermal-Lib-Client: Client request sent
05-04 20:27:49.706 I/ThermalEngine(10311): Thermal-Server: Thermal received msg from  override_c
05-04 20:27:49.708 I/ThermalEngine(10311): Monitor:ACTIVE:MON-MSM-charge:battery=6:CHG-SENSORS=42274
05-04 20:27:49.839 V/WindowManagerShell( 3827): Transition animation finished (aborted=false), notifying core (#6254)android.os.BinderProxy@7a24a9@0
05-04 20:27:49.839 V/WindowManager( 3064): Finish Transition #6254: created at 05-04 20:27:49.515 collect-started=0.033ms request-sent=11.593ms started=15.286ms ready=39.021ms sent=41.289ms finished=324.622ms
05-04 20:27:49.841 V/WindowManagerShell( 3827): Track 0 became idle
05-04 20:27:49.841 V/WindowManagerShell( 3827): All active transition animations finished
05-04 20:27:49.845 D/Surface (10800): Surface::disconnect
05-04 20:27:49.845 D/BufferQueueProducer(10800): [VRI[GoogleDiscoverWindow]#62(BLAST Consumer)62](id:2a300000003e,api:1,p:10800,c:10800) disconnect: api 1
05-04 20:27:49.846 D/Surface (20981): Surface::disconnect
05-04 20:27:49.846 D/BufferQueueProducer(20981): [VRI[CustomizationPanelLauncher]#333(BLAST Consumer)333](id:51f500000483,api:1,p:20981,c:20981) disconnect: api 1
05-04 20:27:49.899 D/nativeloader(15629): Configuring clns-4 for other apk /data/app/~~HI9UX6hskjVEwzB34HA6SQ==/com.deepeye.musicpro.debug-pi_TPD4qWrJg7WXGCePLjA==/base.apk. target_sdk_version=35, uses_libraries=, library_path=/data/app/~~HI9UX6hskjVEwzB34HA6SQ==/com.deepeye.musicpro.debug-pi_TPD4qWrJg7WXGCePLjA==/lib/arm64:/data/app/~~HI9UX6hskjVEwzB34HA6SQ==/com.deepeye.musicpro.debug-pi_TPD4qWrJg7WXGCePLjA==/base.apk!/lib/arm64-v8a, permitted_path=/data:/mnt/expand:/data/user/0/com.deepeye.musicpro.debug
05-04 20:27:49.903 D/nativeloader(15629): Load libframework-connectivity-jni.so using APEX ns com_android_tethering for caller /apex/com.android.tethering/javalib/framework-connectivity.jar: ok
05-04 20:27:49.904 V/GraphicsEnvironment(15629): Currently set values for:
05-04 20:27:49.904 V/GraphicsEnvironment(15629):   angle_gl_driver_selection_pkgs=[]
05-04 20:27:49.904 V/GraphicsEnvironment(15629):   angle_gl_driver_selection_values=[]
05-04 20:27:49.905 V/GraphicsEnvironment(15629): ANGLE GameManagerService for com.deepeye.musicpro.debug: false
05-04 20:27:49.905 V/GraphicsEnvironment(15629): com.deepeye.musicpro.debug is not listed in per-application setting
05-04 20:27:49.905 V/GraphicsEnvironment(15629): Updatable production driver is not supported on the device.
05-04 20:27:49.919 D/CompatibilityChangeReporter(15629): Compat change id reported: 183155436; UID 10502; state: ENABLED
05-04 20:27:49.923 D/SessionsDependencies(15629): Dependency to CRASHLYTICS added.
05-04 20:27:49.925 I/FirebaseApp(15629): Device unlocked: initializing all Firebase APIs for app [DEFAULT]
05-04 20:27:49.965 D/nativeloader(15629): Load /data/app/~~HI9UX6hskjVEwzB34HA6SQ==/com.deepeye.musicpro.debug-pi_TPD4qWrJg7WXGCePLjA==/base.apk!/lib/arm64-v8a/libcrashlytics.so using class loader ns clns-4 (caller=/data/app/~~HI9UX6hskjVEwzB34HA6SQ==/com.deepeye.musicpro.debug-pi_TPD4qWrJg7WXGCePLjA==/base.apk!classes18.dex): ok
05-04 20:27:49.970 D/CompatibilityChangeReporter(15629): Compat change id reported: 3400644; UID 10502; state: ENABLED
05-04 20:27:49.971 I/FirebaseCrashlytics(15629): Initializing Firebase Crashlytics 19.3.0 for com.deepeye.musicpro.debug
05-04 20:27:49.980 D/SessionsDependencies(15629): Subscriber CRASHLYTICS registered.
05-04 20:27:49.988 W/.musicpro.debug(15629): ClassLoaderContext classpath size mismatch. expected=1, found=0 (DLC[];PCL[base.apk*3459175842]{PCL[/system/framework/org.apache.http.legacy.jar*365604909]#PCL[/system/framework/com.android.location.provider.jar*3994156537]#PCL[/system/framework/com.android.media.remotedisplay.jar*2114713712]} | DLC[];PCL[])
05-04 20:27:49.989 I/DynamiteModule(15629): Considering local module com.google.android.gms.measurement.dynamite:127 and remote module com.google.android.gms.measurement.dynamite:189
05-04 20:27:49.989 I/DynamiteModule(15629): Selected remote version of com.google.android.gms.measurement.dynamite, version >= 189
05-04 20:27:49.990 V/DynamiteModule(15629): Dynamite loader version >= 2, using loadModule2NoCrashUtils
05-04 20:27:49.993 D/CompatibilityChangeReporter( 3064): Compat change id reported: 161145287; UID 10502; state: ENABLED
05-04 20:27:49.998 W/System  (15629): ClassLoader referenced unknown path: 
05-04 20:27:49.998 D/nativeloader(15629): Configuring clns-5 for other apk . target_sdk_version=37, uses_libraries=, library_path=/data/app/~~PUhE4W2uBXrEkGAAEBiq0w==/com.google.android.gms--Ck5ZGrrO_6TuPDI4fgJVw==/lib/arm64:/data/app/~~PUhE4W2uBXrEkGAAEBiq0w==/com.google.android.gms--Ck5ZGrrO_6TuPDI4fgJVw==/base.apk!/lib/arm64-v8a, permitted_path=/data:/mnt/expand:/data/user/0/com.google.android.gms
05-04 20:27:50.000 D/libcrashlytics(15629): Initializing libcrashlytics version 3.2.0
05-04 20:27:50.002 D/libcrashlytics(15629): Initializing native crash handling successful.
05-04 20:27:50.004 W/.musicpro.debug(15629): ClassLoaderContext classpath element checksum mismatch. expected=3459175842, found=3556664689 (DLC[];PCL[base.apk*3459175842]{PCL[/system/framework/org.apache.http.legacy.jar*365604909]#PCL[/system/framework/com.android.location.provider.jar*3994156537]#PCL[/system/framework/com.android.media.remotedisplay.jar*2114713712]} | DLC[];PCL[/data/app/~~HI9UX6hskjVEwzB34HA6SQ==/com.deepeye.musicpro.debug-pi_TPD4qWrJg7WXGCePLjA==/base.apk*3556664689])
05-04 20:27:50.011 I/FirebaseCrashlytics(15629): No version control information found
05-04 20:27:50.015 D/FirebaseSessions(15629): Initializing Firebase Sessions SDK.
05-04 20:27:50.016 I/FirebaseInitProvider(15629): FirebaseApp initialization successful
05-04 20:27:50.016 D/FirebaseSessions(15629): No Sessions subscribers. Not listening to lifecycle events.
05-04 20:27:50.023 D/WM-WrkMgrInitializer(15629): Initializing WorkManager with default configuration.
05-04 20:27:50.032 I/PhenotypeResourceReader(27765): unable to find any Phenotype resource metadata for com.deepeye.musicpro.debug
05-04 20:27:50.033 D/WM-PackageManagerHelper(15629): Skipping component enablement for androidx.work.impl.background.systemjob.SystemJobService
05-04 20:27:50.033 D/WM-Schedulers(15629): Created SystemJobScheduler and enabled SystemJobService
05-04 20:27:50.034 I/.musicpro.debug(15629): hiddenapi: Accessing hidden method Ldalvik/system/VMStack;->getStackClass2()Ljava/lang/Class; (runtime_flags=0, domain=core-platform, api=unsupported) from Lm7/apm; (domain=app, TargetSdkVersion=35) using reflection: allowed
05-04 20:27:50.036 I/CrashGuard(15629): Enabling StrictMode penaltyDeath for debug build
05-04 20:27:50.038 D/nativeloader(15629): Load /data/app/~~HI9UX6hskjVEwzB34HA6SQ==/com.deepeye.musicpro.debug-pi_TPD4qWrJg7WXGCePLjA==/base.apk!/lib/arm64-v8a/libdeepeye_dsp.so using class loader ns clns-4 (caller=/data/app/~~HI9UX6hskjVEwzB34HA6SQ==/com.deepeye.musicpro.debug-pi_TPD4qWrJg7WXGCePLjA==/base.apk!classes11.dex): ok
05-04 20:27:50.038 I/DeepEyeJNI(15629): JNI_OnLoad called - Native library initializing...
05-04 20:27:50.040 I/Typeface(15629): updateThemeFont new=Rookery-Regular;old=sans-serif;new=Rookery-Stacked;old=
05-04 20:27:50.041 I/ActivityManager( 3064): Flag disabled. Ignoring finishAttachApplication from uid: 10502. pid: 15629
05-04 20:27:50.053 E/.musicpro.debug(15629): No package ID 6a found for resource ID 0x6a0b0013.
05-04 20:27:50.054 I/FA      (15629): App measurement initialized, version: 165000
05-04 20:27:50.054 I/FA      (15629): To enable debug logging run: adb shell setprop log.tag.FA VERBOSE
05-04 20:27:50.055 I/FA      (15629): To enable faster debug mode event logging run:
05-04 20:27:50.055 I/FA      (15629):   adb shell setprop debug.firebase.analytics.app com.deepeye.musicpro.debug
05-04 20:27:50.059 D/CompatibilityChangeReporter(15629): Compat change id reported: 160794467; UID 10502; state: ENABLED
05-04 20:27:50.059 D/AppCompatDelegate(15629): Checking for metadata for AppLocalesMetadataHolderService : Service not found
05-04 20:27:50.063 E/ANDR-PERF-LM( 1798): VmRssMeter:: start() 358: Could not find pid, can not collect vmrss data
05-04 20:27:50.063 E/ANDR-PERF-LM( 1798): AdaptiveLaunch: writeToDataBase() 64: Meter aborted or could not get meter data for this run
05-04 20:27:50.064 E/ANDR-PERF-LM( 1798): VmRssMeter:: start() 358: Could not find pid, can not collect vmrss data
05-04 20:27:50.064 E/FA      (15629): Invalid google_app_id. Firebase Analytics disabled. See https://goo.gl/NAOOOI. provided id: 1:1234567890:android:debug
05-04 20:27:50.064 E/FA      (15629): Uploading is not possible. App measurement disabled
05-04 20:27:50.098 D/StatusBarIconController( 3827): ignoring old pipeline callbacks, because the new mobile icons are enabled
05-04 20:27:50.108 D/CompatibilityChangeReporter(15629): Compat change id reported: 210923482; UID 10502; state: ENABLED
05-04 20:27:50.114 E/KeymasterUtils( 1251): rsp_header->status: -28
05-04 20:27:50.114 E/KeyMasterHalDevice( 1251): abort_operation
05-04 20:27:50.114 E/KeyMasterHalDevice( 1251): ret: -28
05-04 20:27:50.126 E/KeymasterUtils( 1251): rsp_header->status: -28
05-04 20:27:50.126 E/KeyMasterHalDevice( 1251): abort_operation
05-04 20:27:50.126 E/KeyMasterHalDevice( 1251): ret: -28
05-04 20:27:50.141 E/KeymasterUtils( 1251): rsp_header->status: -28
05-04 20:27:50.141 E/KeyMasterHalDevice( 1251): abort_operation
05-04 20:27:50.141 E/KeyMasterHalDevice( 1251): ret: -28
05-04 20:27:50.148 I/.musicpro.debug(15629): hiddenapi: Accessing hidden method Landroid/view/ViewGroup;->makeOptionalFitsSystemWindows()V (runtime_flags=0, domain=platform, api=unsupported) from Landroidx/appcompat/widget/ViewUtils; (domain=app, TargetSdkVersion=35) using reflection: allowed
05-04 20:27:50.154 I/MediaController(15629): Init 76aeeb [AndroidXMedia3/1.4.1] [hiphi, motorola edge 30 pro, motorola, 34]
05-04 20:27:50.157 E/KeymasterUtils( 1251): rsp_header->status: -28
05-04 20:27:50.157 E/KeyMasterHalDevice( 1251): abort_operation
05-04 20:27:50.157 E/KeyMasterHalDevice( 1251): ret: -28
05-04 20:27:50.168 E/KeymasterUtils( 1251): rsp_header->status: -28
05-04 20:27:50.168 E/KeyMasterHalDevice( 1251): abort_operation
05-04 20:27:50.168 E/KeyMasterHalDevice( 1251): ret: -28
05-04 20:27:50.180 E/KeymasterUtils( 1251): rsp_header->status: -28
05-04 20:27:50.180 E/KeyMasterHalDevice( 1251): abort_operation
05-04 20:27:50.180 E/KeyMasterHalDevice( 1251): ret: -28
05-04 20:27:50.180 D/CompatibilityChangeReporter(15629): Compat change id reported: 171228096; UID 10502; state: ENABLED
05-04 20:27:50.239 D/HomeViewModel(15629): loadHomeContent: Starting
05-04 20:27:50.287 D/HomeViewModel(15629): loadHomeContent: Starting
05-04 20:27:50.294 I/FA      (15629): Tag Manager is not found and thus will not be used
05-04 20:27:50.296 D/CompatibilityChangeReporter(15629): Compat change id reported: 237531167; UID 10502; state: DISABLED
05-04 20:27:50.300 D/ViewRootImpl(15629): update {(0,0)(fillxfill) sim={adjust=resize forwardNavigation} ty=BASE_APPLICATION wanim=0x10302fe
05-04 20:27:50.300 D/ViewRootImpl(15629):   fl=LAYOUT_IN_SCREEN LAYOUT_INSET_DECOR SPLIT_TOUCH HARDWARE_ACCELERATED DRAWS_SYSTEM_BAR_BACKGROUNDS
05-04 20:27:50.300 D/ViewRootImpl(15629):   pfl=NO_MOVE_ANIMATION FORCE_DRAW_STATUS_BAR_BACKGROUND FIT_INSETS_CONTROLLED
05-04 20:27:50.300 D/ViewRootImpl(15629):   bhv=DEFAULT
05-04 20:27:50.300 D/ViewRootImpl(15629):   fitSides=} by setView
05-04 20:27:50.306 I/Choreographer(15629): Skipped 40 frames!  The application may be doing too much work on its main thread.
05-04 20:27:50.320 D/CoreBackPreview( 3064): Window{834ac4a u0 com.deepeye.musicpro.debug/com.deepeye.musicpro.ui.MainActivity}: Setting back callback OnBackInvokedCallbackInfo{mCallback=android.window.IOnBackInvokedCallback$Stub$Proxy@2ea5031, mPriority=0, mIsAnimationCallback=false}
05-04 20:27:50.335 I/AdrenoGLES-0(15629): QUALCOMM build                   : dad4038ba6, If56d4a5bb8
05-04 20:27:50.335 I/AdrenoGLES-0(15629): Build Date                       : 07/28/23
05-04 20:27:50.335 I/AdrenoGLES-0(15629): OpenGL ES Shader Compiler Version: EV031.36.08.24
05-04 20:27:50.335 I/AdrenoGLES-0(15629): Local Branch                     : 
05-04 20:27:50.335 I/AdrenoGLES-0(15629): Remote Branch                    : refs/tags/AU_LINUX_ANDROID_LA.VENDOR.1.0.11.00.00.766.892
05-04 20:27:50.335 I/AdrenoGLES-0(15629): Remote Branch                    : NONE
05-04 20:27:50.335 I/AdrenoGLES-0(15629): Reconstruct Branch               : NOTHING
05-04 20:27:50.335 I/AdrenoGLES-0(15629): Build Config                     : S P 12.1.1 AArch64
05-04 20:27:50.335 I/AdrenoGLES-0(15629): Driver Path                      : /vendor/lib64/egl/libGLESv2_adreno.so
05-04 20:27:50.335 I/AdrenoGLES-0(15629): Driver Version                   : 0615.74
05-04 20:27:50.338 I/AdrenoGLES-0(15629): PFP: 0x01730158, ME: 0x00000000
05-04 20:27:50.347 I/OpenGLRenderer(15629): setGrContext nullptr-->validptr
05-04 20:27:50.348 E/OpenGLRenderer(15629): Unable to match the desired swap behavior.
05-04 20:27:50.387 I/LaunchCheckinHandler( 3064): MotoDisplayed com.deepeye.musicpro.debug/com.deepeye.musicpro.ui.MainActivity,cp,ca,853
05-04 20:27:50.387 W/ActivityTaskManager( 3064): activity boost didn't release as expected
05-04 20:27:50.389 I/ActivityTaskManager( 3064): Displayed com.deepeye.musicpro.debug/com.deepeye.musicpro.ui.MainActivity for user 0: +876ms
05-04 20:27:50.395 I/ExoPlayerImpl(15629): Init 7107d64 [AndroidXMedia3/1.4.1] [hiphi, motorola edge 30 pro, motorola, 34]
05-04 20:27:50.404 W/AidlConversionCppNdk( 1852): legacy2aidl_audio_channel_mask_t_AudioChannelLayout: no AudioChannelLayout found for legacy output audio_channel_mask_t value 0x10
05-04 20:27:50.405 W/AidlConversionCppNdk(15629): aidl2legacy_AudioChannelLayout_audio_channel_mask_t: no legacy output audio_channel_mask_t found for AudioChannelLayout{layoutMask: 16}
05-04 20:27:50.409 I/.musicpro.debug(15629): hiddenapi: Accessing hidden method Landroid/media/AudioTrack;->getLatency()I (runtime_flags=0, domain=platform, api=unsupported) from Landroidx/media3/exoplayer/audio/AudioTrackPositionTracker; (domain=app, TargetSdkVersion=35) using reflection: allowed
05-04 20:27:50.427 D/CompatibilityChangeReporter(15629): Compat change id reported: 263076149; UID 10502; state: ENABLED
05-04 20:27:50.433 I/MediaSessionImpl(15629): Init ecc14fc [AndroidXMedia3/1.4.1] [hiphi, motorola edge 30 pro, motorola, 34]
05-04 20:27:50.439 W/MediaSessionCompat(15629): Couldn't find a unique registered media button receiver in the given context.
05-04 20:27:50.440 I/MediaSessionStack( 3064): addSession to bottom of stack | record: com.deepeye.musicpro.debug/androidx.media3.session.id.DeepEyeMusicProSession (userId=0)
05-04 20:27:50.441 D/MotoMediaSessionUtils( 3827): onActiveSessionsChanged - controllers size: 2 mActiveControllers size: 1
05-04 20:27:50.441 D/HeadsetService( 7916): getHeadsetService(): returning com.android.bluetooth.hfp.HeadsetService@ee3f0c7
05-04 20:27:50.441 E/HeadsetStateMachine( 7916): returning mCurrentState as Connected
05-04 20:27:50.441 E/HeadsetStateMachine( 7916): returning mCurrentState as Disconnected
05-04 20:27:50.441 E/HeadsetStateMachine( 7916): returning mCurrentState as Disconnected
05-04 20:27:50.441 D/HeadsetService( 7916):  isAudioOn: The number of audio connected devices 0
05-04 20:27:50.441 D/HeadsetService( 7916): isScoOrCallActive(): Call Active:falseCall is Ringing:falseSCO is Active:false
05-04 20:27:50.441 E/HeadsetStateMachine( 7916): returning mCurrentState as Connected
05-04 20:27:50.441 E/HeadsetStateMachine( 7916): returning mCurrentState as Disconnected
05-04 20:27:50.441 E/HeadsetStateMachine( 7916): returning mCurrentState as Disconnected
05-04 20:27:50.441 D/HeadsetService( 7916):  isAudioOn: The number of audio connected devices 0
05-04 20:27:50.443 D/MotoMediaSessionUtils( 3827): Final controllers count: 1
05-04 20:27:50.443 V/Avrcp_ext( 7916): ActiveSession: MediaController (com.google.android.youtube@68258f1) Bengal Election Result : बंगाल में आज असली खेल क्या हुआ? नतीजों पर सब चौंक गए.., Punya Prasun Bajpai, Punya Prasun Bajpai
05-04 20:27:50.443 V/Avrcp_ext( 7916): isBrowseSupported for com.google.android.youtube: false
05-04 20:27:50.444 D/Avrcp_ext( 7916): Adding media player info for com.google.android.youtube with id 3
05-04 20:27:50.445 D/Avrcp_ext( 7916): update #3:MediaPlayerInfo com.google.android.youtube (as 'YouTube') Type = 1, SubType = 0, Status = 0 Feature Bits [40 41 42 44 45 47 48 58] Controller: MediaController (com.google.android.youtube@68258f1) Bengal Election Result : बंगाल में आज असली खेल क्या हुआ? नतीजों पर सब चौंक गए.., Punya Prasun Bajpai, Punya Prasun Bajpai
05-04 20:27:50.445 V/Avrcp_ext( 7916): updateNewIds: Addressed:3 to 3, Browse:-1 to -1
05-04 20:27:50.448 D/MotoMediaSessionUtils( 3827): onActiveSessionsChanged - controllers size: 3 mActiveControllers size: 1
05-04 20:27:50.449 D/Avrcp_ext( 7916): updateCurrentController: MediaController (com.google.android.youtube@b1f3a67) Bengal Election Result : बंगाल में आज असली खेल क्या हुआ? नतीजों पर सब चौंक गए.., Punya Prasun Bajpai, Punya Prasun Bajpai to MediaController (com.google.android.youtube@68258f1) Bengal Election Result : बंगाल में आज असली खेल क्या हुआ? नतीजों पर सब चौंक गए.., Punya Prasun Bajpai, Punya Prasun Bajpai
05-04 20:27:50.450 D/MotoMediaSessionUtils( 3827): Final controllers count: 1
05-04 20:27:50.451 V/Avrcp_ext( 7916): updateCurrentMediaState: mMediaController: MediaController (com.google.android.youtube@68258f1) Bengal Election Result : बंगाल में आज असली खेल क्या हुआ? नतीजों पर सब चौंक गए.., Punya Prasun Bajpai, Punya Prasun Bajpai
05-04 20:27:50.451 W/Avrcp_ext( 7916): isMusicActive: false getBluetoothPlayState: 0 A2dp State: 11 mAudioPlaybackIsActive: false
05-04 20:27:50.452 D/Avrcp_ext( 7916): isMusicActive = false mAudioPlaybackIsActive = false player state = PlaybackState {state=STOPPED(1), position=1328924, buffered position=0, speed=1.0, updated=1296916309, actions=8615, custom actions=[], active item id=-1, error=null}
05-04 20:27:50.453 D/Avrcp_ext( 7916): overwrite album_artist :Punya Prasun Bajpaiif album is blank
05-04 20:27:50.453 D/AvrcpBipRsp( 7916):  getImgHandle device :17:3F:CF:BE:B9:01 data :android.media.MediaMetadata@e49e1816
05-04 20:27:50.453 W/AvrcpBipRsp( 7916): getImgHandle bipSm null
05-04 20:27:50.453 D/Avrcp_ext( 7916):  getImgHandle device:17:3F:CF:BE:B9:01 data:android.media.MediaMetadata@e49e1816 isKeyContains true Handle 
05-04 20:27:50.455 I/Avrcp_ext( 7916): device found at index 0
05-04 20:27:50.455 V/Avrcp_ext( 7916): updateCurrentMediaState: addr: [B@6f442b0
05-04 20:27:50.455 V/Avrcp_ext( 7916): Media update: id -1➡-1? [MediaAttributes: B⋯. - P⋯i by P⋯i (1329000 0/0) - ] : [MediaAttributes: B⋯. - P⋯i by P⋯i (1329000 0/0) - ]
05-04 20:27:50.455 D/Avrcp_ext( 7916): isPackageNameValid: browsedPackage = com.google.android.youtubeisValid = true
05-04 20:27:50.455 V/Avrcp_ext( 7916): isBrowseSupported for com.google.android.youtube: false
05-04 20:27:50.455 W/Avrcp_ext( 7916): updateCurrentMediaState: isInactivePlayer = false
05-04 20:27:50.455 V/Avrcp_ext( 7916): updatePlaybackState, state: PlaybackState {state=STOPPED(1), position=1328924, buffered position=0, speed=1.0, updated=1296916309, actions=8615, custom actions=[], active item id=-1, error=null} device: null
05-04 20:27:50.456 D/BroadcastService( 7916): getBroadcastAddress
05-04 20:27:50.456 D/BroadcastService( 7916): isBroadcastActive: Broadcast is turned to off
05-04 20:27:50.456 V/Avrcp_ext( 7916): Device: Ejaj’s AirPods : old state: PlaybackState {state=STOPPED(1), position=1328924, buffered position=0, speed=1.0, updated=1296916309, actions=8615, custom actions=[], active item id=-1, error=null}
05-04 20:27:50.456 V/Avrcp_ext( 7916): Device: no name: 
05-04 20:27:50.456 V/Avrcp_ext( 7916): Device: no name: 
05-04 20:27:50.456 V/Avrcp_ext( 7916): Device: no name: 
05-04 20:27:50.456 V/Avrcp_ext( 7916): Device: no name: 
05-04 20:27:50.456 V/Avrcp_ext( 7916): updatePlayerStateAndPosition, old=PlaybackState {state=STOPPED(1), position=1328924, buffered position=0, speed=1.0, updated=1296916309, actions=8615, custom actions=[], active item id=-1, error=null}, state=PlaybackState {state=STOPPED(1), position=1328924, buffered position=0, speed=1.0, updated=1296916309, actions=8615, custom actions=[], active item id=-1, error=null}
05-04 20:27:50.456 V/Avrcp_ext( 7916): old state = PlaybackState {state=STOPPED(1), position=1328924, buffered position=0, speed=1.0, updated=1296916309, actions=8615, custom actions=[], active item id=-1, error=null}, new state= PlaybackState {state=STOPPED(1), position=1328924, buffered position=0, speed=1.0, updated=1296916309, actions=8615, custom actions=[], active item id=-1, error=null}
05-04 20:27:50.456 D/HeadsetService( 7916): getHeadsetService(): returning com.android.bluetooth.hfp.HeadsetService@ee3f0c7
05-04 20:27:50.456 E/HeadsetStateMachine( 7916): returning mCurrentState as Connected
05-04 20:27:50.456 E/HeadsetStateMachine( 7916): returning mCurrentState as Disconnected
05-04 20:27:50.456 E/HeadsetStateMachine( 7916): returning mCurrentState as Disconnected
05-04 20:27:50.456 D/HeadsetService( 7916):  isAudioOn: The number of audio connected devices 0
05-04 20:27:50.456 D/HeadsetService( 7916): isScoOrCallActive(): Call Active:falseCall is Ringing:falseSCO is Active:false
05-04 20:27:50.456 E/HeadsetStateMachine( 7916): returning mCurrentState as Connected
05-04 20:27:50.456 E/HeadsetStateMachine( 7916): returning mCurrentState as Disconnected
05-04 20:27:50.456 E/HeadsetStateMachine( 7916): returning mCurrentState as Disconnected
05-04 20:27:50.456 D/HeadsetService( 7916):  isAudioOn: The number of audio connected devices 0
05-04 20:27:50.456 I/Avrcp_ext( 7916): updatePlayStatusForDevice: device: 17:3F:CF:BE:B9:01
05-04 20:27:50.456 V/Avrcp_ext( 7916): updatePlaybackState (0): old=PlaybackState {state=STOPPED(1), position=1328924, buffered position=0, speed=1.0, updated=1296916309, actions=8615, custom actions=[], active item id=-1, error=null}(0), new=PlaybackState {state=STOPPED(1), position=1328924, buffered position=0, speed=1.0, updated=1296916309, actions=8615, custom actions=[], active item id=-1, error=null}(0)
05-04 20:27:50.456 I/Avrcp_ext( 7916): Exit updatePlayStatusForDevice
05-04 20:27:50.456 E/HeadsetStateMachine( 7916): returning mCurrentState as Connected
05-04 20:27:50.456 E/HeadsetStateMachine( 7916): returning mCurrentState as Disconnected
05-04 20:27:50.456 E/HeadsetStateMachine( 7916): returning mCurrentState as Disconnected
05-04 20:27:50.456 D/HeadsetService( 7916):  isAudioOn: The number of audio connected devices 0
05-04 20:27:50.456 D/HeadsetService( 7916): isScoOrCallActive(): Call Active:falseCall is Ringing:falseSCO is Active:false
05-04 20:27:50.456 E/HeadsetStateMachine( 7916): returning mCurrentState as Connected
05-04 20:27:50.456 E/HeadsetStateMachine( 7916): returning mCurrentState as Disconnected
05-04 20:27:50.456 E/HeadsetStateMachine( 7916): returning mCurrentState as Disconnected
05-04 20:27:50.456 D/HeadsetService( 7916):  isAudioOn: The number of audio connected devices 0
05-04 20:27:50.456 I/Avrcp_ext( 7916): updatePlayStatusForDevice: device: null
05-04 20:27:50.456 V/Avrcp_ext( 7916): updatePlaybackState (1): old=PlaybackState {state=STOPPED(1), position=1328924, buffered position=0, speed=1.0, updated=1296916309, actions=8615, custom actions=[], active item id=-1, error=null}(0), new=PlaybackState {state=STOPPED(1), position=1328924, buffered position=0, speed=1.0, updated=1296916309, actions=8615, custom actions=[], active item id=-1, error=null}(0)
05-04 20:27:50.456 I/Avrcp_ext( 7916): Exit updatePlayStatusForDevice
05-04 20:27:50.456 E/HeadsetStateMachine( 7916): returning mCurrentState as Connected
05-04 20:27:50.456 E/HeadsetStateMachine( 7916): returning mCurrentState as Disconnected
05-04 20:27:50.456 E/HeadsetStateMachine( 7916): returning mCurrentState as Disconnected
05-04 20:27:50.456 D/HeadsetService( 7916):  isAudioOn: The number of audio connected devices 0
05-04 20:27:50.456 D/HeadsetService( 7916): isScoOrCallActive(): Call Active:falseCall is Ringing:falseSCO is Active:false
05-04 20:27:50.456 E/HeadsetStateMachine( 7916): returning mCurrentState as Connected
05-04 20:27:50.456 E/HeadsetStateMachine( 7916): returning mCurrentState as Disconnected
05-04 20:27:50.456 E/HeadsetStateMachine( 7916): returning mCurrentState as Disconnected
05-04 20:27:50.456 D/HeadsetService( 7916):  isAudioOn: The number of audio connected devices 0
05-04 20:27:50.456 I/Avrcp_ext( 7916): updatePlayStatusForDevice: device: null
05-04 20:27:50.456 V/Avrcp_ext( 7916): updatePlaybackState (1): old=PlaybackState {state=STOPPED(1), position=1328924, buffered position=0, speed=1.0, updated=1296916309, actions=8615, custom actions=[], active item id=-1, error=null}(0), new=PlaybackState {state=STOPPED(1), position=1328924, buffered position=0, speed=1.0, updated=1296916309, actions=8615, custom actions=[], active item id=-1, error=null}(0)
05-04 20:27:50.456 I/Avrcp_ext( 7916): Exit updatePlayStatusForDevice
05-04 20:27:50.456 E/HeadsetStateMachine( 7916): returning mCurrentState as Connected
05-04 20:27:50.456 E/HeadsetStateMachine( 7916): returning mCurrentState as Disconnected
05-04 20:27:50.456 E/HeadsetStateMachine( 7916): returning mCurrentState as Disconnected
05-04 20:27:50.456 D/HeadsetService( 7916):  isAudioOn: The number of audio connected devices 0
05-04 20:27:50.456 D/HeadsetService( 7916): isScoOrCallActive(): Call Active:falseCall is Ringing:falseSCO is Active:false
05-04 20:27:50.456 E/HeadsetStateMachine( 7916): returning mCurrentState as Connected
05-04 20:27:50.456 E/HeadsetStateMachine( 7916): returning mCurrentState as Disconnected
05-04 20:27:50.456 E/HeadsetStateMachine( 7916): returning mCurrentState as Disconnected
05-04 20:27:50.456 D/HeadsetService( 7916):  isAudioOn: The number of audio connected devices 0
05-04 20:27:50.456 I/Avrcp_ext( 7916): updatePlayStatusForDevice: device: null
05-04 20:27:50.456 V/Avrcp_ext( 7916): updatePlaybackState (1): old=PlaybackState {state=STOPPED(1), position=1328924, buffered position=0, speed=1.0, updated=1296916309, actions=8615, custom actions=[], active item id=-1, error=null}(0), new=PlaybackState {state=STOPPED(1), position=1328924, buffered position=0, speed=1.0, updated=1296916309, actions=8615, custom actions=[], active item id=-1, error=null}(0)
05-04 20:27:50.456 I/Avrcp_ext( 7916): Exit updatePlayStatusForDevice
05-04 20:27:50.456 E/HeadsetStateMachine( 7916): returning mCurrentState as Connected
05-04 20:27:50.456 E/HeadsetStateMachine( 7916): returning mCurrentState as Disconnected
05-04 20:27:50.456 E/HeadsetStateMachine( 7916): returning mCurrentState as Disconnected
05-04 20:27:50.456 D/HeadsetService( 7916):  isAudioOn: The number of audio connected devices 0
05-04 20:27:50.456 D/HeadsetService( 7916): isScoOrCallActive(): Call Active:falseCall is Ringing:falseSCO is Active:false
05-04 20:27:50.456 E/HeadsetStateMachine( 7916): returning mCurrentState as Connected
05-04 20:27:50.456 E/HeadsetStateMachine( 7916): returning mCurrentState as Disconnected
05-04 20:27:50.456 E/HeadsetStateMachine( 7916): returning mCurrentState as Disconnected
05-04 20:27:50.456 D/HeadsetService( 7916):  isAudioOn: The number of audio connected devices 0
05-04 20:27:50.456 I/Avrcp_ext( 7916): updatePlayStatusForDevice: device: null
05-04 20:27:50.456 V/Avrcp_ext( 7916): updatePlaybackState (1): old=PlaybackState {state=STOPPED(1), position=1328924, buffered position=0, speed=1.0, updated=1296916309, actions=8615, custom actions=[], active item id=-1, error=null}(0), new=PlaybackState {state=STOPPED(1), position=1328924, buffered position=0, speed=1.0, updated=1296916309, actions=8615, custom actions=[], active item id=-1, error=null}(0)
05-04 20:27:50.456 I/Avrcp_ext( 7916): Exit updatePlayStatusForDevice
05-04 20:27:50.456 D/Avrcp_ext( 7916): Enter sendPlayPosNotificationRsp
05-04 20:27:50.456 D/Avrcp_ext( 7916): sendPlayPosNotificationRsp: Not registered or requesting.
05-04 20:27:50.456 D/Avrcp_ext( 7916): Enter sendPlayPosNotificationRsp
05-04 20:27:50.456 D/Avrcp_ext( 7916): sendPlayPosNotificationRsp: Not registered or requesting.
05-04 20:27:50.456 D/Avrcp_ext( 7916): Enter sendPlayPosNotificationRsp
05-04 20:27:50.456 D/Avrcp_ext( 7916): sendPlayPosNotificationRsp: Not registered or requesting.
05-04 20:27:50.456 D/Avrcp_ext( 7916): Enter sendPlayPosNotificationRsp
05-04 20:27:50.456 D/Avrcp_ext( 7916): sendPlayPosNotificationRsp: Not registered or requesting.
05-04 20:27:50.456 D/Avrcp_ext( 7916): Enter sendPlayPosNotificationRsp
05-04 20:27:50.456 D/Avrcp_ext( 7916): sendPlayPosNotificationRsp: Not registered or requesting.
05-04 20:27:50.456 V/Avrcp_ext( 7916): Exit updatePlayerStateAndPosition
05-04 20:27:50.456 D/APM: ActiveDeviceManagerServiceLegacy( 7916): getActiveAbsoluteDevice(): device: 17:3F:CF:BE:B9:01
05-04 20:27:50.456 D/APM: ActiveDeviceManagerServiceLegacy( 7916): isStableState(): true
05-04 20:27:50.456 D/Avrcp_ext( 7916): isAdmStable = true activeAbsAddr = 17:3F:CF:BE:B9:01 device = null
05-04 20:27:50.456 V/APM: MediaControlManager( 7916): onPlaybackStateChanged
05-04 20:27:50.456 W/McpService( 7916): updatePlaybackState state PlaybackState {state=STOPPED(1), position=1328924, buffered position=0, speed=1.0, updated=1296916309, actions=8615, custom actions=[], active item id=-1, error=null}
05-04 20:27:50.456 W/McpService( 7916): updatePlaybackState mState: 2 state: 2
05-04 20:27:50.456 W/Avrcp_ext( 7916): updated player state = PlaybackState {state=STOPPED(1), position=1328924, buffered position=0, speed=1.0, updated=1296916309, actions=8615, custom actions=[], active item id=-1, error=null}to MCP module also
05-04 20:27:50.456 V/Avrcp_ext( 7916): ActiveSession: MediaController (ai.perplexity.app.android@6723529) null
05-04 20:27:50.456 V/Avrcp_ext( 7916): isBrowseSupported for ai.perplexity.app.android: false
05-04 20:27:50.457 D/Avrcp_ext( 7916): Adding media player info for ai.perplexity.app.android with id 6
05-04 20:27:50.457 D/Avrcp_ext( 7916): update #6:MediaPlayerInfo ai.perplexity.app.android (as 'Perplexity') Type = 1, SubType = 0, Status = 0 Feature Bits [40 41 42 44 45 47 48 58] Controller: MediaController (ai.perplexity.app.android@6723529) null
05-04 20:27:50.458 D/HomeViewModel(15629): loadHomeContent: Token exists: false
05-04 20:27:50.458 D/HomeViewModel(15629): loadHomeContent: Using guest mixes
05-04 20:27:50.458 V/Avrcp_ext( 7916): updateCurrentMediaState: mMediaController: MediaController (com.google.android.youtube@68258f1) Bengal Election Result : बंगाल में आज असली खेल क्या हुआ? नतीजों पर सब चौंक गए.., Punya Prasun Bajpai, Punya Prasun Bajpai
05-04 20:27:50.458 W/Avrcp_ext( 7916): isMusicActive: false getBluetoothPlayState: 0 A2dp State: 11 mAudioPlaybackIsActive: false
05-04 20:27:50.459 D/Avrcp_ext( 7916): isMusicActive = false mAudioPlaybackIsActive = false player state = PlaybackState {state=STOPPED(1), position=1328924, buffered position=0, speed=1.0, updated=1296916309, actions=8615, custom actions=[], active item id=-1, error=null}
05-04 20:27:50.460 D/Avrcp_ext( 7916): overwrite album_artist :Punya Prasun Bajpaiif album is blank
05-04 20:27:50.460 D/AvrcpBipRsp( 7916):  getImgHandle device :17:3F:CF:BE:B9:01 data :android.media.MediaMetadata@e49e1816
05-04 20:27:50.460 W/AvrcpBipRsp( 7916): getImgHandle bipSm null
05-04 20:27:50.460 D/Avrcp_ext( 7916):  getImgHandle device:17:3F:CF:BE:B9:01 data:android.media.MediaMetadata@e49e1816 isKeyContains true Handle 
05-04 20:27:50.462 I/Avrcp_ext( 7916): device found at index 0
05-04 20:27:50.462 V/Avrcp_ext( 7916): updateCurrentMediaState: addr: [B@94ffae5
05-04 20:27:50.462 V/Avrcp_ext( 7916): Media update: id -1➡-1? [MediaAttributes: B⋯. - P⋯i by P⋯i (1329000 0/0) - ] : [MediaAttributes: B⋯. - P⋯i by P⋯i (1329000 0/0) - ]
05-04 20:27:50.462 D/Avrcp_ext( 7916): isPackageNameValid: browsedPackage = com.google.android.youtubeisValid = true
05-04 20:27:50.462 V/Avrcp_ext( 7916): isBrowseSupported for com.google.android.youtube: false
05-04 20:27:50.462 W/Avrcp_ext( 7916): updateCurrentMediaState: isInactivePlayer = false
05-04 20:27:50.462 V/Avrcp_ext( 7916): updatePlaybackState, state: PlaybackState {state=STOPPED(1), position=1328924, buffered position=0, speed=1.0, updated=1296916309, actions=8615, custom actions=[], active item id=-1, error=null} device: null
05-04 20:27:50.462 D/BroadcastService( 7916): getBroadcastAddress
05-04 20:27:50.462 D/BroadcastService( 7916): isBroadcastActive: Broadcast is turned to off
05-04 20:27:50.463 V/Avrcp_ext( 7916): Device: Ejaj’s AirPods : old state: PlaybackState {state=STOPPED(1), position=1328924, buffered position=0, speed=1.0, updated=1296916309, actions=8615, custom actions=[], active item id=-1, error=null}
05-04 20:27:50.463 V/Avrcp_ext( 7916): Device: no name: 
05-04 20:27:50.463 V/Avrcp_ext( 7916): Device: no name: 
05-04 20:27:50.463 V/Avrcp_ext( 7916): Device: no name: 
05-04 20:27:50.463 V/Avrcp_ext( 7916): Device: no name: 
05-04 20:27:50.463 V/Avrcp_ext( 7916): updatePlayerStateAndPosition, old=PlaybackState {state=STOPPED(1), position=1328924, buffered position=0, speed=1.0, updated=1296916309, actions=8615, custom actions=[], active item id=-1, error=null}, state=PlaybackState {state=STOPPED(1), position=1328924, buffered position=0, speed=1.0, updated=1296916309, actions=8615, custom actions=[], active item id=-1, error=null}
05-04 20:27:50.463 V/Avrcp_ext( 7916): old state = PlaybackState {state=STOPPED(1), position=1328924, buffered position=0, speed=1.0, updated=1296916309, actions=8615, custom actions=[], active item id=-1, error=null}, new state= PlaybackState {state=STOPPED(1), position=1328924, buffered position=0, speed=1.0, updated=1296916309, actions=8615, custom actions=[], active item id=-1, error=null}
05-04 20:27:50.463 D/HeadsetService( 7916): getHeadsetService(): returning com.android.bluetooth.hfp.HeadsetService@ee3f0c7
05-04 20:27:50.463 E/HeadsetStateMachine( 7916): returning mCurrentState as Connected
05-04 20:27:50.463 E/HeadsetStateMachine( 7916): returning mCurrentState as Disconnected
05-04 20:27:50.463 E/HeadsetStateMachine( 7916): returning mCurrentState as Disconnected
05-04 20:27:50.463 D/HeadsetService( 7916):  isAudioOn: The number of audio connected devices 0
05-04 20:27:50.463 D/HeadsetService( 7916): isScoOrCallActive(): Call Active:falseCall is Ringing:falseSCO is Active:false
05-04 20:27:50.463 E/HeadsetStateMachine( 7916): returning mCurrentState as Connected
05-04 20:27:50.463 E/HeadsetStateMachine( 7916): returning mCurrentState as Disconnected
05-04 20:27:50.463 E/HeadsetStateMachine( 7916): returning mCurrentState as Disconnected
05-04 20:27:50.463 D/HeadsetService( 7916):  isAudioOn: The number of audio connected devices 0
05-04 20:27:50.463 I/Avrcp_ext( 7916): updatePlayStatusForDevice: device: 17:3F:CF:BE:B9:01
05-04 20:27:50.463 V/Avrcp_ext( 7916): updatePlaybackState (0): old=PlaybackState {state=STOPPED(1), position=1328924, buffered position=0, speed=1.0, updated=1296916309, actions=8615, custom actions=[], active item id=-1, error=null}(0), new=PlaybackState {state=STOPPED(1), position=1328924, buffered position=0, speed=1.0, updated=1296916309, actions=8615, custom actions=[], active item id=-1, error=null}(0)
05-04 20:27:50.463 I/Avrcp_ext( 7916): Exit updatePlayStatusForDevice
05-04 20:27:50.463 E/HeadsetStateMachine( 7916): returning mCurrentState as Connected
05-04 20:27:50.463 E/HeadsetStateMachine( 7916): returning mCurrentState as Disconnected
05-04 20:27:50.463 E/HeadsetStateMachine( 7916): returning mCurrentState as Disconnected
05-04 20:27:50.463 D/HeadsetService( 7916):  isAudioOn: The number of audio connected devices 0
05-04 20:27:50.463 D/HeadsetService( 7916): isScoOrCallActive(): Call Active:falseCall is Ringing:falseSCO is Active:false
05-04 20:27:50.463 E/HeadsetStateMachine( 7916): returning mCurrentState as Connected
05-04 20:27:50.463 E/HeadsetStateMachine( 7916): returning mCurrentState as Disconnected
05-04 20:27:50.463 E/HeadsetStateMachine( 7916): returning mCurrentState as Disconnected
05-04 20:27:50.463 D/HeadsetService( 7916):  isAudioOn: The number of audio connected devices 0
05-04 20:27:50.463 I/Avrcp_ext( 7916): updatePlayStatusForDevice: device: null
05-04 20:27:50.463 V/Avrcp_ext( 7916): updatePlaybackState (1): old=PlaybackState {state=STOPPED(1), position=1328924, buffered position=0, speed=1.0, updated=1296916309, actions=8615, custom actions=[], active item id=-1, error=null}(0), new=PlaybackState {state=STOPPED(1), position=1328924, buffered position=0, speed=1.0, updated=1296916309, actions=8615, custom actions=[], active item id=-1, error=null}(0)
05-04 20:27:50.463 I/Avrcp_ext( 7916): Exit updatePlayStatusForDevice
05-04 20:27:50.463 E/HeadsetStateMachine( 7916): returning mCurrentState as Connected
05-04 20:27:50.463 E/HeadsetStateMachine( 7916): returning mCurrentState as Disconnected
05-04 20:27:50.463 E/HeadsetStateMachine( 7916): returning mCurrentState as Disconnected
05-04 20:27:50.463 D/HeadsetService( 7916):  isAudioOn: The number of audio connected devices 0
05-04 20:27:50.463 D/HeadsetService( 7916): isScoOrCallActive(): Call Active:falseCall is Ringing:falseSCO is Active:false
05-04 20:27:50.463 E/HeadsetStateMachine( 7916): returning mCurrentState as Connected
05-04 20:27:50.463 E/HeadsetStateMachine( 7916): returning mCurrentState as Disconnected
05-04 20:27:50.463 E/HeadsetStateMachine( 7916): returning mCurrentState as Disconnected
05-04 20:27:50.463 D/HeadsetService( 7916):  isAudioOn: The number of audio connected devices 0
05-04 20:27:50.463 I/Avrcp_ext( 7916): updatePlayStatusForDevice: device: null
05-04 20:27:50.463 V/Avrcp_ext( 7916): updatePlaybackState (1): old=PlaybackState {state=STOPPED(1), position=1328924, buffered position=0, speed=1.0, updated=1296916309, actions=8615, custom actions=[], active item id=-1, error=null}(0), new=PlaybackState {state=STOPPED(1), position=1328924, buffered position=0, speed=1.0, updated=1296916309, actions=8615, custom actions=[], active item id=-1, error=null}(0)
05-04 20:27:50.463 I/Avrcp_ext( 7916): Exit updatePlayStatusForDevice
05-04 20:27:50.463 E/HeadsetStateMachine( 7916): returning mCurrentState as Connected
05-04 20:27:50.463 E/HeadsetStateMachine( 7916): returning mCurrentState as Disconnected
05-04 20:27:50.463 E/HeadsetStateMachine( 7916): returning mCurrentState as Disconnected
05-04 20:27:50.463 D/HeadsetService( 7916):  isAudioOn: The number of audio connected devices 0
05-04 20:27:50.463 D/HeadsetService( 7916): isScoOrCallActive(): Call Active:falseCall is Ringing:falseSCO is Active:false
05-04 20:27:50.463 E/HeadsetStateMachine( 7916): returning mCurrentState as Connected
05-04 20:27:50.463 E/HeadsetStateMachine( 7916): returning mCurrentState as Disconnected
05-04 20:27:50.463 E/HeadsetStateMachine( 7916): returning mCurrentState as Disconnected
05-04 20:27:50.463 D/HeadsetService( 7916):  isAudioOn: The number of audio connected devices 0
05-04 20:27:50.463 I/Avrcp_ext( 7916): updatePlayStatusForDevice: device: null
05-04 20:27:50.463 V/Avrcp_ext( 7916): updatePlaybackState (1): old=PlaybackState {state=STOPPED(1), position=1328924, buffered position=0, speed=1.0, updated=1296916309, actions=8615, custom actions=[], active item id=-1, error=null}(0), new=PlaybackState {state=STOPPED(1), position=1328924, buffered position=0, speed=1.0, updated=1296916309, actions=8615, custom actions=[], active item id=-1, error=null}(0)
05-04 20:27:50.463 I/Avrcp_ext( 7916): Exit updatePlayStatusForDevice
05-04 20:27:50.463 E/HeadsetStateMachine( 7916): returning mCurrentState as Connected
05-04 20:27:50.463 E/HeadsetStateMachine( 7916): returning mCurrentState as Disconnected
05-04 20:27:50.463 E/HeadsetStateMachine( 7916): returning mCurrentState as Disconnected
05-04 20:27:50.463 D/HeadsetService( 7916):  isAudioOn: The number of audio connected devices 0
05-04 20:27:50.463 D/HeadsetService( 7916): isScoOrCallActive(): Call Active:falseCall is Ringing:falseSCO is Active:false
05-04 20:27:50.463 E/HeadsetStateMachine( 7916): returning mCurrentState as Connected
05-04 20:27:50.463 E/HeadsetStateMachine( 7916): returning mCurrentState as Disconnected
05-04 20:27:50.463 E/HeadsetStateMachine( 7916): returning mCurrentState as Disconnected
05-04 20:27:50.463 D/HeadsetService( 7916):  isAudioOn: The number of audio connected devices 0
05-04 20:27:50.463 I/Avrcp_ext( 7916): updatePlayStatusForDevice: device: null
05-04 20:27:50.463 V/Avrcp_ext( 7916): updatePlaybackState (1): old=PlaybackState {state=STOPPED(1), position=1328924, buffered position=0, speed=1.0, updated=1296916309, actions=8615, custom actions=[], active item id=-1, error=null}(0), new=PlaybackState {state=STOPPED(1), position=1328924, buffered position=0, speed=1.0, updated=1296916309, actions=8615, custom actions=[], active item id=-1, error=null}(0)
05-04 20:27:50.463 I/Avrcp_ext( 7916): Exit updatePlayStatusForDevice
05-04 20:27:50.463 D/Avrcp_ext( 7916): Enter sendPlayPosNotificationRsp
05-04 20:27:50.463 D/Avrcp_ext( 7916): sendPlayPosNotificationRsp: Not registered or requesting.
05-04 20:27:50.463 D/Avrcp_ext( 7916): Enter sendPlayPosNotificationRsp
05-04 20:27:50.463 D/Avrcp_ext( 7916): sendPlayPosNotificationRsp: Not registered or requesting.
05-04 20:27:50.463 D/Avrcp_ext( 7916): Enter sendPlayPosNotificationRsp
05-04 20:27:50.463 D/Avrcp_ext( 7916): sendPlayPosNotificationRsp: Not registered or requesting.
05-04 20:27:50.463 D/Avrcp_ext( 7916): Enter sendPlayPosNotificationRsp
05-04 20:27:50.463 D/Avrcp_ext( 7916): sendPlayPosNotificationRsp: Not registered or requesting.
05-04 20:27:50.463 D/Avrcp_ext( 7916): Enter sendPlayPosNotificationRsp
05-04 20:27:50.463 D/Avrcp_ext( 7916): sendPlayPosNotificationRsp: Not registered or requesting.
05-04 20:27:50.463 V/Avrcp_ext( 7916): Exit updatePlayerStateAndPosition
05-04 20:27:50.463 D/APM: ActiveDeviceManagerServiceLegacy( 7916): getActiveAbsoluteDevice(): device: 17:3F:CF:BE:B9:01
05-04 20:27:50.463 D/APM: ActiveDeviceManagerServiceLegacy( 7916): isStableState(): true
05-04 20:27:50.463 D/Avrcp_ext( 7916): isAdmStable = true activeAbsAddr = 17:3F:CF:BE:B9:01 device = null
05-04 20:27:50.463 V/APM: MediaControlManager( 7916): onPlaybackStateChanged
05-04 20:27:50.463 W/McpService( 7916): updatePlaybackState state PlaybackState {state=STOPPED(1), position=1328924, buffered position=0, speed=1.0, updated=1296916309, actions=8615, custom actions=[], active item id=-1, error=null}
05-04 20:27:50.463 W/McpService( 7916): updatePlaybackState mState: 2 state: 2
05-04 20:27:50.463 W/Avrcp_ext( 7916): updated player state = PlaybackState {state=STOPPED(1), position=1328924, buffered position=0, speed=1.0, updated=1296916309, actions=8615, custom actions=[], active item id=-1, error=null}to MCP module also
05-04 20:27:50.463 D/HeadsetService( 7916): getHeadsetService(): returning com.android.bluetooth.hfp.HeadsetService@ee3f0c7
05-04 20:27:50.463 E/HeadsetStateMachine( 7916): returning mCurrentState as Connected
05-04 20:27:50.463 E/HeadsetStateMachine( 7916): returning mCurrentState as Disconnected
05-04 20:27:50.463 E/HeadsetStateMachine( 7916): returning mCurrentState as Disconnected
05-04 20:27:50.463 D/HeadsetService( 7916):  isAudioOn: The number of audio connected devices 0
05-04 20:27:50.463 D/HeadsetService( 7916): isScoOrCallActive(): Call Active:falseCall is Ringing:falseSCO is Active:false
05-04 20:27:50.463 E/HeadsetStateMachine( 7916): returning mCurrentState as Connected
05-04 20:27:50.463 E/HeadsetStateMachine( 7916): returning mCurrentState as Disconnected
05-04 20:27:50.463 E/HeadsetStateMachine( 7916): returning mCurrentState as Disconnected
05-04 20:27:50.463 D/HeadsetService( 7916):  isAudioOn: The number of audio connected devices 0
05-04 20:27:50.464 V/Avrcp_ext( 7916): ActiveSession: MediaController (com.google.android.youtube@181c06b) Bengal Election Result : बंगाल में आज असली खेल क्या हुआ? नतीजों पर सब चौंक गए.., Punya Prasun Bajpai, Punya Prasun Bajpai
05-04 20:27:50.465 V/Avrcp_ext( 7916): isBrowseSupported for com.google.android.youtube: false
05-04 20:27:50.465 D/Avrcp_ext( 7916): Adding media player info for com.google.android.youtube with id 3
05-04 20:27:50.467 D/Avrcp_ext( 7916): update #3:MediaPlayerInfo com.google.android.youtube (as 'YouTube') Type = 1, SubType = 0, Status = 0 Feature Bits [40 41 42 44 45 47 48 58] Controller: MediaController (com.google.android.youtube@181c06b) Bengal Election Result : बंगाल में आज असली खेल क्या हुआ? नतीजों पर सब चौंक गए.., Punya Prasun Bajpai, Punya Prasun Bajpai
05-04 20:27:50.467 V/Avrcp_ext( 7916): updateNewIds: Addressed:3 to 3, Browse:-1 to -1
05-04 20:27:50.470 D/Avrcp_ext( 7916): updateCurrentController: MediaController (com.google.android.youtube@68258f1) Bengal Election Result : बंगाल में आज असली खेल क्या हुआ? नतीजों पर सब चौंक गए.., Punya Prasun Bajpai, Punya Prasun Bajpai to MediaController (com.google.android.youtube@181c06b) Bengal Election Result : बंगाल में आज असली खेल क्या हुआ? नतीजों पर सब चौंक गए.., Punya Prasun Bajpai, Punya Prasun Bajpai
05-04 20:27:50.473 V/Avrcp_ext( 7916): updateCurrentMediaState: mMediaController: MediaController (com.google.android.youtube@181c06b) Bengal Election Result : बंगाल में आज असली खेल क्या हुआ? नतीजों पर सब चौंक गए.., Punya Prasun Bajpai, Punya Prasun Bajpai
05-04 20:27:50.473 W/Avrcp_ext( 7916): isMusicActive: false getBluetoothPlayState: 0 A2dp State: 11 mAudioPlaybackIsActive: false
05-04 20:27:50.473 D/Avrcp_ext( 7916): isMusicActive = false mAudioPlaybackIsActive = false player state = PlaybackState {state=STOPPED(1), position=1328924, buffered position=0, speed=1.0, updated=1296916309, actions=8615, custom actions=[], active item id=-1, error=null}
05-04 20:27:50.474 D/Avrcp_ext( 7916): overwrite album_artist :Punya Prasun Bajpaiif album is blank
05-04 20:27:50.474 D/AvrcpBipRsp( 7916):  getImgHandle device :17:3F:CF:BE:B9:01 data :android.media.MediaMetadata@e49e1816
05-04 20:27:50.474 W/AvrcpBipRsp( 7916): getImgHandle bipSm null
05-04 20:27:50.474 D/Avrcp_ext( 7916):  getImgHandle device:17:3F:CF:BE:B9:01 data:android.media.MediaMetadata@e49e1816 isKeyContains true Handle 
05-04 20:27:50.476 I/Avrcp_ext( 7916): device found at index 0
05-04 20:27:50.476 V/Avrcp_ext( 7916): updateCurrentMediaState: addr: [B@6bfd612
05-04 20:27:50.476 V/Avrcp_ext( 7916): Media update: id -1➡-1? [MediaAttributes: B⋯. - P⋯i by P⋯i (1329000 0/0) - ] : [MediaAttributes: B⋯. - P⋯i by P⋯i (1329000 0/0) - ]
05-04 20:27:50.476 D/Avrcp_ext( 7916): isPackageNameValid: browsedPackage = com.google.android.youtubeisValid = true
05-04 20:27:50.476 V/Avrcp_ext( 7916): isBrowseSupported for com.google.android.youtube: false
05-04 20:27:50.476 W/Avrcp_ext( 7916): updateCurrentMediaState: isInactivePlayer = false
05-04 20:27:50.476 V/Avrcp_ext( 7916): updatePlaybackState, state: PlaybackState {state=STOPPED(1), position=1328924, buffered position=0, speed=1.0, updated=1296916309, actions=8615, custom actions=[], active item id=-1, error=null} device: null
05-04 20:27:50.477 D/CompatibilityChangeReporter( 3064): Compat change id reported: 319212206; UID 10502; state: ENABLED
05-04 20:27:50.477 D/BroadcastService( 7916): getBroadcastAddress
05-04 20:27:50.477 D/BroadcastService( 7916): isBroadcastActive: Broadcast is turned to off
05-04 20:27:50.477 V/Avrcp_ext( 7916): Device: Ejaj’s AirPods : old state: PlaybackState {state=STOPPED(1), position=1328924, buffered position=0, speed=1.0, updated=1296916309, actions=8615, custom actions=[], active item id=-1, error=null}
05-04 20:27:50.477 V/Avrcp_ext( 7916): Device: no name: 
05-04 20:27:50.477 V/Avrcp_ext( 7916): Device: no name: 
05-04 20:27:50.477 V/Avrcp_ext( 7916): Device: no name: 
05-04 20:27:50.477 V/Avrcp_ext( 7916): Device: no name: 
05-04 20:27:50.477 V/Avrcp_ext( 7916): updatePlayerStateAndPosition, old=PlaybackState {state=STOPPED(1), position=1328924, buffered position=0, speed=1.0, updated=1296916309, actions=8615, custom actions=[], active item id=-1, error=null}, state=PlaybackState {state=STOPPED(1), position=1328924, buffered position=0, speed=1.0, updated=1296916309, actions=8615, custom actions=[], active item id=-1, error=null}
05-04 20:27:50.477 V/Avrcp_ext( 7916): old state = PlaybackState {state=STOPPED(1), position=1328924, buffered position=0, speed=1.0, updated=1296916309, actions=8615, custom actions=[], active item id=-1, error=null}, new state= PlaybackState {state=STOPPED(1), position=1328924, buffered position=0, speed=1.0, updated=1296916309, actions=8615, custom actions=[], active item id=-1, error=null}
05-04 20:27:50.477 D/HeadsetService( 7916): getHeadsetService(): returning com.android.bluetooth.hfp.HeadsetService@ee3f0c7
05-04 20:27:50.477 E/HeadsetStateMachine( 7916): returning mCurrentState as Connected
05-04 20:27:50.477 E/HeadsetStateMachine( 7916): returning mCurrentState as Disconnected
05-04 20:27:50.477 E/HeadsetStateMachine( 7916): returning mCurrentState as Disconnected
05-04 20:27:50.477 D/HeadsetService( 7916):  isAudioOn: The number of audio connected devices 0
05-04 20:27:50.477 D/HeadsetService( 7916): isScoOrCallActive(): Call Active:falseCall is Ringing:falseSCO is Active:false
05-04 20:27:50.477 E/HeadsetStateMachine( 7916): returning mCurrentState as Connected
05-04 20:27:50.477 E/HeadsetStateMachine( 7916): returning mCurrentState as Disconnected
05-04 20:27:50.477 E/HeadsetStateMachine( 7916): returning mCurrentState as Disconnected
05-04 20:27:50.477 D/HeadsetService( 7916):  isAudioOn: The number of audio connected devices 0
05-04 20:27:50.477 I/Avrcp_ext( 7916): updatePlayStatusForDevice: device: 17:3F:CF:BE:B9:01
05-04 20:27:50.477 V/Avrcp_ext( 7916): updatePlaybackState (0): old=PlaybackState {state=STOPPED(1), position=1328924, buffered position=0, speed=1.0, updated=1296916309, actions=8615, custom actions=[], active item id=-1, error=null}(0), new=PlaybackState {state=STOPPED(1), position=1328924, buffered position=0, speed=1.0, updated=1296916309, actions=8615, custom actions=[], active item id=-1, error=null}(0)
05-04 20:27:50.477 I/Avrcp_ext( 7916): Exit updatePlayStatusForDevice
05-04 20:27:50.477 E/HeadsetStateMachine( 7916): returning mCurrentState as Connected
05-04 20:27:50.477 E/HeadsetStateMachine( 7916): returning mCurrentState as Disconnected
05-04 20:27:50.477 E/HeadsetStateMachine( 7916): returning mCurrentState as Disconnected
05-04 20:27:50.477 D/HeadsetService( 7916):  isAudioOn: The number of audio connected devices 0
05-04 20:27:50.477 D/HeadsetService( 7916): isScoOrCallActive(): Call Active:falseCall is Ringing:falseSCO is Active:false
05-04 20:27:50.477 E/HeadsetStateMachine( 7916): returning mCurrentState as Connected
05-04 20:27:50.477 E/HeadsetStateMachine( 7916): returning mCurrentState as Disconnected
05-04 20:27:50.477 E/HeadsetStateMachine( 7916): returning mCurrentState as Disconnected
05-04 20:27:50.477 D/HeadsetService( 7916):  isAudioOn: The number of audio connected devices 0
05-04 20:27:50.477 I/Avrcp_ext( 7916): updatePlayStatusForDevice: device: null
05-04 20:27:50.477 V/Avrcp_ext( 7916): updatePlaybackState (1): old=PlaybackState {state=STOPPED(1), position=1328924, buffered position=0, speed=1.0, updated=1296916309, actions=8615, custom actions=[], active item id=-1, error=null}(0), new=PlaybackState {state=STOPPED(1), position=1328924, buffered position=0, speed=1.0, updated=1296916309, actions=8615, custom actions=[], active item id=-1, error=null}(0)
05-04 20:27:50.477 I/Avrcp_ext( 7916): Exit updatePlayStatusForDevice
05-04 20:27:50.477 E/HeadsetStateMachine( 7916): returning mCurrentState as Connected
05-04 20:27:50.477 E/HeadsetStateMachine( 7916): returning mCurrentState as Disconnected
05-04 20:27:50.477 E/HeadsetStateMachine( 7916): returning mCurrentState as Disconnected
05-04 20:27:50.477 D/HeadsetService( 7916):  isAudioOn: The number of audio connected devices 0
05-04 20:27:50.477 D/HeadsetService( 7916): isScoOrCallActive(): Call Active:falseCall is Ringing:falseSCO is Active:false
05-04 20:27:50.477 E/HeadsetStateMachine( 7916): returning mCurrentState as Connected
05-04 20:27:50.477 E/HeadsetStateMachine( 7916): returning mCurrentState as Disconnected
05-04 20:27:50.477 E/HeadsetStateMachine( 7916): returning mCurrentState as Disconnected
05-04 20:27:50.477 D/HeadsetService( 7916):  isAudioOn: The number of audio connected devices 0
05-04 20:27:50.477 I/Avrcp_ext( 7916): updatePlayStatusForDevice: device: null
05-04 20:27:50.477 V/Avrcp_ext( 7916): updatePlaybackState (1): old=PlaybackState {state=STOPPED(1), position=1328924, buffered position=0, speed=1.0, updated=1296916309, actions=8615, custom actions=[], active item id=-1, error=null}(0), new=PlaybackState {state=STOPPED(1), position=1328924, buffered position=0, speed=1.0, updated=1296916309, actions=8615, custom actions=[], active item id=-1, error=null}(0)
05-04 20:27:50.477 I/Avrcp_ext( 7916): Exit updatePlayStatusForDevice
05-04 20:27:50.477 E/HeadsetStateMachine( 7916): returning mCurrentState as Connected
05-04 20:27:50.477 E/HeadsetStateMachine( 7916): returning mCurrentState as Disconnected
05-04 20:27:50.477 E/HeadsetStateMachine( 7916): returning mCurrentState as Disconnected
05-04 20:27:50.477 D/HeadsetService( 7916):  isAudioOn: The number of audio connected devices 0
05-04 20:27:50.477 D/HeadsetService( 7916): isScoOrCallActive(): Call Active:falseCall is Ringing:falseSCO is Active:false
05-04 20:27:50.477 E/HeadsetStateMachine( 7916): returning mCurrentState as Connected
05-04 20:27:50.477 E/HeadsetStateMachine( 7916): returning mCurrentState as Disconnected
05-04 20:27:50.477 E/HeadsetStateMachine( 7916): returning mCurrentState as Disconnected
05-04 20:27:50.477 D/HeadsetService( 7916):  isAudioOn: The number of audio connected devices 0
05-04 20:27:50.477 I/Avrcp_ext( 7916): updatePlayStatusForDevice: device: null
05-04 20:27:50.477 V/Avrcp_ext( 7916): updatePlaybackState (1): old=PlaybackState {state=STOPPED(1), position=1328924, buffered position=0, speed=1.0, updated=1296916309, actions=8615, custom actions=[], active item id=-1, error=null}(0), new=PlaybackState {state=STOPPED(1), position=1328924, buffered position=0, speed=1.0, updated=1296916309, actions=8615, custom actions=[], active item id=-1, error=null}(0)
05-04 20:27:50.477 I/Avrcp_ext( 7916): Exit updatePlayStatusForDevice
05-04 20:27:50.477 E/HeadsetStateMachine( 7916): returning mCurrentState as Connected
05-04 20:27:50.477 E/HeadsetStateMachine( 7916): returning mCurrentState as Disconnected
05-04 20:27:50.477 E/HeadsetStateMachine( 7916): returning mCurrentState as Disconnected
05-04 20:27:50.477 D/HeadsetService( 7916):  isAudioOn: The number of audio connected devices 0
05-04 20:27:50.477 D/HeadsetService( 7916): isScoOrCallActive(): Call Active:falseCall is Ringing:falseSCO is Active:false
05-04 20:27:50.477 E/HeadsetStateMachine( 7916): returning mCurrentState as Connected
05-04 20:27:50.477 E/HeadsetStateMachine( 7916): returning mCurrentState as Disconnected
05-04 20:27:50.478 E/HeadsetStateMachine( 7916): returning mCurrentState as Disconnected
05-04 20:27:50.478 D/HeadsetService( 7916):  isAudioOn: The number of audio connected devices 0
05-04 20:27:50.478 I/Avrcp_ext( 7916): updatePlayStatusForDevice: device: null
05-04 20:27:50.478 V/Avrcp_ext( 7916): updatePlaybackState (1): old=PlaybackState {state=STOPPED(1), position=1328924, buffered position=0, speed=1.0, updated=1296916309, actions=8615, custom actions=[], active item id=-1, error=null}(0), new=PlaybackState {state=STOPPED(1), position=1328924, buffered position=0, speed=1.0, updated=1296916309, actions=8615, custom actions=[], active item id=-1, error=null}(0)
05-04 20:27:50.478 I/Avrcp_ext( 7916): Exit updatePlayStatusForDevice
05-04 20:27:50.478 D/Avrcp_ext( 7916): Enter sendPlayPosNotificationRsp
05-04 20:27:50.478 D/Avrcp_ext( 7916): sendPlayPosNotificationRsp: Not registered or requesting.
05-04 20:27:50.478 D/Avrcp_ext( 7916): Enter sendPlayPosNotificationRsp
05-04 20:27:50.478 D/Avrcp_ext( 7916): sendPlayPosNotificationRsp: Not registered or requesting.
05-04 20:27:50.478 D/Avrcp_ext( 7916): Enter sendPlayPosNotificationRsp
05-04 20:27:50.478 D/Avrcp_ext( 7916): sendPlayPosNotificationRsp: Not registered or requesting.
05-04 20:27:50.478 D/Avrcp_ext( 7916): Enter sendPlayPosNotificationRsp
05-04 20:27:50.478 D/Avrcp_ext( 7916): sendPlayPosNotificationRsp: Not registered or requesting.
05-04 20:27:50.478 D/Avrcp_ext( 7916): Enter sendPlayPosNotificationRsp
05-04 20:27:50.478 D/Avrcp_ext( 7916): sendPlayPosNotificationRsp: Not registered or requesting.
05-04 20:27:50.478 V/Avrcp_ext( 7916): Exit updatePlayerStateAndPosition
05-04 20:27:50.478 D/APM: ActiveDeviceManagerServiceLegacy( 7916): getActiveAbsoluteDevice(): device: 17:3F:CF:BE:B9:01
05-04 20:27:50.478 D/APM: ActiveDeviceManagerServiceLegacy( 7916): isStableState(): true
05-04 20:27:50.478 D/Avrcp_ext( 7916): isAdmStable = true activeAbsAddr = 17:3F:CF:BE:B9:01 device = null
05-04 20:27:50.478 V/APM: MediaControlManager( 7916): onPlaybackStateChanged
05-04 20:27:50.478 W/McpService( 7916): updatePlaybackState state PlaybackState {state=STOPPED(1), position=1328924, buffered position=0, speed=1.0, updated=1296916309, actions=8615, custom actions=[], active item id=-1, error=null}
05-04 20:27:50.478 W/McpService( 7916): updatePlaybackState mState: 2 state: 2
05-04 20:27:50.478 W/Avrcp_ext( 7916): updated player state = PlaybackState {state=STOPPED(1), position=1328924, buffered position=0, speed=1.0, updated=1296916309, actions=8615, custom actions=[], active item id=-1, error=null}to MCP module also
05-04 20:27:50.478 D/ConnectivityService( 3064): NetReassign [no changes] [c 0] [a 1] [i 0]
05-04 20:27:50.479 V/Avrcp_ext( 7916): ActiveSession: MediaController (ai.perplexity.app.android@6d3d1e3) null
05-04 20:27:50.480 V/Avrcp_ext( 7916): isBrowseSupported for ai.perplexity.app.android: false
05-04 20:27:50.480 D/Avrcp_ext( 7916): Adding media player info for ai.perplexity.app.android with id 6
05-04 20:27:50.480 D/Avrcp_ext( 7916): update #6:MediaPlayerInfo ai.perplexity.app.android (as 'Perplexity') Type = 1, SubType = 0, Status = 0 Feature Bits [40 41 42 44 45 47 48 58] Controller: MediaController (ai.perplexity.app.android@6d3d1e3) null
05-04 20:27:50.481 V/Avrcp_ext( 7916): ActiveSession: MediaController (com.deepeye.musicpro.debug@ab5b7e0) null
05-04 20:27:50.481 V/Avrcp_ext( 7916): isBrowseSupported for com.deepeye.musicpro.debug: false
05-04 20:27:50.481 D/Avrcp_ext( 7916): Adding media player info for com.deepeye.musicpro.debug with id 16
05-04 20:27:50.481 D/Avrcp_ext( 7916): update #16:MediaPlayerInfo com.deepeye.musicpro.debug (as 'DeepEyeMusicPro') Type = 1, SubType = 0, Status = 0 Feature Bits [40 41 42 44 45 47 48 58] Controller: MediaController (com.deepeye.musicpro.debug@ab5b7e0) null
05-04 20:27:50.483 V/Avrcp_ext( 7916): updateCurrentMediaState: mMediaController: MediaController (com.google.android.youtube@181c06b) Bengal Election Result : बंगाल में आज असली खेल क्या हुआ? नतीजों पर सब चौंक गए.., Punya Prasun Bajpai, Punya Prasun Bajpai
05-04 20:27:50.483 W/Avrcp_ext( 7916): isMusicActive: false getBluetoothPlayState: 0 A2dp State: 11 mAudioPlaybackIsActive: false
05-04 20:27:50.483 D/Avrcp_ext( 7916): isMusicActive = false mAudioPlaybackIsActive = false player state = PlaybackState {state=STOPPED(1), position=1328924, buffered position=0, speed=1.0, updated=1296916309, actions=8615, custom actions=[], active item id=-1, error=null}
05-04 20:27:50.485 D/Avrcp_ext( 7916): overwrite album_artist :Punya Prasun Bajpaiif album is blank
05-04 20:27:50.485 D/AvrcpBipRsp( 7916):  getImgHandle device :17:3F:CF:BE:B9:01 data :android.media.MediaMetadata@e49e1816
05-04 20:27:50.485 W/AvrcpBipRsp( 7916): getImgHandle bipSm null
05-04 20:27:50.485 D/Avrcp_ext( 7916):  getImgHandle device:17:3F:CF:BE:B9:01 data:android.media.MediaMetadata@e49e1816 isKeyContains true Handle 
05-04 20:27:50.486 I/Avrcp_ext( 7916): device found at index 0
05-04 20:27:50.486 V/Avrcp_ext( 7916): updateCurrentMediaState: addr: [B@1ee720c
05-04 20:27:50.486 V/Avrcp_ext( 7916): Media update: id -1➡-1? [MediaAttributes: B⋯. - P⋯i by P⋯i (1329000 0/0) - ] : [MediaAttributes: B⋯. - P⋯i by P⋯i (1329000 0/0) - ]
05-04 20:27:50.486 D/Avrcp_ext( 7916): isPackageNameValid: browsedPackage = com.google.android.youtubeisValid = true
05-04 20:27:50.486 V/Avrcp_ext( 7916): isBrowseSupported for com.google.android.youtube: false
05-04 20:27:50.486 W/Avrcp_ext( 7916): updateCurrentMediaState: isInactivePlayer = false
05-04 20:27:50.486 V/Avrcp_ext( 7916): updatePlaybackState, state: PlaybackState {state=STOPPED(1), position=1328924, buffered position=0, speed=1.0, updated=1296916309, actions=8615, custom actions=[], active item id=-1, error=null} device: null
05-04 20:27:50.487 D/BroadcastService( 7916): getBroadcastAddress
05-04 20:27:50.487 D/BroadcastService( 7916): isBroadcastActive: Broadcast is turned to off
05-04 20:27:50.487 V/Avrcp_ext( 7916): Device: Ejaj’s AirPods : old state: PlaybackState {state=STOPPED(1), position=1328924, buffered position=0, speed=1.0, updated=1296916309, actions=8615, custom actions=[], active item id=-1, error=null}
05-04 20:27:50.487 V/Avrcp_ext( 7916): Device: no name: 
05-04 20:27:50.487 V/Avrcp_ext( 7916): Device: no name: 
05-04 20:27:50.487 V/Avrcp_ext( 7916): Device: no name: 
05-04 20:27:50.487 V/Avrcp_ext( 7916): Device: no name: 
05-04 20:27:50.487 V/Avrcp_ext( 7916): updatePlayerStateAndPosition, old=PlaybackState {state=STOPPED(1), position=1328924, buffered position=0, speed=1.0, updated=1296916309, actions=8615, custom actions=[], active item id=-1, error=null}, state=PlaybackState {state=STOPPED(1), position=1328924, buffered position=0, speed=1.0, updated=1296916309, actions=8615, custom actions=[], active item id=-1, error=null}
05-04 20:27:50.487 V/Avrcp_ext( 7916): old state = PlaybackState {state=STOPPED(1), position=1328924, buffered position=0, speed=1.0, updated=1296916309, actions=8615, custom actions=[], active item id=-1, error=null}, new state= PlaybackState {state=STOPPED(1), position=1328924, buffered position=0, speed=1.0, updated=1296916309, actions=8615, custom actions=[], active item id=-1, error=null}
05-04 20:27:50.487 D/HeadsetService( 7916): getHeadsetService(): returning com.android.bluetooth.hfp.HeadsetService@ee3f0c7
05-04 20:27:50.487 E/HeadsetStateMachine( 7916): returning mCurrentState as Connected
05-04 20:27:50.487 E/HeadsetStateMachine( 7916): returning mCurrentState as Disconnected
05-04 20:27:50.487 E/HeadsetStateMachine( 7916): returning mCurrentState as Disconnected
05-04 20:27:50.487 D/HeadsetService( 7916):  isAudioOn: The number of audio connected devices 0
05-04 20:27:50.487 D/HeadsetService( 7916): isScoOrCallActive(): Call Active:falseCall is Ringing:falseSCO is Active:false
05-04 20:27:50.487 E/HeadsetStateMachine( 7916): returning mCurrentState as Connected
05-04 20:27:50.487 E/HeadsetStateMachine( 7916): returning mCurrentState as Disconnected
05-04 20:27:50.487 E/HeadsetStateMachine( 7916): returning mCurrentState as Disconnected
05-04 20:27:50.487 D/HeadsetService( 7916):  isAudioOn: The number of audio connected devices 0
05-04 20:27:50.487 I/Avrcp_ext( 7916): updatePlayStatusForDevice: device: 17:3F:CF:BE:B9:01
05-04 20:27:50.487 V/Avrcp_ext( 7916): updatePlaybackState (0): old=PlaybackState {state=STOPPED(1), position=1328924, buffered position=0, speed=1.0, updated=1296916309, actions=8615, custom actions=[], active item id=-1, error=null}(0), new=PlaybackState {state=STOPPED(1), position=1328924, buffered position=0, speed=1.0, updated=1296916309, actions=8615, custom actions=[], active item id=-1, error=null}(0)
05-04 20:27:50.487 I/Avrcp_ext( 7916): Exit updatePlayStatusForDevice
05-04 20:27:50.487 E/HeadsetStateMachine( 7916): returning mCurrentState as Connected
05-04 20:27:50.487 E/HeadsetStateMachine( 7916): returning mCurrentState as Disconnected
05-04 20:27:50.487 E/HeadsetStateMachine( 7916): returning mCurrentState as Disconnected
05-04 20:27:50.487 D/HeadsetService( 7916):  isAudioOn: The number of audio connected devices 0
05-04 20:27:50.487 D/HeadsetService( 7916): isScoOrCallActive(): Call Active:falseCall is Ringing:falseSCO is Active:false
05-04 20:27:50.487 E/HeadsetStateMachine( 7916): returning mCurrentState as Connected
05-04 20:27:50.487 E/HeadsetStateMachine( 7916): returning mCurrentState as Disconnected
05-04 20:27:50.487 E/HeadsetStateMachine( 7916): returning mCurrentState as Disconnected
05-04 20:27:50.487 D/HeadsetService( 7916):  isAudioOn: The number of audio connected devices 0
05-04 20:27:50.487 I/Avrcp_ext( 7916): updatePlayStatusForDevice: device: null
05-04 20:27:50.487 V/Avrcp_ext( 7916): updatePlaybackState (1): old=PlaybackState {state=STOPPED(1), position=1328924, buffered position=0, speed=1.0, updated=1296916309, actions=8615, custom actions=[], active item id=-1, error=null}(0), new=PlaybackState {state=STOPPED(1), position=1328924, buffered position=0, speed=1.0, updated=1296916309, actions=8615, custom actions=[], active item id=-1, error=null}(0)
05-04 20:27:50.487 I/Avrcp_ext( 7916): Exit updatePlayStatusForDevice
05-04 20:27:50.487 E/HeadsetStateMachine( 7916): returning mCurrentState as Connected
05-04 20:27:50.487 E/HeadsetStateMachine( 7916): returning mCurrentState as Disconnected
05-04 20:27:50.487 E/HeadsetStateMachine( 7916): returning mCurrentState as Disconnected
05-04 20:27:50.487 D/HeadsetService( 7916):  isAudioOn: The number of audio connected devices 0
05-04 20:27:50.487 D/HeadsetService( 7916): isScoOrCallActive(): Call Active:falseCall is Ringing:falseSCO is Active:false
05-04 20:27:50.487 E/HeadsetStateMachine( 7916): returning mCurrentState as Connected
05-04 20:27:50.487 E/HeadsetStateMachine( 7916): returning mCurrentState as Disconnected
05-04 20:27:50.487 E/HeadsetStateMachine( 7916): returning mCurrentState as Disconnected
05-04 20:27:50.487 D/HeadsetService( 7916):  isAudioOn: The number of audio connected devices 0
05-04 20:27:50.487 I/Avrcp_ext( 7916): updatePlayStatusForDevice: device: null
05-04 20:27:50.487 V/Avrcp_ext( 7916): updatePlaybackState (1): old=PlaybackState {state=STOPPED(1), position=1328924, buffered position=0, speed=1.0, updated=1296916309, actions=8615, custom actions=[], active item id=-1, error=null}(0), new=PlaybackState {state=STOPPED(1), position=1328924, buffered position=0, speed=1.0, updated=1296916309, actions=8615, custom actions=[], active item id=-1, error=null}(0)
05-04 20:27:50.487 I/Avrcp_ext( 7916): Exit updatePlayStatusForDevice
05-04 20:27:50.487 E/HeadsetStateMachine( 7916): returning mCurrentState as Connected
05-04 20:27:50.487 E/HeadsetStateMachine( 7916): returning mCurrentState as Disconnected
05-04 20:27:50.487 E/HeadsetStateMachine( 7916): returning mCurrentState as Disconnected
05-04 20:27:50.487 D/HeadsetService( 7916):  isAudioOn: The number of audio connected devices 0
05-04 20:27:50.487 D/HeadsetService( 7916): isScoOrCallActive(): Call Active:falseCall is Ringing:falseSCO is Active:false
05-04 20:27:50.487 E/HeadsetStateMachine( 7916): returning mCurrentState as Connected
05-04 20:27:50.487 E/HeadsetStateMachine( 7916): returning mCurrentState as Disconnected
05-04 20:27:50.487 E/HeadsetStateMachine( 7916): returning mCurrentState as Disconnected
05-04 20:27:50.487 D/HeadsetService( 7916):  isAudioOn: The number of audio connected devices 0
05-04 20:27:50.487 I/Avrcp_ext( 7916): updatePlayStatusForDevice: device: null
05-04 20:27:50.487 V/Avrcp_ext( 7916): updatePlaybackState (1): old=PlaybackState {state=STOPPED(1), position=1328924, buffered position=0, speed=1.0, updated=1296916309, actions=8615, custom actions=[], active item id=-1, error=null}(0), new=PlaybackState {state=STOPPED(1), position=1328924, buffered position=0, speed=1.0, updated=1296916309, actions=8615, custom actions=[], active item id=-1, error=null}(0)
05-04 20:27:50.487 I/Avrcp_ext( 7916): Exit updatePlayStatusForDevice
05-04 20:27:50.487 E/HeadsetStateMachine( 7916): returning mCurrentState as Connected
05-04 20:27:50.487 E/HeadsetStateMachine( 7916): returning mCurrentState as Disconnected
05-04 20:27:50.487 E/HeadsetStateMachine( 7916): returning mCurrentState as Disconnected
05-04 20:27:50.487 D/HeadsetService( 7916):  isAudioOn: The number of audio connected devices 0
05-04 20:27:50.487 D/HeadsetService( 7916): isScoOrCallActive(): Call Active:falseCall is Ringing:falseSCO is Active:false
05-04 20:27:50.487 E/HeadsetStateMachine( 7916): returning mCurrentState as Connected
05-04 20:27:50.487 E/HeadsetStateMachine( 7916): returning mCurrentState as Disconnected
05-04 20:27:50.487 E/HeadsetStateMachine( 7916): returning mCurrentState as Disconnected
05-04 20:27:50.487 D/HeadsetService( 7916):  isAudioOn: The number of audio connected devices 0
05-04 20:27:50.487 I/Avrcp_ext( 7916): updatePlayStatusForDevice: device: null
05-04 20:27:50.487 V/Avrcp_ext( 7916): updatePlaybackState (1): old=PlaybackState {state=STOPPED(1), position=1328924, buffered position=0, speed=1.0, updated=1296916309, actions=8615, custom actions=[], active item id=-1, error=null}(0), new=PlaybackState {state=STOPPED(1), position=1328924, buffered position=0, speed=1.0, updated=1296916309, actions=8615, custom actions=[], active item id=-1, error=null}(0)
05-04 20:27:50.487 I/Avrcp_ext( 7916): Exit updatePlayStatusForDevice
05-04 20:27:50.487 D/Avrcp_ext( 7916): Enter sendPlayPosNotificationRsp
05-04 20:27:50.487 D/Avrcp_ext( 7916): sendPlayPosNotificationRsp: Not registered or requesting.
05-04 20:27:50.487 D/Avrcp_ext( 7916): Enter sendPlayPosNotificationRsp
05-04 20:27:50.487 D/Avrcp_ext( 7916): sendPlayPosNotificationRsp: Not registered or requesting.
05-04 20:27:50.487 D/Avrcp_ext( 7916): Enter sendPlayPosNotificationRsp
05-04 20:27:50.487 D/Avrcp_ext( 7916): sendPlayPosNotificationRsp: Not registered or requesting.
05-04 20:27:50.487 D/Avrcp_ext( 7916): Enter sendPlayPosNotificationRsp
05-04 20:27:50.487 D/Avrcp_ext( 7916): sendPlayPosNotificationRsp: Not registered or requesting.
05-04 20:27:50.487 D/Avrcp_ext( 7916): Enter sendPlayPosNotificationRsp
05-04 20:27:50.487 D/Avrcp_ext( 7916): sendPlayPosNotificationRsp: Not registered or requesting.
05-04 20:27:50.487 V/Avrcp_ext( 7916): Exit updatePlayerStateAndPosition
05-04 20:27:50.487 D/APM: ActiveDeviceManagerServiceLegacy( 7916): getActiveAbsoluteDevice(): device: 17:3F:CF:BE:B9:01
05-04 20:27:50.487 D/APM: ActiveDeviceManagerServiceLegacy( 7916): isStableState(): true
05-04 20:27:50.487 D/Avrcp_ext( 7916): isAdmStable = true activeAbsAddr = 17:3F:CF:BE:B9:01 device = null
05-04 20:27:50.487 V/APM: MediaControlManager( 7916): onPlaybackStateChanged
05-04 20:27:50.487 W/McpService( 7916): updatePlaybackState state PlaybackState {state=STOPPED(1), position=1328924, buffered position=0, speed=1.0, updated=1296916309, actions=8615, custom actions=[], active item id=-1, error=null}
05-04 20:27:50.487 W/McpService( 7916): updatePlaybackState mState: 2 state: 2
05-04 20:27:50.487 W/Avrcp_ext( 7916): updated player state = PlaybackState {state=STOPPED(1), position=1328924, buffered position=0, speed=1.0, updated=1296916309, actions=8615, custom actions=[], active item id=-1, error=null}to MCP module also
05-04 20:27:50.497 E/minksocket( 1727): MinkIPC_QRTR_Service: client with node 1 port 79f5 went down
05-04 20:27:50.498 E/minksocket( 1727): MinkIPC_QRTR_Service: client with node 1 port 79f6 went down
05-04 20:27:50.498 E/minksocket( 1727): MinkIPC_QRTR_Service: client with node 1 port 79f7 went down
05-04 20:27:50.499 E/minksocket( 1727): MinkIPC_QRTR_Service: client with node 1 port 79f8 went down
05-04 20:27:50.503 D/CompatibilityChangeReporter( 3064): Compat change id reported: 183164979; UID 10502; state: ENABLED
05-04 20:27:50.509 D/CompatibilityChangeReporter( 3064): Compat change id reported: 214016041; UID 10502; state: ENABLED
05-04 20:27:50.509 I/ImeTracker( 3064): com.deepeye.musicpro.debug:3313bf7f: onRequestHide at ORIGIN_SERVER_HIDE_INPUT reason HIDE_UNSPECIFIED_WINDOW
05-04 20:27:50.509 I/ImeTracker( 3064): com.deepeye.musicpro.debug:3313bf7f: onCancelled at PHASE_SERVER_SHOULD_HIDE
05-04 20:27:50.513 I/GoogleInputMethodService(23155): GoogleInputMethodService.onFinishInput():2259 
05-04 20:27:50.513 I/Module  (23155): DeviceLockedStatusModuleProvider$Module.updateDeviceLockedStatus():103 repeatCheckTimes = 0, locked = false
05-04 20:27:50.514 I/GoogleInputMethodService(23155): GoogleInputMethodService.onStartInput():1446 onStartInput(EditorInfo{EditorInfo{packageName=com.deepeye.musicpro.debug, inputType=0, inputTypeString=NULL, enableLearning=false, autoCorrection=false, autoComplete=false, imeOptions=0, privateImeOptions=null, actionName=UNSPECIFIED, actionLabel=null, initialSelStart=-1, initialSelEnd=-1, initialCapsMode=0, label=null, fieldId=0, fieldName=null, extras=null, hintText=null, hintLocales=[]}}, false)
05-04 20:27:50.514 I/AndroidIME(23155): LatinIMEBase.updateInputViewCoverNavigation():322 Update input view padding, isNavbarOverInputWindow=false, bottom inset=102
05-04 20:27:50.514 I/Module  (23155): DeviceLockedStatusModuleProvider$Module.updateDeviceLockedStatus():103 repeatCheckTimes = 1, locked = false
05-04 20:27:50.515 W/PackageConfigPersister( 3064): App-specific configuration not found for packageName: com.deepeye.musicpro.debug and userId: 0
05-04 20:27:50.531 I/MediaController(15629): Init dc6b5c0 [AndroidXMedia3/1.4.1] [hiphi, motorola edge 30 pro, motorola, 34]
05-04 20:27:50.556 D/PowerManagerService( 3064): nativeSetPowerMode ret:false mode:5 enabled:false duration ms: 1
05-04 20:27:50.562 I/bwmt    (10800): onStop
05-04 20:27:50.562 I/ImeTracker(20981): com.motorola.launcher3:5f135859: onRequestHide at ORIGIN_CLIENT_HIDE_SOFT_INPUT reason HIDE_SOFT_INPUT
05-04 20:27:50.562 I/ImeTracker(20981): com.motorola.launcher3:5f135859: onFailed at PHASE_CLIENT_VIEW_SERVED
05-04 20:27:50.631 I/.musicpro.debug(15629): Compiler allocated 4496KB to compile void android.view.ViewRootImpl.performTraversals()
05-04 20:27:50.701 E/minksocket( 1727): MinkIPC_QRTR_Service: client with node 1 port 79f9 went down
05-04 20:27:50.701 E/minksocket( 1727): MinkIPC_QRTR_Service: client with node 1 port 79fa went down
05-04 20:27:50.701 E/minksocket( 1727): MinkIPC_QRTR_Service: client with node 1 port 79fb went down
05-04 20:27:50.702 E/minksocket( 1727): MinkIPC_QRTR_Service: client with node 1 port 79fd went down
05-04 20:27:50.702 E/minksocket( 1727): MinkIPC_QRTR_Service: client with node 1 port 79fe went down
05-04 20:27:50.702 E/minksocket( 1727): MinkIPC_QRTR_Service: client with node 1 port 79ff went down
05-04 20:27:50.740 D/Surface ( 3827): Surface::disconnect
05-04 20:27:50.740 D/BufferQueueProducer( 3827): [VRI[debug]#7251(BLAST Consumer)7251](id:ef300001c5b,api:1,p:3827,c:3827) disconnect: api 1
05-04 20:27:50.743 W/WindowOnBackDispatcher( 3827): sendCancelIfRunning: isInProgress=falsecallback=android.view.ViewRootImpl$$ExternalSyntheticLambda17@e9b3563
05-04 20:27:50.743 D/CoreBackPreview( 3064): Window{51142e u0 Splash Screen com.deepeye.musicpro.debug EXITING}: Setting back callback null
05-04 20:27:50.744 W/InputManager-JNI( 3064): Input channel object '51142e Splash Screen com.deepeye.musicpro.debug (client)' was disposed without first being removed with the input manager!
05-04 20:27:50.797 I/FontLog (27765): (REDACTED) Received query %s, URI %s
05-04 20:27:50.797 I/FontLog (27765): (REDACTED) Query [%s] resolved to %s
05-04 20:27:50.798 I/FontLog (27765): (REDACTED) Fetch %s end status %s
05-04 20:27:50.799 I/FontLog (27765): (REDACTED) Pulling font file for id = %d, cache size = %d
05-04 20:27:50.801 I/FontLog (27765): (REDACTED) Pulling font file for id = %d, cache size = %d
05-04 20:27:51.101 D/TelephonyManager( 4128): requestModemActivityInfo: Sending result to app: ModemActivityInfo{ mTimestamp=1305333067 mSleepTimeMs=1010952150 mIdleTimeMs=11106822 mActivityStatsTechSpecificInfo=[{mRat=UNKNOWN,mFrequencyRange=UNKNOWN,mTxTimeMs[]=[4280180, 2960074, 2914236, 3532285, 3466692],mRxTimeMs=266110324}]}
05-04 20:27:51.164 I/QcrilOemhookMsgTunnel( 4048): [0]processOemHookIndication length=33
05-04 20:27:51.165 D/QcrilMsgTunnelIfaceManager( 4048): handleMessage what = 5
05-04 20:27:51.165 I/QcrilOemhookMsgTunnel( 4048): [0]processOemHookIndication length=12
05-04 20:27:51.165 D/QcrilMsgTunnelIfaceManager( 4048): handleMessage what = 5
05-04 20:27:51.167 I/QcrilOemhookMsgTunnel( 4048): [0]processOemHookIndication length=21
05-04 20:27:51.167 D/QcrilMsgTunnelIfaceManager( 4048): handleMessage what = 0
05-04 20:27:51.168 D/QC_RIL_OEM_HOOK( 4048): Received Broadcast Intent ACTION_UNSOL_RESPONSE_OEM_HOOK_RAW
05-04 20:27:51.168 D/QC_RIL_OEM_HOOK( 4048): Oem ID in QCRILHOOK UNSOL RESP is QOEMHOOK
05-04 20:27:51.168 D/QC_RIL_OEM_HOOK( 4128): Received Broadcast Intent ACTION_UNSOL_RESPONSE_OEM_HOOK_RAW
05-04 20:27:51.168 D/QC_RIL_OEM_HOOK( 4128): Oem ID in QCRILHOOK UNSOL RESP is QOEMHOOK
05-04 20:27:51.168 D/QC_RIL_OEM_HOOK( 4128): Received Broadcast Intent ACTION_UNSOL_RESPONSE_OEM_HOOK_RAW
05-04 20:27:51.169 D/QC_RIL_OEM_HOOK( 4128): Oem ID in QCRILHOOK UNSOL RESP is QOEMHOOK
05-04 20:27:51.173 I/QcrilOemhookMsgTunnel( 4048): [0]processOemHookIndication length=33
05-04 20:27:51.174 I/QcrilOemhookMsgTunnel( 4048): [0]processOemHookIndication length=12
05-04 20:27:51.174 D/QcrilMsgTunnelIfaceManager( 4048): handleMessage what = 5
05-04 20:27:51.174 I/QcrilOemhookMsgTunnel( 4048): [0]processOemHookIndication length=21
05-04 20:27:51.174 W/IWlanNetworkService( 4043): 102523 > Response Processed
05-04 20:27:51.174 D/QcrilMsgTunnelIfaceManager( 4048): handleMessage what = 5
05-04 20:27:51.175 D/QcrilMsgTunnelIfaceManager( 4048): handleMessage what = 0
05-04 20:27:51.176 D/QC_RIL_OEM_HOOK( 4048): Received Broadcast Intent ACTION_UNSOL_RESPONSE_OEM_HOOK_RAW
05-04 20:27:51.176 D/QC_RIL_OEM_HOOK( 4048): Oem ID in QCRILHOOK UNSOL RESP is QOEMHOOK
05-04 20:27:51.176 D/QC_RIL_OEM_HOOK( 4128): Received Broadcast Intent ACTION_UNSOL_RESPONSE_OEM_HOOK_RAW
05-04 20:27:51.176 D/QC_RIL_OEM_HOOK( 4128): Oem ID in QCRILHOOK UNSOL RESP is QOEMHOOK
05-04 20:27:51.176 D/QC_RIL_OEM_HOOK( 4128): Received Broadcast Intent ACTION_UNSOL_RESPONSE_OEM_HOOK_RAW
05-04 20:27:51.176 D/QC_RIL_OEM_HOOK( 4128): Oem ID in QCRILHOOK UNSOL RESP is QOEMHOOK
05-04 20:27:51.178 W/IWlanNetworkService( 4043): 102524 > Response Processed
05-04 20:27:51.181 E/RIL-MOTEXT( 2410): qcrilUpdateOperator, called
05-04 20:27:51.191 D/GlobalActionsDialogLite( 3827): Service changed before actions created
05-04 20:27:51.191 D/GlobalActionsDialogLite( 3827): Service changed before actions created
05-04 20:27:51.193 D/HeadsetPhoneState( 7916): Enter onServiceStateChanged
05-04 20:27:51.193 W/ContextImpl( 3064): Calling a method in the system process without a qualified user: android.app.ContextImpl.sendBroadcastMultiplePermissions:1281 android.content.Context.sendBroadcastMultiplePermissions:2476 com.android.server.TelephonyRegistry.broadcastServiceStateChanged:3597 com.android.server.TelephonyRegistry.notifyServiceStateForPhoneId:1734 com.android.internal.telephony.ITelephonyRegistry$Stub.onTransact:550 
05-04 20:27:51.193 W/ContextImpl( 3064): Calling a method in the system process without a qualified user: android.app.ContextImpl.sendBroadcastMultiplePermissions:1314 com.android.server.TelephonyRegistry.broadcastServiceStateChanged:3602 com.android.server.TelephonyRegistry.notifyServiceStateForPhoneId:1734 com.android.internal.telephony.ITelephonyRegistry$Stub.onTransact:550 android.os.Binder.execTransactInternal:1380 
05-04 20:27:51.194 W/ContextImpl( 3064): Calling a method in the system process without a qualified user: android.app.ContextImpl.sendBroadcastMultiplePermissions:1314 com.android.server.TelephonyRegistry.broadcastServiceStateChanged:3611 com.android.server.TelephonyRegistry.notifyServiceStateForPhoneId:1734 com.android.internal.telephony.ITelephonyRegistry$Stub.onTransact:550 android.os.Binder.execTransactInternal:1380 
05-04 20:27:51.194 W/ContextImpl( 3064): Calling a method in the system process without a qualified user: android.app.ContextImpl.sendBroadcastMultiplePermissions:1314 com.android.server.TelephonyRegistry.broadcastServiceStateChanged:3617 com.android.server.TelephonyRegistry.notifyServiceStateForPhoneId:1734 com.android.internal.telephony.ITelephonyRegistry$Stub.onTransact:550 android.os.Binder.execTransactInternal:1380 
05-04 20:27:51.195 D/ActivityManager( 3064): unfreezing ProcessRecord{1cb6b85 9276:com.google.android.cellbroadcastreceiver/u0a367}, reason = unfreezeTemporarily, adj = 925, adjType = cch-empty, adjSource = null
05-04 20:27:51.195 D/ServiceStateProvider( 4128): subId=1
05-04 20:27:51.195 D/ActivityManager( 3064): sync unfroze 9276 com.google.android.cellbroadcastreceiver for 3
05-04 20:27:51.195 D/CBR_SystemUI( 3827): CarrierLabel - : updateLabel cellMsg:  cellEnabled: true
05-04 20:27:51.195 D/CBR_SystemUI( 3827): CarrierLabel - : updateLabel mCellBroadcastMessage Visibility: 8
05-04 20:27:51.195 D/CBR_SystemUI( 3827): CarrierLabel - : updateLabel cellMsg:  cellEnabled: true
05-04 20:27:51.195 D/CBR_SystemUI( 3827): CarrierLabel - : updateLabel mCellBroadcastMessage Visibility: 8
05-04 20:27:51.196 D/StatusBarIconController( 3827): ignoring old pipeline callbacks, because the new mobile icons are enabled
05-04 20:27:51.196 D/CellBroadcastReceiver( 9276): onReceive Intent { act=android.intent.action.SERVICE_STATE flg=0x1000010 cmp=com.google.android.cellbroadcastreceiver/com.android.cellbroadcastreceiver.CellBroadcastReceiver (has extras) }
05-04 20:27:51.198 D/Telephony( 4128): TelecomAccountTelephonyCallback: onServiceStateChanged called.
05-04 20:27:51.198 I/Telephony( 4128): TelecomAccountTelephonyCallback: onServiceStateChanged: newState=0, mServiceState=0
05-04 20:27:51.198 D/CellBroadcastReceiver( 9276): onServiceStateChanged, ss: 0
05-04 20:27:51.198 D/CellBroadcastReceiver( 9276): networkOperator: 40410
05-04 20:27:51.199 D/CellBroadcastReceiver( 9276): update supported roaming operator as 
05-04 20:27:51.199 I/qcc-trd ( 2464): qdmaConnectivityInfoProvider: Into parseLTESysInfo()
05-04 20:27:51.200 E/RIL-MOTEXT( 2410): qcrilUpdRegRAT, called , rat =7
05-04 20:27:51.202 I/QImsService( 4065): ImsRadioIndicationAidl : onServiceDomainChanged()[SUB0]
05-04 20:27:51.202 I/QImsService( 4065): ImsSenderRxr : [UNSL]< UNSOL_SERVICE_DOMAIN_CHANGED 3[SUB0]
05-04 20:27:51.202 I/Telephony( 4128): AccountEntry: isRttCurrentlySupported -- regular acct, hasVoiceAvailability: true
05-04 20:27:51.202 I/Telephony( 4128):  isRttSupported: false
05-04 20:27:51.202 I/Telephony( 4128):  alwaysAllowWhileRoaming: false
05-04 20:27:51.202 I/Telephony( 4128):  isRoaming: false
05-04 20:27:51.202 I/Telephony( 4128):  isOnWfc: false
05-04 20:27:51.202 I/Telephony( 4128): VoiceActivationHandler: Service state is IN_SERVICE. Set voice activation state to ACTIVATED
05-04 20:27:51.203 I/QcrilOemhookMsgTunnel( 4048): [0]processOemHookIndication length=16
05-04 20:27:51.203 D/QcrilMsgTunnelIfaceManager( 4048): handleMessage what = 5
05-04 20:27:51.204 I/QImsService( 4065): ImsRegistrationController : Message received: what = 5
05-04 20:27:51.204 I/QImsService( 4065): ImsRegistrationController : handleSrvDomainChanged
05-04 20:27:51.207 D/CBR_SystemUI( 3827): CarrierLabel - : updateLabel cellMsg:  cellEnabled: true
05-04 20:27:51.207 D/CBR_SystemUI( 3827): CarrierLabel - : updateLabel mCellBroadcastMessage Visibility: 8
05-04 20:27:51.207 D/CBR_SystemUI( 3827): CarrierLabel - : updateLabel cellMsg:  cellEnabled: true
05-04 20:27:51.207 D/CBR_SystemUI( 3827): CarrierLabel - : updateLabel mCellBroadcastMessage Visibility: 8
05-04 20:27:51.207 D/StatusBarIconController( 3827): ignoring old pipeline callbacks, because the new mobile icons are enabled
05-04 20:27:51.208 W/IWlanNetworkService( 4043): 102525 > Response Processed
05-04 20:27:51.210 E/RIL-MOTEXT( 2410): qcrilUpdateOperator, called
05-04 20:27:51.210 I/QcrilOemhookMsgTunnel( 4048): [0]processOemHookIndication length=21
05-04 20:27:51.211 D/QcrilMsgTunnelIfaceManager( 4048): handleMessage what = 0
05-04 20:27:51.212 D/QC_RIL_OEM_HOOK( 4128): Received Broadcast Intent ACTION_UNSOL_RESPONSE_OEM_HOOK_RAW
05-04 20:27:51.212 D/QC_RIL_OEM_HOOK( 4128): Oem ID in QCRILHOOK UNSOL RESP is QOEMHOOK
05-04 20:27:51.212 D/QC_RIL_OEM_HOOK( 4128): Received Broadcast Intent ACTION_UNSOL_RESPONSE_OEM_HOOK_RAW
05-04 20:27:51.212 D/QC_RIL_OEM_HOOK( 4128): Oem ID in QCRILHOOK UNSOL RESP is QOEMHOOK
05-04 20:27:51.212 D/QC_RIL_OEM_HOOK( 4048): Received Broadcast Intent ACTION_UNSOL_RESPONSE_OEM_HOOK_RAW
05-04 20:27:51.212 D/QC_RIL_OEM_HOOK( 4048): Oem ID in QCRILHOOK UNSOL RESP is QOEMHOOK
05-04 20:27:51.213 I/QcrilOemhookMsgTunnel( 4048): [0]processOemHookIndication length=13
05-04 20:27:51.214 D/QtiRadioAidl( 4048): onNrIconTypeChange: slotId = 0NrIconType = 1
05-04 20:27:51.214 D/QtiRadioProxy( 4048): onNrIconType slotId = 0 NrIconType = NrIconType: 1
05-04 20:27:51.214 D/QtiRadioProxyHandler: ( 4048): handleMessage msg.what = 1
05-04 20:27:51.214 D/QtiRadioProxyHandler: ( 4048): EVENT_ON_NR_ICON_TYPE
05-04 20:27:51.214 D/ExtTelephonyServiceImpl( 4048): Retrieved callbacks for event = 20 list = [com.qti.extphone.IExtPhoneCallback$Stub$Proxy@69c6756]
05-04 20:27:51.214 D/QtiRadioProxy( 4048): onNrIconType: Responding back for transaction = null
05-04 20:27:51.214 D/QcrilMsgTunnelIfaceManager( 4048): handleMessage what = 5
05-04 20:27:51.218 D/CBR_SystemUI( 3827): CarrierLabel - : updateLabel cellMsg:  cellEnabled: true
05-04 20:27:51.218 D/CBR_SystemUI( 3827): CarrierLabel - : updateLabel mCellBroadcastMessage Visibility: 8
05-04 20:27:51.218 D/CBR_SystemUI( 3827): CarrierLabel - : updateLabel cellMsg:  cellEnabled: true
05-04 20:27:51.218 D/CBR_SystemUI( 3827): CarrierLabel - : updateLabel mCellBroadcastMessage Visibility: 8
05-04 20:27:51.220 E/RIL-MOTEXT( 2410): qcrilUpdateOperator, called
05-04 20:27:51.220 D/StatusBarIconController( 3827): ignoring old pipeline callbacks, because the new mobile icons are enabled
05-04 20:27:51.221 D/HeadsetPhoneState( 7916): Enter onServiceStateChanged
05-04 20:27:51.221 W/ContextImpl( 3064): Calling a method in the system process without a qualified user: android.app.ContextImpl.sendBroadcastMultiplePermissions:1281 android.content.Context.sendBroadcastMultiplePermissions:2476 com.android.server.TelephonyRegistry.broadcastServiceStateChanged:3597 com.android.server.TelephonyRegistry.notifyServiceStateForPhoneId:1734 com.android.internal.telephony.ITelephonyRegistry$Stub.onTransact:550 
05-04 20:27:51.222 W/ContextImpl( 3064): Calling a method in the system process without a qualified user: android.app.ContextImpl.sendBroadcastMultiplePermissions:1314 com.android.server.TelephonyRegistry.broadcastServiceStateChanged:3602 com.android.server.TelephonyRegistry.notifyServiceStateForPhoneId:1734 com.android.internal.telephony.ITelephonyRegistry$Stub.onTransact:550 android.os.Binder.execTransactInternal:1380 
05-04 20:27:51.222 W/ContextImpl( 3064): Calling a method in the system process without a qualified user: android.app.ContextImpl.sendBroadcastMultiplePermissions:1314 com.android.server.TelephonyRegistry.broadcastServiceStateChanged:3611 com.android.server.TelephonyRegistry.notifyServiceStateForPhoneId:1734 com.android.internal.telephony.ITelephonyRegistry$Stub.onTransact:550 android.os.Binder.execTransactInternal:1380 
05-04 20:27:51.222 W/ContextImpl( 3064): Calling a method in the system process without a qualified user: android.app.ContextImpl.sendBroadcastMultiplePermissions:1314 com.android.server.TelephonyRegistry.broadcastServiceStateChanged:3617 com.android.server.TelephonyRegistry.notifyServiceStateForPhoneId:1734 com.android.internal.telephony.ITelephonyRegistry$Stub.onTransact:550 android.os.Binder.execTransactInternal:1380 
05-04 20:27:51.223 D/GlobalActionsDialogLite( 3827): Service changed before actions created
05-04 20:27:51.223 D/GlobalActionsDialogLite( 3827): Service changed before actions created
05-04 20:27:51.224 D/CellBroadcastReceiver( 9276): onReceive Intent { act=android.intent.action.SERVICE_STATE flg=0x1000010 cmp=com.google.android.cellbroadcastreceiver/com.android.cellbroadcastreceiver.CellBroadcastReceiver (has extras) }
05-04 20:27:51.225 D/CBR_SystemUI( 3827): CarrierLabel - : updateLabel cellMsg:  cellEnabled: true
05-04 20:27:51.225 D/CBR_SystemUI( 3827): CarrierLabel - : updateLabel mCellBroadcastMessage Visibility: 8
05-04 20:27:51.225 D/CBR_SystemUI( 3827): CarrierLabel - : updateLabel cellMsg:  cellEnabled: true
05-04 20:27:51.225 D/CBR_SystemUI( 3827): CarrierLabel - : updateLabel mCellBroadcastMessage Visibility: 8
05-04 20:27:51.225 D/StatusBarIconController( 3827): ignoring old pipeline callbacks, because the new mobile icons are enabled
05-04 20:27:51.226 I/QcrilOemhookMsgTunnel( 4048): [0]processOemHookIndication length=16
05-04 20:27:51.226 D/CellBroadcastReceiver( 9276): onServiceStateChanged, ss: 0
05-04 20:27:51.226 D/QcrilMsgTunnelIfaceManager( 4048): handleMessage what = 5
05-04 20:27:51.226 D/CellBroadcastReceiver( 9276): networkOperator: 40410
05-04 20:27:51.226 D/CellBroadcastReceiver( 9276): update supported roaming operator as 
05-04 20:27:51.228 W/IWlanNetworkService( 4043): 102527 > Response Processed
05-04 20:27:51.229 D/Telephony( 4128): TelecomAccountTelephonyCallback: onServiceStateChanged called.
05-04 20:27:51.229 I/Telephony( 4128): TelecomAccountTelephonyCallback: onServiceStateChanged: newState=0, mServiceState=0
05-04 20:27:51.229 E/RIL-MOTEXT( 2410): qcrilUpdateOperator, called
05-04 20:27:51.233 I/Telephony( 4128): AccountEntry: isRttCurrentlySupported -- regular acct, hasVoiceAvailability: true
05-04 20:27:51.233 I/Telephony( 4128):  isRttSupported: false
05-04 20:27:51.233 I/Telephony( 4128):  alwaysAllowWhileRoaming: false
05-04 20:27:51.233 I/Telephony( 4128):  isRoaming: false
05-04 20:27:51.233 I/Telephony( 4128):  isOnWfc: false
05-04 20:27:51.233 I/Telephony( 4128): VoiceActivationHandler: Service state is IN_SERVICE. Set voice activation state to ACTIVATED
05-04 20:27:51.238 D/EnhancedConnectivityController( 3064): Default net onCapabilitiesChanged
05-04 20:27:51.238 D/EnhancedConnectivityController( 3064): updateDefaultNet:650
05-04 20:27:51.238 D/QCNEJ/WwanInfoRelay( 4043): onCapabilitiesChanged: 650 [ Transports: CELLULAR Capabilities: SUPL&FOTA&INTERNET&NOT_RESTRICTED&TRUSTED&NOT_VPN&VALIDATED&NOT_ROAMING&FOREGROUND&NOT_CONGESTED&NOT_SUSPENDED&NOT_VCN_MANAGED LinkUpBandwidth>=4366Kbps LinkDnBandwidth>=4366Kbps Specifier: <TelephonyNetworkSpecifier [mSubId = 1]> SubscriptionIds: {1} UnderlyingNetworks: Null]
05-04 20:27:51.238 I/QCNEJ/WwanInfoRelay( 4043): cacheWwanInfo subId = 1 phoneId = 0 slotId = 0
05-04 20:27:51.239 I/QcrilOemhookMsgTunnel( 4048): [0]processOemHookIndication length=33
05-04 20:27:51.239 D/QcrilMsgTunnelIfaceManager( 4048): handleMessage what = 5
05-04 20:27:51.240 I/ModemStats( 5998): [DataStallDetectService] onCapabilitiesChanged networkCapabilities=[ Transports: CELLULAR Capabilities: SUPL&FOTA&INTERNET&NOT_RESTRICTED&TRUSTED&NOT_VPN&VALIDATED&NOT_ROAMING&FOREGROUND&NOT_CONGESTED&NOT_SUSPENDED&NOT_VCN_MANAGED LinkUpBandwidth>=4366Kbps LinkDnBandwidth>=4366Kbps Specifier: <TelephonyNetworkSpecifier [mSubId = 1]> SubscriptionIds: {1} UnderlyingNetworks: Null]
05-04 20:27:51.240 I/ModemStats( 5998): [DataStallDetectService] onCapabilitiesChanged NET_CAPABILITY_VALIDATED=true
05-04 20:27:51.240 I/ModemStats( 5998): [DataStallDetectService] onCapabilitiesChanged mDataStallManager.mDataStallInstance=null
05-04 20:27:51.240 I/ModemStats( 5998): [DataStallDetectService] onCapabilitiesChanged mDataStallSmart5gManager.mDataStallInstance=null
05-04 20:27:51.241 D/QCNEJ/NativeHalConnector( 4043): -> SND notifyDefaultNetworkChanged(0)
05-04 20:27:51.241 I/QcrilOemhookMsgTunnel( 4048): [0]processOemHookIndication length=12
05-04 20:27:51.242 D/QcrilMsgTunnelIfaceManager( 4048): handleMessage what = 5
05-04 20:27:51.246 W/IWlanNetworkService( 4043): 102528 > Response Processed
05-04 20:27:51.246 E/RIL-MOTEXT( 2410): qcrilUpdateOperator, called
05-04 20:27:51.257 D/GlobalActionsDialogLite( 3827): Service changed before actions created
05-04 20:27:51.257 D/GlobalActionsDialogLite( 3827): Service changed before actions created
05-04 20:27:51.259 D/CBR_SystemUI( 3827): CarrierLabel - : updateLabel cellMsg:  cellEnabled: true
05-04 20:27:51.259 D/CBR_SystemUI( 3827): CarrierLabel - : updateLabel mCellBroadcastMessage Visibility: 8
05-04 20:27:51.259 D/CBR_SystemUI( 3827): CarrierLabel - : updateLabel cellMsg:  cellEnabled: true
05-04 20:27:51.259 D/CBR_SystemUI( 3827): CarrierLabel - : updateLabel mCellBroadcastMessage Visibility: 8
05-04 20:27:51.259 D/StatusBarIconController( 3827): ignoring old pipeline callbacks, because the new mobile icons are enabled
05-04 20:27:51.260 D/HeadsetPhoneState( 7916): Enter onServiceStateChanged
05-04 20:27:51.260 W/ContextImpl( 3064): Calling a method in the system process without a qualified user: android.app.ContextImpl.sendBroadcastMultiplePermissions:1281 android.content.Context.sendBroadcastMultiplePermissions:2476 com.android.server.TelephonyRegistry.broadcastServiceStateChanged:3597 com.android.server.TelephonyRegistry.notifyServiceStateForPhoneId:1734 com.android.internal.telephony.ITelephonyRegistry$Stub.onTransact:550 
05-04 20:27:51.260 W/ContextImpl( 3064): Calling a method in the system process without a qualified user: android.app.ContextImpl.sendBroadcastMultiplePermissions:1314 com.android.server.TelephonyRegistry.broadcastServiceStateChanged:3602 com.android.server.TelephonyRegistry.notifyServiceStateForPhoneId:1734 com.android.internal.telephony.ITelephonyRegistry$Stub.onTransact:550 android.os.Binder.execTransactInternal:1380 
05-04 20:27:51.261 W/ContextImpl( 3064): Calling a method in the system process without a qualified user: android.app.ContextImpl.sendBroadcastMultiplePermissions:1314 com.android.server.TelephonyRegistry.broadcastServiceStateChanged:3611 com.android.server.TelephonyRegistry.notifyServiceStateForPhoneId:1734 com.android.internal.telephony.ITelephonyRegistry$Stub.onTransact:550 android.os.Binder.execTransactInternal:1380 
05-04 20:27:51.261 W/ContextImpl( 3064): Calling a method in the system process without a qualified user: android.app.ContextImpl.sendBroadcastMultiplePermissions:1314 com.android.server.TelephonyRegistry.broadcastServiceStateChanged:3617 com.android.server.TelephonyRegistry.notifyServiceStateForPhoneId:1734 com.android.internal.telephony.ITelephonyRegistry$Stub.onTransact:550 android.os.Binder.execTransactInternal:1380 
05-04 20:27:51.262 D/ServiceStateProvider( 4128): subId=1
05-04 20:27:51.263 D/CellBroadcastReceiver( 9276): onReceive Intent { act=android.intent.action.SERVICE_STATE flg=0x1000010 cmp=com.google.android.cellbroadcastreceiver/com.android.cellbroadcastreceiver.CellBroadcastReceiver (has extras) }
05-04 20:27:51.265 D/CellBroadcastReceiver( 9276): onServiceStateChanged, ss: 0
05-04 20:27:51.265 D/CellBroadcastReceiver( 9276): networkOperator: 40410
05-04 20:27:51.265 D/CellBroadcastReceiver( 9276): update supported roaming operator as 
05-04 20:27:51.266 D/Telephony( 4128): TelecomAccountTelephonyCallback: onServiceStateChanged called.
05-04 20:27:51.266 I/Telephony( 4128): TelecomAccountTelephonyCallback: onServiceStateChanged: newState=0, mServiceState=0
05-04 20:27:51.269 I/Telephony( 4128): AccountEntry: isRttCurrentlySupported -- regular acct, hasVoiceAvailability: true
05-04 20:27:51.269 I/Telephony( 4128):  isRttSupported: false
05-04 20:27:51.269 I/Telephony( 4128):  alwaysAllowWhileRoaming: false
05-04 20:27:51.269 I/Telephony( 4128):  isRoaming: false
05-04 20:27:51.269 I/Telephony( 4128):  isOnWfc: false
05-04 20:27:51.270 I/Telephony( 4128): VoiceActivationHandler: Service state is IN_SERVICE. Set voice activation state to ACTIVATED
05-04 20:27:51.345 I/QcrilOemhookMsgTunnel( 4048): [0]processOemHookIndication length=33
05-04 20:27:51.345 D/QcrilMsgTunnelIfaceManager( 4048): handleMessage what = 5
05-04 20:27:51.345 I/QcrilOemhookMsgTunnel( 4048): [0]processOemHookIndication length=12
05-04 20:27:51.346 D/QcrilMsgTunnelIfaceManager( 4048): handleMessage what = 5
05-04 20:27:51.412 W/IWlanProxy( 4043): RESP_WAKE_LOCK_TIMEOUT
05-04 20:27:51.474 D/HomeViewModel(15629): loadHomeContent: Finished
05-04 20:27:51.602 I/Diag-Router( 1729): 	 log code b825 set
05-04 20:27:51.602 I/Diag-Router( 1729): diag: In diag_copy_dci senidng data 156 entry 0x0 buf 0x7ff3c42b90
05-04 20:27:51.604 D/MOT_DCI ( 5938): Parsed log output: {"code":47141,"slotId":0,"timestamp":1777906667121,"rrc_controller_state":"CONNECTED","connectivity_mode":"NSA","lte_band_list":[1,40],"nr5g_cell_#_active_cc":1,"nr5g_active_cc_list":[{"#":0,"cell_id":210,"dl_arfcn":630000,"ul_arfcn":630000,"band":78,"dl_carrier_bw":"100","ul_carrier_bw":"100"}]}
05-04 20:27:51.611 E/minksocket( 1727): MinkIPC_QRTR_Service: client with node 1 port 7a01 went down
05-04 20:27:51.612 E/minksocket( 1727): MinkIPC_QRTR_Service: client with node 1 port 7a02 went down
05-04 20:27:51.613 E/minksocket( 1727): MinkIPC_QRTR_Service: client with node 1 port 7a03 went down
05-04 20:27:51.615 E/minksocket( 1727): MinkIPC_QRTR_Service: client with node 1 port 7a04 went down
05-04 20:27:51.743 W/.musicpro.debug(15629): userfaultfd: MOVE ioctl seems unsupported: Connection timed out
05-04 20:27:51.745 I/NearbySharing(27765): Network state changed: NetworkState(isRestricted=false, isOnline=true, isCongested=false, isMetered=true, isWifiConnected=false)
05-04 20:27:52.249 I/QC2Comp ( 1830): [avcD_1124] Stats: Pending(9) i/p-done(5) Works: Q: 28/Done 20|Work-Rate: Q(0.0/s Avg=0.0/s) Done(0.000/s Avg=0.001/s)| Stream: 30.00fps 203.8Kbps
05-04 20:27:52.249 I/QC2Comp ( 1830): [avcD_1124] Mem-usage:  [In-1D: 6 bufs 17.930 MB] [1D-2226: 16 bufs 0.250 MB] [2D-2227: 20 bufs 28.438 MB] | Total: 46.617 MB
05-04 20:27:52.710 E/minksocket( 1727): MinkIPC_QRTR_Service: client with node 1 port 7a05 went down
05-04 20:27:52.711 E/minksocket( 1727): MinkIPC_QRTR_Service: client with node 1 port 7a06 went down
05-04 20:27:52.712 E/minksocket( 1727): MinkIPC_QRTR_Service: client with node 1 port 7a07 went down
05-04 20:27:52.714 E/minksocket( 1727): MinkIPC_QRTR_Service: client with node 1 port 7a08 went down
05-04 20:27:53.111 E/minksocket( 1727): MinkIPC_QRTR_Service: client with node 1 port 79fc went down
05-04 20:27:53.113 E/minksocket( 1727): MinkIPC_QRTR_Service: client with node 1 port 7a00 went down
05-04 20:27:53.443 D/PowerManagerService( 3064): nativeReleaseSuspendBlocker name:PowerManagerService.WakeLocks duration ms: 1
05-04 20:27:53.610 E/minksocket( 1727): MinkIPC_QRTR_Service: client with node 1 port 7a09 went down
05-04 20:27:53.611 E/minksocket( 1727): MinkIPC_QRTR_Service: client with node 1 port 7a0a went down
05-04 20:27:53.612 E/minksocket( 1727): MinkIPC_QRTR_Service: client with node 1 port 7a0b went down
05-04 20:27:53.614 E/minksocket( 1727): MinkIPC_QRTR_Service: client with node 1 port 7a0d went down
05-04 20:27:53.616 E/minksocket( 1727): MinkIPC_QRTR_Service: client with node 1 port 7a0e went down
05-04 20:27:53.618 E/minksocket( 1727): MinkIPC_QRTR_Service: client with node 1 port 7a0f went down
05-04 20:27:53.709 I/ThermalEngine(10311): Monitor:ACTIVE:FREEZE-CHG:freeze_rule=1:DETECT-STANDBY=1
05-04 20:27:53.710 I/ThermalEngine(10311): ACTION: freeze_rule - Setting freeze_rule to 1
05-04 20:27:53.710 I/ThermalEngine(10311): Monitor:ACTIVE:OVERRIDE-CHG:internal_override=1:DETECT-STANDBY=1
05-04 20:27:53.710 I/ThermalEngine(10311): Thermal-Server: Thermal received msg from  freezing
05-04 20:27:53.710 I/ThermalEngine(10311): ACTION: override_c - Setting override_c to 1
05-04 20:27:53.710 I/Thermal-Lib(10311): Thermal-Lib-Client: Client request sent
05-04 20:27:53.710 I/Thermal-Lib(10311): Thermal-Lib-Client: Client request sent
05-04 20:27:53.711 I/ThermalEngine(10311): Thermal-Server: Thermal received msg from  override_c
05-04 20:27:53.811 E/minksocket( 1727): MinkIPC_QRTR_Service: client with node 1 port 7a11 went down
05-04 20:27:53.812 E/minksocket( 1727): MinkIPC_QRTR_Service: client with node 1 port 7a12 went down
05-04 20:27:53.813 E/minksocket( 1727): MinkIPC_QRTR_Service: client with node 1 port 7a13 went down
05-04 20:27:53.814 E/minksocket( 1727): MinkIPC_QRTR_Service: client with node 1 port 7a14 went down
05-04 20:27:54.710 I/ThermalEngine(10311): ACTION: freeze_rule - Setting freeze_rule to 0
05-04 20:27:54.710 I/ThermalEngine(10311): Monitor:INACTIVE:FREEZE-CHG:freeze_rule=1:DETECT-STANDBY=0
05-04 20:27:54.710 I/ThermalEngine(10311): Thermal-Server: Thermal received msg from  freezing
05-04 20:27:54.710 I/Thermal-Lib(10311): Thermal-Lib-Client: Client request sent
05-04 20:27:54.710 I/ThermalEngine(10311): ACTION: override_c - Setting override_c to 0
05-04 20:27:54.711 I/ThermalEngine(10311): Monitor:INACTIVE:OVERRIDE-CHG:internal_override=1:DETECT-STANDBY=0
05-04 20:27:54.711 I/ThermalEngine(10311): Thermal-Server: Thermal received msg from  override_c
05-04 20:27:54.711 I/Thermal-Lib(10311): Thermal-Lib-Client: Client request sent
05-04 20:27:54.716 I/ThermalEngine(10311): Monitor:ACTIVE:MON-MSM-charge:battery=6:CHG-SENSORS=42600
05-04 20:27:54.832 D/PowerManagerService( 3064): nativeAcquireSuspendBlocker name:PowerManagerService.WakeLocks duration ms: 1
05-04 20:27:54.845 D/PowerManagerService( 3064): nativeReleaseSuspendBlocker name:PowerManagerService.WakeLocks duration ms: 0
05-04 20:27:54.846 I/QImsService( 4065): VtDataUsageProvider : onSetAlert:2097152
05-04 20:27:54.846 I/QImsService( 4065): ImsServiceClassTracker : updateAlertQuota:newQuota=2097152,Remaining=2097152
05-04 20:27:54.910 E/minksocket( 1727): MinkIPC_QRTR_Service: client with node 1 port 7a15 went down
05-04 20:27:54.911 E/minksocket( 1727): MinkIPC_QRTR_Service: client with node 1 port 7a16 went down
05-04 20:27:54.912 E/minksocket( 1727): MinkIPC_QRTR_Service: client with node 1 port 7a17 went down
05-04 20:27:54.915 E/minksocket( 1727): MinkIPC_QRTR_Service: client with node 1 port 7a18 went down
05-04 20:27:55.413 E/minksocket( 1727): MinkIPC_QRTR_Service: client with node 1 port 7a0c went down
05-04 20:27:55.414 E/minksocket( 1727): MinkIPC_QRTR_Service: client with node 1 port 7a10 went down
05-04 20:27:55.712 I/ThermalEngine(10311): Monitor:ACTIVE:FREEZE-CHG:freeze_rule=1:DETECT-STANDBY=1
05-04 20:27:55.712 I/ThermalEngine(10311): ACTION: freeze_rule - Setting freeze_rule to 1
05-04 20:27:55.713 I/ThermalEngine(10311): Monitor:ACTIVE:OVERRIDE-CHG:internal_override=1:DETECT-STANDBY=1
05-04 20:27:55.713 I/ThermalEngine(10311): Thermal-Server: Thermal received msg from  freezing
05-04 20:27:55.713 I/Thermal-Lib(10311): Thermal-Lib-Client: Client request sent
05-04 20:27:55.713 I/ThermalEngine(10311): ACTION: override_c - Setting override_c to 1
05-04 20:27:55.713 I/Thermal-Lib(10311): Thermal-Lib-Client: Client request sent
05-04 20:27:55.715 I/ThermalEngine(10311): Thermal-Server: Thermal received msg from  override_c
05-04 20:27:55.819 D/ProfileInstaller(15629): Installing profile for com.deepeye.musicpro.debug
05-04 20:27:56.014 E/minksocket( 1727): MinkIPC_QRTR_Service: client with node 1 port 7a19 went down
05-04 20:27:56.015 E/minksocket( 1727): MinkIPC_QRTR_Service: client with node 1 port 7a1a went down
05-04 20:27:56.017 E/minksocket( 1727): MinkIPC_QRTR_Service: client with node 1 port 7a1b went down
05-04 20:27:56.021 E/minksocket( 1727): MinkIPC_QRTR_Service: client with node 1 port 7a1c went down
05-04 20:27:56.113 D/StatusBarIconController( 3827): ignoring old pipeline callbacks, because the new mobile icons are enabled
05-04 20:27:56.113 D/PowerManagerService( 3064): nativeAcquireSuspendBlocker name:PowerManagerService.WakeLocks duration ms: 1
05-04 20:27:56.118 D/TelephonyManager( 4128): requestModemActivityInfo: Sending result to app: ModemActivityInfo{ mTimestamp=1305338084 mSleepTimeMs=1010953335 mIdleTimeMs=11106847 mActivityStatsTechSpecificInfo=[{mRat=UNKNOWN,mFrequencyRange=UNKNOWN,mTxTimeMs[]=[4280216, 2960113, 2914237, 3532286, 3466692],mRxTimeMs=266114053}]}
05-04 20:27:56.119 D/PowerManagerService( 3064): nativeReleaseSuspendBlocker name:PowerManagerService.WakeLocks duration ms: 0
05-04 20:27:56.121 D/EnhancedConnectivityController( 3064): Default net onCapabilitiesChanged
05-04 20:27:56.121 D/EnhancedConnectivityController( 3064): updateDefaultNet:650
05-04 20:27:56.123 D/QCNEJ/WwanInfoRelay( 4043): onCapabilitiesChanged: 650 [ Transports: CELLULAR Capabilities: SUPL&FOTA&INTERNET&NOT_RESTRICTED&TRUSTED&NOT_VPN&VALIDATED&NOT_ROAMING&FOREGROUND&NOT_CONGESTED&NOT_SUSPENDED&NOT_VCN_MANAGED LinkUpBandwidth>=34933Kbps LinkDnBandwidth>=81287Kbps Specifier: <TelephonyNetworkSpecifier [mSubId = 1]> SubscriptionIds: {1} UnderlyingNetworks: Null]
05-04 20:27:56.124 I/ModemStats( 5998): [DataStallDetectService] onCapabilitiesChanged networkCapabilities=[ Transports: CELLULAR Capabilities: SUPL&FOTA&INTERNET&NOT_RESTRICTED&TRUSTED&NOT_VPN&VALIDATED&NOT_ROAMING&FOREGROUND&NOT_CONGESTED&NOT_SUSPENDED&NOT_VCN_MANAGED LinkUpBandwidth>=34933Kbps LinkDnBandwidth>=81287Kbps Specifier: <TelephonyNetworkSpecifier [mSubId = 1]> SubscriptionIds: {1} UnderlyingNetworks: Null]
05-04 20:27:56.124 I/ModemStats( 5998): [DataStallDetectService] onCapabilitiesChanged NET_CAPABILITY_VALIDATED=true
05-04 20:27:56.124 I/ModemStats( 5998): [DataStallDetectService] onCapabilitiesChanged mDataStallManager.mDataStallInstance=null
05-04 20:27:56.124 I/ModemStats( 5998): [DataStallDetectService] onCapabilitiesChanged mDataStallSmart5gManager.mDataStallInstance=null
05-04 20:27:56.124 I/QCNEJ/WwanInfoRelay( 4043): cacheWwanInfo subId = 1 phoneId = 0 slotId = 0
05-04 20:27:56.124 D/QCNEJ/NativeHalConnector( 4043): -> SND notifyDefaultNetworkChanged(0)
05-04 20:27:56.630 I/NearbySharing(27765): Network state changed: NetworkState(isRestricted=false, isOnline=true, isCongested=false, isMetered=true, isWifiConnected=false)
05-04 20:27:56.950 E/minksocket( 1727): MinkIPC_QRTR_Service: client with node 1 port 7a1d went down
05-04 20:27:56.951 E/minksocket( 1727): MinkIPC_QRTR_Service: client with node 1 port 7a1e went down
05-04 20:27:56.952 E/minksocket( 1727): MinkIPC_QRTR_Service: client with node 1 port 7a1f went down
05-04 20:27:56.954 E/minksocket( 1727): MinkIPC_QRTR_Service: client with node 1 port 7a21 went down
05-04 20:27:56.956 E/minksocket( 1727): MinkIPC_QRTR_Service: client with node 1 port 7a22 went down
05-04 20:27:56.958 E/minksocket( 1727): MinkIPC_QRTR_Service: client with node 1 port 7a23 went down
05-04 20:27:57.114 D/StatusBarIconController( 3827): ignoring old pipeline callbacks, because the new mobile icons are enabled
05-04 20:27:57.250 I/QC2Comp ( 1830): [avcD_1124] Stats: Pending(9) i/p-done(5) Works: Q: 28/Done 20|Work-Rate: Q(0.0/s Avg=0.0/s) Done(0.000/s Avg=0.001/s)| Stream: 30.00fps 203.8Kbps
05-04 20:27:57.250 I/QC2Comp ( 1830): [avcD_1124] Mem-usage:  [In-1D: 6 bufs 17.930 MB] [1D-2226: 16 bufs 0.250 MB] [2D-2227: 20 bufs 28.438 MB] | Total: 46.617 MB
05-04 20:27:57.552 E/minksocket( 1727): MinkIPC_QRTR_Service: client with node 1 port 7a25 went down
05-04 20:27:57.553 E/minksocket( 1727): MinkIPC_QRTR_Service: client with node 1 port 7a26 went down
05-04 20:27:57.554 E/minksocket( 1727): MinkIPC_QRTR_Service: client with node 1 port 7a27 went down
05-04 20:27:57.556 E/minksocket( 1727): MinkIPC_QRTR_Service: client with node 1 port 7a28 went down
05-04 20:27:57.953 E/minksocket( 1727): MinkIPC_QRTR_Service: client with node 1 port 7a20 went down
05-04 20:27:57.954 E/minksocket( 1727): MinkIPC_QRTR_Service: client with node 1 port 7a24 went down
05-04 20:27:58.118 D/StatusBarIconController( 3827): ignoring old pipeline callbacks, because the new mobile icons are enabled
05-04 20:27:58.652 E/minksocket( 1727): MinkIPC_QRTR_Service: client with node 1 port 7a29 went down
05-04 20:27:58.653 E/minksocket( 1727): MinkIPC_QRTR_Service: client with node 1 port 7a2a went down
05-04 20:27:58.654 E/minksocket( 1727): MinkIPC_QRTR_Service: client with node 1 port 7a2b went down
05-04 20:27:58.656 E/minksocket( 1727): MinkIPC_QRTR_Service: client with node 1 port 7a2c went down
05-04 20:27:58.807 I/NearbyMediums(27765): No BLE Fast/GATT advertisements found in the latest cycle.
05-04 20:27:58.807 I/NearbyMediums(27765): Current Tracked Scanning Clients are : {NearbyConnections.EnvironmentMonitor, NearbySharing, NearbyConnections.TxAdvertisement}
05-04 20:28:00.006 D/PowerManagerService( 3064): nativeAcquireSuspendBlocker name:PowerManagerService.WakeLocks duration ms: 2
05-04 20:28:00.006 D/PowerManagerService( 3064): nativeReleaseSuspendBlocker name:PowerManagerService.WakeLocks duration ms: 1
05-04 20:28:00.022 I/FolioManager( 3827): Doze enabled: true
05-04 20:28:00.022 D/FolioManager( 3827): Use SystemUI folio UI.  isAodComponentEmpty: true  isADEnabled: true
05-04 20:28:00.022 D/FolioManager( 3827): updateTime
05-04 20:28:00.180 I/keystore2( 1336): system/security/keystore2/src/watchdog.rs:319 - Watchdog thread idle -> terminating. Have a great day.
05-04 20:28:00.564 W/ProcessStats( 3064): Tracking association SourceState{c590abc com.deepeye.musicpro.debug/10502 BTop #2043565} whose proc state 2 is better than process ProcessState{bf547ef com.google.android.gms.persistent/10192 pkg=com.google.android.gms} proc state 3 (65 skipped)
05-04 20:28:00.748 I/vendor.qti.bluetooth@1.0-ibs_handler( 1737): ProcessIbsCmd: Received IBS_WAKE_IND: 0xFD
05-04 20:28:00.748 D/vendor.qti.bluetooth@1.0-ibs_handler( 1737): SerialClockVote: vote for UART CLK ON
05-04 20:28:00.748 D/vendor.qti.bluetooth@1.0-wake_lock( 1737): Acquire wakelock is acquired 
05-04 20:28:00.748 I/vendor.qti.bluetooth@1.0-ibs_handler( 1737): ProcessIbsCmd: Writing IBS_WAKE_ACK
05-04 20:28:00.750 I/bt_stack( 7916): [INFO:btm_ble_gap.cc(3287)] btm_ble_process_adv_pkt_cont Data Complete 05:f8:f5:30:29:c6
05-04 20:28:00.750 D/bt_btm_ble( 7916): bool parse_adv_audio_uuids_from_adv_pkt(const uint8_t *, size_t, uint8_t): tmap_cap_pts: false
05-04 20:28:00.754 I/NearbyMediums(27765): This GATT advertisement BleAdvertisement { version=2, socketVersion=2, isFast=true, serviceIdHash=null, data=[ 0x23 0x56 0x33 0x48 0x53 0x11 0x32 0xa7 0x49 0x87 0x71 0x77 0x33 0xbd 0xb1 0x4b 0xcb 0xe4 0xe7 0x30 0x5b 0xa8 0xda ], deviceToken=[ 0x3e 0x82 ], rxAdvertisement=null } is a Fast Advertisement and matched UUID 0000fef3-0000-1000-8000-00805f9b34fb in fastAdvertisementServiceUuids map with serviceID NearbySharing
05-04 20:28:00.754 I/NearbyConnections(27765): Found BleAdvertisement [ 0x23 0x56 0x33 0x48 0x53 0x11 0x32 0xa7 0x49 0x87 0x71 0x77 0x33 0xbd 0xb1 0x4b 0xcb 0xe4 0xe7 0x30 0x5b 0xa8 0xda ] (with EndpointId V3HS and EndpointInfo [ 0x32 0xa7 0x49 0x87 0x71 0x77 0x33 0xbd 0xb1 0x4b 0xcb 0xe4 0xe7 0x30 0x5b 0xa8 0xda ])
05-04 20:28:00.757 I/NearbyConnections(27765): ClientProxy(214472614 0p:com.google.android.gms.nearby.sharing) reporting onEndpointFound(V3HS)
05-04 20:28:00.757 I/NearbyConnections(27765): ClientProxy(214472614) reporting onEndpointDistanceChanged(V3HS, UNKNOWN)
05-04 20:28:00.758 I/NearbySharing(27765): NearbySharing Internal event EndpointDiscovered(endpointId=V3HS)
05-04 20:28:00.789 I/vendor.qti.bluetooth@1.0-ibs_handler( 1737): ProcessIbsCmd: Received IBS_SLEEP_IND: 0xFE
05-04 20:28:00.789 D/vendor.qti.bluetooth@1.0-ibs_handler( 1737): SerialClockVote: vote for UART CLK OFF
05-04 20:28:00.941 D/vendor.qti.bluetooth@1.0-wake_lock( 1737): Release wakelock is released 
05-04 20:28:01.270 D/ActivityManager( 3064): freezing 9276 com.google.android.cellbroadcastreceiver, reason = oom_cached
05-04 20:28:02.250 I/QC2Comp ( 1830): [avcD_1124] Stats: Pending(9) i/p-done(5) Works: Q: 28/Done 20|Work-Rate: Q(0.0/s Avg=0.0/s) Done(0.000/s Avg=0.001/s)| Stream: 30.00fps 203.8Kbps
05-04 20:28:02.250 I/QC2Comp ( 1830): [avcD_1124] Mem-usage:  [In-1D: 6 bufs 17.930 MB] [1D-2226: 16 bufs 0.250 MB] [2D-2227: 20 bufs 28.438 MB] | Total: 46.617 MB
05-04 20:28:02.507 I/qcc-trd ( 2464): qdmaConnectivityInfoProvider: Into parseLTESysInfo()
05-04 20:28:02.512 D/PowerManagerService( 3064): nativeAcquireSuspendBlocker name:PowerManagerService.WakeLocks duration ms: 1
05-04 20:28:02.516 E/RIL-MOTEXT( 2410): qcrilUpdRegRAT, called , rat =7
05-04 20:28:02.517 D/CBR_SystemUI( 3827): CarrierLabel - : updateLabel cellMsg:  cellEnabled: true
05-04 20:28:02.517 D/CBR_SystemUI( 3827): CarrierLabel - : updateLabel mCellBroadcastMessage Visibility: 8
05-04 20:28:02.517 D/CBR_SystemUI( 3827): CarrierLabel - : updateLabel cellMsg:  cellEnabled: true
05-04 20:28:02.517 D/CBR_SystemUI( 3827): CarrierLabel - : updateLabel mCellBroadcastMessage Visibility: 8
05-04 20:28:02.517 D/StatusBarIconController( 3827): ignoring old pipeline callbacks, because the new mobile icons are enabled
05-04 20:28:02.518 W/IWlanNetworkService( 4043): 102529 > Response Processed
05-04 20:28:02.525 I/QImsService( 4065): ImsRadioIndicationAidl : onServiceDomainChanged()[SUB0]
05-04 20:28:02.525 I/QImsService( 4065): ImsSenderRxr : [UNSL]< UNSOL_SERVICE_DOMAIN_CHANGED 3[SUB0]
05-04 20:28:02.525 I/QImsService( 4065): ImsRegistrationController : Message received: what = 5
05-04 20:28:02.525 I/QImsService( 4065): ImsRegistrationController : handleSrvDomainChanged
05-04 20:28:02.526 I/QcrilOemhookMsgTunnel( 4048): [0]processOemHookIndication length=16
05-04 20:28:02.526 D/QcrilMsgTunnelIfaceManager( 4048): handleMessage what = 5
05-04 20:28:02.528 W/IWlanNetworkService( 4043): 102530 > Response Processed
05-04 20:28:02.529 I/QcrilOemhookMsgTunnel( 4048): [0]processOemHookIndication length=33
05-04 20:28:02.530 D/QcrilMsgTunnelIfaceManager( 4048): handleMessage what = 5
05-04 20:28:02.530 I/QcrilOemhookMsgTunnel( 4048): [0]processOemHookIndication length=12
05-04 20:28:02.530 D/QcrilMsgTunnelIfaceManager( 4048): handleMessage what = 5
05-04 20:28:02.534 W/IWlanNetworkService( 4043): 102531 > Response Processed
05-04 20:28:02.537 E/RIL-MOTEXT( 2410): qcrilUpdateOperator, called
05-04 20:28:02.549 D/QtiRadioAidl( 4048): onNrIconTypeChange: slotId = 0NrIconType = 1
05-04 20:28:02.549 D/QtiRadioProxy( 4048): onNrIconType slotId = 0 NrIconType = NrIconType: 1
05-04 20:28:02.549 D/QtiRadioProxyHandler: ( 4048): handleMessage msg.what = 1
05-04 20:28:02.549 D/QtiRadioProxyHandler: ( 4048): EVENT_ON_NR_ICON_TYPE
05-04 20:28:02.549 D/ExtTelephonyServiceImpl( 4048): Retrieved callbacks for event = 20 list = [com.qti.extphone.IExtPhoneCallback$Stub$Proxy@69c6756]
05-04 20:28:02.549 D/QtiRadioProxy( 4048): onNrIconType: Responding back for transaction = null
05-04 20:28:02.553 I/QcrilOemhookMsgTunnel( 4048): [0]processOemHookIndication length=21
05-04 20:28:02.553 D/QcrilMsgTunnelIfaceManager( 4048): handleMessage what = 0
05-04 20:28:02.556 D/StatusBarIconController( 3827): ignoring old pipeline callbacks, because the new mobile icons are enabled
05-04 20:28:02.556 D/QC_RIL_OEM_HOOK( 4048): Received Broadcast Intent ACTION_UNSOL_RESPONSE_OEM_HOOK_RAW
05-04 20:28:02.557 D/QC_RIL_OEM_HOOK( 4048): Oem ID in QCRILHOOK UNSOL RESP is QOEMHOOK
05-04 20:28:02.558 I/QcrilOemhookMsgTunnel( 4048): [0]processOemHookIndication length=13
05-04 20:28:02.558 D/QcrilMsgTunnelIfaceManager( 4048): handleMessage what = 5
05-04 20:28:02.560 D/GlobalActionsDialogLite( 3827): Service changed before actions created
05-04 20:28:02.560 D/GlobalActionsDialogLite( 3827): Service changed before actions created
05-04 20:28:02.560 I/QcrilOemhookMsgTunnel( 4048): [0]processOemHookIndication length=16
05-04 20:28:02.560 D/QcrilMsgTunnelIfaceManager( 4048): handleMessage what = 5
05-04 20:28:02.562 D/CBR_SystemUI( 3827): CarrierLabel - : updateLabel cellMsg:  cellEnabled: true
05-04 20:28:02.562 D/CBR_SystemUI( 3827): CarrierLabel - : updateLabel mCellBroadcastMessage Visibility: 8
05-04 20:28:02.562 D/CBR_SystemUI( 3827): CarrierLabel - : updateLabel cellMsg:  cellEnabled: true
05-04 20:28:02.562 D/CBR_SystemUI( 3827): CarrierLabel - : updateLabel mCellBroadcastMessage Visibility: 8
05-04 20:28:02.563 W/ContextImpl( 3064): Calling a method in the system process without a qualified user: android.app.ContextImpl.sendBroadcastMultiplePermissions:1281 android.content.Context.sendBroadcastMultiplePermissions:2476 com.android.server.TelephonyRegistry.broadcastServiceStateChanged:3597 com.android.server.TelephonyRegistry.notifyServiceStateForPhoneId:1734 com.android.internal.telephony.ITelephonyRegistry$Stub.onTransact:550 
05-04 20:28:02.563 D/HeadsetPhoneState( 7916): Enter onServiceStateChanged
05-04 20:28:02.563 W/ContextImpl( 3064): Calling a method in the system process without a qualified user: android.app.ContextImpl.sendBroadcastMultiplePermissions:1314 com.android.server.TelephonyRegistry.broadcastServiceStateChanged:3602 com.android.server.TelephonyRegistry.notifyServiceStateForPhoneId:1734 com.android.internal.telephony.ITelephonyRegistry$Stub.onTransact:550 android.os.Binder.execTransactInternal:1380 
05-04 20:28:02.564 W/ContextImpl( 3064): Calling a method in the system process without a qualified user: android.app.ContextImpl.sendBroadcastMultiplePermissions:1314 com.android.server.TelephonyRegistry.broadcastServiceStateChanged:3611 com.android.server.TelephonyRegistry.notifyServiceStateForPhoneId:1734 com.android.internal.telephony.ITelephonyRegistry$Stub.onTransact:550 android.os.Binder.execTransactInternal:1380 
05-04 20:28:02.564 D/StatusBarIconController( 3827): ignoring old pipeline callbacks, because the new mobile icons are enabled
05-04 20:28:02.564 W/ContextImpl( 3064): Calling a method in the system process without a qualified user: android.app.ContextImpl.sendBroadcastMultiplePermissions:1314 com.android.server.TelephonyRegistry.broadcastServiceStateChanged:3617 com.android.server.TelephonyRegistry.notifyServiceStateForPhoneId:1734 com.android.internal.telephony.ITelephonyRegistry$Stub.onTransact:550 android.os.Binder.execTransactInternal:1380 
05-04 20:28:02.565 D/ActivityManager( 3064): unfreezing ProcessRecord{1cb6b85 9276:com.google.android.cellbroadcastreceiver/u0a367}, reason = unfreezeTemporarily, adj = 925, adjType = cch-empty, adjSource = null
05-04 20:28:02.565 D/ActivityManager( 3064): sync unfroze 9276 com.google.android.cellbroadcastreceiver for 3
05-04 20:28:02.566 E/RIL-MOTEXT( 2410): qcrilUpdateOperator, called
05-04 20:28:02.567 D/QC_RIL_OEM_HOOK( 4128): Received Broadcast Intent ACTION_UNSOL_RESPONSE_OEM_HOOK_RAW
05-04 20:28:02.567 D/QC_RIL_OEM_HOOK( 4128): Oem ID in QCRILHOOK UNSOL RESP is QOEMHOOK
05-04 20:28:02.567 D/QC_RIL_OEM_HOOK( 4128): Received Broadcast Intent ACTION_UNSOL_RESPONSE_OEM_HOOK_RAW
05-04 20:28:02.567 D/QC_RIL_OEM_HOOK( 4128): Oem ID in QCRILHOOK UNSOL RESP is QOEMHOOK
05-04 20:28:02.567 D/CellBroadcastReceiver( 9276): onReceive Intent { act=android.intent.action.SERVICE_STATE flg=0x1000010 cmp=com.google.android.cellbroadcastreceiver/com.android.cellbroadcastreceiver.CellBroadcastReceiver (has extras) }
05-04 20:28:02.568 W/IWlanNetworkService( 4043): 102533 > Response Processed
05-04 20:28:02.570 D/Telephony( 4128): TelecomAccountTelephonyCallback: onServiceStateChanged called.
05-04 20:28:02.570 I/Telephony( 4128): TelecomAccountTelephonyCallback: onServiceStateChanged: newState=0, mServiceState=0
05-04 20:28:02.571 D/CellBroadcastReceiver( 9276): onServiceStateChanged, ss: 0
05-04 20:28:02.571 D/CellBroadcastReceiver( 9276): networkOperator: 40410
05-04 20:28:02.571 D/CellBroadcastReceiver( 9276): update supported roaming operator as 
05-04 20:28:02.573 I/Telephony( 4128): AccountEntry: isRttCurrentlySupported -- regular acct, hasVoiceAvailability: true
05-04 20:28:02.573 I/Telephony( 4128):  isRttSupported: false
05-04 20:28:02.573 I/Telephony( 4128):  alwaysAllowWhileRoaming: false
05-04 20:28:02.573 I/Telephony( 4128):  isRoaming: false
05-04 20:28:02.573 I/Telephony( 4128):  isOnWfc: false
05-04 20:28:02.574 I/Telephony( 4128): VoiceActivationHandler: Service state is IN_SERVICE. Set voice activation state to ACTIVATED
05-04 20:28:02.579 I/ModemStats( 5998): [DataStallDetectService] onCapabilitiesChanged networkCapabilities=[ Transports: CELLULAR Capabilities: SUPL&FOTA&INTERNET&NOT_RESTRICTED&TRUSTED&NOT_VPN&VALIDATED&NOT_ROAMING&FOREGROUND&NOT_CONGESTED&NOT_SUSPENDED&NOT_VCN_MANAGED LinkUpBandwidth>=10812Kbps LinkDnBandwidth>=40410Kbps Specifier: <TelephonyNetworkSpecifier [mSubId = 1]> SubscriptionIds: {1} UnderlyingNetworks: Null]
05-04 20:28:02.579 D/QCNEJ/WwanInfoRelay( 4043): onCapabilitiesChanged: 650 [ Transports: CELLULAR Capabilities: SUPL&FOTA&INTERNET&NOT_RESTRICTED&TRUSTED&NOT_VPN&VALIDATED&NOT_ROAMING&FOREGROUND&NOT_CONGESTED&NOT_SUSPENDED&NOT_VCN_MANAGED LinkUpBandwidth>=10812Kbps LinkDnBandwidth>=40410Kbps Specifier: <TelephonyNetworkSpecifier [mSubId = 1]> SubscriptionIds: {1} UnderlyingNetworks: Null]
05-04 20:28:02.579 I/ModemStats( 5998): [DataStallDetectService] onCapabilitiesChanged NET_CAPABILITY_VALIDATED=true
05-04 20:28:02.579 I/ModemStats( 5998): [DataStallDetectService] onCapabilitiesChanged mDataStallManager.mDataStallInstance=null
05-04 20:28:02.579 I/ModemStats( 5998): [DataStallDetectService] onCapabilitiesChanged mDataStallSmart5gManager.mDataStallInstance=null
05-04 20:28:02.579 I/QCNEJ/WwanInfoRelay( 4043): cacheWwanInfo subId = 1 phoneId = 0 slotId = 0
05-04 20:28:02.579 D/EnhancedConnectivityController( 3064): Default net onCapabilitiesChanged
05-04 20:28:02.579 D/EnhancedConnectivityController( 3064): updateDefaultNet:650
05-04 20:28:02.584 D/QCNEJ/NativeHalConnector( 4043): -> SND notifyDefaultNetworkChanged(0)
05-04 20:28:02.756 W/IWlanProxy( 4043): RESP_WAKE_LOCK_TIMEOUT
05-04 20:28:02.759 D/PowerManagerService( 3064): nativeReleaseSuspendBlocker name:PowerManagerService.WakeLocks duration ms: 0
05-04 20:28:03.083 I/NearbySharing(27765): Network state changed: NetworkState(isRestricted=false, isOnline=true, isCongested=false, isMetered=true, isWifiConnected=false)
05-04 20:28:03.828 I/Diag-Router( 1729): 	 log code b825 set
05-04 20:28:03.828 I/Diag-Router( 1729): diag: In diag_copy_dci senidng data 111 entry 0x0 buf 0x7ff3c42b90
05-04 20:28:03.831 D/MOT_DCI ( 5938): Parsed log output: {"code":47141,"slotId":0,"timestamp":1777906678461,"rrc_controller_state":"IDLE","connectivity_mode":"NSA","lte_band_list":[1,40],"nr5g_cell_#_active_cc":0}
05-04 20:28:03.853 I/vendor.qti.bluetooth@1.0-ibs_handler( 1737): ProcessIbsCmd: Received IBS_WAKE_IND: 0xFD
05-04 20:28:03.853 D/vendor.qti.bluetooth@1.0-ibs_handler( 1737): SerialClockVote: vote for UART CLK ON
05-04 20:28:03.853 D/vendor.qti.bluetooth@1.0-wake_lock( 1737): Acquire wakelock is acquired 
05-04 20:28:03.853 I/vendor.qti.bluetooth@1.0-ibs_handler( 1737): ProcessIbsCmd: Writing IBS_WAKE_ACK
05-04 20:28:03.854 I/bt_stack( 7916): [INFO:btm_ble_gap.cc(3287)] btm_ble_process_adv_pkt_cont Data Complete 05:f8:f5:30:29:c6
05-04 20:28:03.854 D/bt_btm_ble( 7916): bool parse_adv_audio_uuids_from_adv_pkt(const uint8_t *, size_t, uint8_t): tmap_cap_pts: false
05-04 20:28:03.893 I/vendor.qti.bluetooth@1.0-ibs_handler( 1737): ProcessIbsCmd: Received IBS_SLEEP_IND: 0xFE
05-04 20:28:03.893 D/vendor.qti.bluetooth@1.0-ibs_handler( 1737): SerialClockVote: vote for UART CLK OFF
05-04 20:28:04.044 D/vendor.qti.bluetooth@1.0-wake_lock( 1737): Release wakelock is released 
