--------- beginning of main
05-04 18:07:20.750  3827  3827 D ControlsListingControllerImpl: ServiceConfig reloaded, count: 2
05-04 18:07:20.752  3064  3064 D AppSearchAppsIndexerManagerS: userid in package receiver: 10502
05-04 18:07:20.753  1587  1587 D Zygote  : Forked child process 26370
--------- beginning of system
05-04 18:07:20.753  3064  3380 I ActivityManager: Start proc 26370:com.google.android.apps.wellbeing/u0a223 for content provider {com.google.android.apps.wellbeing/com.google.android.apps.wellbeing.api.impl.WellbeingSettingsProvider}
05-04 18:07:20.756  3064  3791 I SdkSandboxManager: No SDKs used. Skipping SDK data reconcilation for CallingInfo{mUid=10502, mPackageName='com.deepeye.musicpro.debug, mAppProcessToken='null'}
05-04 18:07:20.756  3064  3791 I SdkSandboxManager: No SDKs used. Skipping SDK data reconcilation for CallingInfo{mUid=10502, mPackageName='com.deepeye.musicpro.debug, mAppProcessToken='null'}
05-04 18:07:20.763 26370 26370 I .apps.wellbeing: Using CollectorTypeCMC GC.
05-04 18:07:20.767 26370 26370 D nativeloader: Load libframework-connectivity-tiramisu-jni.so using APEX ns com_android_tethering for caller /apex/com.android.tethering/javalib/framework-connectivity-t.jar: ok
05-04 18:07:20.771  1798  2035 E ANDR-PERF-LM: FeatureState: deleteRow() 208: Entry not found in db
05-04 18:07:20.772  3064  5853 D CompatibilityChangeReporter: Compat change id reported: 168419799; UID 10223; state: DISABLED
05-04 18:07:20.772  3064  5853 D CompatibilityChangeReporter: Compat change id reported: 273564678; UID 10223; state: DISABLED
05-04 18:07:20.772 26112 26112 I SafetyLabelChangedBroadcastReceiver: received broadcast packageName: com.deepeye.musicpro.debug, current user: UserHandle{0}, packageChangeEvent: UPDATE, intent user: UserHandle{0}
05-04 18:07:20.773  3064  3477 D CompatibilityChangeReporter: Compat change id reported: 265195908; UID 10223; state: ENABLED
05-04 18:07:20.775  5871 12972 W SQLiteLog: (28) double-quoted string literal: "com.deepeye.musicpro.debug"
05-04 18:07:20.779 26370 26370 D CompatibilityChangeReporter: Compat change id reported: 171979766; UID 10223; state: ENABLED
05-04 18:07:20.779 26370 26370 D CompatibilityChangeReporter: Compat change id reported: 242716250; UID 10223; state: ENABLED
05-04 18:07:20.783  3064  4412 D CompatibilityChangeReporter: Compat change id reported: 170503758; UID 10223; state: ENABLED
05-04 18:07:20.795  4162  4162 D MotoSystemServer: mRemovedPackages add: com.deepeye.musicpro.debug
05-04 18:07:20.795  4162  4162 D MotoSystemServer: #1 mRemovedPackages remove: com.deepeye.musicpro.debug
05-04 18:07:20.795 17482 18179 I MotoDesktopLog: [ PluginUIController ] - queryShowUIPlugin() pkg com.deepeye.musicpro.debug
05-04 18:07:20.798  4162  4162 D MotoSystemServer: Finding service package:com.motorola.actions and service:com.motorola.actions.motoservice.MotoService
05-04 18:07:20.798  4162  4162 D MotoSystemServer: Finding service package:com.motorola.aiservices and service:com.motorola.mya.MayaManagerService
05-04 18:07:20.798  4162  4162 D MotoSystemServer: Finding service package:com.motorola.ccc.devicemanagement and service:com.motorola.ccc.devicemanagement.SystemServerBindService
05-04 18:07:20.798  4162  4162 D MotoSystemServer: package com.motorola.colorbook has no such kind of permission
05-04 18:07:20.799  4162  4162 D MotoSystemServer: Finding service package:com.motorola.discovery and service:com.motorola.discovery.bubble.service.BubbleHintService
05-04 18:07:20.799  4162  4162 D MotoSystemServer: Finding service package:com.motorola.dynamicvolume and service:com.motorola.dynamicvolume.service.DynamicVolumeService
05-04 18:07:20.799  4162  4162 D MotoSystemServer: Finding service package:com.motorola.gamemode and service:com.motorola.gamemode.GMPersistentService
05-04 18:07:20.799 20564 20601 I drbx    : (REDACTED) maybeUpdateCacheDataForAddedPackage %s
05-04 18:07:20.799  4162  4162 D MotoSystemServer: Finding service package:com.motorola.help and service:com.motorola.feedback.logrequest.service.LogCollectionService
05-04 18:07:20.800  4162  4162 D MotoSystemServer: Finding service package:com.motorola.leanbacklauncher and service:com.motorola.leanbacklauncher.MLLPersistentService
05-04 18:07:20.800  4162  4162 D MotoSystemServer: Finding service package:com.motorola.mobiledesktop.core and service:com.motorola.mobiledesktop.core.WakeupService
05-04 18:07:20.800  4162  4162 D MotoSystemServer: Finding service package:com.motorola.moto and service:com.motorola.mya.MayaManagerService
05-04 18:07:20.800  4162  4162 D MotoSystemServer: Finding service package:com.motorola.msimsettings and service:com.motorola.msimsettings.services.PersistentService
05-04 18:07:20.801  4162  4162 D MotoSystemServer: Finding service package:com.motorola.setupwizard.phoneservice and service:com.motorola.setupwizard.phoneservice.LivePhoneService
05-04 18:07:20.801  4162  4162 D MotoSystemServer: Finding service package:com.motorola.stylus and service:com.motorola.stylus.StylusService
05-04 18:07:20.801  4162  4162 D MotoSystemServer: Finding service package:com.motorola.timeweatherwidget and service:com.motorola.commandcenter.weather.KeepLiveService
05-04 18:07:20.802  4162  4162 D MotoSystemServer: Finding service package:com.motorola.vzw.settings.extensions and service:com.motorola.vzw.settings.extensions.unifiedsettings.ObserverService
05-04 18:07:20.802  4162  4162 D MotoSystemServer: Finding service package:com.thundercomm.ar.core and service:com.thundercomm.ar.core.PersistCoreService
05-04 18:07:20.802  4162  4162 D MotoSystemServer: Component ComponentInfo{com.motorola.leanbacklauncher/com.motorola.leanbacklauncher.MLLPersistentService} is Disabled
05-04 18:07:20.804  3064  4883 D CompatibilityChangeReporter: Compat change id reported: 261072174; UID 10192; state: ENABLED
05-04 18:07:20.804  4162  4162 D MotoSystemServer: package com.motorola.stylus disabled. Unschedule
05-04 18:07:20.804  3064  4883 D CompatibilityChangeReporter: Compat change id reported: 261072174; UID 10207; state: ENABLED
05-04 18:07:20.804  4162  4162 D MotoSystemServer: package com.motorola.vzw.settings.extensions disabled. Unschedule
05-04 18:07:20.805  4162  4162 D MotoSystemServer: Component ComponentInfo{com.motorola.moto/com.motorola.mya.MayaManagerService} is Disabled
05-04 18:07:20.806  4162  4162 D MotoSystemServer: Component ComponentInfo{com.motorola.dynamicvolume/com.motorola.dynamicvolume.service.DynamicVolumeService} is Disabled
05-04 18:07:20.806  4162  4162 D MotoSystemServer: package com.motorola.setupwizard.phoneservice disabled. Unschedule
05-04 18:07:20.808  4162  4162 D MotoSystemServer: Component ComponentInfo{com.motorola.discovery/com.motorola.discovery.bubble.service.BubbleHintService} is Disabled
05-04 18:07:20.811 26177 26177 I Finsky  : [2] AIM: AppInfoCacheUpdater -> invalidating apps: [com.deepeye.musicpro.debug]
05-04 18:07:20.812 26177 26177 I Finsky  : [2] AIM: AppInfoManager-Perf > Creating AppInfoManager ...
05-04 18:07:20.814 26177 26177 D CompatibilityChangeReporter: Compat change id reported: 263076149; UID 10207; state: ENABLED
05-04 18:07:20.826  3064  3458 W ActivityManager: Unable to start service Intent { act=com.motorola.intent.action.EXPERIENCE cmp=com.motorola.help/com.motorola.feedback.logrequest.service.LogCollectionService } U=0: not found
05-04 18:07:20.826 26177 26177 I Finsky  : [2] AIM: AppInfoManager-Perf > getApps > called for 1 apps
05-04 18:07:20.832 26177 26219 I Finsky  : [1155] AIM: AppInfoManager-Perf > OnDeviceAppInfo > cacheHitCount=0, cacheMissCount=1. Missed  in cache (limit 10) : [com.deepeye.musicpro.debug]
05-04 18:07:20.835 25890 25890 I Finsky:background: [2] ajjg - Received: android.intent.action.PACKAGE_ADDED, [eI_8S6XR7qS7-Zr5uq7-SP7vivZbJQsNeknI8h2PC10]
05-04 18:07:20.836 26177 26177 I Finsky  : [2] Resetting scheduler db
05-04 18:07:20.845 27765 26388 I ProximityAuth: [RecentAppsMediator] Package added: (user=UserHandle{0}) com.deepeye.musicpro.debug
05-04 18:07:20.847 14578 26383 I AppBackupStateCleanupIO: Backup state cleanup on uninstall is disabled. [CONTEXT service_id=229 ]
05-04 18:07:20.848 27765 26407 I Fitness : (REDACTED) FitCleanupIntentOperation received Intent %s
05-04 18:07:20.852 26177 26177 I Finsky  : [2] ajjr - Received: android.intent.action.PACKAGE_ADDED, [eI_8S6XR7qS7-Zr5uq7-SP7vivZbJQsNeknI8h2PC10]
05-04 18:07:20.860 26177 26177 I Finsky  : [2] AIM: AppInfoCacheUpdater -> invalidating apps: [com.deepeye.musicpro.debug]
05-04 18:07:20.860 25890 25890 I Finsky:background: [2] ajjg - Received: android.intent.action.PACKAGE_ADDED, [eI_8S6XR7qS7-Zr5uq7-SP7vivZbJQsNeknI8h2PC10]
05-04 18:07:20.861 26177 26177 I Finsky  : [2] AIM: AppInfoManager-Perf > getApps > called for 1 apps
05-04 18:07:20.861 14578 26410 I PackageInstalledIntentO: Test flag v2 is disabled [CONTEXT service_id=469 ]
05-04 18:07:20.864 26177 26220 I Finsky  : [1156] AIM: AppInfoManager-Perf > OnDeviceAppInfo > cacheHitCount=0, cacheMissCount=1. Missed  in cache (limit 10) : [com.deepeye.musicpro.debug]
05-04 18:07:20.867 25890 25890 I Finsky:background: [2] ajjg - Deduping intent android.intent.action.PACKAGE_ADDED
05-04 18:07:20.868 25890 25890 I Finsky:background: [2] ajjg - Received: android.intent.action.PACKAGE_ADDED, [eI_8S6XR7qS7-Zr5uq7-SP7vivZbJQsNeknI8h2PC10]
05-04 18:07:20.870 25890 26007 I Finsky:background: [1150] IQ:PSL: skipping onPackageRemoved(replacing=true) for untracked package=com.deepeye.musicpro.debug
05-04 18:07:20.870  3064  5853 D IntervalStats: Unable to parse usage stats packages: [395, 396, 398, 399, 400, 402, 403, 404, 405, 406, 407, 408, 409, 410, 411, 413, 414, 415, 416, 418, 419, 422, 425, 426, 427, 431, 434, 435, 436, 437, 438, 439, 440, 441, 442, 443, 445, 446, 447, 448, 449, 450, 451, 452, 453, 454, 455, 456, 457, 458, 460, 461, 462, 463, 465, 466, 467, 468, 469, 470, 471, 472, 473, 474, 476, 477, 478, 480, 481, 482, 484, 485, 486, 488, 489, 490, 491, 493, 494, 495, 512]
05-04 18:07:20.871  3064  5853 D IntervalStats: Unable to parse usage stats packages: [395, 396, 398, 399, 400, 402, 403, 404, 405, 406, 407, 408, 409, 410, 411, 413, 414, 415, 416, 418, 419, 422, 425, 426, 427, 431, 434, 435, 436, 437, 438, 439, 440, 441, 442, 443, 445, 446, 447, 448, 449, 450, 451, 452, 453, 454, 455, 456, 457, 458, 460, 461, 462, 463, 465, 466, 467, 468, 469, 470, 471, 472, 473, 474, 476, 477, 478, 480, 481, 482, 484, 485, 486, 488, 489, 490, 491, 493, 494, 495, 496, 497, 498, 500, 501, 502, 503]
05-04 18:07:20.873 26370 26370 W .apps.wellbeing: Failed to find entry 'classes.dex': Entry not found
05-04 18:07:20.873 25890 25890 I Finsky:background: [2] ajjg - Deduping intent android.intent.action.PACKAGE_ADDED
05-04 18:07:20.873 25890 26033 I Finsky:background: [1164] RECEIVER_PACKAGE_MONITOR_BACKGROUND#logWorkEndAndFinishGoAsync: SUCCESS
05-04 18:07:20.878 25890 25899 W ding:background: userfaultfd: MOVE ioctl seems unsupported: Connection timed out
05-04 18:07:20.878  3064  5990 D IntervalStats: Unable to parse usage stats packages: [395, 396, 398, 399, 400, 402, 403, 404, 405, 406, 407, 408, 409, 410, 411, 413, 414, 415, 416, 418, 419, 422, 425, 426, 427, 431, 434, 435, 436, 437, 438, 439, 440, 441, 442, 443, 445, 446, 447, 448, 449, 450, 451, 452, 453, 454, 455, 456, 457, 458, 460, 461, 462, 463, 465, 466, 467, 468, 469, 470, 471, 472, 473, 474, 476, 477, 478, 480, 481, 482, 484, 485, 486, 488, 489, 490, 491, 493, 494, 495, 512]
05-04 18:07:20.880  3064  5990 D IntervalStats: Unable to parse usage stats packages: [395, 396, 398, 399, 400, 402, 403, 404, 405, 406, 407, 408, 409, 410, 411, 413, 414, 415, 416, 418, 419, 422, 425, 426, 427, 431, 434, 435, 436, 437, 438, 439, 440, 441, 442, 443, 445, 446, 447, 448, 449, 450, 451, 452, 453, 454, 455, 456, 457, 458, 460, 461, 462, 463, 465, 466, 467, 468, 469, 470, 471, 472, 473, 474, 476, 477, 478, 480, 481, 482, 484, 485, 486, 488, 489, 490, 491, 493, 494, 495, 496, 497, 498, 500, 501, 502, 503]
05-04 18:07:20.882 26370 26370 D nativeloader: Configuring clns-4 for other apk /data/app/~~4oeEi6rgXU1bx2whS5SC1Q==/com.google.android.apps.wellbeing-JubEyef5-fg7yk5hnZWOVQ==/base.apk:/data/app/~~4oeEi6rgXU1bx2whS5SC1Q==/com.google.android.apps.wellbeing-JubEyef5-fg7yk5hnZWOVQ==/split_config.xxhdpi.apk. target_sdk_version=36, uses_libraries=, library_path=/data/app/~~4oeEi6rgXU1bx2whS5SC1Q==/com.google.android.apps.wellbeing-JubEyef5-fg7yk5hnZWOVQ==/lib/arm64:/data/app/~~4oeEi6rgXU1bx2whS5SC1Q==/com.google.android.apps.wellbeing-JubEyef5-fg7yk5hnZWOVQ==/base.apk!/lib/arm64-v8a:/data/app/~~4oeEi6rgXU1bx2whS5SC1Q==/com.google.android.apps.wellbeing-JubEyef5-fg7yk5hnZWOVQ==/split_config.xxhdpi.apk!/lib/arm64-v8a, permitted_path=/data:/mnt/expand:/data/user/0/com.google.android.apps.wellbeing
05-04 18:07:20.883 25890 26390 I Finsky:background: [1190] Wrote row to frosting DB: 11907
05-04 18:07:20.885 25890 25899 I ding:background: Background concurrent mark compact GC freed 32MB AllocSpace bytes, 24(1348KB) LOS objects, 83% free, 4867KB/28MB, paused 897us,1.748ms total 149.566ms
05-04 18:07:20.886 25890 26390 I Finsky:background: [1190] Wrote row to frosting DB: 11908
05-04 18:07:20.891  1798  2035 E ANDR-PERF-LM: MetaMeter: handleAsync() 166: AdaptLaunch Invalid Async
05-04 18:07:20.893 26177 26222 I Finsky  : [1158] AIM: AppInfoManager-Perf > OnDeviceAppInfo > cacheHitCount=1, cacheMissCount=0. Missed  in cache (limit 10) : []
05-04 18:07:20.894 26177 26219 I Finsky  : [1155] SCH: Scheduling phonesky job Id: 1-1337, CT: 1777885233358, Constraints: [{ L: 43002871, D: 86202871, C: CHARGING_NONE, I: IDLE_NONE, N: NET_ANY, B: BATTERY_ANY }]
05-04 18:07:20.894 26177 26219 I Finsky  : [1155] SCH: Scheduling phonesky job Id: 26-1414141414, CT: 1777869442050, Constraints: [{ L: 43199999, D: 44099999, C: CHARGING_NONE, I: IDLE_NONE, N: NET_NONE, B: BATTERY_ANY }]
05-04 18:07:20.894 26177 26219 I Finsky  : [1155] SCH: Scheduling phonesky job Id: 34-1554, CT: 1777841887547, Constraints: [{ L: 604800000, D: 2587360940, C: CHARGING_NONE, I: IDLE_NONE, N: NET_ANY, B: BATTERY_ANY }]
05-04 18:07:20.894 26177 26219 I Finsky  : [1155] SCH: Scheduling phonesky job Id: 34-1555, CT: 1777841887547, Constraints: [{ L: 49824905, D: 1345824905, C: CHARGING_REQUIRED, I: IDLE_REQUIRED, N: NET_ANY, B: BATTERY_ANY }, { L: 49824905, D: 1345824905, C: CHARGING_NONE, I: IDLE_REQUIRED, N: NET_ANY, B: BATTERY_NOT_LOW }]
05-04 18:07:20.894 26177 26219 I Finsky  : [1155] SCH: Scheduling phonesky job Id: 34-1556, CT: 1777841887547, Constraints: [{ L: 46919078, D: 1342919078, C: CHARGING_REQUIRED, I: IDLE_REQUIRED, N: NET_UNMETERED, B: BATTERY_ANY }, { L: 46919078, D: 1342919078, C: CHARGING_NONE, I: IDLE_REQUIRED, N: NET_UNMETERED, B: BATTERY_NOT_LOW }]
05-04 18:07:20.894 26177 26219 I Finsky  : [1155] SCH: Scheduling phonesky job Id: 34-1557, CT: 1777871399743, Constraints: [{ L: 604799965, D: 1900799965, C: CHARGING_NONE, I: IDLE_NONE, N: NET_UNMETERED, B: BATTERY_NOT_LOW }]
05-04 18:07:20.894 26177 26219 I Finsky  : [1155] SCH: Scheduling phonesky job Id: 34-1558, CT: 1777841887548, Constraints: [{ L: 74560757, D: 1370560757, C: CHARGING_NONE, I: IDLE_NONE, N: NET_ANY, B: BATTERY_ANY }]
05-04 18:07:20.897  5871 12972 W SQLiteLog: (28) double-quoted string literal: "com.deepeye.musicpro.debug"
05-04 18:07:20.898 25890 26390 I Finsky:background: [1190] Wrote row to frosting DB: 11909
05-04 18:07:20.903 26370 26370 D nativeloader: Load libframework-connectivity-jni.so using APEX ns com_android_tethering for caller /apex/com.android.tethering/javalib/framework-connectivity.jar: ok
05-04 18:07:20.907 25890 26390 I Finsky:background: [1190] Wrote row to frosting DB: 11910
05-04 18:07:20.910 25890 26390 I Finsky:background: [1190] Wrote row to frosting DB: 11911
05-04 18:07:20.912 25890 26390 I Finsky:background: [1190] Wrote row to frosting DB: 11912
05-04 18:07:20.915 26370 26370 V GraphicsEnvironment: Currently set values for:
05-04 18:07:20.916 26370 26370 V GraphicsEnvironment:   angle_gl_driver_selection_pkgs=[]
05-04 18:07:20.916 26370 26370 V GraphicsEnvironment:   angle_gl_driver_selection_values=[]
05-04 18:07:20.916 26370 26370 V GraphicsEnvironment: ANGLE GameManagerService for com.google.android.apps.wellbeing: false
05-04 18:07:20.916 26370 26370 V GraphicsEnvironment: com.google.android.apps.wellbeing is not listed in per-application setting
05-04 18:07:20.920 26370 26370 I MultiDex: VM with version 2.1.0 has multidex support
05-04 18:07:20.920 26370 26370 I MultiDex: Installing application
05-04 18:07:20.920 26370 26370 I MultiDex: VM has multidex support, MultiDex support library is disabled.
05-04 18:07:20.933  3064  4883 V SafetySourceDataValidat: Package: com.android.vending has expected signature
05-04 18:07:20.933  3064  4883 V SafetySourceDataValidat: Package: com.android.vending has expected signature
05-04 18:07:20.934 26177 26219 I Finsky  : [1155] SCH: Scheduling 0 system job(s)
05-04 18:07:20.937 26177 26396 I Finsky  : [1195] SCH: Received scheduling request: Id: 12-1, Constraints: [{ L: 15000, D: 86400000, C: CHARGING_NONE, I: IDLE_NONE, N: NET_ANY, B: BATTERY_ANY }]
05-04 18:07:20.937 26370 26370 W Primes  : Primes not initialized, returning default (no-op) Primes instance which will ignore all calls. Please call Primes.initialize(...) before using any Primes API.
05-04 18:07:20.938 26370 26380 D CompatibilityChangeReporter: Compat change id reported: 183155436; UID 10223; state: ENABLED
05-04 18:07:20.949 26112 26120 W ssioncontroller: Reducing the number of considered missed Gc histogram windows from 290 to 100
05-04 18:07:20.958  3064  5990 D CompatibilityChangeReporter: Compat change id reported: 261072174; UID 10223; state: ENABLED
05-04 18:07:20.959 26370 26370 I lqk     : SslGuard completed installation.
05-04 18:07:20.959 26370 26370 I Typeface: updateThemeFont new=Rookery-Regular;old=sans-serif;new=Rookery-Stacked;old=
05-04 18:07:20.960  3064  5853 I ActivityManager: Flag disabled. Ignoring finishAttachApplication from uid: 10223. pid: 26370
05-04 18:07:20.962  3064  4883 D CompatibilityChangeReporter: Compat change id reported: 161145287; UID 10223; state: ENABLED
05-04 18:07:20.973 14578 26395 W AppInstallOperation: FDL Migration::InstallIntentOperation by Appinvite Module [CONTEXT service_id=77 ]
05-04 18:07:20.975 14578 26394 I Auth    : (REDACTED) [SupervisedAccountIntentOperation] onHandleIntent: %s
05-04 18:07:20.978 14578 26394 I PackageInstalledIntentO: Test flag v2 is disabled [CONTEXT service_id=469 ]
05-04 18:07:20.982 14578 26394 I NearbyDiscovery: (REDACTED) processGrantSlicePermission: %s
05-04 18:07:20.985  3064 12265 D CompatibilityChangeReporter: Compat change id reported: 161252188; UID 10502; state: DISABLED
05-04 18:07:21.023 14578 26395 W SQLiteLog: (28) double-quoted string literal: "com.deepeye.musicpro.debug"
05-04 18:07:21.032 27765 26320 W PhBaseOp: Phenotype API error. Event: # izmk@b49e1ffc, EventCode: COMMIT_CONFIG [CONTEXT service_id=51 ]
05-04 18:07:21.032 27765 26320 W PhBaseOp: eyih: 29547: Stale snapshot for com.google.android.libraries.consentverifier#com.google.android.apps.wellbeing(new configuration available)
05-04 18:07:21.032 27765 26320 W PhBaseOp: 	at eykf.d(:com.google.android.gms@261631029@26.16.31 (190400-900800821):380)
05-04 18:07:21.032 27765 26320 W PhBaseOp: 	at eykf.b(:com.google.android.gms@261631029@26.16.31 (190400-900800821):44)
05-04 18:07:21.032 27765 26320 W PhBaseOp: 	at eyke.i(:com.google.android.gms@261631029@26.16.31 (190400-900800821):3)
05-04 18:07:21.032 27765 26320 W PhBaseOp: 	at eyka.h(:com.google.android.gms@261631029@26.16.31 (190400-900800821):34)
05-04 18:07:21.032 27765 26320 W PhBaseOp: 	at eyka.f(:com.google.android.gms@261631029@26.16.31 (190400-900800821):16)
05-04 18:07:21.032 27765 26320 W PhBaseOp: 	at cvok.fB(:com.google.android.gms@261631029@26.16.31 (190400-900800821):1)
05-04 18:07:21.032 27765 26320 W PhBaseOp: 	at cvov.run(:com.google.android.gms@261631029@26.16.31 (190400-900800821):121)
05-04 18:07:21.032 27765 26320 W PhBaseOp: 	at gzlf.run(:com.google.android.gms@261631029@26.16.31 (190400-900800821):23)
05-04 18:07:21.032 27765 26320 W PhBaseOp: 	at biwf.c(:com.google.android.gms@261631029@26.16.31 (190400-900800821):50)
05-04 18:07:21.032 27765 26320 W PhBaseOp: 	at biwf.run(:com.google.android.gms@261631029@26.16.31 (190400-900800821):66)
05-04 18:07:21.032 27765 26320 W PhBaseOp: 	at java.util.concurrent.ThreadPoolExecutor.runWorker(ThreadPoolExecutor.java:1154)
05-04 18:07:21.032 27765 26320 W PhBaseOp: 	at java.util.concurrent.ThreadPoolExecutor$Worker.run(ThreadPoolExecutor.java:652)
05-04 18:07:21.032 27765 26320 W PhBaseOp: 	at bjbw.run(:com.google.android.gms@261631029@26.16.31 (190400-900800821):8)
05-04 18:07:21.032 27765 26320 W PhBaseOp: 	at java.lang.Thread.run(Thread.java:1564)
05-04 18:07:21.032 27765 26320 W AsyncOperation: operation=CommitToConfigurationOperationCall, opStatusCode=29547 [CONTEXT service_id=51 ]
05-04 18:07:21.032 27765 26320 W AsyncOperation: OperationException[Status{statusCode=Stale snapshot for com.google.android.libraries.consentverifier#com.google.android.apps.wellbeing(new configuration available), resolution=null}]
05-04 18:07:21.032 27765 26320 W AsyncOperation: 	at eyka.h(:com.google.android.gms@261631029@26.16.31 (190400-900800821):64)
05-04 18:07:21.032 27765 26320 W AsyncOperation: 	at eyka.f(:com.google.android.gms@261631029@26.16.31 (190400-900800821):16)
05-04 18:07:21.032 27765 26320 W AsyncOperation: 	at cvok.fB(:com.google.android.gms@261631029@26.16.31 (190400-900800821):1)
05-04 18:07:21.032 27765 26320 W AsyncOperation: 	at cvov.run(:com.google.android.gms@261631029@26.16.31 (190400-900800821):121)
05-04 18:07:21.032 27765 26320 W AsyncOperation: 	at gzlf.run(:com.google.android.gms@261631029@26.16.31 (190400-900800821):23)
05-04 18:07:21.032 27765 26320 W AsyncOperation: 	at biwf.c(:com.google.android.gms@261631029@26.16.31 (190400-900800821):50)
05-04 18:07:21.032 27765 26320 W AsyncOperation: 	at biwf.run(:com.google.android.gms@261631029@26.16.31 (190400-900800821):66)
05-04 18:07:21.032 27765 26320 W AsyncOperation: 	at java.util.concurrent.ThreadPoolExecutor.runWorker(ThreadPoolExecutor.java:1154)
05-04 18:07:21.032 27765 26320 W AsyncOperation: 	at java.util.concurrent.ThreadPoolExecutor$Worker.run(ThreadPoolExecutor.java:652)
05-04 18:07:21.032 27765 26320 W AsyncOperation: 	at bjbw.run(:com.google.android.gms@261631029@26.16.31 (190400-900800821):8)
05-04 18:07:21.032 27765 26320 W AsyncOperation: 	at java.lang.Thread.run(Thread.java:1564)
05-04 18:07:21.036 14578 31070 I Icing   : IndexChimeraService.getServiceInterface callingPackage=com.google.android.gms componentName=AppsCorpus serviceId=36
05-04 18:07:21.049  3064  3378 W WindowMagnificationMgr: requestConnection duplicated request: connect=false, mConnectionState=DISCONNECTED
05-04 18:07:21.050 14578 14578 D BoundBrokerSvc: onBind: Intent { act=com.google.android.gms.feedback.internal.IFeedbackService dat=chimera-action:/... cmp=com.google.android.gms/.chimera.GmsBoundBrokerService }
05-04 18:07:21.050 14578 14578 D BoundBrokerSvc: Loading bound service for intent: Intent { act=com.google.android.gms.feedback.internal.IFeedbackService dat=chimera-action:/... cmp=com.google.android.gms/.chimera.GmsBoundBrokerService }
05-04 18:07:21.063  3064  3378 W WindowMagnificationMgr: requestConnection duplicated request: connect=false, mConnectionState=DISCONNECTED
05-04 18:07:21.074 14578 31073 I Icing   : IndexChimeraService.getServiceInterface callingPackage=com.google.android.gms componentName=null serviceId=30
05-04 18:07:21.079  3064  3458 D CompatibilityChangeReporter: Compat change id reported: 161145287; UID 10192; state: ENABLED
05-04 18:07:21.085  3064  5794 W libc    : Access denied finding property "ro.bootimage.build.fingerprint"
05-04 18:07:21.081  3064  3064 W pool-53-thread-: type=1400 audit(0.0:519306): avc:  denied  { read } for  name="u:object_r:build_bootimage_prop:s0" dev="tmpfs" ino=113 scontext=u:r:system_server:s0 tcontext=u:object_r:build_bootimage_prop:s0 tclass=file permissive=0
05-04 18:07:21.091 14578 26441 I Icing   : Usage reports ok 1, Failed Usage reports 0, indexed 0, rejected 0
05-04 18:07:21.091 26177 26177 I Finsky  : [2] DTU: Received onPackageAdded, replacing: true
05-04 18:07:21.092 26177 26220 I Finsky  : [1156] AIM: Got app ownership map. App counts: . Unique apps: 0
05-04 18:07:21.092 26177 26220 E Finsky  : [1156] [Counters] attempted to use a non-positive increment for: 4752
05-04 18:07:21.092 26177 26220 I Finsky  : [1156] AIM: Got app ownership map. App counts: . Unique apps: 0
05-04 18:07:21.092 26177 26222 I Finsky  : [1158] AIM: Got app ownership map. App counts: . Unique apps: 0
05-04 18:07:21.092 26177 26222 E Finsky  : [1158] [Counters] attempted to use a non-positive increment for: 4752
05-04 18:07:21.092 26177 26222 E Finsky  : [1158] [Counters] attempted to use a non-positive increment for: 4753
05-04 18:07:21.092 26177 26219 E Finsky  : [1155] [Counters] attempted to use a non-positive increment for: 4753
05-04 18:07:21.093 26177 26220 E Finsky  : [1156] [Counters] attempted to use a non-positive increment for: 4752
05-04 18:07:21.093 26177 26396 I Finsky  : [1195] SCH: Received scheduling request: Id: 12-1, Constraints: [{ L: 15000, D: 86400000, C: CHARGING_NONE, I: IDLE_NONE, N: NET_ANY, B: BATTERY_ANY }]
05-04 18:07:21.093 26177 26220 E Finsky  : [1156] [Counters] attempted to use a non-positive increment for: 4753
05-04 18:07:21.096 26177 26177 I Finsky  : [2] ajjr - Received: android.intent.action.PACKAGE_ADDED, [eI_8S6XR7qS7-Zr5uq7-SP7vivZbJQsNeknI8h2PC10]
05-04 18:07:21.098 26177 26177 I Finsky  : [2] ajjr - Deduping intent android.intent.action.PACKAGE_ADDED
05-04 18:07:21.098 26177 26177 I Finsky  : [2] ajjr - Received: android.intent.action.PACKAGE_ADDED, [eI_8S6XR7qS7-Zr5uq7-SP7vivZbJQsNeknI8h2PC10]
05-04 18:07:21.100 26177 26177 I Finsky  : [2] ajjr - Deduping intent android.intent.action.PACKAGE_ADDED
05-04 18:07:21.100 26177 26206 I Finsky  : [1143] RECEIVER_PACKAGE_MONITOR#logWorkEndAndFinishGoAsync: SUCCESS
05-04 18:07:21.110  3064  5853 I ActivityManager: Killing 22525:com.motorola.camera3/u0a249 (adj 999, setSvc -10000): empty #31
05-04 18:07:21.112 26177 26219 I Finsky  : [1155] AIM: AppInfoManager-Perf > ItemModel > CacheSize=107, cacheHitCount=0, cacheMissCount=0, total appsWithNoServerDataCount=0. Missed  in cache (limit 10) : []
05-04 18:07:21.112 26177 26223 I Finsky  : [1159] AIM: AppInfoManager-Perf > ItemModel > CacheSize=107, cacheHitCount=0, cacheMissCount=0, total appsWithNoServerDataCount=0. Missed  in cache (limit 10) : []
05-04 18:07:21.118 26177 26223 I Finsky  : [1159] AIM: AppInfoManager-Perf > getApps > data collection finished
05-04 18:07:21.118 26177 26223 I Finsky  : [1159] AIM: AppInfoManager-Perf > maybeDestroyAppInfoManager is called. actives = 1
05-04 18:07:21.121 26177 26222 I Finsky  : [1158] AIM: AppInfoManager-Perf > ItemModel > CacheSize=107, cacheHitCount=0, cacheMissCount=0, total appsWithNoServerDataCount=0. Missed  in cache (limit 10) : []
05-04 18:07:21.122 26177 26222 I Finsky  : [1158] AIM: AppInfoManager-Perf > getApps > data collection finished
05-04 18:07:21.122 26177 26222 I Finsky  : [1158] AIM: AppInfoManager-Perf > maybeDestroyAppInfoManager is called. actives = 0
05-04 18:07:21.126 14578 26441 I Icing   : Usage reports ok 0, Failed Usage reports 0, indexed 0, rejected 0
05-04 18:07:21.134  3064  5853 W ActivityTaskManager: callingPackage for (uid=2000, pid=26455) has no WPC
05-04 18:07:21.134  3064  5853 I SettingsAccessControlPolicy: isDeviceSettingsChangeDisabled: value -> false
05-04 18:07:21.135  3064  5853 D CompatibilityChangeReporter: Compat change id reported: 265464455; UID 10502; state: DISABLED
05-04 18:07:21.135  3064  5853 D CompatibilityChangeReporter: Compat change id reported: 265452344; UID 10502; state: DISABLED
05-04 18:07:21.135  3064  5853 D CompatibilityChangeReporter: Compat change id reported: 266124927; UID 10502; state: DISABLED
05-04 18:07:21.135  3064  5853 D CompatibilityChangeReporter: Compat change id reported: 265451093; UID 10502; state: DISABLED
05-04 18:07:21.135  3064  5853 D CompatibilityChangeReporter: Compat change id reported: 265456536; UID 10502; state: DISABLED
05-04 18:07:21.135  3064  5853 D CompatibilityChangeReporter: Compat change id reported: 255940284; UID 10502; state: DISABLED
05-04 18:07:21.135  3064  5853 D CompatibilityChangeReporter: Compat change id reported: 236283604; UID 10502; state: DISABLED
05-04 18:07:21.135  3064  5853 D CompatibilityChangeReporter: Compat change id reported: 263959004; UID 10502; state: DISABLED
05-04 18:07:21.135  3064  5853 D CompatibilityChangeReporter: Compat change id reported: 264304459; UID 10502; state: DISABLED
05-04 18:07:21.135  3064  5853 D CompatibilityChangeReporter: Compat change id reported: 264301586; UID 10502; state: DISABLED
05-04 18:07:21.135  3064  5853 D CompatibilityChangeReporter: Compat change id reported: 254631730; UID 10502; state: DISABLED
05-04 18:07:21.135  3064  5853 D CompatibilityChangeReporter: Compat change id reported: 273509367; UID 10502; state: DISABLED
05-04 18:07:21.136  3064  5853 D CompatibilityChangeReporter: Compat change id reported: 263259275; UID 10502; state: DISABLED
05-04 18:07:21.136  3064  5853 D CompatibilityChangeReporter: Compat change id reported: 174042980; UID 10502; state: DISABLED
05-04 18:07:21.136  3064  5853 D CompatibilityChangeReporter: Compat change id reported: 174042936; UID 10502; state: DISABLED
05-04 18:07:21.136  3064  5853 D CompatibilityChangeReporter: Compat change id reported: 181136395; UID 10502; state: DISABLED
05-04 18:07:21.137 14578 26441 I Icing   : Indexing com.google.android.gms-apps from com.google.android.gms
05-04 18:07:21.138 26177 26219 I Finsky  : [1155] CronetEngine is present. Using Cronet for the networking stack.
05-04 18:07:21.140  3064  5853 D CompatibilityChangeReporter: Compat change id reported: 194480991; UID 10502; state: ENABLED
05-04 18:07:21.140  3064  5853 D ActivityTaskManager: getPreferredLaunchDisplay userset_displayid false user set display id -1, current focus display 0
05-04 18:07:21.140  3064  5853 D ActivityTaskManager: getPreferredLaunchDisplay userset_displayid false user set display id -1, current focus display 0
05-04 18:07:21.141  3064  5853 D ActivityTaskManager: getPreferredLaunchDisplay userset_displayid false user set display id -1, current focus display 0
05-04 18:07:21.141  3064  5853 D ActivityTaskManager: getPreferredLaunchDisplay userset_displayid false user set display id -1, current focus display 0
05-04 18:07:21.142  1798  2035 E ANDR-PERF-LM: MetaMeter: handleAsync() 166: AdaptLaunch Invalid Async
05-04 18:07:21.142  1798  2035 E ANDR-PERF-LM: MetaMeter: handleAsync() 166: AdaptLaunch Invalid Async
05-04 18:07:21.142  1798  2035 E ANDR-PERF-LM: MetaMeter: handleAsync() 166: AdaptLaunch Invalid Async
05-04 18:07:21.143  3064  5853 D ActivityTaskManager: getPreferredLaunchDisplay userset_displayid false user set display id 0, current focus display 0
05-04 18:07:21.144  3064  5853 D ActivityTaskManager: getPreferredLaunchDisplay userset_displayid false user set display id 0, current focus display 0
05-04 18:07:21.144  3064  5853 D CompatibilityChangeReporter: Compat change id reported: 184838306; UID 10502; state: DISABLED
05-04 18:07:21.144  3064  5853 D CompatibilityChangeReporter: Compat change id reported: 185004937; UID 10502; state: DISABLED
05-04 18:07:21.146  3064  5853 D CompatibilityChangeReporter: Compat change id reported: 197654537; UID 10502; state: ENABLED
05-04 18:07:21.146 14578 26441 I Icing   : Indexing done com.google.android.gms-apps
05-04 18:07:21.146  3064  5853 D PowerManagerService: nativeSetPowerMode ret:false mode:5 enabled:true duration ms: 0
05-04 18:07:21.147  3064  5853 D CompatibilityChangeReporter: Compat change id reported: 205907456; UID 10502; state: ENABLED
05-04 18:07:21.147  3064  5853 D ActivityTrigger: ActivityTrigger activityPauseTrigger 
05-04 18:07:21.148  3064  5853 I ActivityTaskManager: START u0 {flg=0x10000000 cmp=com.deepeye.musicpro.debug/com.deepeye.musicpro.ui.MainActivity} with LAUNCH_SINGLE_TASK from uid 2000 (startActivityAsUser) (BAL_ALLOW_PERMISSION) result code=0
05-04 18:07:21.150  3064 12265 D CompatibilityChangeReporter: Compat change id reported: 161145287; UID 10207; state: ENABLED
05-04 18:07:21.150 26177 26269 I Finsky  : [1171] Initializing pausers from value store.
05-04 18:07:21.152  1830 10078 I QC2Comp : [avcD_1124] Stats: Pending(9) i/p-done(5) Works: Q: 28/Done 20|Work-Rate: Q(0.0/s Avg=0.0/s) Done(0.000/s Avg=0.003/s)| Stream: 30.00fps 203.8Kbps
05-04 18:07:21.152  1830 10078 I QC2Comp : [avcD_1124] Mem-usage:  [In-1D: 6 bufs 17.930 MB] [1D-2226: 16 bufs 0.250 MB] [2D-2227: 20 bufs 28.438 MB] | Total: 46.617 MB
05-04 18:07:21.152  3827  3912 V WindowManagerShell: Transition requested: android.os.BinderProxy@e033921 TransitionRequestInfo { type = 1, triggerTask = TaskInfo{userId=0 taskId=3783 displayId=0 isRunning=true baseIntent=Intent { flg=0x10000000 cmp=com.deepeye.musicpro.debug/com.deepeye.musicpro.ui.MainActivity } baseActivity=ComponentInfo{com.deepeye.musicpro.debug/com.deepeye.musicpro.ui.MainActivity} topActivity=ComponentInfo{com.deepeye.musicpro.debug/com.deepeye.musicpro.ui.MainActivity} origActivity=null realActivity=ComponentInfo{com.deepeye.musicpro.debug/com.deepeye.musicpro.ui.MainActivity} numActivities=1 lastActiveTime=1296903113 supportsMultiWindow=true supportsGlobalFreeform=true resizeMode=1 isResizeable=true isAppLocked=false canKillAndRestart=false isShowDecorCaptionWindowRequest=false minWidth=-1 minHeight=-1 defaultMinSize=200 token=WCT{android.window.IWindowContainerToken$Stub$Proxy@34d9146} topActivityType=1 pictureInPictureParams=null shouldDockBigOverlays=false launchIntoPipHostTaskId=-1 lastParentTaskIdBeforePip=-1 displayCutoutSafeInsets=Rect(0, 90 - 0, 0) topActivityInfo=ActivityInfo{c6e5f07 com.deepeye.musicpro.ui.MainActivity} launchCookies=[] positionInParent=Point(0, 0) parentTaskId=-1 isFocused=false isVisible=false isVisibleRequested=false isSleeping=false topActivityInSizeCompat=false topActivityEligibleForLetterboxEducation= false topActivityLetterboxed= false isFromDoubleTap= false topActivityLetterboxVerticalPosition= -1 topActivityLetterboxHorizontalPosition= -1 topActivityLetterboxWidth=-1 topActivityLetterboxHeight=-1 locusId=null displayAreaFeatureId=1 cameraCompatControlState=hidden}, remoteTransition = null, displayChange = null, flags = 0 }
05-04 18:07:21.152 26177 26209 I Finsky  : [1145] registerListener
05-04 18:07:21.153  1798  2035 W ANDR-PERF-LM: MetaMeter: handlePrimaryAsync() 118: AdaptLaunch MetaMeter. No MeterMgr Available to handle this Primary Async. !!!!
05-04 18:07:21.153  1798  2035 W ANDR-PERF-LM: MetaMeter: handlePrimaryAsync() 118: AdaptLaunch MetaMeter. No MeterMgr Available to handle this Primary Async. !!!!
05-04 18:07:21.153  3064  5990 I ActivityTaskManager: The Process com.deepeye.musicpro.debug Already Exists in BG. So sending its PID: 26334
05-04 18:07:21.154  1798  2035 E ANDR-PERF-LM: MetaMeter: handleAsync() 166: AdaptLaunch Invalid Async
05-04 18:07:21.158  3827  3925 D ViewRootImpl: update {(0,0)(fillxfill) ty=APPLICATION_STARTING fmt=TRANSLUCENT wanim=0x10302fe
05-04 18:07:21.158  3827  3925 D ViewRootImpl:   fl=NOT_FOCUSABLE NOT_TOUCHABLE LAYOUT_IN_SCREEN LAYOUT_INSET_DECOR ALT_FOCUSABLE_IM HARDWARE_ACCELERATED DRAWS_SYSTEM_BAR_BACKGROUNDS
05-04 18:07:21.158  3827  3925 D ViewRootImpl:   pfl=SHOW_FOR_ALL_USERS FIT_INSETS_CONTROLLED
05-04 18:07:21.158  3827  3925 D ViewRootImpl:   bhv=DEFAULT
05-04 18:07:21.158  3827  3925 D ViewRootImpl:   fitSides=} by setView
05-04 18:07:21.159 26177 26209 I Finsky  : [1145] DFS: Listener added for sli@4d31b88
05-04 18:07:21.159 26177 26209 I Finsky  : [1145] registerListener
05-04 18:07:21.166  1858  1858 I BpBinder: onLastStrongRef automatically unlinking death recipients: 
05-04 18:07:21.173  3064  4883 D ActivityManager: unfreezing ProcessRecord{31cc77 22061:com.google.process.gapps/u0a192}, reason = shouldNotFreeze_provider: ProcessRecord{e88fd3a 26177:com.android.vending/u0a207}, adj = 985, adjType = cch-empty, adjSource = null
05-04 18:07:21.173  3064  4883 D ActivityManager: sync unfroze 22061 com.google.process.gapps for 7
05-04 18:07:21.175 27765 26320 W GetConfigSnapshotOp: Succeeded but not registered: com.google.android.libraries.onegoogle#com.android.vending [CONTEXT service_id=51 ]
05-04 18:07:21.175  3064  7416 D CoreBackPreview: Window{a492849 u0 Splash Screen com.deepeye.musicpro.debug}: Setting back callback OnBackInvokedCallbackInfo{mCallback=android.window.IOnBackInvokedCallback$Stub$Proxy@cb80026, mPriority=0, mIsAnimationCallback=false}
05-04 18:07:21.177  3827  3949 E OpenGLRenderer: Unable to match the desired swap behavior.
05-04 18:07:21.182 26177 26269 I Finsky  : [1171] IQ::HLD: Callers (Pausers) in PauseUpdatesCallersValueStore: []
05-04 18:07:21.183 26177 26459 I Finsky  : [1200] ApplicationRestrictions: {}
05-04 18:07:21.186  3064  3367 V WindowManager: Sent Transition #6167 createdAt=05-04 18:07:21.140 via request=TransitionRequestInfo { type = 1, triggerTask = TaskInfo{userId=0 taskId=3783 displayId=0 isRunning=true baseIntent=Intent { flg=0x10000000 cmp=com.deepeye.musicpro.debug/com.deepeye.musicpro.ui.MainActivity } baseActivity=ComponentInfo{com.deepeye.musicpro.debug/com.deepeye.musicpro.ui.MainActivity} topActivity=ComponentInfo{com.deepeye.musicpro.debug/com.deepeye.musicpro.ui.MainActivity} origActivity=null realActivity=ComponentInfo{com.deepeye.musicpro.debug/com.deepeye.musicpro.ui.MainActivity} numActivities=1 lastActiveTime=1296903113 supportsMultiWindow=true supportsGlobalFreeform=true resizeMode=1 isResizeable=true isAppLocked=false canKillAndRestart=true isShowDecorCaptionWindowRequest=false minWidth=-1 minHeight=-1 defaultMinSize=200 token=WCT{RemoteToken{9d3ea98 Task{2a499b4 #3783 type=standard A=10502:com.deepeye.musicpro.debug}}} topActivityType=1 pictureInPictureParams=null shouldDockBigOverlays=false launchIntoPipHostTaskId=-1 lastParentTaskIdBeforePip=-1 displayCutoutSafeInsets=Rect(0, 90 - 0, 0) topActivityInfo=ActivityInfo{a4562f1 com.deepeye.musicpro.ui.MainActivity} launchCookies=[] positionInParent=Point(0, 0) parentTaskId=-1 isFocused=false isVisible=false isVisibleRequested=false isSleeping=false topActivityInSizeCompat=false topActivityEligibleForLetterboxEducation= false topActivityLetterboxed= false isFromDoubleTap= false topActivityLetterboxVerticalPosition= -1 topActivityLetterboxHorizontalPosition= -1 topActivityLetterboxWidth=-1 topActivityLetterboxHeight=-1 locusId=null displayAreaFeatureId=1 cameraCompatControlState=hidden}, remoteTransition = null, displayChange = null, flags = 0 }
05-04 18:07:21.186  3064  3367 V WindowManager:     startWCT=WindowContainerTransaction { changes = {} hops = [] errorCallbackToken=null taskFragmentOrganizer=null }
05-04 18:07:21.186  3064  3367 V WindowManager:     info={id=6167 t=OPEN f=0x0 trk=0 r=[0@Point(0, 0)] c=[{WCT{RemoteToken{9d3ea98 Task{2a499b4 #3783 type=standard A=10502:com.deepeye.musicpro.debug}}} m=OPEN f=NONE pTaskId=-1 leash=Surface(name=Task=3783)/@0xd887fac sb=Rect(0, 0 - 1080, 2400) eb=Rect(0, 0 - 1080, 2400) d=0},{WCT{RemoteToken{9a2e0c9 Task{97f56a1 #1 type=home}}} m=TO_BACK f=SHOW_WALLPAPER pTaskId=-1 leash=Surface(name=Task=1)/@0x5e976da sb=Rect(0, 0 - 1080, 2400) eb=Rect(0, 0 - 1080, 2400) d=0}]}
05-04 18:07:21.187  3827  3912 V WindowManagerShell: onTransitionReady android.os.BinderProxy@e033921: {id=6167 t=OPEN f=0x0 trk=0 r=[0@Point(0, 0)] c=[{WCT{android.window.IWindowContainerToken$Stub$Proxy@8efc4d0} m=OPEN f=NONE pTaskId=-1 leash=Surface(name=Task=3783)/@0xfd80cd sb=Rect(0, 0 - 1080, 2400) eb=Rect(0, 0 - 1080, 2400) d=0},{WCT{android.window.IWindowContainerToken$Stub$Proxy@4ee5cc9} m=TO_BACK f=SHOW_WALLPAPER pTaskId=-1 leash=Surface(name=Task=1)/@0x4bc7d82 sb=Rect(0, 0 - 1080, 2400) eb=Rect(0, 0 - 1080, 2400) d=0}]}
05-04 18:07:21.187  3827  3912 V WindowManagerShell: Playing animation for (#6167)android.os.BinderProxy@e033921@0
05-04 18:07:21.187  3827  3912 V WindowManagerShell:  try handler com.android.wm.shell.transition.DefaultMixedHandler@9f0b165
05-04 18:07:21.187  3827  3912 V WindowManagerShell:  try handler com.android.wm.shell.keyguard.KeyguardTransitionHandler@aa67e3a
05-04 18:07:21.187  3827  3912 V WindowManagerShell:  try handler com.android.wm.shell.activityembedding.ActivityEmbeddingController@e359aeb
05-04 18:07:21.187  3827  3912 V WindowManagerShell:  try handler com.android.wm.shell.recents.RecentsTransitionHandler@ec8c048
05-04 18:07:21.187  3827  3912 V ShellRecents: RecentsTransitionHandler.startAnimation: no controller found
05-04 18:07:21.187  3827  3912 V WindowManagerShell:  try handler com.android.wm.shell.pip.PipTransition@5bffee1
05-04 18:07:21.187  3827  3912 V WindowManagerShell:  try handler com.android.wm.shell.splitscreen.StageCoordinator@56e4406
05-04 18:07:21.187  3827  3912 V WindowManagerShell:  try handler com.android.wm.shell.transition.RemoteTransitionHandler@b50fac7
05-04 18:07:21.187  3827  3912 V WindowManagerShell: Transition doesn't have explicit remote, search filters for match for {id=6167 t=OPEN f=0x0 trk=0 r=[0@Point(0, 0)] c=[{WCT{android.window.IWindowContainerToken$Stub$Proxy@8efc4d0} m=OPEN f=NONE pTaskId=-1 leash=Surface(name=Task=3783)/@0xfd80cd sb=Rect(0, 0 - 1080, 2400) eb=Rect(0, 0 - 1080, 2400) d=0},{WCT{android.window.IWindowContainerToken$Stub$Proxy@4ee5cc9} m=TO_BACK f=SHOW_WALLPAPER pTaskId=-1 leash=Surface(name=Task=1)/@0x4bc7d82 sb=Rect(0, 0 - 1080, 2400) eb=Rect(0, 0 - 1080, 2400) d=0}]}
05-04 18:07:21.187  3827  3912 V WindowManagerShell:  Checking filter Pair{{types=[] flags=0x0] notFlags=0x100 checks=[{atype=home independent=true modes=[OPEN,TO_FRONT] flags=NONE mustBeTask=false order=TOP topActivity=ComponentInfo{com.motorola.launcher3/com.android.launcher3.uioverrides.QuickstepLauncher}},{atype=standard independent=true modes=[CLOSE,TO_BACK] flags=NONE mustBeTask=false order=ANY topActivity=null}]} RemoteTransition { remoteTransition = android.window.IRemoteTransition$Stub$Proxy@4795a1a, appThread = android.app.IApplicationThread$Stub$Proxy@b3b794b, debugName = QuickstepLaunchHome }}
05-04 18:07:21.187  3827  3912 V WindowManagerShell:  Delegate animation for #6167 to null
05-04 18:07:21.187  3827  3912 V WindowManagerShell:  try handler com.android.wm.shell.transition.DefaultTransitionHandler@acd98f4
05-04 18:07:21.187  3827  3912 V WindowManagerShell: start default transition animation, info = {id=6167 t=OPEN f=0x0 trk=0 r=[0@Point(0, 0)] c=[{WCT{android.window.IWindowContainerToken$Stub$Proxy@8efc4d0} m=OPEN f=NONE pTaskId=-1 leash=Surface(name=Task=3783)/@0xfd80cd sb=Rect(0, 0 - 1080, 2400) eb=Rect(0, 0 - 1080, 2400) d=0},{WCT{android.window.IWindowContainerToken$Stub$Proxy@4ee5cc9} m=TO_BACK f=SHOW_WALLPAPER pTaskId=-1 leash=Surface(name=Task=1)/@0x4bc7d82 sb=Rect(0, 0 - 1080, 2400) eb=Rect(0, 0 - 1080, 2400) d=0}]}
05-04 18:07:21.187  3827  3912 V WindowManagerShell: loadAnimation: anim=android.view.animation.AnimationSet@6a30eef animAttr=0x13 type=OPEN isEntrance=false
05-04 18:07:21.188  3827  3912 V WindowManagerShell: loadAnimation: anim=android.view.animation.AnimationSet@73bab0b animAttr=0x12 type=OPEN isEntrance=true
05-04 18:07:21.188  3827  3912 V WindowManagerShell:  animated by com.android.wm.shell.transition.DefaultTransitionHandler@acd98f4
05-04 18:07:21.208 26177 26459 I Finsky  : [1200] Triggered update for experiment package com.google.android.finsky.stable.
05-04 18:07:21.213  3064  4412 I ActivityManager: appDiedLocked: app=ProcessRecord{e36728b 22525:com.motorola.camera3/u0a249} thread=android.os.BinderProxy@aa3435e fromBinderDied=true isKilledByAm=true reason=null
05-04 18:07:21.214  1587  1587 I Zygote  : Process 22525 exited due to signal 9 (Killed)
05-04 18:07:21.214  3064  3404 I libprocessgroup: Successfully killed process cgroup uid 10249 pid 22525 in 102ms
05-04 18:07:21.214  3064  4412 D RestartModeController: markWaitRestartAppIsSuicided null processName=com.motorola.camera3
05-04 18:07:21.215  3064  3368 D DisplayManagerService: Drop pending events for gone uid 10249
05-04 18:07:21.215  3064  4412 D ActivityTaskManager: handleAppDied: uid=10249,diedCount=1,lastDiedTime=723862525,forceStopUids=false
05-04 18:07:21.226 26177 26222 I Finsky  : [1158] Component class com.google.android.finsky.wearsupport.WearSupportService disabled via PackageManager.
05-04 18:07:21.227 26177 26222 I Finsky  : [1158] Component class com.google.android.finsky.wearsupport.WearChangeListenerService disabled via PackageManager.
05-04 18:07:21.242 26177 26492 I Finsky  : [1218] SM: There are no stale sessions to be pruned
05-04 18:07:21.245 26177 26177 I Finsky  : [2] Connecting InstallListener to SplitInstallService broadcaster...
05-04 18:07:21.249 10800 10800 I bwmt    : onPause
05-04 18:07:21.284 26334 26334 D nativeloader: Configuring clns-4 for other apk /data/app/~~qOxtarOpekTSKhDO_vsamQ==/com.deepeye.musicpro.debug-VhnyxcQhxWxCCzF-AZokOA==/base.apk. target_sdk_version=35, uses_libraries=, library_path=/data/app/~~qOxtarOpekTSKhDO_vsamQ==/com.deepeye.musicpro.debug-VhnyxcQhxWxCCzF-AZokOA==/lib/arm64:/data/app/~~qOxtarOpekTSKhDO_vsamQ==/com.deepeye.musicpro.debug-VhnyxcQhxWxCCzF-AZokOA==/base.apk!/lib/arm64-v8a, permitted_path=/data:/mnt/expand:/data/user/0/com.deepeye.musicpro.debug
05-04 18:07:21.289 26334 26334 D nativeloader: Load libframework-connectivity-jni.so using APEX ns com_android_tethering for caller /apex/com.android.tethering/javalib/framework-connectivity.jar: ok
05-04 18:07:21.291 26334 26334 V GraphicsEnvironment: Currently set values for:
05-04 18:07:21.291 26334 26334 V GraphicsEnvironment:   angle_gl_driver_selection_pkgs=[]
05-04 18:07:21.291 26334 26334 V GraphicsEnvironment:   angle_gl_driver_selection_values=[]
05-04 18:07:21.291 26334 26334 V GraphicsEnvironment: ANGLE GameManagerService for com.deepeye.musicpro.debug: false
05-04 18:07:21.291 26334 26334 V GraphicsEnvironment: com.deepeye.musicpro.debug is not listed in per-application setting
05-04 18:07:21.291 26334 26334 V GraphicsEnvironment: Updatable production driver is not supported on the device.
05-04 18:07:21.296 26177 26459 I Finsky  : [1200] Already at the latest configurations for experiment package com.google.android.finsky.stable.
05-04 18:07:21.296 26177 26459 I Finsky  : [1200] Triggered update for experiment package com.google.android.finsky.regular.
05-04 18:07:21.297  5894  5894 W MotoFreeForm: [PackageMonitor] onPackageChangedcom.deepeye.musicpro.debug
05-04 18:07:21.297 20981 21006 I SQLiteCacheHelper: SqliteCacheHelper---->delete whereClause = componentName LIKE ? AND profileId = ?, whereArgs = com.deepeye.musicpro.debug/%;0;
05-04 18:07:21.306 26334 26334 D CompatibilityChangeReporter: Compat change id reported: 183155436; UID 10502; state: ENABLED
05-04 18:07:21.310 26334 26334 D SessionsDependencies: Dependency to CRASHLYTICS added.
05-04 18:07:21.313 26334 26334 I FirebaseApp: Device unlocked: initializing all Firebase APIs for app [DEFAULT]
05-04 18:07:21.342 26177 26459 I Finsky  : [1200] Regular flags synced
05-04 18:07:21.343 26177 26459 I Finsky  : [1200] Writing flags config, size 1.
05-04 18:07:21.343 26177 26459 I Finsky  : [1200] Started writing experiment flags into file [dkyrIZdm25sgJzkNcLOUk-6CGy3NS0ZZAh_OyPRYOtU].
05-04 18:07:21.355 26334 26334 D nativeloader: Load /data/app/~~qOxtarOpekTSKhDO_vsamQ==/com.deepeye.musicpro.debug-VhnyxcQhxWxCCzF-AZokOA==/base.apk!/lib/arm64-v8a/libcrashlytics.so using class loader ns clns-4 (caller=/data/app/~~qOxtarOpekTSKhDO_vsamQ==/com.deepeye.musicpro.debug-VhnyxcQhxWxCCzF-AZokOA==/base.apk!classes18.dex): ok
05-04 18:07:21.360 26334 26334 D CompatibilityChangeReporter: Compat change id reported: 3400644; UID 10502; state: ENABLED
05-04 18:07:21.361 26334 26334 I FirebaseCrashlytics: Initializing Firebase Crashlytics 19.3.0 for com.deepeye.musicpro.debug
05-04 18:07:21.367 26177 26459 I Finsky  : [1200] Finished writing experiment flags into file [dkyrIZdm25sgJzkNcLOUk-6CGy3NS0ZZAh_OyPRYOtU], numFlags=1999.
05-04 18:07:21.371 26334 26334 D SessionsDependencies: Subscriber CRASHLYTICS registered.
05-04 18:07:21.373 26177 26459 I Finsky  : [1200] Successfully applied new configurations for package com.google.android.finsky.regular.
05-04 18:07:21.374 26177 26459 I Finsky  : [1200] [EExp] Exporting experiments for package com.google.android.finsky.regular.
05-04 18:07:21.374 26177 26459 I Finsky  : [1200] [EExp] Exporting experiments for namespace com.google.android.finsky.regular.
05-04 18:07:21.383 26177 26459 I Finsky  : [1200] [EExp] Successfully exported experiments for package com.google.android.finsky.regular.
05-04 18:07:21.383 26334 26511 W FirebaseCrashlytics: Error getting Firebase installation id.
05-04 18:07:21.383 26334 26511 W FirebaseCrashlytics: java.lang.IllegalArgumentException: Please set a valid API key. A Firebase API key is required to communicate with Firebase server APIs: It authenticates your project with Google.Please refer to https://firebase.google.com/support/privacy/init-options.
05-04 18:07:21.383 26334 26511 W FirebaseCrashlytics: 	at com.google.android.gms.common.internal.Preconditions.checkArgument(com.google.android.gms:play-services-basement@@18.3.0:2)
05-04 18:07:21.383 26334 26511 W FirebaseCrashlytics: 	at com.google.firebase.installations.FirebaseInstallations.preConditionChecks(FirebaseInstallations.java:178)
05-04 18:07:21.383 26334 26511 W FirebaseCrashlytics: 	at com.google.firebase.installations.FirebaseInstallations.getId(FirebaseInstallations.java:235)
05-04 18:07:21.383 26334 26511 W FirebaseCrashlytics: 	at com.google.firebase.crashlytics.internal.common.IdManager.fetchTrueFid(IdManager.java:200)
05-04 18:07:21.383 26334 26511 W FirebaseCrashlytics: 	at com.google.firebase.crashlytics.internal.common.IdManager.getInstallIds(IdManager.java:120)
05-04 18:07:21.383 26334 26511 W FirebaseCrashlytics: 	at com.google.firebase.crashlytics.internal.settings.DefaultSettingsSpiCall.applyHeadersTo(DefaultSettingsSpiCall.java:187)
05-04 18:07:21.383 26334 26511 W FirebaseCrashlytics: 	at com.google.firebase.crashlytics.internal.settings.DefaultSettingsSpiCall.invoke(DefaultSettingsSpiCall.java:109)
05-04 18:07:21.383 26334 26511 W FirebaseCrashlytics: 	at com.google.firebase.crashlytics.internal.settings.SettingsController$1.lambda$then$0$com-google-firebase-crashlytics-internal-settings-SettingsController$1(SettingsController.java:204)
05-04 18:07:21.383 26334 26511 W FirebaseCrashlytics: 	at com.google.firebase.crashlytics.internal.settings.SettingsController$1$$ExternalSyntheticLambda0.call(D8$$SyntheticClass:0)
05-04 18:07:21.383 26334 26511 W FirebaseCrashlytics: 	at java.util.concurrent.FutureTask.run(FutureTask.java:317)
05-04 18:07:21.383 26334 26511 W FirebaseCrashlytics: 	at java.util.concurrent.ThreadPoolExecutor.runWorker(ThreadPoolExecutor.java:1154)
05-04 18:07:21.383 26334 26511 W FirebaseCrashlytics: 	at java.util.concurrent.ThreadPoolExecutor$Worker.run(ThreadPoolExecutor.java:652)
05-04 18:07:21.383 26334 26511 W FirebaseCrashlytics: 	at com.google.firebase.concurrent.CustomThreadFactory.lambda$newThread$0$com-google-firebase-concurrent-CustomThreadFactory(CustomThreadFactory.java:47)
05-04 18:07:21.383 26334 26511 W FirebaseCrashlytics: 	at com.google.firebase.concurrent.CustomThreadFactory$$ExternalSyntheticLambda0.run(D8$$SyntheticClass:0)
05-04 18:07:21.383 26334 26511 W FirebaseCrashlytics: 	at java.lang.Thread.run(Thread.java:1564)
05-04 18:07:21.384 26334 26511 D CompatibilityChangeReporter: Compat change id reported: 247079863; UID 10502; state: ENABLED
05-04 18:07:21.387 26177 26459 I Finsky  : [1200] Triggered update for experiment package com.google.android.finsky.regular.
05-04 18:07:21.391 26334 26515 D libcrashlytics: Initializing libcrashlytics version 3.2.0
05-04 18:07:21.391 26370 26445 D CompatibilityChangeReporter: Compat change id reported: 160794467; UID 10223; state: ENABLED
05-04 18:07:21.394 26334 26515 D libcrashlytics: Initializing native crash handling successful.
05-04 18:07:21.398 26334 26509 W .musicpro.debug: ClassLoaderContext classpath size mismatch. expected=1, found=0 (DLC[];PCL[base.apk*3459175842]{PCL[/system/framework/org.apache.http.legacy.jar*365604909]#PCL[/system/framework/com.android.location.provider.jar*3994156537]#PCL[/system/framework/com.android.media.remotedisplay.jar*2114713712]} | DLC[];PCL[])
05-04 18:07:21.399 26334 26509 I DynamiteModule: Considering local module com.google.android.gms.measurement.dynamite:127 and remote module com.google.android.gms.measurement.dynamite:189
05-04 18:07:21.400 26334 26509 I DynamiteModule: Selected remote version of com.google.android.gms.measurement.dynamite, version >= 189
05-04 18:07:21.400 26334 26509 V DynamiteModule: Dynamite loader version >= 2, using loadModule2NoCrashUtils
05-04 18:07:21.404  3064  4883 D CompatibilityChangeReporter: Compat change id reported: 161145287; UID 10502; state: ENABLED
05-04 18:07:21.407 26334 26334 D FirebaseSessions: Initializing Firebase Sessions SDK.
05-04 18:07:21.408 26334 26334 I FirebaseInitProvider: FirebaseApp initialization successful
05-04 18:07:21.409 26334 26523 I FirebaseCrashlytics: No version control information found
05-04 18:07:21.411 26334 26334 D WM-WrkMgrInitializer: Initializing WorkManager with default configuration.
05-04 18:07:21.414 26177 26183 W android.vending: ApkAssets: Deleting an ApkAssets object '<empty> and /data/app/~~qOxtarOpekTSKhDO_vsamQ==/com.deepeye.musicpro.debug-VhnyxcQhxWxCCzF-AZokOA==/base.apk' with 1 weak references
05-04 18:07:21.422 26334 26334 D WM-PackageManagerHelper: Skipping component enablement for androidx.work.impl.background.systemjob.SystemJobService
05-04 18:07:21.422 26334 26334 D WM-Schedulers: Created SystemJobScheduler and enabled SystemJobService
05-04 18:07:21.429 26334 26509 W System  : ClassLoader referenced unknown path: 
05-04 18:07:21.430 26334 26334 I CrashGuard: Enabling StrictMode penaltyDeath for debug build
05-04 18:07:21.430 26177 26459 I Finsky  : [1200] Regular flags synced
05-04 18:07:21.430 26334 26509 D nativeloader: Configuring clns-5 for other apk . target_sdk_version=37, uses_libraries=, library_path=/data/app/~~PUhE4W2uBXrEkGAAEBiq0w==/com.google.android.gms--Ck5ZGrrO_6TuPDI4fgJVw==/lib/arm64:/data/app/~~PUhE4W2uBXrEkGAAEBiq0w==/com.google.android.gms--Ck5ZGrrO_6TuPDI4fgJVw==/base.apk!/lib/arm64-v8a, permitted_path=/data:/mnt/expand:/data/user/0/com.google.android.gms
05-04 18:07:21.430 26177 26459 I Finsky  : [1200] Writing flags config, size 1.
05-04 18:07:21.431 26177 26459 I Finsky  : [1200] Started writing experiment flags into file [ZVDOeWJBbuWqBJk2Hx5t5jkoCsshayjlzpW0A9H8gpA].
05-04 18:07:21.432 26334 26513 W InstallationId: Error getting authentication token.
05-04 18:07:21.432 26334 26513 W InstallationId: java.lang.IllegalArgumentException: Please set a valid API key. A Firebase API key is required to communicate with Firebase server APIs: It authenticates your project with Google.Please refer to https://firebase.google.com/support/privacy/init-options.
05-04 18:07:21.432 26334 26513 W InstallationId: 	at com.google.android.gms.common.internal.Preconditions.checkArgument(com.google.android.gms:play-services-basement@@18.3.0:2)
05-04 18:07:21.432 26334 26513 W InstallationId: 	at com.google.firebase.installations.FirebaseInstallations.preConditionChecks(FirebaseInstallations.java:178)
05-04 18:07:21.432 26334 26513 W InstallationId: 	at com.google.firebase.installations.FirebaseInstallations.getToken(FirebaseInstallations.java:259)
05-04 18:07:21.432 26334 26513 W InstallationId: 	at com.google.firebase.sessions.InstallationId$Companion.create(InstallationId.kt:32)
05-04 18:07:21.432 26334 26513 W InstallationId: 	at com.google.firebase.sessions.settings.RemoteSettings.updateSettings(RemoteSettings.kt:76)
05-04 18:07:21.432 26334 26513 W InstallationId: 	at com.google.firebase.sessions.settings.SessionsSettings.updateSettings(SessionsSettings.kt:139)
05-04 18:07:21.432 26334 26513 W InstallationId: 	at com.google.firebase.sessions.FirebaseSessions$1.invokeSuspend(FirebaseSessions.kt:49)
05-04 18:07:21.432 26334 26513 W InstallationId: 	at kotlin.coroutines.jvm.internal.BaseContinuationImpl.resumeWith(ContinuationImpl.kt:33)
05-04 18:07:21.432 26334 26513 W InstallationId: 	at kotlinx.coroutines.DispatchedTask.run(DispatchedTask.kt:101)
05-04 18:07:21.432 26334 26513 W InstallationId: 	at java.util.concurrent.ThreadPoolExecutor.runWorker(ThreadPoolExecutor.java:1154)
05-04 18:07:21.432 26334 26513 W InstallationId: 	at java.util.concurrent.ThreadPoolExecutor$Worker.run(ThreadPoolExecutor.java:652)
05-04 18:07:21.432 26334 26513 W InstallationId: 	at com.google.firebase.concurrent.CustomThreadFactory.lambda$newThread$0$com-google-firebase-concurrent-CustomThreadFactory(CustomThreadFactory.java:47)
05-04 18:07:21.432 26334 26513 W InstallationId: 	at com.google.firebase.concurrent.CustomThreadFactory$$ExternalSyntheticLambda0.run(D8$$SyntheticClass:0)
05-04 18:07:21.432 26334 26513 W InstallationId: 	at java.lang.Thread.run(Thread.java:1564)
05-04 18:07:21.432 26334 26334 D nativeloader: Load /data/app/~~qOxtarOpekTSKhDO_vsamQ==/com.deepeye.musicpro.debug-VhnyxcQhxWxCCzF-AZokOA==/base.apk!/lib/arm64-v8a/libdeepeye_dsp.so using class loader ns clns-4 (caller=/data/app/~~qOxtarOpekTSKhDO_vsamQ==/com.deepeye.musicpro.debug-VhnyxcQhxWxCCzF-AZokOA==/base.apk!classes11.dex): ok
05-04 18:07:21.432 26334 26334 I DeepEyeJNI: JNI_OnLoad called - Native library initializing...
05-04 18:07:21.433 26334 26513 W InstallationId: Error getting Firebase installation id .
05-04 18:07:21.433 26334 26513 W InstallationId: java.lang.IllegalArgumentException: Please set a valid API key. A Firebase API key is required to communicate with Firebase server APIs: It authenticates your project with Google.Please refer to https://firebase.google.com/support/privacy/init-options.
05-04 18:07:21.433 26334 26513 W InstallationId: 	at com.google.android.gms.common.internal.Preconditions.checkArgument(com.google.android.gms:play-services-basement@@18.3.0:2)
05-04 18:07:21.433 26334 26513 W InstallationId: 	at com.google.firebase.installations.FirebaseInstallations.preConditionChecks(FirebaseInstallations.java:178)
05-04 18:07:21.433 26334 26513 W InstallationId: 	at com.google.firebase.installations.FirebaseInstallations.getId(FirebaseInstallations.java:235)
05-04 18:07:21.433 26334 26513 W InstallationId: 	at com.google.firebase.sessions.InstallationId$Companion.create(InstallationId.kt:40)
05-04 18:07:21.433 26334 26513 W InstallationId: 	at com.google.firebase.sessions.settings.RemoteSettings.updateSettings(RemoteSettings.kt:76)
05-04 18:07:21.433 26334 26513 W InstallationId: 	at com.google.firebase.sessions.settings.SessionsSettings.updateSettings(SessionsSettings.kt:139)
05-04 18:07:21.433 26334 26513 W InstallationId: 	at com.google.firebase.sessions.FirebaseSessions$1.invokeSuspend(FirebaseSessions.kt:49)
05-04 18:07:21.433 26334 26513 W InstallationId: 	at kotlin.coroutines.jvm.internal.BaseContinuationImpl.resumeWith(ContinuationImpl.kt:33)
05-04 18:07:21.433 26334 26513 W InstallationId: 	at kotlinx.coroutines.DispatchedTask.run(DispatchedTask.kt:101)
05-04 18:07:21.433 26334 26513 W InstallationId: 	at java.util.concurrent.ThreadPoolExecutor.runWorker(ThreadPoolExecutor.java:1154)
05-04 18:07:21.433 26334 26513 W InstallationId: 	at java.util.concurrent.ThreadPoolExecutor$Worker.run(ThreadPoolExecutor.java:652)
05-04 18:07:21.433 26334 26513 W InstallationId: 	at com.google.firebase.concurrent.CustomThreadFactory.lambda$newThread$0$com-google-firebase-concurrent-CustomThreadFactory(CustomThreadFactory.java:47)
05-04 18:07:21.433 26334 26513 W InstallationId: 	at com.google.firebase.concurrent.CustomThreadFactory$$ExternalSyntheticLambda0.run(D8$$SyntheticClass:0)
05-04 18:07:21.433 26334 26513 W InstallationId: 	at java.lang.Thread.run(Thread.java:1564)
05-04 18:07:21.433 26334 26513 W SessionConfigFetcher: Error getting Firebase Installation ID. Skipping this Session Event.
05-04 18:07:21.433 26334 26513 D LifecycleServiceBinder: Binding service to application.
05-04 18:07:21.435  3064  3215 D CompatibilityChangeReporter: Compat change id reported: 261072174; UID 10502; state: ENABLED
05-04 18:07:21.436 26334 26334 I Typeface: updateThemeFont new=Rookery-Regular;old=sans-serif;new=Rookery-Stacked;old=
05-04 18:07:21.437  3064  4883 I ActivityManager: Flag disabled. Ignoring finishAttachApplication from uid: 10502. pid: 26334
05-04 18:07:21.438 26177 26459 I Finsky  : [1200] Finished writing experiment flags into file [ZVDOeWJBbuWqBJk2Hx5t5jkoCsshayjlzpW0A9H8gpA], numFlags=1999.
05-04 18:07:21.439 26177 26459 I Finsky  : [1200] Successfully applied new configurations for package com.google.android.finsky.regular.
05-04 18:07:21.439 26177 26459 I Finsky  : [1200] Triggered update for experiment package com.google.android.finsky.regular.
05-04 18:07:21.447 26334 26509 W .musicpro.debug: ClassLoaderContext classpath element checksum mismatch. expected=3459175842, found=2389662786 (DLC[];PCL[base.apk*3459175842]{PCL[/system/framework/org.apache.http.legacy.jar*365604909]#PCL[/system/framework/com.android.location.provider.jar*3994156537]#PCL[/system/framework/com.android.media.remotedisplay.jar*2114713712]} | DLC[];PCL[/data/app/~~qOxtarOpekTSKhDO_vsamQ==/com.deepeye.musicpro.debug-VhnyxcQhxWxCCzF-AZokOA==/base.apk*2389662786])
05-04 18:07:21.461 26334 26334 D AppCompatDelegate: Checking for metadata for AppLocalesMetadataHolderService : Service not found
05-04 18:07:21.472  3827  3912 V WindowManagerShell: Transition animation finished (aborted=false), notifying core (#6167)android.os.BinderProxy@e033921@0
05-04 18:07:21.473 26177 26459 I Finsky  : [1200] Already at the latest configurations for experiment package com.google.android.finsky.regular.
05-04 18:07:21.473 26177 26459 I Finsky  : [1200] Triggered update for experiment package com.google.android.finsky.regular.
05-04 18:07:21.473  3064  3367 V WindowManager: Finish Transition #6167: created at 05-04 18:07:21.140 collect-started=0.011ms request-sent=7.591ms started=20.692ms ready=20.678ms sent=45.285ms finished=333.272ms
05-04 18:07:21.475  3827  3912 V WindowManagerShell: Track 0 became idle
05-04 18:07:21.475  3827  3912 V WindowManagerShell: All active transition animations finished
05-04 18:07:21.479 10800 10837 D Surface : Surface::disconnect
05-04 18:07:21.479 10800 10837 D BufferQueueProducer: [VRI[GoogleDiscoverWindow]#35(BLAST Consumer)35](id:2a3000000023,api:1,p:10800,c:10800) disconnect: api 1
05-04 18:07:21.481 20981 21011 D Surface : Surface::disconnect
05-04 18:07:21.481 20981 21011 D BufferQueueProducer: [VRI[CustomizationPanelLauncher]#306(BLAST Consumer)306](id:51f500000454,api:1,p:20981,c:20981) disconnect: api 1
05-04 18:07:21.486 26334 26530 D CompatibilityChangeReporter: Compat change id reported: 160794467; UID 10502; state: ENABLED
05-04 18:07:21.502 26177 26213 I Finsky  : [1149] WM::SCH: Logging work initialize for 12-1
05-04 18:07:21.505 26177 26222 I Finsky  : [1158] SCH: Scheduling phonesky job Id: 12-1, CT: 1777898241093, Constraints: [{ L: 15000, D: 86400000, C: CHARGING_NONE, I: IDLE_NONE, N: NET_ANY, B: BATTERY_ANY }]
05-04 18:07:21.506 26177 26213 I Finsky  : [1149] WM::SCH: Logging work initialize for 12-1
05-04 18:07:21.508 26334 26548 I .musicpro.debug: hiddenapi: Accessing hidden method Ldalvik/system/VMStack;->getStackClass2()Ljava/lang/Class; (runtime_flags=0, domain=core-platform, api=unsupported) from Lm7/apm; (domain=app, TargetSdkVersion=35) using reflection: allowed
05-04 18:07:21.508 26177 26219 I Finsky  : [1155] SCH: Scheduling 1 system job(s)
05-04 18:07:21.509 26177 26219 D CompatibilityChangeReporter: Compat change id reported: 194532703; UID 10207; state: ENABLED
05-04 18:07:21.509 26177 26219 D CompatibilityChangeReporter: Compat change id reported: 253665015; UID 10207; state: ENABLED
05-04 18:07:21.509 26177 26219 I Finsky  : [1155] SCH: Scheduling system job Id: 9675, L: 14585, D: 73194721, C: false, I: false, N: 1
05-04 18:07:21.510  3064  4412 D CompatibilityChangeReporter: Compat change id reported: 271850009; UID 10207; state: ENABLED
05-04 18:07:21.510  3064  4412 D CompatibilityChangeReporter: Compat change id reported: 253665015; UID 10207; state: ENABLED
05-04 18:07:21.510  3064  4412 D CompatibilityChangeReporter: Compat change id reported: 194532703; UID 10207; state: ENABLED
05-04 18:07:21.513 26334 26545 E .musicpro.debug: No package ID 6a found for resource ID 0x6a0b0013.
05-04 18:07:21.514 26334 26545 I FA      : App measurement initialized, version: 165000
05-04 18:07:21.514 26334 26545 I FA      : To enable debug logging run: adb shell setprop log.tag.FA VERBOSE
05-04 18:07:21.514 26177 26459 I Finsky  : [1200] Regular flags synced
05-04 18:07:21.514 26334 26545 I FA      : To enable faster debug mode event logging run:
05-04 18:07:21.514 26334 26545 I FA      :   adb shell setprop debug.firebase.analytics.app com.deepeye.musicpro.debug
05-04 18:07:21.514 26177 26459 I Finsky  : [1200] Writing flags config, size 1.
05-04 18:07:21.514 26177 26459 I Finsky  : [1200] Started writing experiment flags into file [YOUeOEym3EOQsnNciNiODID43MKAIT1hNGnmWrO__L8].
05-04 18:07:21.515 26177 26222 I Finsky  : [1158] SCH: Scheduling phonesky job Id: 12-1, CT: 1777898240937, Constraints: [{ L: 15000, D: 86400000, C: CHARGING_NONE, I: IDLE_NONE, N: NET_ANY, B: BATTERY_ANY }]
05-04 18:07:21.515 26177 26212 I Finsky  : [1148] [ContentSync] finished, scheduled=true
05-04 18:07:21.516 27765 26320 I PhenotypeResourceReader: unable to find any Phenotype resource metadata for com.deepeye.musicpro.debug
05-04 18:07:21.517 26177 26219 I Finsky  : [1155] SCH: Scheduling 1 system job(s)
05-04 18:07:21.517 26177 26219 I Finsky  : [1155] SCH: Scheduling system job Id: 9675, L: 14420, D: 73194712, C: false, I: false, N: 1
05-04 18:07:21.520 26177 26459 I Finsky  : [1200] Finished writing experiment flags into file [YOUeOEym3EOQsnNciNiODID43MKAIT1hNGnmWrO__L8], numFlags=1999.
05-04 18:07:21.520 26334 26334 D CompatibilityChangeReporter: Compat change id reported: 210923482; UID 10502; state: ENABLED
05-04 18:07:21.522 26177 26459 I Finsky  : [1200] Successfully applied new configurations for package com.google.android.finsky.regular.
05-04 18:07:21.522 26177 26459 I Finsky  : [1200] Triggered update for experiment package com.google.android.finsky.regular.
05-04 18:07:21.522 26177 26213 I Finsky  : [1149] [ContentSync] finished, scheduled=true
05-04 18:07:21.525 26334 26545 W FA      : Failed to retrieve Firebase Instance Id
05-04 18:07:21.544 26177 26459 I Finsky  : [1200] Already at the latest configurations for experiment package com.google.android.finsky.regular.
05-04 18:07:21.544 26177 26459 I Finsky  : [1200] Triggered update for experiment package com.google.android.finsky.regular.
05-04 18:07:21.553 26334 26545 W FA      : Failed to retrieve Firebase Instance Id
05-04 18:07:21.557 26334 26545 I FA      : Tag Manager is not found and thus will not be used
05-04 18:07:21.564 26177 26459 I Finsky  : [1200] Already at the latest configurations for experiment package com.google.android.finsky.regular.
05-04 18:07:21.569 26334 26545 W FA      : Failed to retrieve Firebase Instance Id
05-04 18:07:21.572 26334 26545 W FA      : Failed to retrieve Firebase Instance Id
05-04 18:07:21.573 26334 26545 W FA      : Failed to retrieve Firebase Instance Id
05-04 18:07:21.573 26334 26334 I .musicpro.debug: hiddenapi: Accessing hidden method Landroid/view/ViewGroup;->makeOptionalFitsSystemWindows()V (runtime_flags=0, domain=platform, api=unsupported) from Landroidx/appcompat/widget/ViewUtils; (domain=app, TargetSdkVersion=35) using reflection: allowed
05-04 18:07:21.578 26334 26334 I MediaController: Init 9c5bac4 [AndroidXMedia3/1.4.1] [hiphi, motorola edge 30 pro, motorola, 34]
05-04 18:07:21.591  3064  4412 I SettingsAccessControlPolicy: isDeviceSettingsChangeDisabled: value -> false
05-04 18:07:21.597  3064  4412 D ActivityTaskManager: getPreferredLaunchDisplay userset_displayid false user set display id 0, current focus display 0
05-04 18:07:21.597  3064  4412 D ActivityTaskManager: getPreferredLaunchDisplay userset_displayid false user set display id 0, current focus display 0
05-04 18:07:21.597  3064  4412 D ActivityTaskManager: getPreferredLaunchDisplay userset_displayid false user set display id 0, current focus display 0
05-04 18:07:21.597  3064  4412 D ActivityTaskManager: getPreferredLaunchDisplay userset_displayid false user set display id 0, current focus display 0
05-04 18:07:21.600  3064  4412 D PowerManagerService: nativeSetPowerMode ret:false mode:5 enabled:true duration ms: 0
05-04 18:07:21.600 26177 26279 I cn_CronetUrlRequestContext: destroyNativeStreamLocked android.net.http.internal.org.chromium.net.impl.CronetBidirectionalStream@677cdf3
05-04 18:07:21.600  3064  4412 D ActivityTrigger: ActivityTrigger activityPauseTrigger 
05-04 18:07:21.600  1798  2035 W ANDR-PERF-LM: MetaMeter: handlePrimaryAsync() 118: AdaptLaunch MetaMeter. No MeterMgr Available to handle this Primary Async. !!!!
05-04 18:07:21.600  1798  2035 W ANDR-PERF-LM: MetaMeter: handlePrimaryAsync() 118: AdaptLaunch MetaMeter. No MeterMgr Available to handle this Primary Async. !!!!
05-04 18:07:21.601  3064  4412 E Transition: Trying to add a ready-group twice: Display{#0 state=ON size=1080x2400 ROTATION_0}
05-04 18:07:21.601  3064  4412 I ActivityTaskManager: START u0 {act=android.content.pm.action.REQUEST_PERMISSIONS pkg=com.google.android.permissioncontroller cmp=com.google.android.permissioncontroller/com.android.permissioncontroller.permission.ui.GrantPermissionsActivity (has extras)} with LAUNCH_MULTIPLE from uid 10502 (startActivityAsUser) (BAL_ALLOW_VISIBLE_WINDOW) result code=0
05-04 18:07:21.602  3827  3912 V WindowManagerShell: Transition requested: android.os.BinderProxy@34c7083 TransitionRequestInfo { type = 1, triggerTask = TaskInfo{userId=0 taskId=3783 displayId=0 isRunning=true baseIntent=Intent { flg=0x10000000 cmp=com.deepeye.musicpro.debug/com.deepeye.musicpro.ui.MainActivity } baseActivity=ComponentInfo{com.deepeye.musicpro.debug/com.deepeye.musicpro.ui.MainActivity} topActivity=ComponentInfo{com.google.android.permissioncontroller/com.android.permissioncontroller.permission.ui.GrantPermissionsActivity} origActivity=null realActivity=ComponentInfo{com.deepeye.musicpro.debug/com.deepeye.musicpro.ui.MainActivity} numActivities=2 lastActiveTime=1296903567 supportsMultiWindow=true supportsGlobalFreeform=true resizeMode=1 isResizeable=true isAppLocked=false canKillAndRestart=false isShowDecorCaptionWindowRequest=false minWidth=-1 minHeight=-1 defaultMinSize=200 token=WCT{android.window.IWindowContainerToken$Stub$Proxy@a260200} topActivityType=1 pictureInPictureParams=null shouldDockBigOverlays=false launchIntoPipHostTaskId=-1 lastParentTaskIdBeforePip=-1 displayCutoutSafeInsets=Rect(0, 90 - 0, 0) topActivityInfo=ActivityInfo{2cb0a39 com.android.permissioncontroller.permission.ui.GrantPermissionsActivity} launchCookies=[] positionInParent=Point(0, 0) parentTaskId=-1 isFocused=true isVisible=true isVisibleRequested=true isSleeping=false topActivityInSizeCompat=false topActivityEligibleForLetterboxEducation= false topActivityLetterboxed= false isFromDoubleTap= false topActivityLetterboxVerticalPosition= -1 topActivityLetterboxHorizontalPosition= -1 topActivityLetterboxWidth=-1 topActivityLetterboxHeight=-1 locusId=null displayAreaFeatureId=1 cameraCompatControlState=hidden}, remoteTransition = null, displayChange = null, flags = 0 }
05-04 18:07:21.606  1736  4259 D DlbDap2ProcessWithIht: process() called [19148500] times with input format 0x22 and channel mask 0x3 (ProcessingMode=9), htEnable=0(0, 0, 0)
05-04 18:07:21.617 26334 26334 D CompatibilityChangeReporter: Compat change id reported: 171228096; UID 10502; state: ENABLED
05-04 18:07:21.691  1252  1261 D DrmLibTime: got the req here! ret=0
05-04 18:07:21.692  1252  1261 D DrmLibTime: command id, time_cmd_id = 770
05-04 18:07:21.692  1252  1261 D DrmLibTime: time_getutcsec starts!
05-04 18:07:21.692  1252  1261 D DrmLibTime: QSEE Time Listener: time_getutcsec
05-04 18:07:21.692  1252  1261 D DrmLibTime: QSEE Time Listener: get_utc_seconds
05-04 18:07:21.692  1252  1261 D DrmLibTime: QSEE Time Listener: time_get_modem_time
05-04 18:07:21.692  1252  1261 D DrmLibTime: QSEE Time Listener: Checking if ATS_MODEM is set or not.
05-04 18:07:21.693  1252  1261 D QC-time-services: Lib:time_genoff_operation: pargs->base = 13
05-04 18:07:21.693  1252  1261 D QC-time-services: Lib:time_genoff_operation: pargs->operation = 2
05-04 18:07:21.693  1252  1261 D QC-time-services: Lib:time_genoff_operation: pargs->ts_val = 0
05-04 18:07:21.693  1252  1261 D QC-time-services: Lib:time_genoff_operation: Send to server  passed!!
05-04 18:07:21.694  1557  1567 D QC-time-services: Daemon: Connection accepted:time_genoff
05-04 18:07:21.695  1557 26565 D QC-time-services: Daemon:Received base = 13, unit = 1, operation = 2,value = 0
05-04 18:07:21.695  1557 26565 D QC-time-services: Daemon:genoff_opr: Base = 13, val = 0, operation = 2
05-04 18:07:21.695  1557 26565 D QC-time-services: offset is: 1 for base: 13
05-04 18:07:21.695  1252  1261 E QC-time-services: Receive Passed == base = 13, unit = 1, operation = 2, result = 0
05-04 18:07:21.695  1252  1261 D DrmLibTime: QSEE Time Listener: ATS_MODEM is set. Try to retrieve it.
05-04 18:07:21.695  1557  1567 E QC-time-services: Daemon: Time-services: Waiting to acceptconnection
05-04 18:07:21.695  1557  1567 D QC-time-services: Daemon: Connection accepted:time_genoff
05-04 18:07:21.695  1557 26566 D QC-time-services: Daemon:Received base = 13, unit = 1, operation = 1,value = 0
05-04 18:07:21.695  1557 26566 D QC-time-services: Daemon:genoff_opr: Base = 13, val = 0, operation = 1
05-04 18:07:21.695  1557 26566 D QC-time-services: Daemon: genoff get for 13
05-04 18:07:21.695  1557 26566 D QC-time-services: Daemon:Value read from QTimer mseconds = 1296907597
05-04 18:07:21.695  1557 26566 D QC-time-services: Daemon:Value read from RTC mseconds on boot = 154412000
05-04 18:07:21.695  1557 26566 D QC-time-services: Daemon:Value read from QTimer mseconds = 1296907597
05-04 18:07:21.695  1557 26566 D QC-time-services: Daemon:Value read from generic offset = 1776446931146
05-04 18:07:21.695  1557 26566 D QC-time-services: Daemon:Delta read on boot mseconds = 154401598
05-04 18:07:21.695  1557 26566 D QC-time-services: Daemon:Final Time = 1777898240341
05-04 18:07:21.695  1252  1261 D DrmLibTime: QSEE Time Listener: Time GenOff - seconds: 1777898240
05-04 18:07:21.695  1252  1261 D DrmLibTime: time_getutcsec returns 0, sec = 1777898240; nsec = 0
05-04 18:07:21.695  1252  1261 D DrmLibTime: time_getutcsec finished! 
05-04 18:07:21.696  1557  1567 E QC-time-services: Daemon: Time-services: Waiting to acceptconnection
05-04 18:07:21.696  1252  1261 D DrmLibTime: iotcl_continue_command finished! and return 0 
05-04 18:07:21.696  1252  1261 D DrmLibTime: before calling ioctl to read the next time_cmd
05-04 18:07:21.707 27566  6687 E MFL     : PlayStoreAppInfo - Exception HTTP error fetching URL. Status=404, URL=[https://play.google.com/store/apps/details?id=com.deepeye.musicpro.debug] for com.deepeye.musicpro.debug
05-04 18:07:21.741  1251  1251 E KeymasterUtils: rsp_header->status: -28
05-04 18:07:21.741  1251  1251 E KeyMasterHalDevice: abort_operation
05-04 18:07:21.741  1251  1251 E KeyMasterHalDevice: ret: -28
05-04 18:07:21.752  1251  1251 E KeymasterUtils: rsp_header->status: -28
05-04 18:07:21.752  1251  1251 E KeyMasterHalDevice: abort_operation
05-04 18:07:21.752  1251  1251 E KeyMasterHalDevice: ret: -28
05-04 18:07:21.768  1251  1251 E KeymasterUtils: rsp_header->status: -28
05-04 18:07:21.768  1251  1251 E KeyMasterHalDevice: abort_operation
05-04 18:07:21.768  1251  1251 E KeyMasterHalDevice: ret: -28
05-04 18:07:21.780  1251  1251 E KeymasterUtils: rsp_header->status: -28
05-04 18:07:21.780  1251  1251 E KeyMasterHalDevice: abort_operation
05-04 18:07:21.780  1251  1251 E KeyMasterHalDevice: ret: -28
05-04 18:07:21.794  1251  1251 E KeymasterUtils: rsp_header->status: -28
05-04 18:07:21.794  1251  1251 E KeyMasterHalDevice: abort_operation
05-04 18:07:21.794  1251  1251 E KeyMasterHalDevice: ret: -28
05-04 18:07:21.805  1251  1251 E KeymasterUtils: rsp_header->status: -28
05-04 18:07:21.805  1251  1251 E KeyMasterHalDevice: abort_operation
05-04 18:07:21.805  1251  1251 E KeyMasterHalDevice: ret: -28
05-04 18:07:21.817  1251  1251 E KeymasterUtils: rsp_header->status: -28
05-04 18:07:21.817  1251  1251 E KeyMasterHalDevice: abort_operation
05-04 18:07:21.817  1251  1251 E KeyMasterHalDevice: ret: -28
05-04 18:07:21.827  1251  1251 E KeymasterUtils: rsp_header->status: -28
05-04 18:07:21.827  1251  1251 E KeyMasterHalDevice: abort_operation
05-04 18:07:21.827  1251  1251 E KeyMasterHalDevice: ret: -28
05-04 18:07:21.876 26334 26513 D SessionLifecycleClient: Data Collection is disabled for all subscribers. Skipping this Event
05-04 18:07:21.878 26334 26334 D CompatibilityChangeReporter: Compat change id reported: 237531167; UID 10502; state: DISABLED
05-04 18:07:21.880 26334 26334 D ViewRootImpl: update {(0,0)(fillxfill) sim={adjust=resize forwardNavigation} ty=BASE_APPLICATION wanim=0x10302fe
05-04 18:07:21.880 26334 26334 D ViewRootImpl:   fl=LAYOUT_IN_SCREEN LAYOUT_INSET_DECOR SPLIT_TOUCH HARDWARE_ACCELERATED DRAWS_SYSTEM_BAR_BACKGROUNDS
05-04 18:07:21.880 26334 26334 D ViewRootImpl:   pfl=NO_MOVE_ANIMATION FORCE_DRAW_STATUS_BAR_BACKGROUND FIT_INSETS_CONTROLLED
05-04 18:07:21.880 26334 26334 D ViewRootImpl:   bhv=DEFAULT
05-04 18:07:21.880 26334 26334 D ViewRootImpl:   fitSides=} by setView
05-04 18:07:21.880 26334 26545 W FA      : Failed to retrieve Firebase Instance Id
05-04 18:07:21.888 26334 26334 D StrictMode: StrictMode policy violation; ~duration=159 ms: android.os.strictmode.DiskReadViolation
05-04 18:07:21.888 26334 26334 D StrictMode: 	at android.os.StrictMode$AndroidBlockGuardPolicy.onReadFromDisk(StrictMode.java:1683)
05-04 18:07:21.888 26334 26334 D StrictMode: 	at libcore.io.BlockGuardOs.access(BlockGuardOs.java:74)
05-04 18:07:21.888 26334 26334 D StrictMode: 	at libcore.io.ForwardingOs.access(ForwardingOs.java:129)
05-04 18:07:21.888 26334 26334 D StrictMode: 	at android.app.ActivityThread$AndroidOs.access(ActivityThread.java:8321)
05-04 18:07:21.888 26334 26334 D StrictMode: 	at java.io.UnixFileSystem.checkAccess(UnixFileSystem.java:337)
05-04 18:07:21.888 26334 26334 D StrictMode: 	at java.io.File.exists(File.java:829)
05-04 18:07:21.888 26334 26334 D StrictMode: 	at android.app.ContextImpl.ensurePrivateDirExists(ContextImpl.java:796)
05-04 18:07:21.888 26334 26334 D StrictMode: 	at android.app.ContextImpl.ensurePrivateDirExists(ContextImpl.java:787)
05-04 18:07:21.888 26334 26334 D StrictMode: 	at android.app.ContextImpl.getPreferencesDir(ContextImpl.java:743)
05-04 18:07:21.888 26334 26334 D StrictMode: 	at android.app.ContextImpl.getSharedPreferencesPath(ContextImpl.java:968)
05-04 18:07:21.888 26334 26334 D StrictMode: 	at android.app.ContextImpl.getSharedPreferences(ContextImpl.java:589)
05-04 18:07:21.888 26334 26334 D StrictMode: 	at android.content.ContextWrapper.getSharedPreferences(ContextWrapper.java:221)
05-04 18:07:21.888 26334 26334 D StrictMode: 	at com.google.crypto.tink.integration.android.AndroidKeysetManager$Builder.readKeysetFromPrefs(AndroidKeysetManager.java:250)
05-04 18:07:21.888 26334 26334 D StrictMode: 	at com.google.crypto.tink.integration.android.AndroidKeysetManager$Builder.build(AndroidKeysetManager.java:287)
05-04 18:07:21.888 26334 26334 D StrictMode: 	at androidx.security.crypto.EncryptedSharedPreferences.create(EncryptedSharedPreferences.java:169)
05-04 18:07:21.888 26334 26334 D StrictMode: 	at androidx.security.crypto.EncryptedSharedPreferences.create(EncryptedSharedPreferences.java:130)
05-04 18:07:21.888 26334 26334 D StrictMode: 	at com.deepeye.musicpro.auth.YoutubeAuthManager.prefs_delegate$lambda$0(YoutubeAuthManager.kt:41)
05-04 18:07:21.888 26334 26334 D StrictMode: 	at com.deepeye.musicpro.auth.YoutubeAuthManager.$r8$lambda$zdSasc3iMbY53tNridpo7uj6Rhk(Unknown Source:0)
05-04 18:07:21.888 26334 26334 D StrictMode: 	at com.deepeye.musicpro.auth.YoutubeAuthManager$$ExternalSyntheticLambda0.invoke(D8$$SyntheticClass:0)
05-04 18:07:21.888 26334 26334 D StrictMode: 	at kotlin.SynchronizedLazyImpl.getValue(LazyJVM.kt:74)
05-04 18:07:21.888 26334 26334 D StrictMode: 	at com.deepeye.musicpro.auth.YoutubeAuthManager.getPrefs(YoutubeAuthManager.kt:35)
05-04 18:07:21.888 26334 26334 D StrictMode: 	at com.deepeye.musicpro.auth.YoutubeAuthManager.getAccessToken(YoutubeAuthManager.kt:128)
05-04 18:07:21.888 26334 26334 D StrictMode: 	at com.deepeye.musicpro.ui.home.HomeViewModel$loadHomeContent$1.invokeSuspend(HomeViewModel.kt:37)
05-04 18:07:21.888 26334 26334 D StrictMode: 	at kotlin.coroutines.jvm.internal.BaseContinuationImpl.resumeWith(ContinuationImpl.kt:33)
05-04 18:07:21.888 26334 26334 D StrictMode: 	at kotlinx.coroutines.internal.DispatchedContinuationKt.resumeCancellableWith(DispatchedContinuation.kt:359)
05-04 18:07:21.888 26334 26334 D StrictMode: 	at kotlinx.coroutines.intrinsics.CancellableKt.startCoroutineCancellable(Cancellable.kt:26)
05-04 18:07:21.888 26334 26334 D StrictMode: 	at kotlinx.coroutines.CoroutineStart.invoke(CoroutineStart.kt:358)
05-04 18:07:21.888 26334 26334 D StrictMode: 	at kotlinx.coroutines.AbstractCoroutine.start(AbstractCoroutine.kt:124)
05-04 18:07:21.888 26334 26334 D StrictMode: 	at kotlinx.coroutines.BuildersKt__Builders_commonKt.launch(Builders.common.kt:52)
05-04 18:07:21.888 26334 26334 D StrictMode: 	at kotlinx.coroutines.BuildersKt.launch(Unknown Source:1)
05-04 18:07:21.888 26334 26334 D StrictMode: 	at kotlinx.coroutines.BuildersKt__Builders_commonKt.launch$default(Builders.common.kt:43)
05-04 18:07:21.888 26334 26334 D StrictMode: 	at kotlinx.coroutines.BuildersKt.launch$default(Unknown Source:1)
05-04 18:07:21.888 26334 26334 D StrictMode: 	at com.deepeye.musicpro.ui.home.HomeViewModel.loadHomeContent(HomeViewModel.kt:35)
05-04 18:07:21.888 26334 26334 D StrictMode: 	at com.deepeye.musicpro.ui.home.HomeFragment.onViewCreated(HomeFragment.kt:51)
05-04 18:07:21.888 26334 26334 D StrictMode: 	at androidx.fragment.app.Fragment.performViewCreated(Fragment.java:3152)
05-04 18:07:21.888 26334 26334 D StrictMode: 	at androidx.fragment.app.FragmentStateManager.createView(FragmentStateManager.java:608)
05-04 18:07:21.888 26334 26334 D StrictMode: 	at androidx.fragment.app.FragmentStateManager.moveToExpectedState(FragmentStateManager.java:286)
05-04 18:07:21.888 26334 26334 D StrictMode: 	at androidx.fragment.app.FragmentStore.moveToExpectedState(FragmentStore.java:114)
05-04 18:07:21.888 26334 26334 D StrictMode: 	at androidx.fragment.app.FragmentManager.moveToState(FragmentManager.java:1685)
05-04 18:07:21.888 26334 26334 D StrictMode: 	at androidx.fragment.app.FragmentManager.dispatchStateChange(FragmentManager.java:3319)
05-04 18:07:21.888 26334 26334 D StrictMode: 	at androidx.fragment.app.FragmentManager.dispatchViewCreated(FragmentManager.java:3230)
05-04 18:07:21.888 26334 26334 D StrictMode: 	at androidx.fragment.app.Fragment.performViewCreated(Fragment.java:3153)
05-04 18:07:21.888 26334 26334 D StrictMode: 	at androidx.fragment.app.FragmentStateManager.createView(FragmentStateManager.java:608)
05-04 18:07:21.888 26334 26334 D StrictMode: 	at androidx.fragment.app.FragmentStateManager.moveToExpectedState(FragmentStateManager.java:286)
05-04 18:07:21.888 26334 26334 D StrictMode: 	at androidx.fragment.app.FragmentStore.moveToExpectedState(FragmentStore.java:114)
05-04 18:07:21.888 26334 26334 D StrictMode: 	at androidx.fragment.app.FragmentManager.moveToState(FragmentManager.java:1685)
05-04 18:07:21.888 26334 26334 D StrictMode: 	at androidx.fragment.app.FragmentManager.dispatchStateChange(FragmentManager.java:3319)
05-04 18:07:21.888 26334 26334 D StrictMode: 	at androidx.fragment.app.FragmentManager.dispatchActivityCreated(FragmentManager.java:3237)
05-04 18:07:21.888 26334 26334 D StrictMode: 	at androidx.fragment.app.FragmentController.dispatchActivityCreated(FragmentController.java:263)
05-04 18:07:21.888 26334 26334 D StrictMode: 	at androidx.fragment.app.FragmentActivity.onStart(FragmentActivity.java:350)
05-04 18:07:21.888 26334 26334 D StrictMode: 	at androidx.appcompat.app.AppCompatActivity.onStart(AppCompatActivity.java:251)
05-04 18:07:21.888 26334 26334 D StrictMode: 	at android.app.Instrumentation.callActivityOnStart(Instrumentation.java:1582)
05-04 18:07:21.888 26334 26334 D StrictMode: 	at android.app.Activity.performStart(Activity.java:8767)
05-04 18:07:21.888 26334 26334 D StrictMode: 	at android.app.ActivityThread.handleStartActivity(ActivityThread.java:3942)
05-04 18:07:21.888 26334 26334 D StrictMode: 	at android.app.servertransaction.TransactionExecutor.performLifecycleSequence(TransactionExecutor.java:225)
05-04 18:07:21.888 26334 26334 D StrictMode: 	at android.app.servertransaction.TransactionExecutor.cycleToPath(TransactionExecutor.java:205)
05-04 18:07:21.888 26334 26334 D StrictMode: 	at android.app.servertransaction.TransactionExecutor.executeLifecycleState(TransactionExecutor.java:177)
05-04 18:07:21.888 26334 26334 D StrictMode: 	at android.app.servertransaction.TransactionExecutor.execute(TransactionExecutor.java:98)
05-04 18:07:21.888 26334 26334 D StrictMode: 	at android.app.ActivityThread$H.handleMessage(ActivityThread.java:2567)
05-04 18:07:21.888 26334 26334 D StrictMode: 	at android.os.Handler.dispatchMessage(Handler.java:111)
05-04 18:07:21.888 26334 26334 D StrictMode: 	at android.os.Looper.loopOnce(Looper.java:242)
05-04 18:07:21.888 26334 26334 D StrictMode: 	at android.os.Looper.loop(Looper.java:362)
05-04 18:07:21.888 26334 26334 D StrictMode: 	at android.app.ActivityThread.main(ActivityThread.java:8448)
05-04 18:07:21.888 26334 26334 D StrictMode: 	at java.lang.reflect.Method.invoke(Native Method)
05-04 18:07:21.888 26334 26334 D StrictMode: 	at com.android.internal.os.RuntimeInit$MethodAndArgsCaller.run(RuntimeInit.java:552)
05-04 18:07:21.888 26334 26334 D StrictMode: 	at com.android.internal.os.ZygoteInit.main(ZygoteInit.java:992)
05-04 18:07:21.888 26334 26334 D AndroidRuntime: Shutting down VM
--------- beginning of crash
05-04 18:07:21.888 26334 26334 E AndroidRuntime: FATAL EXCEPTION: main
05-04 18:07:21.888 26334 26334 E AndroidRuntime: Process: com.deepeye.musicpro.debug, PID: 26334
05-04 18:07:21.888 26334 26334 E AndroidRuntime: java.lang.RuntimeException: StrictMode ThreadPolicy violation
05-04 18:07:21.888 26334 26334 E AndroidRuntime: 	at android.os.StrictMode$AndroidBlockGuardPolicy.onThreadPolicyViolation(StrictMode.java:1900)
05-04 18:07:21.888 26334 26334 E AndroidRuntime: 	at android.os.StrictMode$AndroidBlockGuardPolicy.lambda$handleViolationWithTimingAttempt$0(StrictMode.java:1814)
05-04 18:07:21.888 26334 26334 E AndroidRuntime: 	at android.os.StrictMode$AndroidBlockGuardPolicy.$r8$lambda$AF9hglpXLeeg2_1ZxHCfZb2exEY(Unknown Source:0)
05-04 18:07:21.888 26334 26334 E AndroidRuntime: 	at android.os.StrictMode$AndroidBlockGuardPolicy$$ExternalSyntheticLambda1.run(Unknown Source:6)
05-04 18:07:21.888 26334 26334 E AndroidRuntime: 	at android.os.Handler.handleCallback(Handler.java:1000)
05-04 18:07:21.888 26334 26334 E AndroidRuntime: 	at android.os.Handler.dispatchMessage(Handler.java:104)
05-04 18:07:21.888 26334 26334 E AndroidRuntime: 	at android.os.Looper.loopOnce(Looper.java:242)
05-04 18:07:21.888 26334 26334 E AndroidRuntime: 	at android.os.Looper.loop(Looper.java:362)
05-04 18:07:21.888 26334 26334 E AndroidRuntime: 	at android.app.ActivityThread.main(ActivityThread.java:8448)
05-04 18:07:21.888 26334 26334 E AndroidRuntime: 	at java.lang.reflect.Method.invoke(Native Method)
05-04 18:07:21.888 26334 26334 E AndroidRuntime: 	at com.android.internal.os.RuntimeInit$MethodAndArgsCaller.run(RuntimeInit.java:552)
05-04 18:07:21.888 26334 26334 E AndroidRuntime: 	at com.android.internal.os.ZygoteInit.main(ZygoteInit.java:992)
05-04 18:07:21.888 26334 26334 E AndroidRuntime: Caused by: android.os.strictmode.DiskReadViolation
05-04 18:07:21.888 26334 26334 E AndroidRuntime: 	at android.os.StrictMode$AndroidBlockGuardPolicy.onReadFromDisk(StrictMode.java:1683)
05-04 18:07:21.888 26334 26334 E AndroidRuntime: 	at libcore.io.BlockGuardOs.access(BlockGuardOs.java:74)
05-04 18:07:21.888 26334 26334 E AndroidRuntime: 	at libcore.io.ForwardingOs.access(ForwardingOs.java:129)
05-04 18:07:21.888 26334 26334 E AndroidRuntime: 	at android.app.ActivityThread$AndroidOs.access(ActivityThread.java:8321)
05-04 18:07:21.888 26334 26334 E AndroidRuntime: 	at java.io.UnixFileSystem.checkAccess(UnixFileSystem.java:337)
05-04 18:07:21.888 26334 26334 E AndroidRuntime: 	at java.io.File.exists(File.java:829)
05-04 18:07:21.888 26334 26334 E AndroidRuntime: 	at android.app.ContextImpl.ensurePrivateDirExists(ContextImpl.java:796)
05-04 18:07:21.888 26334 26334 E AndroidRuntime: 	at android.app.ContextImpl.ensurePrivateDirExists(ContextImpl.java:787)
05-04 18:07:21.888 26334 26334 E AndroidRuntime: 	at android.app.ContextImpl.getPreferencesDir(ContextImpl.java:743)
05-04 18:07:21.888 26334 26334 E AndroidRuntime: 	at android.app.ContextImpl.getSharedPreferencesPath(ContextImpl.java:968)
05-04 18:07:21.888 26334 26334 E AndroidRuntime: 	at android.app.ContextImpl.getSharedPreferences(ContextImpl.java:589)
05-04 18:07:21.888 26334 26334 E AndroidRuntime: 	at android.content.ContextWrapper.getSharedPreferences(ContextWrapper.java:221)
05-04 18:07:21.888 26334 26334 E AndroidRuntime: 	at com.google.crypto.tink.integration.android.AndroidKeysetManager$Builder.readKeysetFromPrefs(AndroidKeysetManager.java:250)
05-04 18:07:21.888 26334 26334 E AndroidRuntime: 	at com.google.crypto.tink.integration.android.AndroidKeysetManager$Builder.build(AndroidKeysetManager.java:287)
05-04 18:07:21.888 26334 26334 E AndroidRuntime: 	at androidx.security.crypto.EncryptedSharedPreferences.create(EncryptedSharedPreferences.java:169)
05-04 18:07:21.888 26334 26334 E AndroidRuntime: 	at androidx.security.crypto.EncryptedSharedPreferences.create(EncryptedSharedPreferences.java:130)
05-04 18:07:21.888 26334 26334 E AndroidRuntime: 	at com.deepeye.musicpro.auth.YoutubeAuthManager.prefs_delegate$lambda$0(YoutubeAuthManager.kt:41)
05-04 18:07:21.888 26334 26334 E AndroidRuntime: 	at com.deepeye.musicpro.auth.YoutubeAuthManager.$r8$lambda$zdSasc3iMbY53tNridpo7uj6Rhk(Unknown Source:0)
05-04 18:07:21.888 26334 26334 E AndroidRuntime: 	at com.deepeye.musicpro.auth.YoutubeAuthManager$$ExternalSyntheticLambda0.invoke(D8$$SyntheticClass:0)
05-04 18:07:21.888 26334 26334 E AndroidRuntime: 	at kotlin.SynchronizedLazyImpl.getValue(LazyJVM.kt:74)
05-04 18:07:21.888 26334 26334 E AndroidRuntime: 	at com.deepeye.musicpro.auth.YoutubeAuthManager.getPrefs(YoutubeAuthManager.kt:35)
05-04 18:07:21.888 26334 26334 E AndroidRuntime: 	at com.deepeye.musicpro.auth.YoutubeAuthManager.getAccessToken(YoutubeAuthManager.kt:128)
05-04 18:07:21.888 26334 26334 E AndroidRuntime: 	at com.deepeye.musicpro.ui.home.HomeViewModel$loadHomeContent$1.invokeSuspend(HomeViewModel.kt:37)
05-04 18:07:21.888 26334 26334 E AndroidRuntime: 	at kotlin.coroutines.jvm.internal.BaseContinuationImpl.resumeWith(ContinuationImpl.kt:33)
05-04 18:07:21.888 26334 26334 E AndroidRuntime: 	at kotlinx.coroutines.internal.DispatchedContinuationKt.resumeCancellableWith(DispatchedContinuation.kt:359)
05-04 18:07:21.888 26334 26334 E AndroidRuntime: 	at kotlinx.coroutines.intrinsics.CancellableKt.startCoroutineCancellable(Cancellable.kt:26)
05-04 18:07:21.888 26334 26334 E AndroidRuntime: 	at kotlinx.coroutines.CoroutineStart.invoke(CoroutineStart.kt:358)
05-04 18:07:21.888 26334 26334 E AndroidRuntime: 	at kotlinx.coroutines.AbstractCoroutine.start(AbstractCoroutine.kt:124)
05-04 18:07:21.888 26334 26334 E AndroidRuntime: 	at kotlinx.coroutines.BuildersKt__Builders_commonKt.launch(Builders.common.kt:52)
05-04 18:07:21.888 26334 26334 E AndroidRuntime: 	at kotlinx.coroutines.BuildersKt.launch(Unknown Source:1)
05-04 18:07:21.888 26334 26334 E AndroidRuntime: 	at kotlinx.coroutines.BuildersKt__Builders_commonKt.launch$default(Builders.common.kt:43)
05-04 18:07:21.888 26334 26334 E AndroidRuntime: 	at kotlinx.coroutines.BuildersKt.launch$default(Unknown Source:1)
05-04 18:07:21.888 26334 26334 E AndroidRuntime: 	at com.deepeye.musicpro.ui.home.HomeViewModel.loadHomeContent(HomeViewModel.kt:35)
05-04 18:07:21.888 26334 26334 E AndroidRuntime: 	at com.deepeye.musicpro.ui.home.HomeFragment.onViewCreated(HomeFragment.kt:51)
05-04 18:07:21.888 26334 26334 E AndroidRuntime: 	at androidx.fragment.app.Fragment.performViewCreated(Fragment.java:3152)
05-04 18:07:21.889 26334 26334 E AndroidRuntime: 	at androidx.fragment.app.FragmentStateManager.createView(FragmentStateManager.java:608)
05-04 18:07:21.889 26334 26334 E AndroidRuntime: 	at androidx.fragment.app.FragmentStateManager.moveToExpectedState(FragmentStateManager.java:286)
05-04 18:07:21.889 26334 26334 E AndroidRuntime: 	at androidx.fragment.app.FragmentStore.moveToExpectedState(FragmentStore.java:114)
05-04 18:07:21.889 26334 26334 E AndroidRuntime: 	at androidx.fragment.app.FragmentManager.moveToState(FragmentManager.java:1685)
05-04 18:07:21.889 26334 26334 E AndroidRuntime: 	at androidx.fragment.app.FragmentManager.dispatchStateChange(FragmentManager.java:3319)
05-04 18:07:21.889 26334 26334 E AndroidRuntime: 	at androidx.fragment.app.FragmentManager.dispatchViewCreated(FragmentManager.java:3230)
05-04 18:07:21.889 26334 26334 E AndroidRuntime: 	at androidx.fragment.app.Fragment.performViewCreated(Fragment.java:3153)
05-04 18:07:21.889 26334 26334 E AndroidRuntime: 	at androidx.fragment.app.FragmentStateManager.createView(FragmentStateManager.java:608)
05-04 18:07:21.889 26334 26334 E AndroidRuntime: 	at androidx.fragment.app.FragmentStateManager.moveToExpectedState(FragmentStateManager.java:286)
05-04 18:07:21.889 26334 26334 E AndroidRuntime: 	at androidx.fragment.app.FragmentStore.moveToExpectedState(FragmentStore.java:114)
05-04 18:07:21.889 26334 26334 E AndroidRuntime: 	at androidx.fragment.app.FragmentManager.moveToState(FragmentManager.java:1685)
05-04 18:07:21.889 26334 26334 E AndroidRuntime: 	at androidx.fragment.app.FragmentManager.dispatchStateChange(FragmentManager.java:3319)
05-04 18:07:21.889 26334 26334 E AndroidRuntime: 	at androidx.fragment.app.FragmentManager.dispatchActivityCreated(FragmentManager.java:3237)
05-04 18:07:21.889 26334 26334 E AndroidRuntime: 	at androidx.fragment.app.FragmentController.dispatchActivityCreated(FragmentController.java:263)
05-04 18:07:21.889 26334 26334 E AndroidRuntime: 	at androidx.fragment.app.FragmentActivity.onStart(FragmentActivity.java:350)
05-04 18:07:21.889 26334 26334 E AndroidRuntime: 	at androidx.appcompat.app.AppCompatActivity.onStart(AppCompatActivity.java:251)
05-04 18:07:21.889 26334 26334 E AndroidRuntime: 	at android.app.Instrumentation.callActivityOnStart(Instrumentation.java:1582)
05-04 18:07:21.889 26334 26334 E AndroidRuntime: 	at android.app.Activity.performStart(Activity.java:8767)
05-04 18:07:21.889 26334 26334 E AndroidRuntime: 	at android.app.ActivityThread.handleStartActivity(ActivityThread.java:3942)
05-04 18:07:21.889 26334 26334 E AndroidRuntime: 	at android.app.servertransaction.TransactionExecutor.performLifecycleSequence(TransactionExecutor.java:225)
05-04 18:07:21.889 26334 26334 E AndroidRuntime: 	at android.app.servertransaction.TransactionExecutor.cycleToPath(TransactionExecutor.java:205)
05-04 18:07:21.889 26334 26334 E AndroidRuntime: 	at android.app.servertransaction.TransactionExecutor.executeLifecycleState(TransactionExecutor.java:177)
05-04 18:07:21.889 26334 26334 E AndroidRuntime: 	at android.app.servertransaction.TransactionExecutor.execute(TransactionExecutor.java:98)
05-04 18:07:21.889 26334 26334 E AndroidRuntime: 	at android.app.ActivityThread$H.handleMessage(ActivityThread.java:2567)
05-04 18:07:21.889 26334 26334 E AndroidRuntime: 	at android.os.Handler.dispatchMessage(Handler.java:111)
05-04 18:07:21.889 26334 26334 E AndroidRuntime: 	... 6 more
05-04 18:07:21.889 26334 26334 E CrashGuard: FATAL EXCEPTION: main
05-04 18:07:21.889 26334 26334 E CrashGuard: java.lang.RuntimeException: StrictMode ThreadPolicy violation
05-04 18:07:21.889 26334 26334 E CrashGuard: 	at android.os.StrictMode$AndroidBlockGuardPolicy.onThreadPolicyViolation(StrictMode.java:1900)
05-04 18:07:21.889 26334 26334 E CrashGuard: 	at android.os.StrictMode$AndroidBlockGuardPolicy.lambda$handleViolationWithTimingAttempt$0(StrictMode.java:1814)
05-04 18:07:21.889 26334 26334 E CrashGuard: 	at android.os.StrictMode$AndroidBlockGuardPolicy.$r8$lambda$AF9hglpXLeeg2_1ZxHCfZb2exEY(Unknown Source:0)
05-04 18:07:21.889 26334 26334 E CrashGuard: 	at android.os.StrictMode$AndroidBlockGuardPolicy$$ExternalSyntheticLambda1.run(Unknown Source:6)
05-04 18:07:21.889 26334 26334 E CrashGuard: 	at android.os.Handler.handleCallback(Handler.java:1000)
05-04 18:07:21.889 26334 26334 E CrashGuard: 	at android.os.Handler.dispatchMessage(Handler.java:104)
05-04 18:07:21.889 26334 26334 E CrashGuard: 	at android.os.Looper.loopOnce(Looper.java:242)
05-04 18:07:21.889 26334 26334 E CrashGuard: 	at android.os.Looper.loop(Looper.java:362)
05-04 18:07:21.889 26334 26334 E CrashGuard: 	at android.app.ActivityThread.main(ActivityThread.java:8448)
05-04 18:07:21.889 26334 26334 E CrashGuard: 	at java.lang.reflect.Method.invoke(Native Method)
05-04 18:07:21.889 26334 26334 E CrashGuard: 	at com.android.internal.os.RuntimeInit$MethodAndArgsCaller.run(RuntimeInit.java:552)
05-04 18:07:21.889 26334 26334 E CrashGuard: 	at com.android.internal.os.ZygoteInit.main(ZygoteInit.java:992)
05-04 18:07:21.889 26334 26334 E CrashGuard: Caused by: android.os.strictmode.DiskReadViolation
05-04 18:07:21.889 26334 26334 E CrashGuard: 	at android.os.StrictMode$AndroidBlockGuardPolicy.onReadFromDisk(StrictMode.java:1683)
05-04 18:07:21.889 26334 26334 E CrashGuard: 	at libcore.io.BlockGuardOs.access(BlockGuardOs.java:74)
05-04 18:07:21.889 26334 26334 E CrashGuard: 	at libcore.io.ForwardingOs.access(ForwardingOs.java:129)
05-04 18:07:21.889 26334 26334 E CrashGuard: 	at android.app.ActivityThread$AndroidOs.access(ActivityThread.java:8321)
05-04 18:07:21.889 26334 26334 E CrashGuard: 	at java.io.UnixFileSystem.checkAccess(UnixFileSystem.java:337)
05-04 18:07:21.889 26334 26334 E CrashGuard: 	at java.io.File.exists(File.java:829)
05-04 18:07:21.889 26334 26334 E CrashGuard: 	at android.app.ContextImpl.ensurePrivateDirExists(ContextImpl.java:796)
05-04 18:07:21.889 26334 26334 E CrashGuard: 	at android.app.ContextImpl.ensurePrivateDirExists(ContextImpl.java:787)
05-04 18:07:21.889 26334 26334 E CrashGuard: 	at android.app.ContextImpl.getPreferencesDir(ContextImpl.java:743)
05-04 18:07:21.889 26334 26334 E CrashGuard: 	at android.app.ContextImpl.getSharedPreferencesPath(ContextImpl.java:968)
05-04 18:07:21.889 26334 26334 E CrashGuard: 	at android.app.ContextImpl.getSharedPreferences(ContextImpl.java:589)
05-04 18:07:21.889 26334 26334 E CrashGuard: 	at android.content.ContextWrapper.getSharedPreferences(ContextWrapper.java:221)
05-04 18:07:21.889 26334 26334 E CrashGuard: 	at com.google.crypto.tink.integration.android.AndroidKeysetManager$Builder.readKeysetFromPrefs(AndroidKeysetManager.java:250)
05-04 18:07:21.889 26334 26334 E CrashGuard: 	at com.google.crypto.tink.integration.android.AndroidKeysetManager$Builder.build(AndroidKeysetManager.java:287)
05-04 18:07:21.889 26334 26334 E CrashGuard: 	at androidx.security.crypto.EncryptedSharedPreferences.create(EncryptedSharedPreferences.java:169)
05-04 18:07:21.889 26334 26334 E CrashGuard: 	at androidx.security.crypto.EncryptedSharedPreferences.create(EncryptedSharedPreferences.java:130)
05-04 18:07:21.889 26334 26334 E CrashGuard: 	at com.deepeye.musicpro.auth.YoutubeAuthManager.prefs_delegate$lambda$0(YoutubeAuthManager.kt:41)
05-04 18:07:21.889 26334 26334 E CrashGuard: 	at com.deepeye.musicpro.auth.YoutubeAuthManager.$r8$lambda$zdSasc3iMbY53tNridpo7uj6Rhk(Unknown Source:0)
05-04 18:07:21.889 26334 26334 E CrashGuard: 	at com.deepeye.musicpro.auth.YoutubeAuthManager$$ExternalSyntheticLambda0.invoke(D8$$SyntheticClass:0)
05-04 18:07:21.889 26334 26334 E CrashGuard: 	at kotlin.SynchronizedLazyImpl.getValue(LazyJVM.kt:74)
05-04 18:07:21.889 26334 26334 E CrashGuard: 	at com.deepeye.musicpro.auth.YoutubeAuthManager.getPrefs(YoutubeAuthManager.kt:35)
05-04 18:07:21.889 26334 26334 E CrashGuard: 	at com.deepeye.musicpro.auth.YoutubeAuthManager.getAccessToken(YoutubeAuthManager.kt:128)
05-04 18:07:21.889 26334 26334 E CrashGuard: 	at com.deepeye.musicpro.ui.home.HomeViewModel$loadHomeContent$1.invokeSuspend(HomeViewModel.kt:37)
05-04 18:07:21.889 26334 26334 E CrashGuard: 	at kotlin.coroutines.jvm.internal.BaseContinuationImpl.resumeWith(ContinuationImpl.kt:33)
05-04 18:07:21.889 26334 26334 E CrashGuard: 	at kotlinx.coroutines.internal.DispatchedContinuationKt.resumeCancellableWith(DispatchedContinuation.kt:359)
05-04 18:07:21.889 26334 26334 E CrashGuard: 	at kotlinx.coroutines.intrinsics.CancellableKt.startCoroutineCancellable(Cancellable.kt:26)
05-04 18:07:21.889 26334 26334 E CrashGuard: 	at kotlinx.coroutines.CoroutineStart.invoke(CoroutineStart.kt:358)
05-04 18:07:21.889 26334 26334 E CrashGuard: 	at kotlinx.coroutines.AbstractCoroutine.start(AbstractCoroutine.kt:124)
05-04 18:07:21.889 26334 26334 E CrashGuard: 	at kotlinx.coroutines.BuildersKt__Builders_commonKt.launch(Builders.common.kt:52)
05-04 18:07:21.889 26334 26334 E CrashGuard: 	at kotlinx.coroutines.BuildersKt.launch(Unknown Source:1)
05-04 18:07:21.889 26334 26334 E CrashGuard: 	at kotlinx.coroutines.BuildersKt__Builders_commonKt.launch$default(Builders.common.kt:43)
05-04 18:07:21.889 26334 26334 E CrashGuard: 	at kotlinx.coroutines.BuildersKt.launch$default(Unknown Source:1)
05-04 18:07:21.889 26334 26334 E CrashGuard: 	at com.deepeye.musicpro.ui.home.HomeViewModel.loadHomeContent(HomeViewModel.kt:35)
05-04 18:07:21.889 26334 26334 E CrashGuard: 	at com.deepeye.musicpro.ui.home.HomeFragment.onViewCreated(HomeFragment.kt:51)
05-04 18:07:21.889 26334 26334 E CrashGuard: 	at androidx.fragment.app.Fragment.performViewCreated(Fragment.java:3152)
05-04 18:07:21.889 26334 26334 E CrashGuard: 	at androidx.fragment.app.FragmentStateManager.createView(FragmentStateManager.java:608)
05-04 18:07:21.889 26334 26334 E CrashGuard: 	at androidx.fragment.app.FragmentStateManager.moveToExpectedState(FragmentStateManager.java:286)
05-04 18:07:21.889 26334 26334 E CrashGuard: 	at androidx.fragment.app.FragmentStore.moveToExpectedState(FragmentStore.java:114)
05-04 18:07:21.889 26334 26334 E CrashGuard: 	at androidx.fragment.app.FragmentManager.moveToState(FragmentManager.java:1685)
05-04 18:07:21.889 26334 26334 E CrashGuard: 	at androidx.fragment.app.FragmentManager.dispatchStateChange(FragmentManager.java:3319)
05-04 18:07:21.889 26334 26334 E CrashGuard: 	at androidx.fragment.app.FragmentManager.dispatchViewCreated(FragmentManager.java:3230)
05-04 18:07:21.889 26334 26334 E CrashGuard: 	at androidx.fragment.app.Fragment.performViewCreated(Fragment.java:3153)
05-04 18:07:21.889 26334 26334 E CrashGuard: 	at androidx.fragment.app.FragmentStateManager.createView(FragmentStateManager.java:608)
05-04 18:07:21.889 26334 26334 E CrashGuard: 	at androidx.fragment.app.FragmentStateManager.moveToExpectedState(FragmentStateManager.java:286)
05-04 18:07:21.889 26334 26334 E CrashGuard: 	at androidx.fragment.app.FragmentStore.moveToExpectedState(FragmentStore.java:114)
05-04 18:07:21.889 26334 26334 E CrashGuard: 	at androidx.fragment.app.FragmentManager.moveToState(FragmentManager.java:1685)
05-04 18:07:21.889 26334 26334 E CrashGuard: 	at androidx.fragment.app.FragmentManager.dispatchStateChange(FragmentManager.java:3319)
05-04 18:07:21.889 26334 26334 E CrashGuard: 	at androidx.fragment.app.FragmentManager.dispatchActivityCreated(FragmentManager.java:3237)
05-04 18:07:21.889 26334 26334 E CrashGuard: 	at androidx.fragment.app.FragmentController.dispatchActivityCreated(FragmentController.java:263)
05-04 18:07:21.889 26334 26334 E CrashGuard: 	at androidx.fragment.app.FragmentActivity.onStart(FragmentActivity.java:350)
05-04 18:07:21.889 26334 26334 E CrashGuard: 	at androidx.appcompat.app.AppCompatActivity.onStart(AppCompatActivity.java:251)
05-04 18:07:21.889 26334 26334 E CrashGuard: 	at android.app.Instrumentation.callActivityOnStart(Instrumentation.java:1582)
05-04 18:07:21.889 26334 26334 E CrashGuard: 	at android.app.Activity.performStart(Activity.java:8767)
05-04 18:07:21.889 26334 26334 E CrashGuard: 	at android.app.ActivityThread.handleStartActivity(ActivityThread.java:3942)
05-04 18:07:21.889 26334 26334 E CrashGuard: 	at android.app.servertransaction.TransactionExecutor.performLifecycleSequence(TransactionExecutor.java:225)
05-04 18:07:21.889 26334 26334 E CrashGuard: 	at android.app.servertransaction.TransactionExecutor.cycleToPath(TransactionExecutor.java:205)
05-04 18:07:21.889 26334 26334 E CrashGuard: 	at android.app.servertransaction.TransactionExecutor.executeLifecycleState(TransactionExecutor.java:177)
05-04 18:07:21.889 26334 26334 E CrashGuard: 	at android.app.servertransaction.TransactionExecutor.execute(TransactionExecutor.java:98)
05-04 18:07:21.889 26334 26334 E CrashGuard: 	at android.app.ActivityThread$H.handleMessage(ActivityThread.java:2567)
05-04 18:07:21.889 26334 26334 E CrashGuard: 	at android.os.Handler.dispatchMessage(Handler.java:111)
05-04 18:07:21.889 26334 26334 E CrashGuard: 	... 6 more
05-04 18:07:21.890 26334 26334 E CrashGuard: Crash report saved locally to /data/user/0/com.deepeye.musicpro.debug/cache/crash_logs/crash_1777898241889.log
05-04 18:07:21.902  3064  3215 I AppsFilter: interaction: PackageSetting{a9f56c3 com.deepeye.musicpro.debug/10502} -> PackageSetting{a14941e com.motorola.motosignature.app/10134} BLOCKED
05-04 18:07:21.978 26334 26523 W FirebaseCrashlytics: Unable to read App Quality Sessions session id.
05-04 18:07:21.993 26334 26523 D libcrashlytics: Initializing libcrashlytics version 3.2.0
05-04 18:07:21.995 26334 26523 D libcrashlytics: Initializing native crash handling successful.
05-04 18:07:22.000  3064  3368 I ActivityManager: 10502 handleShowAppErrorUi: shouldThottle=false,showFirstCrash=false,repeating=false,shouldForceShowError=false
05-04 18:07:22.001 26334 26334 I Process : Sending signal. PID: 26334 SIG: 9
05-04 18:07:22.002  3064 26585 I DropBoxManagerService: add tag=data_app_crash isTagEnabled=true flags=0x2
05-04 18:07:22.023  3064  5858 I WindowManager: WIN DEATH: Window{905a37d u0 com.deepeye.musicpro.debug/com.deepeye.musicpro.ui.MainActivity}
05-04 18:07:22.023  3064  7416 I ActivityManager: appDiedLocked: app=ProcessRecord{9e5194b 26334:com.deepeye.musicpro.debug/u0a502} thread=android.os.BinderProxy@7ac1b6c fromBinderDied=true isKilledByAm=false reason=null
05-04 18:07:22.023  3064  7416 I ActivityManager: Process com.deepeye.musicpro.debug (pid 26334) has died: fg  TOP 
05-04 18:07:22.024  7521  7521 I adbd    : Remote process closed the socket (on MSG_PEEK)
05-04 18:07:22.024  3064  5858 W InputManager-JNI: Input channel object '905a37d com.deepeye.musicpro.debug/com.deepeye.musicpro.ui.MainActivity (client)' was disposed without first being removed with the input manager!
05-04 18:07:22.024  3064  3404 I libprocessgroup: Successfully killed process cgroup uid 10502 pid 26334 in 0ms
05-04 18:07:22.025  1587  1587 I Zygote  : Process 26334 exited due to signal 9 (Killed)
05-04 18:07:22.026  3064  7416 D RestartModeController: markWaitRestartAppIsSuicided null processName=com.deepeye.musicpro.debug
05-04 18:07:22.027  3064  7416 W ActivityTaskManager: Force removing ActivityRecord{388948f u0 com.deepeye.musicpro.debug/com.deepeye.musicpro.ui.MainActivity t3783}: app died, no saved state
05-04 18:07:22.028  3064  7416 D CompatibilityChangeReporter: Compat change id reported: 197654537; UID 10365; state: ENABLED
05-04 18:07:22.028  3064  7416 D ActivityTaskManager: handleAppDied: uid=10502,diedCount=1,lastDiedTime=730719449,forceStopUids=false
05-04 18:07:22.029  3064  7416 I ActivityTaskManager: The Process com.google.android.permissioncontroller Already Exists in BG. So sending its PID: 26112
05-04 18:07:22.029  1798  2035 W ANDR-PERF-LM: MetaMeter: handlePrimaryAsync() 118: AdaptLaunch MetaMeter. No MeterMgr Available to handle this Primary Async. !!!!
05-04 18:07:22.029  1798  2035 W ANDR-PERF-LM: MetaMeter: handlePrimaryAsync() 118: AdaptLaunch MetaMeter. No MeterMgr Available to handle this Primary Async. !!!!
05-04 18:07:22.029  1798  2035 E ANDR-PERF-LM: MetaMeter: handleAsync() 166: AdaptLaunch Invalid Async
05-04 18:07:22.037  3064  3370 W ActivityManager: setHasOverlayUi called on unknown pid: 26334
05-04 18:07:22.039  3064  3368 D DisplayManagerService: Drop pending events for gone uid 10502
05-04 18:07:22.041 20981 21011 E OpenGLRenderer: Unable to match the desired swap behavior.
05-04 18:07:22.046 10800 10837 E OpenGLRenderer: Unable to match the desired swap behavior.
05-04 18:07:22.050  3827  3912 V WindowManagerShell: onTransitionReady android.os.BinderProxy@34c7083: {id=6168 t=OPEN f=0x0 trk=0 r=[0@Point(0, 0)] c=[{null m=OPEN f=TRANSLUCENT|STARTING_WINDOW_TRANSFER|FILLS_TASK|IS_BEHIND_STARTING_WINDOW leash=Surface(name=ActivityRecord{478bd09 u0 com.google.android.permissioncontroller/com.android.permissioncontroller.permission.ui.GrantPermissionsActivity)/@0x3c50e8a sb=Rect(0, 0 - 0, 0) eb=Rect(0, 0 - 1080, 2400) d=-1->0 r=-1->0:-1},{WCT{android.window.IWindowContainerToken$Stub$Proxy@bed8956} m=TO_FRONT f=SHOW_WALLPAPER pTaskId=-1 leash=Surface(name=Task=1)/@0xe116cfb sb=Rect(0, 0 - 1080, 2400) eb=Rect(0, 0 - 1080, 2400) d=0},{null m=TO_FRONT f=IS_WALLPAPER leash=Surface(name=WallpaperWindowToken{69b9f27 token=android.os.Binder@8253de6})/@0x1c21118 sb=Rect(0, 0 - 1080, 2400) eb=Rect(0, 0 - 1080, 2400) d=0}]}
05-04 18:07:22.050  3827  3912 V WindowManagerShell: Playing animation for (#6168)android.os.BinderProxy@34c7083@0
05-04 18:07:22.050  3827  3912 V WindowManagerShell:  try handler com.android.wm.shell.transition.DefaultMixedHandler@9f0b165
05-04 18:07:22.050  3827  3912 V WindowManagerShell:  try handler com.android.wm.shell.keyguard.KeyguardTransitionHandler@aa67e3a
05-04 18:07:22.050  3827  3912 V WindowManagerShell:  try handler com.android.wm.shell.activityembedding.ActivityEmbeddingController@e359aeb
05-04 18:07:22.050  3827  3912 V WindowManagerShell:  try handler com.android.wm.shell.recents.RecentsTransitionHandler@ec8c048
05-04 18:07:22.050  3827  3912 V ShellRecents: RecentsTransitionHandler.startAnimation: no controller found
05-04 18:07:22.050  3827  3912 V WindowManagerShell:  try handler com.android.wm.shell.pip.PipTransition@5bffee1
05-04 18:07:22.050  3827  3912 V WindowManagerShell:  try handler com.android.wm.shell.splitscreen.StageCoordinator@56e4406
05-04 18:07:22.050  3827  3912 V WindowManagerShell:  try handler com.android.wm.shell.transition.RemoteTransitionHandler@b50fac7
05-04 18:07:22.050  3064  3367 V WindowManager: Sent Transition #6168 createdAt=05-04 18:07:21.597 via request=TransitionRequestInfo { type = 1, triggerTask = TaskInfo{userId=0 taskId=3783 displayId=0 isRunning=true baseIntent=Intent { flg=0x10000000 cmp=com.deepeye.musicpro.debug/com.deepeye.musicpro.ui.MainActivity } baseActivity=ComponentInfo{com.deepeye.musicpro.debug/com.deepeye.musicpro.ui.MainActivity} topActivity=ComponentInfo{com.google.android.permissioncontroller/com.android.permissioncontroller.permission.ui.GrantPermissionsActivity} origActivity=null realActivity=ComponentInfo{com.deepeye.musicpro.debug/com.deepeye.musicpro.ui.MainActivity} numActivities=2 lastActiveTime=1296903567 supportsMultiWindow=true supportsGlobalFreeform=true resizeMode=1 isResizeable=true isAppLocked=false canKillAndRestart=true isShowDecorCaptionWindowRequest=false minWidth=-1 minHeight=-1 defaultMinSize=200 token=WCT{RemoteToken{9d3ea98 Task{2a499b4 #3783 type=standard A=10502:com.deepeye.musicpro.debug}}} topActivityType=1 pictureInPictureParams=null shouldDockBigOverlays=false launchIntoPipHostTaskId=-1 lastParentTaskIdBeforePip=-1 displayCutoutSafeInsets=Rect(0, 90 - 0, 0) topActivityInfo=ActivityInfo{66c6c04 com.android.permissioncontroller.permission.ui.GrantPermissionsActivity} launchCookies=[] positionInParent=Point(0, 0) parentTaskId=-1 isFocused=true isVisible=true isVisibleRequested=true isSleeping=false topActivityInSizeCompat=false topActivityEligibleForLetterboxEducation= false topActivityLetterboxed= false isFromDoubleTap= false topActivityLetterboxVerticalPosition= -1 topActivityLetterboxHorizontalPosition= -1 topActivityLetterboxWidth=-1 topActivityLetterboxHeight=-1 locusId=null displayAreaFeatureId=1 cameraCompatControlState=hidden}, remoteTransition = null, displayChange = null, flags = 0 }
05-04 18:07:22.050  3064  3367 V WindowManager:     startWCT=WindowContainerTransaction { changes = {} hops = [] errorCallbackToken=null taskFragmentOrganizer=null }
05-04 18:07:22.050  3827  3912 V WindowManagerShell: Transition doesn't have explicit remote, search filters for match for {id=6168 t=OPEN f=0x0 trk=0 r=[0@Point(0, 0)] c=[{null m=OPEN f=TRANSLUCENT|STARTING_WINDOW_TRANSFER|FILLS_TASK|IS_BEHIND_STARTING_WINDOW leash=Surface(name=ActivityRecord{478bd09 u0 com.google.android.permissioncontroller/com.android.permissioncontroller.permission.ui.GrantPermissionsActivity)/@0x3c50e8a sb=Rect(0, 0 - 0, 0) eb=Rect(0, 0 - 1080, 2400) d=-1->0 r=-1->0:-1},{WCT{android.window.IWindowContainerToken$Stub$Proxy@bed8956} m=TO_FRONT f=SHOW_WALLPAPER pTaskId=-1 leash=Surface(name=Task=1)/@0xe116cfb sb=Rect(0, 0 - 1080, 2400) eb=Rect(0, 0 - 1080, 2400) d=0},{null m=TO_FRONT f=IS_WALLPAPER leash=Surface(name=WallpaperWindowToken{69b9f27 token=android.os.Binder@8253de6})/@0x1c21118 sb=Rect(0, 0 - 1080, 2400) eb=Rect(0, 0 - 1080, 2400) d=0}]}
05-04 18:07:22.050  3064  3367 V WindowManager:     info={id=6168 t=OPEN f=0x0 trk=0 r=[0@Point(0, 0)] c=[{null m=OPEN f=TRANSLUCENT|STARTING_WINDOW_TRANSFER|FILLS_TASK|IS_BEHIND_STARTING_WINDOW leash=Surface(name=ActivityRecord{478bd09 u0 com.google.android.permissioncontroller/com.android.permissioncontroller.permission.ui.GrantPermissionsActivity)/@0xaa77c96 sb=Rect(0, 0 - 0, 0) eb=Rect(0, 0 - 1080, 2400) d=-1->0 r=-1->0:-1},{WCT{RemoteToken{9a2e0c9 Task{97f56a1 #1 type=home}}} m=TO_FRONT f=SHOW_WALLPAPER pTaskId=-1 leash=Surface(name=Task=1)/@0x5e976da sb=Rect(0, 0 - 1080, 2400) eb=Rect(0, 0 - 1080, 2400) d=0},{null m=TO_FRONT f=IS_WALLPAPER leash=Surface(name=WallpaperWindowToken{69b9f27 token=android.os.Binder@8253de6})/@0x9a1864e sb=Rect(0, 0 - 1080, 2400) eb=Rect(0, 0 - 1080, 2400) d=0}]}
05-04 18:07:22.050  3827  3912 V WindowManagerShell:  Checking filter Pair{{types=[] flags=0x0] notFlags=0x100 checks=[{atype=home independent=true modes=[OPEN,TO_FRONT] flags=NONE mustBeTask=false order=TOP topActivity=ComponentInfo{com.motorola.launcher3/com.android.launcher3.uioverrides.QuickstepLauncher}},{atype=standard independent=true modes=[CLOSE,TO_BACK] flags=NONE mustBeTask=false order=ANY topActivity=null}]} RemoteTransition { remoteTransition = android.window.IRemoteTransition$Stub$Proxy@4795a1a, appThread = android.app.IApplicationThread$Stub$Proxy@b3b794b, debugName = QuickstepLaunchHome }}
05-04 18:07:22.050  3827  3912 V WindowManagerShell:  Delegate animation for #6168 to null
05-04 18:07:22.050  3827  3912 V WindowManagerShell:  try handler com.android.wm.shell.transition.DefaultTransitionHandler@acd98f4
05-04 18:07:22.051  3827  3912 V WindowManagerShell: start default transition animation, info = {id=6168 t=OPEN f=0x0 trk=0 r=[0@Point(0, 0)] c=[{null m=OPEN f=TRANSLUCENT|STARTING_WINDOW_TRANSFER|FILLS_TASK|IS_BEHIND_STARTING_WINDOW leash=Surface(name=ActivityRecord{478bd09 u0 com.google.android.permissioncontroller/com.android.permissioncontroller.permission.ui.GrantPermissionsActivity)/@0x3c50e8a sb=Rect(0, 0 - 0, 0) eb=Rect(0, 0 - 1080, 2400) d=-1->0 r=-1->0:-1},{WCT{android.window.IWindowContainerToken$Stub$Proxy@bed8956} m=TO_FRONT f=SHOW_WALLPAPER pTaskId=-1 leash=Surface(name=Task=1)/@0xe116cfb sb=Rect(0, 0 - 1080, 2400) eb=Rect(0, 0 - 1080, 2400) d=0},{null m=TO_FRONT f=IS_WALLPAPER leash=Surface(name=WallpaperWindowToken{69b9f27 token=android.os.Binder@8253de6})/@0x1c21118 sb=Rect(0, 0 - 1080, 2400) eb=Rect(0, 0 - 1080, 2400) d=0}]}
05-04 18:07:22.051  3827  3912 V WindowManagerShell: loadAnimation: anim=android.view.animation.AnimationSet@15326c4 animAttr=0x10 type=OPEN isEntrance=true
05-04 18:07:22.052  3827  3912 V WindowManagerShell:  animated by com.android.wm.shell.transition.DefaultTransitionHandler@acd98f4
05-04 18:07:22.101  3064  3370 W ActivityTaskManager: Activity top resumed state loss timeout for ActivityRecord{388948f u0 com.deepeye.musicpro.debug/com.deepeye.musicpro.ui.MainActivity t-1 f}}
05-04 18:07:22.102 26112 26112 D ViewRootImpl: update {(0,0)(wrapxwrap) gr=CENTER sim={state=always_hidden adjust=nothing forwardNavigation} ty=BASE_APPLICATION fmt=TRANSPARENT wanim=0x10302ff
05-04 18:07:22.102 26112 26112 D ViewRootImpl:   fl=DIM_BEHIND SPLIT_TOUCH HARDWARE_ACCELERATED
05-04 18:07:22.102 26112 26112 D ViewRootImpl:   pfl=HIDE_NON_SYSTEM_OVERLAY_WINDOWS
05-04 18:07:22.102 26112 26112 D ViewRootImpl:   bhv=DEFAULT
05-04 18:07:22.102 26112 26112 D ViewRootImpl:   fitTypes=STATUS_BARS NAVIGATION_BARS CAPTION_BAR} by setView
05-04 18:07:22.112 26112 26112 D VRI[GrantPermissionsActivity]: update {(0,0)(wrapxwrap) gr=CENTER sim={state=always_hidden adjust=nothing forwardNavigation} ty=BASE_APPLICATION fmt=TRANSPARENT wanim=0x10302ff
05-04 18:07:22.112 26112 26112 D VRI[GrantPermissionsActivity]:   fl=DIM_BEHIND SPLIT_TOUCH HARDWARE_ACCELERATED
05-04 18:07:22.112 26112 26112 D VRI[GrantPermissionsActivity]:   pfl=HIDE_NON_SYSTEM_OVERLAY_WINDOWS
05-04 18:07:22.112 26112 26112 D VRI[GrantPermissionsActivity]:   bhv=DEFAULT
05-04 18:07:22.112 26112 26112 D VRI[GrantPermissionsActivity]:   fitTypes=STATUS_BARS NAVIGATION_BARS CAPTION_BAR} by setLayoutParams
05-04 18:07:22.113 26112 26112 D VRI[GrantPermissionsActivity]: update {(0,0)(wrapxwrap) gr=CENTER sim={state=always_hidden adjust=nothing forwardNavigation} ty=BASE_APPLICATION fmt=TRANSPARENT wanim=0x10302ff
05-04 18:07:22.113 26112 26112 D VRI[GrantPermissionsActivity]:   fl=DIM_BEHIND SPLIT_TOUCH HARDWARE_ACCELERATED
05-04 18:07:22.113 26112 26112 D VRI[GrantPermissionsActivity]:   pfl=HIDE_NON_SYSTEM_OVERLAY_WINDOWS
05-04 18:07:22.113 26112 26112 D VRI[GrantPermissionsActivity]:   bhv=DEFAULT
05-04 18:07:22.113 26112 26112 D VRI[GrantPermissionsActivity]:   fitTypes=STATUS_BARS NAVIGATION_BARS CAPTION_BAR} by setLayoutParams
05-04 18:07:22.114  3064  7416 D CoreBackPreview: Window{ea4cb0f u0 com.google.android.permissioncontroller/com.android.permissioncontroller.permission.ui.GrantPermissionsActivity}: Setting back callback OnBackInvokedCallbackInfo{mCallback=android.window.IOnBackInvokedCallback$Stub$Proxy@51865a5, mPriority=0, mIsAnimationCallback=false}
05-04 18:07:22.120 26112  7197 I AdrenoGLES-0: QUALCOMM build                   : dad4038ba6, If56d4a5bb8
05-04 18:07:22.120 26112  7197 I AdrenoGLES-0: Build Date                       : 07/28/23
05-04 18:07:22.120 26112  7197 I AdrenoGLES-0: OpenGL ES Shader Compiler Version: EV031.36.08.24
05-04 18:07:22.120 26112  7197 I AdrenoGLES-0: Local Branch                     : 
05-04 18:07:22.120 26112  7197 I AdrenoGLES-0: Remote Branch                    : refs/tags/AU_LINUX_ANDROID_LA.VENDOR.1.0.11.00.00.766.892
05-04 18:07:22.120 26112  7197 I AdrenoGLES-0: Remote Branch                    : NONE
05-04 18:07:22.120 26112  7197 I AdrenoGLES-0: Reconstruct Branch               : NOTHING
05-04 18:07:22.120 26112  7197 I AdrenoGLES-0: Build Config                     : S P 12.1.1 AArch64
05-04 18:07:22.122 26112  7197 I AdrenoGLES-0: Driver Path                      : /vendor/lib64/egl/libGLESv2_adreno.so
05-04 18:07:22.122 26112  7197 I AdrenoGLES-0: Driver Version                   : 0615.74
05-04 18:07:22.129 26112  7197 I AdrenoGLES-0: PFP: 0x01730158, ME: 0x00000000
05-04 18:07:22.138 26112  7197 W Adreno-AppProfiles: Could not find QSPM HAL service. Skipping adreno profile processing.
05-04 18:07:22.147 26112  7197 I OpenGLRenderer: setGrContext nullptr-->validptr
05-04 18:07:22.147 26112  7197 E OpenGLRenderer: Unable to match the desired swap behavior.
05-04 18:07:22.157  3064  3371 I LaunchCheckinHandler: MotoDisplayed com.google.android.permissioncontroller/com.android.permissioncontroller.permission.ui.GrantPermissionsActivity,wp,ca,128
05-04 18:07:22.157  3064  3371 W ActivityTaskManager: activity boost didn't release as expected
05-04 18:07:22.160  3064  7416 D PowerManagerService: nativeSetPowerMode ret:false mode:5 enabled:false duration ms: 0
05-04 18:07:22.161  3064  7416 W ActivityTaskManager: Request to remove task ignored for non-existent task 3698
05-04 18:07:22.164  1798  5375 E ANDR-PERF-LM: VmRssMeter:: start() 358: Could not find pid, can not collect vmrss data
05-04 18:07:22.164  3064  3367 I ActivityTaskManager: Displayed com.google.android.permissioncontroller/com.android.permissioncontroller.permission.ui.GrantPermissionsActivity for user 0: +1s23ms
05-04 18:07:22.166  1798  5376 E ANDR-PERF-LM: VmRssMeter:: start() 358: Could not find pid, can not collect vmrss data
05-04 18:07:22.166  1798  5376 E ANDR-PERF-LM: AdaptiveLaunch: writeToDataBase() 64: Meter aborted or could not get meter data for this run
05-04 18:07:22.168  3064  4883 I ImeTracker: com.google.android.permissioncontroller:b71d097c: onRequestHide at ORIGIN_SERVER_HIDE_INPUT reason HIDE_ALWAYS_HIDDEN_STATE
05-04 18:07:22.168  3064  4883 I ImeTracker: com.google.android.permissioncontroller:b71d097c: onCancelled at PHASE_SERVER_SHOULD_HIDE
05-04 18:07:22.170 23155 23155 I GoogleInputMethodService: GoogleInputMethodService.onFinishInput():2259 
05-04 18:07:22.170 23155 23155 I Module  : DeviceLockedStatusModuleProvider$Module.updateDeviceLockedStatus():103 repeatCheckTimes = 0, locked = false
05-04 18:07:22.171 23155 23155 I GoogleInputMethodService: GoogleInputMethodService.onStartInput():1446 onStartInput(EditorInfo{EditorInfo{packageName=com.google.android.permissioncontroller, inputType=0, inputTypeString=NULL, enableLearning=false, autoCorrection=false, autoComplete=false, imeOptions=0, privateImeOptions=null, actionName=UNSPECIFIED, actionLabel=null, initialSelStart=-1, initialSelEnd=-1, initialCapsMode=0, label=null, fieldId=0, fieldName=null, extras=null, hintText=null, hintLocales=[]}}, false)
05-04 18:07:22.171 23155 23155 I AndroidIME: LatinIMEBase.updateInputViewCoverNavigation():322 Update input view padding, isNavbarOverInputWindow=false, bottom inset=102
05-04 18:07:22.172 23155 23155 I Module  : DeviceLockedStatusModuleProvider$Module.updateDeviceLockedStatus():103 repeatCheckTimes = 1, locked = false
05-04 18:07:22.173  3064  4883 W PackageConfigPersister: App-specific configuration not found for packageName: com.google.android.permissioncontroller and userId: 0
05-04 18:07:22.243  3064  3736 D WifiStaIfaceHidlImpl: getCachedScanData is not implemented by HIDL
05-04 18:07:22.244  3064  3064 D EnhancedConnectivityController: Wifi onCapabilitiesChanged
05-04 18:07:22.244  3064  3064 D EnhancedConnectivityController: Default net onCapabilitiesChanged
05-04 18:07:22.244  3064  3064 D EnhancedConnectivityController: updateDefaultNet:648
05-04 18:07:22.244  3064  3064 D EnhancedConnectivityController: mayUpdateNotification: shouldShow=false,UidsBlocked=false, net info=net:648,ifName=wlan0,securityType=2,isDefault=true,ssid="Airtel_Siddhanth's wifi",notificationId=0
05-04 18:07:22.248  5998  6251 I ModemStats: [DataStallDetectService] onCapabilitiesChanged networkCapabilities=[ Transports: WIFI Capabilities: NOT_METERED&INTERNET&NOT_RESTRICTED&TRUSTED&NOT_VPN&VALIDATED&NOT_ROAMING&FOREGROUND&NOT_CONGESTED&NOT_SUSPENDED&NOT_VCN_MANAGED LinkUpBandwidth>=1636Kbps LinkDnBandwidth>=37611Kbps TransportInfo: <SSID: <unknown ssid>, BSSID: 02:00:00:00:00:00, MAC: 02:00:00:00:00:00, IP: /192.168.1.2, Security type: 2, Supplicant state: COMPLETED, Wi-Fi standard: 11ac, RSSI: -61, Link speed: 292Mbps, Tx Link speed: 292Mbps, Max Supported Tx Link speed: 866Mbps, Rx Link speed: 292Mbps, Max Supported Rx Link speed: 866Mbps, Frequency: 5765MHz, Net ID: -1, Metered hint: false, score: 100, isUsable: true, CarrierMerged: false, SubscriptionId: -1, IsPrimary: -1, Trusted: true, Restricted: false, Ephemeral: false, OEM paid: false, OEM private: false, OSU AP: false, FQDN: <none>, Provider friendly name: <none>, Requesting package name: <none><none>MLO Information: , Is TID-To-Link negotiation supported by the AP: false, AP MLD Address: <none>, AP MLO Link Id: <none>, AP MLO Affiliated links: <none>, Vendor Data: <none>> SignalStrength: -61 UnderlyingNetworks: Null]
05-04 18:07:22.248  5998  6251 I ModemStats: [DataStallDetectService] onCapabilitiesChanged NET_CAPABILITY_VALIDATED=true
05-04 18:07:22.248  5998  6251 I ModemStats: [DataStallDetectService] onCapabilitiesChanged mDataStallManager.mDataStallInstance=null
05-04 18:07:22.248  5998  6251 I ModemStats: [DataStallDetectService] onCapabilitiesChanged mDataStallSmart5gManager.mDataStallInstance=null
05-04 18:07:22.249 27765 28867 I NullBinder: NullBinder for android.net.action.RECOMMEND_NETWORKS triggering remote TransactionTooLargeException due to Service without Chimera impl, calling uid: 1000, calling pid: 0
05-04 18:07:22.250 27765 28867 W Binder  : reply too large data on java level: InterfaceDescriptor = null, code = 1
05-04 18:07:22.250 27765 28867 W .gms.persistent: Large reply transaction of 1056768 bytes, interface descriptor , code 1
05-04 18:07:22.251  4043  4925 D QCNEJ/NativeHalConnector: -> SND notifyDefaultNetworkChanged(1)
05-04 18:07:22.259  3064  3736 I HalDevMgr: bestIfaceCreationProposal is null, requestIface=STA, existingIface=[name=ap_br_wlan2 type=AP_BRIDGE, name=wlan0 type=STA]
05-04 18:07:22.261  3827  3827 D StatusBarIconController: ignoring old pipeline callback because the new wifi icon is enabled
05-04 18:07:22.288  3827  3912 V WindowManagerShell: Transition animation finished (aborted=false), notifying core (#6168)android.os.BinderProxy@34c7083@0
05-04 18:07:22.290  3064  3367 V WindowManager: Finish Transition #6168: created at 05-04 18:07:21.597 collect-started=0.01ms request-sent=4.053ms started=5.352ms ready=436.107ms sent=451.77ms finished=692.355ms
05-04 18:07:22.291  3827  3912 V WindowManagerShell: Track 0 became idle
05-04 18:07:22.291  3827  3912 V WindowManagerShell: All active transition animations finished
05-04 18:07:22.512  3827  3949 D Surface : Surface::disconnect
05-04 18:07:22.512  3827  3949 D BufferQueueProducer: [VRI[debug]#7206(BLAST Consumer)7206](id:ef300001c2e,api:1,p:3827,c:3827) disconnect: api 1
05-04 18:07:22.517  3827  3925 W WindowOnBackDispatcher: sendCancelIfRunning: isInProgress=falsecallback=android.view.ViewRootImpl$$ExternalSyntheticLambda17@554d6b8
05-04 18:07:22.517  3064  5941 D CoreBackPreview: Window{a492849 u0 Splash Screen com.deepeye.musicpro.debug EXITING}: Setting back callback null
05-04 18:07:22.517  3064  3458 W InputManager-JNI: Input channel object 'a492849 Splash Screen com.deepeye.musicpro.debug (client)' was disposed without first being removed with the input manager!
05-04 18:07:22.599  3064  3519 D ActivityManager: freezing 22384 com.android.chrome, reason = oom_cached
05-04 18:07:22.601  3064  3519 D ActivityManager: freezing 23814 com.android.chrome:privileged_process0, reason = oom_cached
05-04 18:07:22.752 27765 26320 I NearbySharing: Network state changed: NetworkState(isRestricted=false, isOnline=true, isCongested=false, isMetered=false, isWifiConnected=true)
05-04 18:07:23.143  1798  2034 E ANDR-PERF-UTIL: Failed to update node /proc/sys/walt/sched_per_task_boost with value 26334 0
05-04 18:07:23.143  1798  2034 E ANDR-PERF-OPTSHANDLER: can't reset task 26334
05-04 18:07:23.143  1798  2034 E ANDR-PERF-RESOURCEQS: Failed to reset optimization [3, 32]
05-04 18:07:23.777 10311 10487 I ThermalEngine: Monitor:ACTIVE:FREEZE-CHG:freeze_rule=1:DETECT-STANDBY=1
05-04 18:07:23.778 10311 10487 I ThermalEngine: ACTION: freeze_rule - Setting freeze_rule to 1
05-04 18:07:23.778 10311 10487 I ThermalEngine: Monitor:ACTIVE:OVERRIDE-CHG:internal_override=1:DETECT-STANDBY=1
05-04 18:07:23.778 10311 10485 I ThermalEngine: Thermal-Server: Thermal received msg from  freezing
05-04 18:07:23.778 10311 10487 I ThermalEngine: ACTION: override_c - Setting override_c to 1
05-04 18:07:23.778 10311 26596 I Thermal-Lib: Thermal-Lib-Client: Client request sent
05-04 18:07:23.778 10311 26597 I Thermal-Lib: Thermal-Lib-Client: Client request sent
05-04 18:07:23.779 10311 10485 I ThermalEngine: Thermal-Server: Thermal received msg from  override_c
05-04 18:07:23.798 17482 18169 I MotoDesktopLog: [ AppStreamListServiceHelper ] - initAppStreamListDelayQueue() real call
05-04 18:07:24.062 27765 26320 I NearbyMediums: Found Fast Ble Advertisements :
05-04 18:07:24.062 27765 26320 I NearbyMediums: BleAdvertisement { version=2, socketVersion=2, isFast=true, serviceIdHash=null, data=[ 0x23 0x52 0x37 0x31 0x55 0x11 0x32 0x4e 0xf6 0xdf 0x00 0x61 0x60 0x14 0x10 0x47 0x8c 0xc6 0x00 0x2d 0x85 0x7e 0x63 ], deviceToken=[ 0x3e 0x82 ], rxAdvertisement=null } : 1 times.
05-04 18:07:24.062 27765 26320 I NearbyMediums: Total 1 fast advertisements from 1 unique advertisers.
05-04 18:07:24.063 27765 26320 I NearbyMediums: Current Tracked Scanning Clients are : {NearbyConnections.EnvironmentMonitor, NearbySharing, NearbyConnections.TxAdvertisement}
05-04 18:07:24.283  1736  4259 D DlbDap2ProcessWithIht: process() called [19149000] times with input format 0x22 and channel mask 0x3 (ProcessingMode=9), htEnable=0(0, 0, 0)
05-04 18:07:24.600  3064  3458 D CompatibilityChangeReporter: Compat change id reported: 171306433; UID 1000; state: ENABLED
05-04 18:07:25.276  3064  3736 D WifiStaIfaceHidlImpl: getCachedScanData is not implemented by HIDL
05-04 18:07:25.281  3064  3736 I HalDevMgr: bestIfaceCreationProposal is null, requestIface=STA, existingIface=[name=ap_br_wlan2 type=AP_BRIDGE, name=wlan0 type=STA]
05-04 18:07:25.282  3827  3827 D StatusBarIconController: ignoring old pipeline callback because the new wifi icon is enabled
05-04 18:07:26.152  1830 10078 I QC2Comp : [avcD_1124] Stats: Pending(9) i/p-done(5) Works: Q: 28/Done 20|Work-Rate: Q(0.0/s Avg=0.0/s) Done(0.000/s Avg=0.003/s)| Stream: 30.00fps 203.8Kbps
05-04 18:07:26.153  1830 10078 I QC2Comp : [avcD_1124] Mem-usage:  [In-1D: 6 bufs 17.930 MB] [1D-2226: 16 bufs 0.250 MB] [2D-2227: 20 bufs 28.438 MB] | Total: 46.617 MB
05-04 18:07:26.926  1736  4259 D DlbDap2ProcessWithIht: process() called [19149500] times with input format 0x22 and channel mask 0x3 (ProcessingMode=9), htEnable=0(0, 0, 0)
05-04 18:07:28.291  3064  3736 D WifiStaIfaceHidlImpl: getCachedScanData is not implemented by HIDL
05-04 18:07:28.297  3064  3736 I HalDevMgr: bestIfaceCreationProposal is null, requestIface=STA, existingIface=[name=ap_br_wlan2 type=AP_BRIDGE, name=wlan0 type=STA]
05-04 18:07:28.298  3827  3827 D StatusBarIconController: ignoring old pipeline callback because the new wifi icon is enabled
05-04 18:07:28.649  2313  2313 I CNSS    : DIAG_TYPE_FW_DEBUG_MSG: id = 1879 payloadlen = 8, payload = 0xb4000078bbfccc60 
05-04 18:07:29.606  1736  4259 D DlbDap2ProcessWithIht: process() called [19150000] times with input format 0x22 and channel mask 0x3 (ProcessingMode=9), htEnable=0(0, 0, 0)
05-04 18:07:31.037  3064  3379 W ProcessStats: Tracking association SourceState{9f6af56 com.google.android.gms.persistent/10192 BTop #2030495} whose proc state 2 is better than process ProcessState{e07f7ec com.google.android.gms/10192 pkg=com.google.android.gms} proc state 14 (889 skipped)
05-04 18:07:31.065 27765 25864 I NetworkScheduler.Stats: (REDACTED) Task %s/%s started execution. cause:%s exec_start_elapsed_seconds: %s
05-04 18:07:31.067 14578 23932 I PlayGamesServices[GamesSyncAdapter]: Starting sync for 2d1042dc
05-04 18:07:31.067  3064  3458 D CompatibilityChangeReporter: Compat change id reported: 201794303; UID 10192; state: ENABLED
05-04 18:07:31.067  3064  3458 D CompatibilityChangeReporter: Compat change id reported: 207133734; UID 10192; state: ENABLED
05-04 18:07:31.067 14578 23932 I PlayGamesServices[GamesSyncAdapter]: Sync duration for 2d1042dc: 0
05-04 18:07:31.068 27765 26258 I NetworkScheduler.Stats: (REDACTED) Task %s/%s started execution. cause:%s exec_start_elapsed_seconds: %s
05-04 18:07:31.069 14578 23933 I PlayGamesServices[GamesSyncAdapter]: Starting sync for 4f702f45
05-04 18:07:31.070 14578 23933 I PlayGamesServices[GamesSyncAdapter]: Sync duration for 4f702f45: 0
05-04 18:07:31.087 14578 23932 W PlayGamesServices[DataBroker]: No player ID found when refreshing
05-04 18:07:31.088 14578 23932 W PlayGamesServices[DataBroker]: No player ID found when refreshing
05-04 18:07:31.088 14578 23932 W PlayGamesServices[DataBroker]: No player ID found when refreshing
05-04 18:07:31.089 14578 23933 W PlayGamesServices[DataBroker]: No player ID found when refreshing
05-04 18:07:31.090 14578 23933 W PlayGamesServices[DataBroker]: No player ID found when refreshing
05-04 18:07:31.090 14578 23933 W PlayGamesServices[DataBroker]: No player ID found when refreshing
05-04 18:07:31.091 27765 25864 I NetworkScheduler.Stats: (REDACTED) Task %s/%s finished executing. cause:%s result: %s elapsed_millis: %s uptime_millis: %s exec_start_elapsed_seconds: %s
05-04 18:07:31.094 27765 25864 I NetworkScheduler.Stats: (REDACTED) Task %s/%s finished executing. cause:%s result: %s elapsed_millis: %s uptime_millis: %s exec_start_elapsed_seconds: %s
05-04 18:07:31.096 14578 15594 W PlayGamesServices[UiUtils]: AppVersion: Cannot find the installed destination app.
05-04 18:07:31.096 14578 15594 I GetServiceValidatorImpl: (REDACTED) onGetService() from Client SDK version [%s], Module version [%s], PGA version [%s], Account [%s], Calling package [%s], Game package [%s]
05-04 18:07:31.097 14578 15594 W GetGamesServiceReqFacto: Parsing request with ignored arguments. signInOptionsBundle [Bundle[{com.google.android.gms.signin.internal.serverClientId=null, com.google.android.gms.signin.internal.usePromptModeForAuthCode=true, com.google.android.gms.signin.internal.logSessionId=null, com.google.android.gms.signin.internal.hostedDomain=null, com.google.android.gms.signin.internal.offlineAccessRequested=false, com.google.android.gms.signin.internal.waitForAccessTokenRefresh=false, com.google.android.gms.signin.internal.clientRequestedAccount=Account {name=<<default account>>, type=com.google}, com.google.android.gms.signin.internal.idTokenRequested=false, com.google.android.gms.signin.internal.forceCodeForRefreshToken=false}]], isRetryingSignIn [false], skipWelcomePopup [false], requireGooglePlus [false]
05-04 18:07:31.097 14578 15594 I GetGamesServiceReqFacto: Replacing request for `games` scope with `games_lite`
05-04 18:07:31.102 14578 26611 I SignInPerformer-13: (REDACTED) Handling request [%s], isFirstPartyCaller [%s]
05-04 18:07:31.102 14578 26611 I SignInPerformer-13: Successfully brokered first-party unauthenticated GamesService [CONTEXT service_id=1 ]
05-04 18:07:31.103 14578 26611 I GetGamesServiceV2Op: (REDACTED) Successfully brokered GamesService for request %s
05-04 18:07:31.103 14578 15594 W PlayGamesServices[UiUtils]: AppVersion: Cannot find the installed destination app.
05-04 18:07:31.103 14578 15594 W PlayGamesServices[UiUtils]: AppVersionName: Cannot find the installed destination app.
05-04 18:07:31.110 27765 26610 I NetworkScheduler.Stats: (REDACTED) Task %s/%s started execution. cause:%s exec_start_elapsed_seconds: %s
05-04 18:07:31.110 14578 15594 W PlayGamesServices[UiUtils]: AppVersion: Cannot find the installed destination app.
05-04 18:07:31.110 14578 15594 W PlayGamesServices[UiUtils]: AppVersionName: Cannot find the installed destination app.
05-04 18:07:31.119 27765 26609 I NetworkScheduler.Stats: (REDACTED) Task %s/%s finished executing. cause:%s result: %s elapsed_millis: %s uptime_millis: %s exec_start_elapsed_seconds: %s
05-04 18:07:31.122 14578 23932 I PlayGamesServices[GamesSyncAdapter]: Starting sync for 9b385bb2
05-04 18:07:31.123 14578 23932 I PlayGamesServices[GamesSyncAdapter]: Sync duration for 9b385bb2: 1
05-04 18:07:31.124 27765 26609 I NetworkScheduler.Stats: (REDACTED) Task %s/%s started execution. cause:%s exec_start_elapsed_seconds: %s
05-04 18:07:31.128 14578 23932 W PlayGamesServices[DataBroker]: No player ID found when refreshing
05-04 18:07:31.128 14578 23932 W PlayGamesServices[DataBroker]: No player ID found when refreshing
05-04 18:07:31.128 14578 23932 W PlayGamesServices[DataBroker]: No player ID found when refreshing
05-04 18:07:31.130 14578 15594 W PlayGamesServices[UiUtils]: AppVersion: Cannot find the installed destination app.
05-04 18:07:31.130 14578 15594 W PlayGamesServices[UiUtils]: AppVersionName: Cannot find the installed destination app.
05-04 18:07:31.135 27765 25615 I NetworkScheduler.Stats: (REDACTED) Task %s/%s started execution. cause:%s exec_start_elapsed_seconds: %s
05-04 18:07:31.136 14578 23933 I PlayGamesServices[GamesSyncAdapter]: Starting sync for 439b5d2c
05-04 18:07:31.137 14578 23933 I PlayGamesServices[GamesSyncAdapter]: Sync duration for 439b5d2c: 0
05-04 18:07:31.138 27765 25615 I NetworkScheduler.Stats: (REDACTED) Task %s/%s finished executing. cause:%s result: %s elapsed_millis: %s uptime_millis: %s exec_start_elapsed_seconds: %s
05-04 18:07:31.142 14578 23933 W PlayGamesServices[DataBroker]: No player ID found when refreshing
05-04 18:07:31.142 14578 23933 W PlayGamesServices[DataBroker]: No player ID found when refreshing
05-04 18:07:31.142 14578 23933 W PlayGamesServices[DataBroker]: No player ID found when refreshing
05-04 18:07:31.143 14578 15594 W PlayGamesServices[UiUtils]: AppVersion: Cannot find the installed destination app.
05-04 18:07:31.143 14578 15594 W PlayGamesServices[UiUtils]: AppVersionName: Cannot find the installed destination app.
05-04 18:07:31.146 27765 25615 I NetworkScheduler.Stats: (REDACTED) Task %s/%s finished executing. cause:%s result: %s elapsed_millis: %s uptime_millis: %s exec_start_elapsed_seconds: %s
05-04 18:07:31.152 26177 26219 I Finsky  : [1155] Initializing the instant apps module.
05-04 18:07:31.153  1830 10078 I QC2Comp : [avcD_1124] Stats: Pending(9) i/p-done(5) Works: Q: 28/Done 20|Work-Rate: Q(0.0/s Avg=0.0/s) Done(0.000/s Avg=0.003/s)| Stream: 30.00fps 203.8Kbps
05-04 18:07:31.153  1830 10078 I QC2Comp : [avcD_1124] Mem-usage:  [In-1D: 6 bufs 17.930 MB] [1D-2226: 16 bufs 0.250 MB] [2D-2227: 20 bufs 28.438 MB] | Total: 46.617 MB
05-04 18:07:31.161 27765 25864 I NetworkScheduler.Stats: (REDACTED) Task %s/%s started execution. cause:%s exec_start_elapsed_seconds: %s
05-04 18:07:31.162 14578  2289 I PlayGamesServices[GamesSyncAdapter]: Starting sync for 3c228fd5
05-04 18:07:31.163 14578  2289 I PlayGamesServices[GamesSyncAdapter]: Sync duration for 3c228fd5: 0
05-04 18:07:31.168 14578  2289 W PlayGamesServices[DataBroker]: No player ID found when refreshing
05-04 18:07:31.168 14578  2289 W PlayGamesServices[DataBroker]: No player ID found when refreshing
05-04 18:07:31.169 14578  2289 W PlayGamesServices[DataBroker]: No player ID found when refreshing
05-04 18:07:31.170 14578 15594 W PlayGamesServices[UiUtils]: AppVersion: Cannot find the installed destination app.
05-04 18:07:31.170 14578 15594 W PlayGamesServices[UiUtils]: AppVersionName: Cannot find the installed destination app.
05-04 18:07:31.171 27765 25864 I NetworkScheduler.Stats: (REDACTED) Task %s/%s finished executing. cause:%s result: %s elapsed_millis: %s uptime_millis: %s exec_start_elapsed_seconds: %s
05-04 18:07:31.187 26177 26220 W Finsky  : [1156] PreloadClasses: Unable to load [kotlinx.coroutines.internal.ThreadContextKt$countAll$1, kotlinx.coroutines.internal.ThreadContextKt$findOne$1, kotlinx.coroutines.internal.ThreadContextKt$updateState$1, androidx.compose.runtime.snapshots.SnapshotKt$emptyLambda$1, androidx.compose.runtime.Recomposer$broadcastFrameClock$1, androidx.compose.runtime.Recomposer$recompositionRunner$2$unregisterApplyObserver$1, androidx.compose.ui.platform.AndroidComposeView$keyInputModifier$1, androidx.compose.runtime.SlotTable, androidx.compose.runtime.ComposerImpl, androidx.compose.runtime.SlotReader, androidx.compose.runtime.SlotWriter, androidx.compose.runtime.SlotTableKt, androidx.compose.runtime.ComposableSingletons$CompositionKt$lambda-1$1, androidx.compose.runtime.ComposableSingletons$CompositionKt$lambda-2$1, androidx.compose.ui.platform.ComposableSingletons$Wrapper_androidKt$lambda-1$1, androidx.compose.ui.platform.AndroidComposeView$ViewTreeOwners, androidx.compose.ui.platform.WrappedComposition$setContent$1$1, androidx.compose.runtime.Recomposer$readObserverOf$1, androidx.compose.runtime.Recomposer$writeObserverOf$1, androidx.compose.runtime.KeyInfo, androidx.compose.runtime.GroupInfo, androidx.compose.ui.platform.AndroidCompositionLocals_androidKt$LocalSavedStateRegistryOwner$1, androidx.compose.ui.platform.AndroidCompositionLocals_androidKt$ProvideAndroidCompositionLocals$1$1, androidx.compose.runtime.saveable.SaveableStateRegistryKt$LocalSaveableStateRegistry$1, androidx.compose.material3.TypographyKt$LocalTypography$1, androidx.compose.material.ColorsKt$LocalColors$1, androidx.compose.material.ShapesKt$LocalShapes$1, androidx.compose.material.ContentAlphaKt$LocalContentAlpha$1, androidx.compose.foundation.IndicationKt$LocalIndication$1, androidx.compose.material.ripple.RippleThemeKt$LocalRippleTheme$1, androidx.compose.foundation.text.selection.TextSelectionColorsKt$LocalTextSelectionColors$1, androidx.compose.material.MaterialThemeKt$MaterialTheme$1, androidx.compose.material.TextKt$LocalTextStyle$1, androidx.compose.animation.core.InfiniteTransition$run$2, androidx.compose.animation.core.VectorConvertersKt$FloatToVector$1, androidx.compose.animation.core.VectorConvertersKt$FloatToVector$2, androidx.compose.animation.core.VectorConvertersKt$IntToVector$2, androidx.compose.animation.core.VectorConvertersKt$DpToVector$1, androidx.compose.animation.core.VectorConvertersKt$DpToVector$2, androidx.compose.material.ProgressIndicatorKt$CircularProgressIndicator$endAngle$2, androidx.compose.material.ProgressIndicatorKt$CircularProgressIndicator$startAngle$2, androidx.compose.foundation.ProgressSemanticsKt$progressSemantics$2, androidx.compose.material.MaterialThemeKt$MaterialTheme$2, androidx.compose.ui.platform.AndroidCompositionLocals_androidKt$ProvideAndroidCompositionLocals$4, androidx.compose.runtime.RememberManager, androidx.compose.foundation.IndicationKt$indication$2, androidx.compose.foundation.text.selection.SelectionRegistrarKt$LocalSelectionRegistrar$1, androidx.compose.runtime.saveable.SaverKt$AutoSaver$1, androidx.compose.runtime.saveable.SaverKt$AutoSaver$2, androidx.compose.runtime.snapshots.SnapshotStateList$StateListStateRecord, androidx.compose.material.ButtonKt$Button$2, androidx.compose.material.ElevationOverlayKt$LocalElevationOverlay$1, androidx.compose.material.ElevationOverlayKt$LocalAbsoluteElevation$1, androidx.compose.material.SurfaceKt$Surface$1, androidx.compose.material.TextKt$Text$4, androidx.compose.material.TextKt$ProvideTextStyle$1, androidx.compose.material.SurfaceKt$Surface$2, androidx.compose.material.ButtonKt$Button$3, androidx.compose.foundation.gestures.ScrollableStateKt$rememberScrollableState$1$1, androidx.compose.material.TextKt$Text$3, androidx.compose.material3.TextKt$Text$3, androidx.compose.foundation.layout.BoxWithConstraintsKt$BoxWithConstraints$1$1, androidx.compose.runtime.ComposerImpl$CompositionContextHolder, androidx.compose.runtime.ComposerImpl$CompositionContextImpl, androidx.compose.runtime.Updater$init$1, androidx.compose.runtime.inter
05-04 18:07:31.222 26177 26177 I Finsky  : [2] setup::RES: shouldRecoverRestoredPackages: versionCodeSystem 84111930
05-04 18:07:31.228 26177 26177 I Finsky  : [2] Detected restoreservicev2://recovery not needed, will not run
05-04 18:07:31.247 26177 26402 I Finsky  : [1196] registerListener
05-04 18:07:31.247 26177 26402 I Finsky  : [1196] DSC: reviveDownloads()
05-04 18:07:31.248 26177 26402 I Finsky  : [1196] Initialized AssetModuleDownloader.
05-04 18:07:31.250 25890 26034 I Finsky:background: [1165] DS: reviveDownloads()
05-04 18:07:31.264  3064  3458 D ConnectivityService: requestNetwork for uid/pid:10207/25890 activeRequest: null callbackRequest: 32388 [NetworkRequest [ REQUEST id=32389, [ Capabilities: INTERNET&NOT_RESTRICTED&TRUSTED&NOT_VCN_MANAGED Uid: 10207 RequestorUid: 10207 RequestorPkg: com.android.vending UnderlyingNetworks: Null] ]] callback flags: 0 order: 2147483647 isUidTracked: false declaredMethods: AVAIL|LOST
05-04 18:07:31.265 25890 26618 I Finsky:background: [1193] DS::IDC: updateWith: <782:SUCCEEDED>
05-04 18:07:31.265 25890 26618 I Finsky:background: [1193] DS::IDC: All invisible downloads are finished.
05-04 18:07:31.265 25890 26618 I Finsky:background: [1193] DS::ISM: Stopping invisible download job
05-04 18:07:31.266  3064  3736 D WifiNetworkFactory: got request NetworkRequest [ REQUEST id=32389, [ Capabilities: INTERNET&NOT_RESTRICTED&TRUSTED&NOT_VCN_MANAGED Uid: 10207 RequestorUid: 10207 RequestorPkg: com.android.vending UnderlyingNetworks: Null] ]
05-04 18:07:31.266  3064  3736 D UntrustedWifiNetworkFactory: got request NetworkRequest [ REQUEST id=32389, [ Capabilities: INTERNET&NOT_RESTRICTED&TRUSTED&NOT_VCN_MANAGED Uid: 10207 RequestorUid: 10207 RequestorPkg: com.android.vending UnderlyingNetworks: Null] ]
05-04 18:07:31.266  3064  3736 D OemPaidWifiNetworkFactory: got request NetworkRequest [ REQUEST id=32389, [ Capabilities: INTERNET&NOT_RESTRICTED&TRUSTED&NOT_VCN_MANAGED Uid: 10207 RequestorUid: 10207 RequestorPkg: com.android.vending UnderlyingNetworks: Null] ]
05-04 18:07:31.266  3064  3736 D MultiInternetWifiNetworkFactory: got request NetworkRequest [ REQUEST id=32389, [ Capabilities: INTERNET&NOT_RESTRICTED&TRUSTED&NOT_VCN_MANAGED Uid: 10207 RequestorUid: 10207 RequestorPkg: com.android.vending UnderlyingNetworks: Null] ]
05-04 18:07:31.267  3064  3743 D ConnectivityService: NetReassign [32389 : null → 648] [c 0] [a 1] [i 1]
05-04 18:07:31.268 25890 26036 I Finsky:background: [1167] DS: Network is available [NetworkState{connected=true, wifi=true, metered=false, roaming=false}].
05-04 18:07:31.268 25890 26036 I Finsky:background: [1167] DS: Updating downloads for network change
05-04 18:07:31.269 25890 26618 I Finsky:background: [1193] DS: downloadState filtering results: {782=false}
05-04 18:07:31.307  3064  3736 D WifiStaIfaceHidlImpl: getCachedScanData is not implemented by HIDL
05-04 18:07:31.312  3064  3736 I HalDevMgr: bestIfaceCreationProposal is null, requestIface=STA, existingIface=[name=ap_br_wlan2 type=AP_BRIDGE, name=wlan0 type=STA]
05-04 18:07:32.288  1736  4259 D DlbDap2ProcessWithIht: process() called [19150500] times with input format 0x22 and channel mask 0x3 (ProcessingMode=9), htEnable=0(0, 0, 0)
05-04 18:07:32.327  1336 25885 I keystore2: system/security/keystore2/src/watchdog.rs:319 - Watchdog thread idle -> terminating. Have a great day.
05-04 18:07:33.482  7797  7890 D AudioTrack: stop(4373): called with 63782088 frames delivered
05-04 18:07:33.486  7916  8010 D Avrcp_ext: AudioManager Player: AudioPlaybackConfiguration piid:71 deviceId:0 type:android.media.SoundPool u/pid:10342/3827 state:idle attr:AudioAttributes: usage=USAGE_ASSISTANCE_SONIFICATION content=CONTENT_TYPE_SONIFICATION flags=0x800 tags= bundle=null sessionId:0 mutedState:none  FormatInfo{isSpatialized=false, channelMask=0x0, sampleRate=0}
05-04 18:07:33.486  7916  8010 D Avrcp_ext: AudioManager Player: AudioPlaybackConfiguration piid:35663 deviceId:3 type:android.media.AudioTrack u/pid:10388/8511 state:idle attr:AudioAttributes: usage=USAGE_MEDIA content=CONTENT_TYPE_UNKNOWN flags=0xE00 tags= bundle=null sessionId:30361 mutedState:none  FormatInfo{isSpatialized=false, channelMask=0x0, sampleRate=0}
05-04 18:07:33.486  7916  8010 D Avrcp_ext: AudioManager Player: AudioPlaybackConfiguration piid:35671 deviceId:4370 type:android.media.AudioTrack u/pid:10289/7797 state:stopped attr:AudioAttributes: usage=USAGE_MEDIA content=CONTENT_TYPE_MUSIC flags=0xA00 tags= bundle=null sessionId:30329 mutedState:none  FormatInfo{isSpatialized=false, channelMask=0x3, sampleRate=48000}
05-04 18:07:33.486  7916  8010 D Avrcp_ext: AudioManager Player: AudioPlaybackConfiguration piid:35191 deviceId:2 type:android.media.MediaPlayer u/pid:10342/3827 state:stopped attr:AudioAttributes: usage=USAGE_VOICE_COMMUNICATION content=CONTENT_TYPE_SONIFICATION flags=0x800 tags= bundle=null sessionId:29793 mutedState:none  FormatInfo{isSpatialized=false, channelMask=0x1, sampleRate=44100}
05-04 18:07:33.486  7916  8010 D Avrcp_ext: AudioManager Player: AudioPlaybackConfiguration piid:63 deviceId:0 type:android.media.SoundPool u/pid:1000/3064 state:idle attr:AudioAttributes: usage=USAGE_ASSISTANCE_SONIFICATION content=CONTENT_TYPE_SONIFICATION flags=0x800 tags= bundle=null sessionId:0 mutedState:none  FormatInfo{isSpatialized=false, channelMask=0x0, sampleRate=0}
05-04 18:07:33.486  7916  8010 D Avrcp_ext: AudioManager isPlaying: false, mAudioPlaybackIsActive = true
05-04 18:07:33.486  7916  8010 D Avrcp_ext: AudioManager Reset Active Player
05-04 18:07:33.486  7916  8010 V Avrcp_ext: AvrcpMessageHandler: received message=38
05-04 18:07:33.486  7916  8010 D Avrcp_ext: MSG_UPDATE_CURRENT_MEDIA_STATE
05-04 18:07:33.488  7916  8010 V Avrcp_ext: updateCurrentMediaState: mMediaController: MediaController (com.google.android.youtube@85fe229) Bengal Election Result : बंगाल में आज असली खेल क्या हुआ? नतीजों पर सब चौंक गए.., Punya Prasun Bajpai, Punya Prasun Bajpai
05-04 18:07:33.488  7916  8010 W Avrcp_ext: isMusicActive: true getBluetoothPlayState: 1 A2dp State: 10 mAudioPlaybackIsActive: false
05-04 18:07:33.488  7916  8010 D Avrcp_ext: isMusicActive = true mAudioPlaybackIsActive = false player state = PlaybackState {state=PLAYING(3), position=1327882, buffered position=0, speed=1.0, updated=1296915454, actions=8615, custom actions=[], active item id=-1, error=null}
05-04 18:07:33.489  7916  8010 D Avrcp_ext: overwrite album_artist :Punya Prasun Bajpaiif album is blank
05-04 18:07:33.489  7916  8010 D AvrcpBipRsp:  getImgHandle device :17:3F:CF:BE:B9:01 data :android.media.MediaMetadata@e49e1816
05-04 18:07:33.489  7916  8010 W AvrcpBipRsp: getImgHandle bipSm null
05-04 18:07:33.489  7916  8010 D Avrcp_ext:  getImgHandle device:17:3F:CF:BE:B9:01 data:android.media.MediaMetadata@e49e1816 isKeyContains true Handle 
05-04 18:07:33.491  7916  8010 I Avrcp_ext: device found at index 0
05-04 18:07:33.491  7916  8010 V Avrcp_ext: updateCurrentMediaState: addr: [B@cbccd88
05-04 18:07:33.491  7916  8010 V Avrcp_ext: Media update: id -1➡-1? [MediaAttributes: B⋯. - P⋯i by P⋯i (1329000 0/0) - ] : [MediaAttributes: B⋯. - P⋯i by P⋯i (1329000 0/0) - ]
05-04 18:07:33.491  7916  8010 D Avrcp_ext: isPackageNameValid: browsedPackage = com.google.android.youtubeisValid = true
05-04 18:07:33.491  7916  8010 V Avrcp_ext: isBrowseSupported for com.google.android.youtube: false
05-04 18:07:33.491  7916  8010 W Avrcp_ext: updateCurrentMediaState: isInactivePlayer = false
05-04 18:07:33.491  7916  8010 V Avrcp_ext: updatePlaybackState, state: PlaybackState {state=PLAYING(3), position=1327882, buffered position=0, speed=1.0, updated=1296915454, actions=8615, custom actions=[], active item id=-1, error=null} device: null
05-04 18:07:33.492  7916  8010 D BroadcastService: getBroadcastAddress
05-04 18:07:33.492  7916  8010 D BroadcastService: isBroadcastActive: Broadcast is turned to off
05-04 18:07:33.492  7916  8010 V Avrcp_ext: Device: Ejaj’s AirPods : old state: PlaybackState {state=PLAYING(3), position=1314715, buffered position=0, speed=1.0, updated=1296902287, actions=8615, custom actions=[], active item id=-1, error=null}
05-04 18:07:33.492  7916  8010 V Avrcp_ext: Device: no name: 
05-04 18:07:33.492  7916  8010 V Avrcp_ext: Device: no name: 
05-04 18:07:33.492  7916  8010 V Avrcp_ext: Device: no name: 
05-04 18:07:33.492  7916  8010 V Avrcp_ext: Device: no name: 
05-04 18:07:33.492  7916  8010 V Avrcp_ext: updatePlayerStateAndPosition, old=PlaybackState {state=PLAYING(3), position=1314715, buffered position=0, speed=1.0, updated=1296902287, actions=8615, custom actions=[], active item id=-1, error=null}, state=PlaybackState {state=PLAYING(3), position=1327882, buffered position=0, speed=1.0, updated=1296915454, actions=8615, custom actions=[], active item id=-1, error=null}
05-04 18:07:33.492  7916  8010 V Avrcp_ext: old state = PlaybackState {state=PLAYING(3), position=1314715, buffered position=0, speed=1.0, updated=1296902287, actions=8615, custom actions=[], active item id=-1, error=null}, new state= PlaybackState {state=PLAYING(3), position=1327882, buffered position=0, speed=1.0, updated=1296915454, actions=8615, custom actions=[], active item id=-1, error=null}
05-04 18:07:33.492  7916  8010 D HeadsetService: getHeadsetService(): returning com.android.bluetooth.hfp.HeadsetService@ee3f0c7
05-04 18:07:33.493  7916  8010 E HeadsetStateMachine: returning mCurrentState as Connected
05-04 18:07:33.493  7916  8010 E HeadsetStateMachine: returning mCurrentState as Disconnected
05-04 18:07:33.493  7916  8010 E HeadsetStateMachine: returning mCurrentState as Disconnected
05-04 18:07:33.493  7916  8010 D HeadsetService:  isAudioOn: The number of audio connected devices 0
05-04 18:07:33.493  7916  8010 D HeadsetService: isScoOrCallActive(): Call Active:falseCall is Ringing:falseSCO is Active:false
05-04 18:07:33.493  7916  8010 E HeadsetStateMachine: returning mCurrentState as Connected
05-04 18:07:33.493  7916  8010 E HeadsetStateMachine: returning mCurrentState as Disconnected
05-04 18:07:33.493  7916  8010 E HeadsetStateMachine: returning mCurrentState as Disconnected
05-04 18:07:33.493  7916  8010 D HeadsetService:  isAudioOn: The number of audio connected devices 0
05-04 18:07:33.493  7916  8010 V Avrcp_ext: isPlayStateTobeUpdated: device: 17:3F:CF:BE:B9:01
05-04 18:07:33.493  7916  8010 V Avrcp_ext: Single connection exists
05-04 18:07:33.493  7916  8010 V Avrcp_ext: isPlayStateToBeUpdated device is active device
05-04 18:07:33.493  7916  8010 I Avrcp_ext: updatePlayStatusForDevice: device: 17:3F:CF:BE:B9:01
05-04 18:07:33.493  7916  8010 V Avrcp_ext: updatePlaybackState (0): old=PlaybackState {state=PLAYING(3), position=1314715, buffered position=0, speed=1.0, updated=1296902287, actions=8615, custom actions=[], active item id=-1, error=null}(1), new=PlaybackState {state=PLAYING(3), position=1327882, buffered position=0, speed=1.0, updated=1296915454, actions=8615, custom actions=[], active item id=-1, error=null}(1)
05-04 18:07:33.493  7916  8010 I Avrcp_ext: Exit updatePlayStatusForDevice
05-04 18:07:33.493  7916  8010 E HeadsetStateMachine: returning mCurrentState as Connected
05-04 18:07:33.493  7916  8010 E HeadsetStateMachine: returning mCurrentState as Disconnected
05-04 18:07:33.493  7916  8010 E HeadsetStateMachine: returning mCurrentState as Disconnected
05-04 18:07:33.493  7916  8010 D HeadsetService:  isAudioOn: The number of audio connected devices 0
05-04 18:07:33.493  7916  8010 D HeadsetService: isScoOrCallActive(): Call Active:falseCall is Ringing:falseSCO is Active:false
05-04 18:07:33.493  7916  8010 E HeadsetStateMachine: returning mCurrentState as Connected
05-04 18:07:33.493  7916  8010 E HeadsetStateMachine: returning mCurrentState as Disconnected
05-04 18:07:33.493  7916  8010 E HeadsetStateMachine: returning mCurrentState as Disconnected
05-04 18:07:33.493  7916  8010 D HeadsetService:  isAudioOn: The number of audio connected devices 0
05-04 18:07:33.493  7916  8010 V Avrcp_ext: isPlayStateTobeUpdated: device: null
05-04 18:07:33.493  7916  8010 V Avrcp_ext: Single connection exists
05-04 18:07:33.493  7916  8010 E HeadsetStateMachine: returning mCurrentState as Connected
05-04 18:07:33.493  7916  8010 E HeadsetStateMachine: returning mCurrentState as Disconnected
05-04 18:07:33.493  7916  8010 E HeadsetStateMachine: returning mCurrentState as Disconnected
05-04 18:07:33.493  7916  8010 D HeadsetService:  isAudioOn: The number of audio connected devices 0
05-04 18:07:33.493  7916  8010 D HeadsetService: isScoOrCallActive(): Call Active:falseCall is Ringing:falseSCO is Active:false
05-04 18:07:33.493  7916  8010 E HeadsetStateMachine: returning mCurrentState as Connected
05-04 18:07:33.493  7916  8010 E HeadsetStateMachine: returning mCurrentState as Disconnected
05-04 18:07:33.493  7916  8010 E HeadsetStateMachine: returning mCurrentState as Disconnected
05-04 18:07:33.493  7916  8010 D HeadsetService:  isAudioOn: The number of audio connected devices 0
05-04 18:07:33.493  7916  8010 V Avrcp_ext: isPlayStateTobeUpdated: device: null
05-04 18:07:33.493  7916  8010 V Avrcp_ext: Single connection exists
05-04 18:07:33.493  7916  8010 E HeadsetStateMachine: returning mCurrentState as Connected
05-04 18:07:33.493  7916  8010 E HeadsetStateMachine: returning mCurrentState as Disconnected
05-04 18:07:33.493  7916  8010 E HeadsetStateMachine: returning mCurrentState as Disconnected
05-04 18:07:33.493  7916  8010 D HeadsetService:  isAudioOn: The number of audio connected devices 0
05-04 18:07:33.493  7916  8010 D HeadsetService: isScoOrCallActive(): Call Active:falseCall is Ringing:falseSCO is Active:false
05-04 18:07:33.493  7916  8010 E HeadsetStateMachine: returning mCurrentState as Connected
05-04 18:07:33.493  7916  8010 E HeadsetStateMachine: returning mCurrentState as Disconnected
05-04 18:07:33.493  7916  8010 E HeadsetStateMachine: returning mCurrentState as Disconnected
05-04 18:07:33.493  7916  8010 D HeadsetService:  isAudioOn: The number of audio connected devices 0
05-04 18:07:33.493  7916  8010 V Avrcp_ext: isPlayStateTobeUpdated: device: null
05-04 18:07:33.493  7916  8010 V Avrcp_ext: Single connection exists
05-04 18:07:33.493  7916  8010 E HeadsetStateMachine: returning mCurrentState as Connected
05-04 18:07:33.493  7916  8010 E HeadsetStateMachine: returning mCurrentState as Disconnected
05-04 18:07:33.493  7916  8010 E HeadsetStateMachine: returning mCurrentState as Disconnected
05-04 18:07:33.493  7916  8010 D HeadsetService:  isAudioOn: The number of audio connected devices 0
05-04 18:07:33.493  7916  8010 D HeadsetService: isScoOrCallActive(): Call Active:falseCall is Ringing:falseSCO is Active:false
05-04 18:07:33.493  7916  8010 E HeadsetStateMachine: returning mCurrentState as Connected
05-04 18:07:33.493  7916  8010 E HeadsetStateMachine: returning mCurrentState as Disconnected
05-04 18:07:33.493  7916  8010 E HeadsetStateMachine: returning mCurrentState as Disconnected
05-04 18:07:33.493  7916  8010 D HeadsetService:  isAudioOn: The number of audio connected devices 0
05-04 18:07:33.493  7916  8010 V Avrcp_ext: isPlayStateTobeUpdated: device: null
05-04 18:07:33.493  7916  8010 V Avrcp_ext: Single connection exists
05-04 18:07:33.493  7916  8010 D Avrcp_ext: Enter sendPlayPosNotificationRsp
05-04 18:07:33.493  7916  8010 D Avrcp_ext: sendPlayPosNotificationRsp: Not registered or requesting.
05-04 18:07:33.493  7916  8010 D Avrcp_ext: Enter sendPlayPosNotificationRsp
05-04 18:07:33.493  7916  8010 D Avrcp_ext: sendPlayPosNotificationRsp: Not registered or requesting.
05-04 18:07:33.493  7916  8010 D Avrcp_ext: Enter sendPlayPosNotificationRsp
05-04 18:07:33.493  7916  8010 D Avrcp_ext: sendPlayPosNotificationRsp: Not registered or requesting.
05-04 18:07:33.493  7916  8010 D Avrcp_ext: Enter sendPlayPosNotificationRsp
05-04 18:07:33.493  7916  8010 D Avrcp_ext: sendPlayPosNotificationRsp: Not registered or requesting.
05-04 18:07:33.493  7916  8010 D Avrcp_ext: Enter sendPlayPosNotificationRsp
05-04 18:07:33.493  7916  8010 D Avrcp_ext: sendPlayPosNotificationRsp: Not registered or requesting.
05-04 18:07:33.493  7916  8010 V Avrcp_ext: Exit updatePlayerStateAndPosition
05-04 18:07:33.493  7916  8010 D APM: ActiveDeviceManagerServiceLegacy: getActiveAbsoluteDevice(): device: 17:3F:CF:BE:B9:01
05-04 18:07:33.493  7916  8010 D APM: ActiveDeviceManagerServiceLegacy: isStableState(): true
05-04 18:07:33.493  7916  8010 D Avrcp_ext: isAdmStable = true activeAbsAddr = 17:3F:CF:BE:B9:01 device = null
05-04 18:07:33.493  7916  8010 V APM: MediaControlManager: onPlaybackStateChanged
05-04 18:07:33.493  7916  8010 W McpService: updatePlaybackState state PlaybackState {state=PLAYING(3), position=1327882, buffered position=0, speed=1.0, updated=1296915454, actions=8615, custom actions=[], active item id=-1, error=null}
05-04 18:07:33.493  7916  8010 W McpService: updatePlaybackState mState: 1 state: 1
05-04 18:07:33.493  7916  8010 W Avrcp_ext: updated player state = PlaybackState {state=PLAYING(3), position=1327882, buffered position=0, speed=1.0, updated=1296915454, actions=8615, custom actions=[], active item id=-1, error=null}to MCP module also
05-04 18:07:33.493  7916  8010 V Avrcp_ext: Exit handleMessage
05-04 18:07:34.065 27765 25860 I NearbyMediums: No BLE Fast/GATT advertisements found in the latest cycle.
05-04 18:07:34.065 27765 25860 I NearbyMediums: Current Tracked Scanning Clients are : {NearbyConnections.EnvironmentMonitor, NearbySharing, NearbyConnections.TxAdvertisement}
05-04 18:07:34.066 27765 26320 I NearbyConnections: Processing lost BlePeripheral BlePeripheral{advertisement=BleAdvertisement { version=2, socketVersion=2, isFast=true, serviceIdHash=null, data=[ 0x23 0x52 0x37 0x31 0x55 0x11 0x32 0x4e 0xf6 0xdf 0x00 0x61 0x60 0x14 0x10 0x47 0x8c 0xc6 0x00 0x2d 0x85 0x7e 0x63 ], deviceToken=[ 0x3e 0x82 ], rxAdvertisement=null }, dctAdvertisement=null, address=null, psm=0, deviceToken=<ByteString@e2f9077 size=2 contents=">\202">, isSecondProfile=false, rxInstantConnectionAdv=null}.
05-04 18:07:34.066 27765 26320 I NearbyConnections: Lost BleEndpoint for BlePeripheral BlePeripheral{advertisement=BleAdvertisement { version=2, socketVersion=2, isFast=true, serviceIdHash=null, data=[ 0x23 0x52 0x37 0x31 0x55 0x11 0x32 0x4e 0xf6 0xdf 0x00 0x61 0x60 0x14 0x10 0x47 0x8c 0xc6 0x00 0x2d 0x85 0x7e 0x63 ], deviceToken=[ 0x3e 0x82 ], rxAdvertisement=null }, dctAdvertisement=null, address=null, psm=0, deviceToken=<ByteString@e2f9077 size=2 contents=">\202">, isSecondProfile=false, rxInstantConnectionAdv=null} (with EndpointId R71U and EndpointInfo [ 0x32 0x4e 0xf6 0xdf 0x00 0x61 0x60 0x14 0x10 0x47 0x8c 0xc6 0x00 0x2d 0x85 0x7e 0x63 ]).
05-04 18:07:34.066 27765 26320 I NearbyConnections: Unable to record lost endpoint due to null currentDiscoveryPhase
05-04 18:07:34.066 27765 26320 I NearbyConnections: ClientProxy(214472614) reporting onEndpointLost(R71U)
05-04 18:07:34.067 27765 25860 I NearbySharing: NearbySharing Internal event EndpointLost(endpointId=R71U)
05-04 18:07:34.169  1852  2871 D audioserver: FGS Logger Transaction failed
05-04 18:07:34.169  1852  2871 D audioserver: -129
05-04 18:07:34.202  1736 27302 V DlbVolumeListener: effectCommand
05-04 18:07:34.202  1736 27302 V DlbVolumeListener: effectCommand :: Command EFFECT_CMD_DISABLE
05-04 18:07:34.212  1736  4275 V DlbVolumeListener: effectCommand
05-04 18:07:34.212  1736  4275 V DlbVolumeListener: effectCommand :: Command EFFECT_CMD_SET_CONFIG
05-04 18:07:34.212  1736 27302 V DlbVolumeListener: effectCommand
05-04 18:07:34.212  1736 27302 V DlbVolumeListener: effectCommand :: Command EFFECT_CMD_SET_CONFIG
05-04 18:07:34.212  1852  2444 W audioserver: Binder 0xb400007904d82b38 destroyed after setMinSchedulerPolicy before being parceled.
05-04 18:07:34.213  1736 27302 V DlbVolumeListener: release(handle=0xb40000747f219e40)
05-04 18:07:34.213  1852  2444 W audioserver: Binder 0xb400007904d7bff8 destroyed after setMinSchedulerPolicy before being parceled.
05-04 18:07:34.216  1852  2444 D APM_AudioPolicyManager: stopOutput() output 29, stream 3, session 30329
05-04 18:07:34.235  1736  4275 D DlbDlbEffect: handle_EFFECT_CMD_DISABLE()
05-04 18:07:34.235  1736  4275 D DlbEffectDap: updateProcessEnabled(enabled=0, bypassed=0)
05-04 18:07:34.235  1736  4275 D DlbCrossfadeProcess: setEnabled transitioning from PROCESS_ACTIVE state to FADE_TO_BYPASS
05-04 18:07:34.240  1736  4275 D DlbDlbEffect: handle_EFFECT_CMD_SET_CONFIG()
05-04 18:07:34.240  1736  4275 D DlbDapEffectContext: updateInputFormat() mIsDmsContentProcEnabled: 1, channels: 0x3, mCurrentDevice: 0x80, mAudioFlags: 0xa00
05-04 18:07:34.240  1736  4275 D DlbDap2ProcessWithIht: setHTParam: mIsBinauralInput: 0
05-04 18:07:34.240  1736  4275 D DlbDap2ProcessWithIht: DAP input format is 0x22 with input channel mask 0x3
05-04 18:07:34.240  1736 27302 D DlbDlbEffect: handle_EFFECT_CMD_SET_CONFIG()
05-04 18:07:34.240  1736 27302 D DlbDapEffectContext: updateInputFormat() mIsDmsContentProcEnabled: 1, channels: 0x3, mCurrentDevice: 0x80, mAudioFlags: 0xa00
05-04 18:07:34.240  1736 27302 D DlbDap2ProcessWithIht: setHTParam: mIsBinauralInput: 0
05-04 18:07:34.240  1736 27302 D DlbDap2ProcessWithIht: DAP input format is 0x22 with input channel mask 0x3
05-04 18:07:34.240  1736 27302 D DlbDlbEffect: handle_EFFECT_CMD_SET_DEVICE(device=0x00000001)
05-04 18:07:34.240  1736 27302 D DlbDapCrossfadeProcess: deviceChanged()
05-04 18:07:34.240  1736 27302 D DlbDapEndpointParamCache: setDevice(device=0x00000001)
05-04 18:07:34.240  1736 27302 D DlbDapEndpointParamCache: setDevice() Applying parameters for new device 0x00000001
05-04 18:07:34.240  1736 27302 D DlbDap2ProcessWithIht: setParam(dea = #1[4])
05-04 18:07:34.240  1736 27302 D DlbDap2ProcessWithIht: setParam(iea = #1[6])
05-04 18:07:34.240  1736 27302 D DlbDap2ProcessWithIht: setParam(dsa = #1[10])
05-04 18:07:34.240  1736 27302 D DlbDap2ProcessWithIht: setParam(beb = #1[54])
05-04 18:07:34.240  1736 27302 D DlbDap2ProcessWithIht: setParam(plb = #1[0])
05-04 18:07:34.240  1736 27302 D DlbDap2ProcessWithIht: setParam(vmb = #1[64])
05-04 18:07:34.240  1736 27302 D DlbDap2ProcessWithIht: setParam(dsb = #1[0])
05-04 18:07:34.240  1736 27302 D DlbDap2ProcessWithIht: setParam(ded = #1[0])
05-04 18:07:34.240  1736 27302 D DlbDap2ProcessWithIht: setParam(vbm = #1[3])
05-04 18:07:34.240  1736 27302 D DlbDap2ProcessWithIht: Got DAP mix matrix (length=2) for processing mode 0
05-04 18:07:34.240  1736 27302 D DlbDap2ProcessWithIht: Got DAP mix matrix (length=4) for processing mode 1
05-04 18:07:34.240  1736 27302 D DlbDap2ProcessWithIht: Got DAP mix matrix (length=12) for processing mode 3
05-04 18:07:34.240  1736 27302 D DlbDap2ProcessWithIht: Got DAP mix matrix (length=16) for processing mode 5
05-04 18:07:34.240  1736 27302 D DlbDap2ProcessWithIht: Got DAP mix matrix (length=12) for processing mode 10
05-04 18:07:34.240  1736 27302 D DlbDap2ProcessWithIht: Got DAP mix matrix (length=16) for processing mode 11
05-04 18:07:34.240  1736 27302 D DlbDap2ProcessWithIht: Got DAP mix matrix (length=16) for processing mode 6
05-04 18:07:34.240  1736 27302 D DlbDap2ProcessWithIht: DAP output mode set to 1 with output channel mask 0x3 and null mix matrix.
05-04 18:07:34.240  1736 27302 D DlbDap2ProcessWithIht: setParam(dom = #95[0, 0, 1, 0, 2, 16384, 16384, 1, 4, 16384, 0, 0, 16384, 3, 12, 16384, 0, 0, 16384, 11583, 11583, 8192, 8192, 16384, 0, 0, 16384, 5, 16, 16384, 0, 0, 16384, 11583, 11583, 8192, 8192, 16384, 0, 0, 16384, 16384, 0, 0, 16384, 10, 12, 16384, 0, 0, 16384, 11583, 11583, 8192, 8192, 16384, 0, 0, 16384, 11, 16, 16384, 0, 0, 16384, 11583, 11583, 8192, 8192, 16384, 0, 0, 16384, 16384, 0, 0, 16384, 6, 16, 16384, 0, 0, 16384, 11583, 11583, 8192, 8192, 16384, 0, 0, 16384, 16384, 0, 0, 16384])
05-04 18:07:34.240  1736 27302 D DlbDap2ProcessWithIht: setParam(svm = #1[1])
05-04 18:07:34.240  1736 27302 D DlbDap2ProcessWithIht: setParam(bew = #1[8])
05-04 18:07:34.240  1736 27302 D DlbDap2ProcessWithIht: setParam(hpaa = #1[900])
05-04 18:07:34.240  1736 27302 D DlbDap2ProcessWithIht: setParam(dvla = #1[0])
05-04 18:07:34.240  1736 27302 D DlbDap2ProcessWithIht: setParam(dfsa = #1[10])
05-04 18:07:34.240  1736 27302 D DlbDap2ProcessWithIht: setParam(dhsa = #1[10])
05-04 18:07:34.240  1736 27302 D DlbDap2ProcessWithIht: setParam(arsa = #5[2, 240, 240, 96, 96])
05-04 18:07:34.240  1736 27302 D DlbDap2ProcessWithIht: setParam(rssa = #14[2, 6, -375, -371, -400, -400, -400, -400, -382, -378, -400, -400, -401, -404])
05-04 18:07:34.240  1736 27302 D DlbDap2ProcessWithIht: setParam(vbhb = #6[32, 32, 16, 0, 0, 0])
05-04 18:07:34.240  1736 27302 D DlbDap2ProcessWithIht: setParam(avsb = #1[0])
05-04 18:07:34.240  1736 27302 D DlbDap2ProcessWithIht: setParam(svsb = #1[0])
05-04 18:07:34.240  1736 27302 D DlbDap2ProcessWithIht: setParam(dvlc = #1[0])
05-04 18:07:34.240  1736 27302 D DlbDap2ProcessWithIht: setParam(dvmc = #1[0])
05-04 18:07:34.240  1736 27302 D DlbDap2ProcessWithIht: setParam(svrc = #8[103, 32568, 11164, 5090, 0, 3, 3, 3])
05-04 18:07:34.240  1736 27302 D DlbDap2ProcessWithIht: setParam(arod = #1[0])
05-04 18:07:34.240  1736 27302 D DlbDap2ProcessWithIht: setParam(vssd = #1[4])
05-04 18:07:34.240  1736 27302 D DlbDap2ProcessWithIht: setParam(mvbe = #1[0])
05-04 18:07:34.240  1736 27302 D DlbDap2ProcessWithIht: setParam(bmde = #1[1])
05-04 18:07:34.240  1736 27302 D DlbDap2ProcessWithIht: setParam(arde = #1[1])
05-04 18:07:34.240  1736 27302 D DlbDap2ProcessWithIht: setParam(mdee = #1[0])
05-04 18:07:34.240  1736 27302 D DlbDap2ProcessWithIht: setParam(dvle = #1[1])
05-04 18:07:34.240  1736 27302 D DlbDap2ProcessWithIht: setParam(rsse = #1[1])
05-04 18:07:34.240  1736 27302 D DlbDap2ProcessWithIht: setParam(becf = #1[303])
05-04 18:07:34.240  1736 27302 D DlbDap2ProcessWithIht: setParam(vbmf = #2[202, 319])
05-04 18:07:34.240  1736 27302 D DlbDap2ProcessWithIht: setParam(vbsf = #2[30, 270])
05-04 18:07:34.240  1736 27302 D DlbDap2ProcessWithIht: setParam(vbbg = #1[-22])
05-04 18:07:34.241  1736 27302 D DlbDap2ProcessWithIht: setParam(vbhg = #3[8, 96, 20])
05-04 18:07:34.241  1736 27302 D DlbDap2ProcessWithIht: setParam(vbog = #1[-187])
05-04 18:07:34.241  1736 27302 D DlbDap2ProcessWithIht: setParam(vbrg = #1[-35])
05-04 18:07:34.241  1736 27302 D DlbDap2ProcessWithIht: setParam(vbsg = #1[-2])
05-04 18:07:34.241  1736 27302 D DlbDap2ProcessWithIht: setParam(dvli = #1[-256])
05-04 18:07:34.241  1736 27302 D DlbDap2ProcessWithIht: setParam(dhfm = #1[1])
05-04 18:07:34.241  1736 27302 D DlbDap2ProcessWithIht: setParam(vbhm = #4[72, -115, 80, 32])
05-04 18:07:34.241  1736 27302 D DlbDap2ProcessWithIht: setParam(beon = #1[1])
05-04 18:07:34.241  1736 27302 D DlbDap2ProcessWithIht: setParam(ceon = #1[0])
05-04 18:07:34.241  1736 27302 D DlbDap2ProcessWithIht: setParam(deon = #1[0])
05-04 18:07:34.241  1736 27302 D DlbDap2ProcessWithIht: setParam(geon = #1[1])
05-04 18:07:34.241  1736 27302 D DlbDap2ProcessWithIht: setParam(ieon = #1[0])
05-04 18:07:34.241  1736 27302 D DlbDap2ProcessWithIht: setParam(ngon = #1[1])
05-04 18:07:34.241  1736 27302 D DlbDap2ProcessWithIht: setParam(aoon = #1[1])
05-04 18:07:34.241  1736 27302 D DlbDap2ProcessWithIht: setParam(hpon = #1[0])
05-04 18:07:34.241  1736 27302 D DlbDap2ProcessWithIht: setParam(aron = #1[1])
05-04 18:07:34.241  1736 27302 D DlbDap2ProcessWithIht: setParam(dvlo = #1[-256])
05-04 18:07:34.241  1736 27302 D DlbDap2ProcessWithIht: setParam(dplp = #1[240])
05-04 18:07:34.241  1736 27302 D DlbDap2ProcessWithIht: setParam(artp = #1[12])
05-04 18:07:34.241  1736 27302 D DlbDap2ProcessWithIht: setParam(hpar = #1[1600])
05-04 18:07:34.241  1736 27302 D DlbDap2ProcessWithIht: setParam(aobs = #62[20, 2, 47, 141, 234, 328, 469, 656, 844, 1031, 1313, 1688, 2250, 3000, 3750, 4688, 5813, 7125, 9000, 11250, 13875, 19688, -480, -480, -42, -36, -83, -148, -113, -105, 2, 18, 18, 16, -18, -178, -48, 47, 59, 36, 51, 32, 0, 2, 32, -48, -21, -53, -118, -10, 10, -7, -10, -22, -70, -149, -66, 50, 26, -97, 47, 32])
05-04 18:07:34.241  1736 27302 D DlbDap2ProcessWithIht: setParam(arbs = #81[20, 47, 141, 234, 328, 469, 656, 844, 1031, 1313, 1688, 2250, 3000, 3750, 4688, 5813, 7125, 9000, 11250, 13875, 19688, -701, -256, -446, -371, -451, -328, -358, -395, -376, -192, -192, -192, -192, -365, -192, -192, -192, -192, -192, -192, -509, -64, -254, -179, -259, -136, -166, -203, -184, 0, 0, 0, 0, -173, 0, 0, 0, 0, 0, 0, 1, 1, 1, 1, 1, 1, 1, 1, 1, 0, 0, 0, 0, 1, 0, 0, 0, 0, 0, 0])
05-04 18:07:34.241  1736 27302 D DlbDap2ProcessWithIht: setParam(ards = #1[16])
05-04 18:07:34.241  1736 27302 D DlbDap2ProcessWithIht: setParam(hpat = #1[-256])
05-04 18:07:34.241  1736 27302 D DlbDap2ProcessWithIht: setParam(vbct = #7[1, 43, -329, 60, 60, 100, 262])
05-04 18:07:34.241  1736 27302 D DlbDap2ProcessWithIht: setParam(bmdt = #80[1, -1600, 0, -1120, -400, 0, 0, 5, 10, 0, 1, -464, 48, -464, -96, 0, -96, 50, 157, 80, 1, -464, 48, -464, -96, 0, -96, 50, 157, 80, 1, -464, 48, -464, -96, 0, -96, 50, 157, 80, 1, -1600, 0, -1120, -208, 0, -96, 5, 113, 48, 1, -1600, 0, -1120, -400, -240, 0, 5, 10, 0, 1, -1600, 0, -1120, -400, -240, 0, 5, 10, 0, 1, -1600, 0, -1120, -400, -240, 0, 5, 10, 0])
05-04 18:07:34.241  1736 27302 D DlbDap2ProcessWithIht: setParam(hptw = #1[6])
05-04 18:07:34.241  1736 27302 D DlbDap2ProcessWithIht: setParam(vbmx = #2[146, 507])
05-04 18:07:34.241  1736 27302 D DlbDapEndpointParamCache: doCommit() Committed 65 parameters out of 65.
05-04 18:07:34.244  1778  1778 D DMSService: setActiveDevice called with device = 0x2 (original 0x2)
05-04 18:07:34.244  1736 27302 D DlbDapEffectContext: updateInputFormat() mIsDmsContentProcEnabled: 1, channels: 0x3, mCurrentDevice: 0x2, mAudioFlags: 0xa00
05-04 18:07:34.244  1736 27302 D DlbDap2ProcessWithIht: setHTParam: mIsBinauralInput: 0
05-04 18:07:34.244  1736 27302 D DlbDap2ProcessWithIht: DAP input format is 0x22 with input channel mask 0x3
05-04 18:07:34.244  1736 27302 D DlbEffectDap: setAudioMode(mode = 0)
05-04 18:07:34.244  1736 27302 D DlbEffectContext: addPregainObserver(): Pregain observer added for audio io 13 and Dolby effect type 0
05-04 18:07:34.244  1736  4275 D DlbDlbEffect: handle_EFFECT_CMD_ENABLE()
05-04 18:07:34.244  1736  4275 D DlbEffectDap: updateProcessEnabled(enabled=1, bypassed=0)
05-04 18:07:34.244  1736  4275 D DlbCrossfadeProcess: setEnabled transitioning from PROCESS_BYPASSED state to PREROLL_ACTIVE
05-04 18:07:34.244  1852  2444 D AudioFlinger: moveEffectChain_l: successful move of session 0 from srcThread 0xb400007beafba910 to dstThread 0xb400007bf12d0910 (1 effects moved, 1 effects started)
05-04 18:07:34.306  7797  7797 E YT.mlplayer: MedialibPlayerEvents[79].onEnded()
05-04 18:07:34.309  7797  7797 W YT      : CueRangeManager state error: currentPosition=1328924 lastPositionTracked=1328933
05-04 18:07:34.322  3064  3736 D WifiStaIfaceHidlImpl: getCachedScanData is not implemented by HIDL
05-04 18:07:34.325  3064  3736 I HalDevMgr: bestIfaceCreationProposal is null, requestIface=STA, existingIface=[name=ap_br_wlan2 type=AP_BRIDGE, name=wlan0 type=STA]
05-04 18:07:34.331  7797  7882 E YT.qoe  : Pinging https://s.youtube.com/api/stats/qoe?cl=906380500&ei=i3r4adSWBOiOssUP9qLCiAw&el=detailpage&event=streamingstats&feature=push-u-sub&ns=yt&osid=AAAAAb9zxG0%3AAOeUNAYA4puO-xjwotdwChXMc8CYmF3kNA&plid=AAZQ-7vd9QKlqFhv&cpn=BfPRSejxgFjOoCnK&cplatform=mobile&cbr=com.google.android.youtube&cff=SMALL_FORM_FACTOR&c=android&cmodel=motorola%20edge%2030%20pro&cos=Android&soc=QTI%3ASM8450&csdk=34&cbrver=21.17.481&cver=21.17.481&cosver=14&cbrand=motorola&qclc=ChBCZlBSU2VqeGdGak9vQ25LGgCqAQA&df=6275.917:0&conn=6275.942:3&cplayer=PLATYPUS&bat=6275.943:1.000:1&bh=5807.884:468.16,5837.892:438.12,5867.893:408.09,5897.896:378.20,5927.898:348.16,5957.898:318.12,5987.899:288.11,6017.899:258.07,6047.900:228.20,6077.900:198.16,6107.900:168.12,6137.901:138.08,6167.902:108.06,6197.902:78.04,6227.903:48.16,6257.903:18.14,6275.942:0.00&vps=5867.871:PL,6275.942:EN&cmt=5807.884:859.962,5837.892:889.838,5867.871:919.874,5867.893:919.874,5897.896:949.925,5927.898:979.964,5957.898:1009.843,5987.899:1039.853,6017.899:1069.889,6047.900:1099.927,6077.900:1129.958,6107.900:1159.843,6137.901:1189.875,6167.902:1219.904,6197.902:1249.926,6227.903:1279.964,6257.903:1309.822,6275.942:1328.924&seq=8&docid=(scrubbed) 
05-04 18:07:34.331  7797  7882 E YT.qoe  : &fexp=
05-04 18:07:34.344  7916  8010 V Avrcp_ext: onPlaybackStateChanged: state PlaybackState {state=STOPPED(1), position=1328924, buffered position=0, speed=1.0, updated=1296916309, actions=8615, custom actions=[], active item id=-1, error=null}
05-04 18:07:34.344  7916  8010 V APM: MediaControlManager: onPlaybackStateChanged
05-04 18:07:34.344  7916  8010 W McpService: updatePlaybackState state PlaybackState {state=STOPPED(1), position=1328924, buffered position=0, speed=1.0, updated=1296916309, actions=8615, custom actions=[], active item id=-1, error=null}
05-04 18:07:34.344  7916  8010 W McpService: updatePlaybackState mState: 1 state: 2
05-04 18:07:34.345  7916  8054 V McpService: McsMessageHandler: received message=5
05-04 18:07:34.345  7916  8054 V McpService: MEDIA_STATE_UPDATE msg: 2
05-04 18:07:34.346  7916  8054 I bt_stack: [INFO:com_android_bluetooth_mcp.cpp(249)] mediaStateNative
05-04 18:07:34.346  7916  8054 I bt_stack: [INFO:btif_mcp.cc(77)] MediaState: state 
05-04 18:07:34.346  7916  8054 V McpService: Exit handleMessage
05-04 18:07:34.346  7916  8054 V McpService: McsMessageHandler: received message=11
05-04 18:07:34.346  7916  8054 V McpService: TRACK_POSITION_UPDATE msg: 1328924
05-04 18:07:34.346  7916  8054 I bt_stack: [INFO:com_android_bluetooth_mcp.cpp(287)] trackPositionNative
05-04 18:07:34.346  7916  8010 V Avrcp_ext: updateCurrentMediaState: mMediaController: MediaController (com.google.android.youtube@85fe229) Bengal Election Result : बंगाल में आज असली खेल क्या हुआ? नतीजों पर सब चौंक गए.., Punya Prasun Bajpai, Punya Prasun Bajpai
05-04 18:07:34.346  7916  8010 W Avrcp_ext: isMusicActive: false getBluetoothPlayState: 1 A2dp State: 10 mAudioPlaybackIsActive: false
05-04 18:07:34.346  7916  8010 D Avrcp_ext: isMusicActive = false mAudioPlaybackIsActive = false player state = PlaybackState {state=STOPPED(1), position=1328924, buffered position=0, speed=1.0, updated=1296916309, actions=8615, custom actions=[], active item id=-1, error=null}
05-04 18:07:34.347  7916  7989 I bt_stack: [INFO:bta_mcp_main.cc(423)] MediaState state: 2
05-04 18:07:34.347  7916  7989 I bt_stack: [INFO:bta_mcp_main.cc(895)] HandleMcsEvent   mcs handle event MCP_MEDIA_STATE_UPDATE
05-04 18:07:34.347  7916  7989 I bt_stack: [INFO:bta_mcp_main.cc(1459)] HandleMcsEvent state: 2
05-04 18:07:34.347  7916  7989 I bt_stack: [INFO:bta_mcp_main.cc(1634)] HandleMcsEvent event to media handler MCP_NOTIFY_ALL
05-04 18:07:34.347  7916  8054 I bt_stack: [INFO:btif_mcp.cc(121)] TrackPosition: position132892
05-04 18:07:34.347  7916  8010 D Avrcp_ext: overwrite album_artist :Punya Prasun Bajpaiif album is blank
05-04 18:07:34.348  7916  8054 V McpService: Exit handleMessage
05-04 18:07:34.348  7916  8010 D AvrcpBipRsp:  getImgHandle device :17:3F:CF:BE:B9:01 data :android.media.MediaMetadata@e49e1816
05-04 18:07:34.348  7916  8010 W AvrcpBipRsp: getImgHandle bipSm null
05-04 18:07:34.348  7916  8010 D Avrcp_ext:  getImgHandle device:17:3F:CF:BE:B9:01 data:android.media.MediaMetadata@e49e1816 isKeyContains true Handle 
05-04 18:07:34.348  7916  7989 I bt_stack: [INFO:bta_mcp_main.cc(2800)] MediaStatePauseHandler handle event MCP_NOTIFY_ALL in state MCP_STATE_PAUSE
05-04 18:07:34.348  7916  7989 I bt_stack: [INFO:bta_mcp_main.cc(2808)] MediaStatePauseHandler device: 0x111000a01be0001
05-04 18:07:34.348  7916  8010 I Avrcp_ext: device found at index 0
05-04 18:07:34.348  7916  8010 V Avrcp_ext: updateCurrentMediaState: addr: [B@a153a34
05-04 18:07:34.348  7916  8010 V Avrcp_ext: Media update: id -1➡-1? [MediaAttributes: B⋯. - P⋯i by P⋯i (1329000 0/0) - ] : [MediaAttributes: B⋯. - P⋯i by P⋯i (1329000 0/0) - ]
05-04 18:07:34.349  7916  8010 D Avrcp_ext: isPackageNameValid: browsedPackage = com.google.android.youtubeisValid = true
05-04 18:07:34.349  7916  8010 V Avrcp_ext: isBrowseSupported for com.google.android.youtube: false
05-04 18:07:34.349  7916  8010 W Avrcp_ext: updateCurrentMediaState: isInactivePlayer = false
05-04 18:07:34.349  7916  8010 V Avrcp_ext: updatePlaybackState, state: PlaybackState {state=STOPPED(1), position=1328924, buffered position=0, speed=1.0, updated=1296916309, actions=8615, custom actions=[], active item id=-1, error=null} device: null
05-04 18:07:34.349  7916  7989 I bt_stack: [INFO:bta_mcp_main.cc(2811)] MediaStatePauseHandler Notify all handle 45
05-04 18:07:34.349  7916  7989 I bt_stack: [INFO:bta_mcp_main.cc(2817)] MediaStatePauseHandler Number of devices to send the notification to: 0
05-04 18:07:34.349  7916  7989 I bt_stack: [INFO:bta_mcp_main.cc(2821)] MediaStatePauseHandler No device register for notification
05-04 18:07:34.349  7916  7989 I bt_stack: [INFO:bta_mcp_main.cc(1638)] HandleMcsEventfree rsp data
05-04 18:07:34.349  7916  7989 I bt_stack: [INFO:bta_mcp_main.cc(487)] TrackPosition
05-04 18:07:34.349  7916  7989 I bt_stack: [INFO:bta_mcp_main.cc(895)] HandleMcsEvent   mcs handle event MCP_TRACK_POSITION_UPDATE
05-04 18:07:34.349  7916  7989 I bt_stack: [INFO:bta_mcp_main.cc(1634)] HandleMcsEvent event to media handler MCP_NOTIFY_ALL
05-04 18:07:34.349  7916  7989 I bt_stack: [INFO:bta_mcp_main.cc(2800)] MediaStatePauseHandler handle event MCP_NOTIFY_ALL in state MCP_STATE_PAUSE
05-04 18:07:34.349  7916  7989 I bt_stack: [INFO:bta_mcp_main.cc(2808)] MediaStatePauseHandler device: 0x111000a01be0001
05-04 18:07:34.349  7916  7989 I bt_stack: [INFO:bta_mcp_main.cc(2811)] MediaStatePauseHandler Notify all handle 66
05-04 18:07:34.349  7916  7989 I bt_stack: [INFO:bta_mcp_main.cc(2817)] MediaStatePauseHandler Number of devices to send the notification to: 0
05-04 18:07:34.349  7916  7989 I bt_stack: [INFO:bta_mcp_main.cc(2821)] MediaStatePauseHandler No device register for notification
05-04 18:07:34.349  7916  8010 D BroadcastService: getBroadcastAddress
05-04 18:07:34.349  7916  8010 D BroadcastService: isBroadcastActive: Broadcast is turned to off
05-04 18:07:34.349  7916  7989 I bt_stack: [INFO:bta_mcp_main.cc(1638)] HandleMcsEventfree rsp data
05-04 18:07:34.349  7916  8010 V Avrcp_ext: Device: Ejaj’s AirPods : old state: PlaybackState {state=PLAYING(3), position=1327882, buffered position=0, speed=1.0, updated=1296915454, actions=8615, custom actions=[], active item id=-1, error=null}
05-04 18:07:34.349  7916  8010 V Avrcp_ext: Device: no name: 
05-04 18:07:34.349  7916  8010 V Avrcp_ext: Device: no name: 
05-04 18:07:34.349  7916  8010 V Avrcp_ext: Device: no name: 
05-04 18:07:34.349  7916  8010 V Avrcp_ext: Device: no name: 
05-04 18:07:34.349  7916  8010 V Avrcp_ext: updatePlayerStateAndPosition, old=PlaybackState {state=PLAYING(3), position=1327882, buffered position=0, speed=1.0, updated=1296915454, actions=8615, custom actions=[], active item id=-1, error=null}, state=PlaybackState {state=STOPPED(1), position=1328924, buffered position=0, speed=1.0, updated=1296916309, actions=8615, custom actions=[], active item id=-1, error=null}
05-04 18:07:34.349  7916  8010 V Avrcp_ext: old state = PlaybackState {state=PLAYING(3), position=1327882, buffered position=0, speed=1.0, updated=1296915454, actions=8615, custom actions=[], active item id=-1, error=null}, new state= PlaybackState {state=STOPPED(1), position=1328924, buffered position=0, speed=1.0, updated=1296916309, actions=8615, custom actions=[], active item id=-1, error=null}
05-04 18:07:34.349  7916  8010 D HeadsetService: getHeadsetService(): returning com.android.bluetooth.hfp.HeadsetService@ee3f0c7
05-04 18:07:34.349  7916  8010 E HeadsetStateMachine: returning mCurrentState as Connected
05-04 18:07:34.349  7916  8010 E HeadsetStateMachine: returning mCurrentState as Disconnected
05-04 18:07:34.349  7916  8010 E HeadsetStateMachine: returning mCurrentState as Disconnected
05-04 18:07:34.349  7916  8010 D HeadsetService:  isAudioOn: The number of audio connected devices 0
05-04 18:07:34.349  7916  8010 D HeadsetService: isScoOrCallActive(): Call Active:falseCall is Ringing:falseSCO is Active:false
05-04 18:07:34.349  7916  8010 E HeadsetStateMachine: returning mCurrentState as Connected
05-04 18:07:34.349  7916  8010 E HeadsetStateMachine: returning mCurrentState as Disconnected
05-04 18:07:34.349  7916  8010 E HeadsetStateMachine: returning mCurrentState as Disconnected
05-04 18:07:34.349  7916  8010 D HeadsetService:  isAudioOn: The number of audio connected devices 0
05-04 18:07:34.349  7916  8010 I Avrcp_ext: updatePlayStatusForDevice: device: 17:3F:CF:BE:B9:01
05-04 18:07:34.349  7916  8010 V Avrcp_ext: updatePlaybackState (0): old=PlaybackState {state=PLAYING(3), position=1327882, buffered position=0, speed=1.0, updated=1296915454, actions=8615, custom actions=[], active item id=-1, error=null}(1), new=PlaybackState {state=STOPPED(1), position=1328924, buffered position=0, speed=1.0, updated=1296916309, actions=8615, custom actions=[], active item id=-1, error=null}(0)
05-04 18:07:34.349  7916  8010 W Avrcp_ext: Sending PlayStatus CHANGED Rsp !!!
05-04 18:07:34.349  7916  8010 D bt_btif : register_notification_rsp: isShoMcastEnabled: 1
05-04 18:07:34.349  3827  3827 D MediaDataManager: State updated outside of notification
05-04 18:07:34.350  7916  8010 I Avrcp_ext: Exit updatePlayStatusForDevice
05-04 18:07:34.350  7916  8010 E HeadsetStateMachine: returning mCurrentState as Connected
05-04 18:07:34.350  7916  8010 E HeadsetStateMachine: returning mCurrentState as Disconnected
05-04 18:07:34.350  7916  8010 E HeadsetStateMachine: returning mCurrentState as Disconnected
05-04 18:07:34.350  7916  8010 D HeadsetService:  isAudioOn: The number of audio connected devices 0
05-04 18:07:34.350  7916  8010 D HeadsetService: isScoOrCallActive(): Call Active:falseCall is Ringing:falseSCO is Active:false
05-04 18:07:34.350  7916  8010 E HeadsetStateMachine: returning mCurrentState as Connected
05-04 18:07:34.350  7916  8010 E HeadsetStateMachine: returning mCurrentState as Disconnected
05-04 18:07:34.350  7916  8010 E HeadsetStateMachine: returning mCurrentState as Disconnected
05-04 18:07:34.350  7916  8010 D HeadsetService:  isAudioOn: The number of audio connected devices 0
05-04 18:07:34.350  7916  8010 I Avrcp_ext: updatePlayStatusForDevice: device: null
05-04 18:07:34.350  7916  8010 V Avrcp_ext: updatePlaybackState (1): old=PlaybackState {state=PAUSED(2), position=320688, buffered position=0, speed=1.0, updated=1290962714, actions=8615, custom actions=[], active item id=-1, error=null}(2), new=PlaybackState {state=STOPPED(1), position=1328924, buffered position=0, speed=1.0, updated=1296916309, actions=8615, custom actions=[], active item id=-1, error=null}(0)
05-04 18:07:34.350  7916  8010 I Avrcp_ext: Exit updatePlayStatusForDevice
05-04 18:07:34.350  7916  8010 E HeadsetStateMachine: returning mCurrentState as Connected
05-04 18:07:34.350  7916  8010 E HeadsetStateMachine: returning mCurrentState as Disconnected
05-04 18:07:34.350  7916  7989 D bt_btif : LCB lcb=1 event=UL_MSG_EVT state=LCB_OPEN_ST
05-04 18:07:34.350  7916  8010 E HeadsetStateMachine: returning mCurrentState as Disconnected
05-04 18:07:34.350  7916  8010 D HeadsetService:  isAudioOn: The number of audio connected devices 0
05-04 18:07:34.350  7916  8010 D HeadsetService: isScoOrCallActive(): Call Active:falseCall is Ringing:falseSCO is Active:false
05-04 18:07:34.350  7916  8010 E HeadsetStateMachine: returning mCurrentState as Connected
05-04 18:07:34.350  7916  8010 E HeadsetStateMachine: returning mCurrentState as Disconnected
05-04 18:07:34.350  7916  8010 E HeadsetStateMachine: returning mCurrentState as Disconnected
05-04 18:07:34.350  7916  8010 D HeadsetService:  isAudioOn: The number of audio connected devices 0
05-04 18:07:34.350  7916  8010 I Avrcp_ext: updatePlayStatusForDevice: device: null
05-04 18:07:34.350  7916  8010 V Avrcp_ext: updatePlaybackState (1): old=PlaybackState {state=PAUSED(2), position=320688, buffered position=0, speed=1.0, updated=1290962714, actions=8615, custom actions=[], active item id=-1, error=null}(2), new=PlaybackState {state=STOPPED(1), position=1328924, buffered position=0, speed=1.0, updated=1296916309, actions=8615, custom actions=[], active item id=-1, error=null}(0)
05-04 18:07:34.350  7916  8010 I Avrcp_ext: Exit updatePlayStatusForDevice
05-04 18:07:34.350  7916  8010 E HeadsetStateMachine: returning mCurrentState as Connected
05-04 18:07:34.350  7916  8010 E HeadsetStateMachine: returning mCurrentState as Disconnected
05-04 18:07:34.350  7916  8010 E HeadsetStateMachine: returning mCurrentState as Disconnected
05-04 18:07:34.350  7916  8010 D HeadsetService:  isAudioOn: The number of audio connected devices 0
05-04 18:07:34.350  7916  8010 D HeadsetService: isScoOrCallActive(): Call Active:falseCall is Ringing:falseSCO is Active:false
05-04 18:07:34.350  7916  8010 E HeadsetStateMachine: returning mCurrentState as Connected
05-04 18:07:34.350  7916  8010 E HeadsetStateMachine: returning mCurrentState as Disconnected
05-04 18:07:34.350  7916  8010 E HeadsetStateMachine: returning mCurrentState as Disconnected
05-04 18:07:34.350  7916  8010 D HeadsetService:  isAudioOn: The number of audio connected devices 0
05-04 18:07:34.350  7916  8010 I Avrcp_ext: updatePlayStatusForDevice: device: null
05-04 18:07:34.350  7916  8010 V Avrcp_ext: updatePlaybackState (1): old=PlaybackState {state=PAUSED(2), position=320688, buffered position=0, speed=1.0, updated=1290962714, actions=8615, custom actions=[], active item id=-1, error=null}(2), new=PlaybackState {state=STOPPED(1), position=1328924, buffered position=0, speed=1.0, updated=1296916309, actions=8615, custom actions=[], active item id=-1, error=null}(0)
05-04 18:07:34.350  7916  8010 I Avrcp_ext: Exit updatePlayStatusForDevice
05-04 18:07:34.350  7916  8010 E HeadsetStateMachine: returning mCurrentState as Connected
05-04 18:07:34.350  7916  8010 E HeadsetStateMachine: returning mCurrentState as Disconnected
05-04 18:07:34.350  7916  8010 E HeadsetStateMachine: returning mCurrentState as Disconnected
05-04 18:07:34.350  7916  8010 D HeadsetService:  isAudioOn: The number of audio connected devices 0
05-04 18:07:34.350  7916  8010 D HeadsetService: isScoOrCallActive(): Call Active:falseCall is Ringing:falseSCO is Active:false
05-04 18:07:34.350  7916  8010 E HeadsetStateMachine: returning mCurrentState as Connected
05-04 18:07:34.350  7916  8010 E HeadsetStateMachine: returning mCurrentState as Disconnected
05-04 18:07:34.350  7916  8010 E HeadsetStateMachine: returning mCurrentState as Disconnected
05-04 18:07:34.350  7916  8010 D HeadsetService:  isAudioOn: The number of audio connected devices 0
05-04 18:07:34.350  7916  8010 I Avrcp_ext: updatePlayStatusForDevice: device: null
05-04 18:07:34.350  7916  8010 V Avrcp_ext: updatePlaybackState (1): old=PlaybackState {state=PAUSED(2), position=320688, buffered position=0, speed=1.0, updated=1290962714, actions=8615, custom actions=[], active item id=-1, error=null}(2), new=PlaybackState {state=STOPPED(1), position=1328924, buffered position=0, speed=1.0, updated=1296916309, actions=8615, custom actions=[], active item id=-1, error=null}(0)
05-04 18:07:34.350  7916  8010 I Avrcp_ext: Exit updatePlayStatusForDevice
05-04 18:07:34.350  7916  8010 D Avrcp_ext: Enter sendPlayPosNotificationRsp
05-04 18:07:34.350  7916  8010 D Avrcp_ext: sendPlayPosNotificationRsp: Not registered or requesting.
05-04 18:07:34.350  7916  8010 D Avrcp_ext: Enter sendPlayPosNotificationRsp
05-04 18:07:34.350  7916  8010 D Avrcp_ext: sendPlayPosNotificationRsp: Not registered or requesting.
05-04 18:07:34.350  7916  8010 D Avrcp_ext: Enter sendPlayPosNotificationRsp
05-04 18:07:34.350  7916  8010 D Avrcp_ext: sendPlayPosNotificationRsp: Not registered or requesting.
05-04 18:07:34.350  7916  8010 D Avrcp_ext: Enter sendPlayPosNotificationRsp
05-04 18:07:34.350  7916  8010 D Avrcp_ext: sendPlayPosNotificationRsp: Not registered or requesting.
05-04 18:07:34.350  7916  8010 D Avrcp_ext: Enter sendPlayPosNotificationRsp
05-04 18:07:34.350  7916  8010 D Avrcp_ext: sendPlayPosNotificationRsp: Not registered or requesting.
05-04 18:07:34.350  7916  8010 V Avrcp_ext: Exit updatePlayerStateAndPosition
05-04 18:07:34.350  7916  8010 D APM: ActiveDeviceManagerServiceLegacy: getActiveAbsoluteDevice(): device: 17:3F:CF:BE:B9:01
05-04 18:07:34.350  7916  8010 D APM: ActiveDeviceManagerServiceLegacy: isStableState(): true
05-04 18:07:34.350  7916  8010 D Avrcp_ext: isAdmStable = true activeAbsAddr = 17:3F:CF:BE:B9:01 device = null
05-04 18:07:34.350  7916  8010 V APM: MediaControlManager: onPlaybackStateChanged
05-04 18:07:34.350  7916  8010 W McpService: updatePlaybackState state PlaybackState {state=STOPPED(1), position=1328924, buffered position=0, speed=1.0, updated=1296916309, actions=8615, custom actions=[], active item id=-1, error=null}
05-04 18:07:34.350  7916  8010 W McpService: updatePlaybackState mState: 2 state: 2
05-04 18:07:34.350  7916  8010 W Avrcp_ext: updated player state = PlaybackState {state=STOPPED(1), position=1328924, buffered position=0, speed=1.0, updated=1296916309, actions=8615, custom actions=[], active item id=-1, error=null}to MCP module also
05-04 18:07:34.350  7916  8010 V Avrcp_ext:  Exit onPlaybackStateChanged
05-04 18:07:34.350  1737  1737 D vendor.qti.bluetooth@1.0-ibs_handler: SerialClockVote: vote for UART CLK ON
05-04 18:07:34.351  1737  1737 D vendor.qti.bluetooth@1.0-wake_lock: Acquire wakelock is acquired 
05-04 18:07:34.351  1737  1737 I vendor.qti.bluetooth@1.0-ibs_handler: DeviceWakeUp: Writing IBS_WAKE_IND
05-04 18:07:34.352  1737  7987 I vendor.qti.bluetooth@1.0-ibs_handler: ProcessIbsCmd: Received IBS_WAKE_ACK: 0xFC
05-04 18:07:34.352  1737  7987 I vendor.qti.bluetooth@1.0-ibs_handler: ProcessIbsCmd: Signal wack_cond_
05-04 18:07:34.352  1737  1737 D vendor.qti.bluetooth@1.0-ibs_handler: DeviceWakeUp: Unblocked from waiting for FC, pthread_cond_timedwait ret = 0
05-04 18:07:34.353  3827  3827 W ConstraintSet: id unknown center_vertical_guideline
05-04 18:07:34.353  3827  3827 W ConstraintSet: id unknown action_button_guideline
05-04 18:07:34.353  3827  3827 W ConstraintSet: id unknown icon
05-04 18:07:34.354  3827  3827 W ConstraintSet: id unknown media_seamless
05-04 18:07:34.354  3827  3827 W ConstraintSet: id unknown media_action_barrier_start
05-04 18:07:34.354  3827  3827 W ConstraintSet: id unknown media_action_barrier_end
05-04 18:07:34.354  3827  3827 W ConstraintSet: id unknown media_action_barrier_top
05-04 18:07:34.355  3827  3827 W ConstraintSet: id unknown remove_text
05-04 18:07:34.355  3827  3827 W ConstraintSet: id unknown settings
05-04 18:07:34.355  3827  3827 W ConstraintSet: id unknown dismiss
05-04 18:07:34.355  3827  3827 W ConstraintSet: id unknown cancel
05-04 18:07:34.358  1737  7987 I vendor.qti.bluetooth@1.0-ibs_handler: ProcessIbsCmd: Received IBS_WAKE_IND: 0xFD
05-04 18:07:34.358  1737  7987 I vendor.qti.bluetooth@1.0-ibs_handler: ProcessIbsCmd: Writing IBS_WAKE_ACK
05-04 18:07:34.366  3827  3827 I KgdSliceProvider: The weather info has not change, does not need to be updated. mTempF=-999 iconNumber=-999 celsius=true
05-04 18:07:34.382  7916  7989 D bt_btif : LCB lcb=1 event=LL_MSG_EVT state=LCB_OPEN_ST
05-04 18:07:34.382  7916  7989 D bt_btif : bta_av_rc_msg_cback handle: 0 opcode=0x0
05-04 18:07:34.383  7916  7989 D bt_btif : bta_av_rc_msg_cback data_len: 9
05-04 18:07:34.384  7916  7941 D bt_btif : btif_av_state_started_handler: event: BTA_AV_META_MSG_EVT flags: 0  index = 0, reconfig_event: 0, codec_cfg_change: 0
05-04 18:07:34.384  7916  7941 D bt_btif : btif_rc_handler: event: BTA_AV_META_MSG_EVT
05-04 18:07:34.384  7916  7941 W bt_device_profile: profile_feature_fetch:profile 1
05-04 18:07:34.384  7916  7941 W bt_device_profile: profile_feature_fetch:AVRCP_COVERART_SUPPORT found 1
05-04 18:07:34.384  7916  7941 D bt_btif : btif_rc_upstreams_evt: pdu: AVRC_PDU_REGISTER_NOTIFICATION handle: 0x0 ctype: 3 label: b event ID: 1 ver: 106
05-04 18:07:34.385  7916  7941 V Avrcp_ext: registerNotificationRequestFromNative: eventId=1
05-04 18:07:34.385  7916  7941 V Avrcp_ext: Exit registerNotificationRequestFromNative
05-04 18:07:34.385  7916  8010 V Avrcp_ext: AvrcpMessageHandler: received message=4
05-04 18:07:34.385  7916  8010 V Avrcp_ext: MSG_NATIVE_REQ_REGISTER_NOTIFICATION:event=1 param=0
05-04 18:07:34.385  7916  8010 I Avrcp_ext: device found at index 0
05-04 18:07:34.385  7916  8010 V Avrcp_ext: Enter processRegisterNotification
05-04 18:07:34.385  7916  8010 V Avrcp_ext: processRegisterNotification: eventId1
05-04 18:07:34.385  7916  8010 D bt_btif : register_notification_rsp: isShoMcastEnabled: 1
05-04 18:07:34.385  7916  8010 D Avrcp_ext: Exit processRegisterNotification
05-04 18:07:34.385  7916  8010 V Avrcp_ext: Exit handleMessage
05-04 18:07:34.385  7916  7989 D bt_btif : LCB lcb=1 event=UL_MSG_EVT state=LCB_OPEN_ST
05-04 18:07:34.440  1737  7987 I vendor.qti.bluetooth@1.0-ibs_handler: ProcessIbsCmd: Received IBS_SLEEP_IND: 0xFE
05-04 18:07:34.558 17482 17482 I MotoDesktopLog: [ NotificationMonitorService ] - onNotificationPosted hide: Notification(channel=7 shortcut=null contentView=null vibrate=null sound=null tick defaults=0x0 flags=0x60 color=0x00000000 category=transport groupKey=PlaybackNotificationsGroup actions=4 vis=PUBLIC)
05-04 18:07:34.561  1737  7987 I vendor.qti.bluetooth@1.0-ibs_handler: ProcessIbsCmd: Received IBS_WAKE_IND: 0xFD
05-04 18:07:34.561  1737  7987 I vendor.qti.bluetooth@1.0-ibs_handler: ProcessIbsCmd: Writing IBS_WAKE_ACK
05-04 18:07:34.563 20981 21011 E FrameEvents: updateAcquireFence: Did not find frame.
05-04 18:07:34.567  3064  4883 D TelephonyManager: requestModemActivityInfo: Sending result to app: ModemActivityInfo{ mTimestamp=1296916533 mSleepTimeMs=1003403551 mIdleTimeMs=11064981 mActivityStatsTechSpecificInfo=[{mRat=UNKNOWN,mFrequencyRange=UNKNOWN,mTxTimeMs[]=[4277807, 2954301, 2912470, 3532032, 3466626],mRxTimeMs=265294459}]}
05-04 18:07:34.568 20981 21011 D Surface : Surface::disconnect
05-04 18:07:34.568 20981 21011 D BufferQueueProducer: [ImageReader-38x38f1u2816m2-20981-802](id:51f500000456,api:1,p:20981,c:20981) disconnect: api 1
05-04 18:07:34.570 20981 21011 E FrameEvents: updateAcquireFence: Did not find frame.
05-04 18:07:34.571 20981 21011 D Surface : Surface::disconnect
05-04 18:07:34.571 20981 21011 D BufferQueueProducer: [ImageReader-38x38f1u2816m2-20981-803](id:51f500000457,api:1,p:20981,c:20981) disconnect: api 1
05-04 18:07:34.571  3064  3736 D WifiStaIfaceHidlImpl: getCachedScanData is not implemented by HIDL
05-04 18:07:34.601  1737  7987 I vendor.qti.bluetooth@1.0-ibs_handler: ProcessIbsCmd: Received IBS_SLEEP_IND: 0xFE
05-04 18:07:34.612  3064  3411 W CpuPowerCalculator: UID 10476 CPU freq # mismatch: Power Profile # 52 actual # 54
05-04 18:07:34.612  3064  3411 W CpuPowerCalculator: UID 10476 CPU freq # mismatch: Power Profile # 52 actual # 54
05-04 18:07:34.612  3064  3411 W CpuPowerCalculator: UID 10469 CPU freq # mismatch: Power Profile # 52 actual # 54
05-04 18:07:34.612  3064  3411 W CpuPowerCalculator: UID 10469 CPU freq # mismatch: Power Profile # 52 actual # 54
05-04 18:07:34.612  3064  3411 W CpuPowerCalculator: UID 10469 CPU freq # mismatch: Power Profile # 52 actual # 54
05-04 18:07:34.612  3064  3411 W CpuPowerCalculator: UID 10448 CPU freq # mismatch: Power Profile # 52 actual # 54
05-04 18:07:34.612  3064  3411 W CpuPowerCalculator: UID 10448 CPU freq # mismatch: Power Profile # 52 actual # 54
05-04 18:07:34.612  3064  3411 W CpuPowerCalculator: UID 10448 CPU freq # mismatch: Power Profile # 52 actual # 54
05-04 18:07:34.612  3064  3411 W CpuPowerCalculator: UID 10442 CPU freq # mismatch: Power Profile # 52 actual # 54
05-04 18:07:34.612  3064  3411 W CpuPowerCalculator: UID 10442 CPU freq # mismatch: Power Profile # 52 actual # 54
05-04 18:07:34.612  3064  3411 W CpuPowerCalculator: UID 10442 CPU freq # mismatch: Power Profile # 52 actual # 54
05-04 18:07:34.612  3064  3411 W CpuPowerCalculator: UID 10392 CPU freq # mismatch: Power Profile # 52 actual # 54
05-04 18:07:34.613  3064  3411 W CpuPowerCalculator: UID 10392 CPU freq # mismatch: Power Profile # 52 actual # 54
05-04 18:07:34.613  3064  3411 W CpuPowerCalculator: UID 10392 CPU freq # mismatch: Power Profile # 52 actual # 54
05-04 18:07:34.613  3064  3411 W CpuPowerCalculator: UID 10386 CPU freq # mismatch: Power Profile # 52 actual # 54
05-04 18:07:34.613  3064  3411 W CpuPowerCalculator: UID 10386 CPU freq # mismatch: Power Profile # 52 actual # 54
05-04 18:07:34.613  3064  3411 W CpuPowerCalculator: UID 10383 CPU freq # mismatch: Power Profile # 52 actual # 54
05-04 18:07:34.613  3064  3411 W CpuPowerCalculator: UID 10383 CPU freq # mismatch: Power Profile # 52 actual # 54
05-04 18:07:34.613  3064  3411 W CpuPowerCalculator: UID 10383 CPU freq # mismatch: Power Profile # 52 actual # 54
05-04 18:07:34.613  3064  3411 W CpuPowerCalculator: UID 10376 CPU freq # mismatch: Power Profile # 52 actual # 54
05-04 18:07:34.613  3064  3411 W CpuPowerCalculator: UID 10376 CPU freq # mismatch: Power Profile # 52 actual # 54
05-04 18:07:34.613  3064  3411 W CpuPowerCalculator: UID 10376 CPU freq # mismatch: Power Profile # 52 actual # 54
05-04 18:07:34.613  3064  3411 W CpuPowerCalculator: UID 10375 CPU freq # mismatch: Power Profile # 52 actual # 54
05-04 18:07:34.613  3064  3411 W CpuPowerCalculator: UID 10375 CPU freq # mismatch: Power Profile # 52 actual # 54
05-04 18:07:34.613  3064  3411 W CpuPowerCalculator: UID 10367 CPU freq # mismatch: Power Profile # 52 actual # 54
05-04 18:07:34.613  3064  3411 W CpuPowerCalculator: UID 10367 CPU freq # mismatch: Power Profile # 52 actual # 54
05-04 18:07:34.613  3064  3411 W CpuPowerCalculator: UID 10367 CPU freq # mismatch: Power Profile # 52 actual # 54
05-04 18:07:34.613  3064  3411 W CpuPowerCalculator: UID 10366 CPU freq # mismatch: Power Profile # 52 actual # 54
05-04 18:07:34.613  3064  3411 W CpuPowerCalculator: UID 10366 CPU freq # mismatch: Power Profile # 52 actual # 54
05-04 18:07:34.613  3064  3411 W CpuPowerCalculator: UID 10365 CPU freq # mismatch: Power Profile # 52 actual # 54
05-04 18:07:34.613  3064  3411 W CpuPowerCalculator: UID 10365 CPU freq # mismatch: Power Profile # 52 actual # 54
05-04 18:07:34.613  3064  3411 W CpuPowerCalculator: UID 10363 CPU freq # mismatch: Power Profile # 52 actual # 54
05-04 18:07:34.613  3064  3411 W CpuPowerCalculator: UID 10363 CPU freq # mismatch: Power Profile # 52 actual # 54
05-04 18:07:34.613  3064  3411 W CpuPowerCalculator: UID 10357 CPU freq # mismatch: Power Profile # 52 actual # 54
05-04 18:07:34.613  3064  3411 W CpuPowerCalculator: UID 10357 CPU freq # mismatch: Power Profile # 52 actual # 54
05-04 18:07:34.613  3064  3411 W CpuPowerCalculator: UID 10357 CPU freq # mismatch: Power Profile # 52 actual # 54
05-04 18:07:34.613  3064  3411 W CpuPowerCalculator: UID 10357 CPU freq # mismatch: Power Profile # 52 actual # 54
05-04 18:07:34.613  3064  3411 W CpuPowerCalculator: UID 10351 CPU freq # mismatch: Power Profile # 52 actual # 54
05-04 18:07:34.613  3064  3411 W CpuPowerCalculator: UID 10351 CPU freq # mismatch: Power Profile # 52 actual # 54
05-04 18:07:34.613  3064  3411 W CpuPowerCalculator: UID 10350 CPU freq # mismatch: Power Profile # 52 actual # 54
05-04 18:07:34.613  3064  3411 W CpuPowerCalculator: UID 10350 CPU freq # mismatch: Power Profile # 52 actual # 54
05-04 18:07:34.613  3064  3411 W CpuPowerCalculator: UID 10347 CPU freq # mismatch: Power Profile # 52 actual # 54
05-04 18:07:34.613  3064  3411 W CpuPowerCalculator: UID 10347 CPU freq # mismatch: Power Profile # 52 actual # 54
05-04 18:07:34.613  3064  3411 W CpuPowerCalculator: UID 10347 CPU freq # mismatch: Power Profile # 52 actual # 54
05-04 18:07:34.613  3064  3411 W CpuPowerCalculator: UID 10347 CPU freq # mismatch: Power Profile # 52 actual # 54
05-04 18:07:34.613  3064  3411 W CpuPowerCalculator: UID 10346 CPU freq # mismatch: Power Profile # 52 actual # 54
05-04 18:07:34.613  3064  3411 W CpuPowerCalculator: UID 10346 CPU freq # mismatch: Power Profile # 52 actual # 54
05-04 18:07:34.613  3064  3411 W CpuPowerCalculator: UID 10345 CPU freq # mismatch: Power Profile # 52 actual # 54
05-04 18:07:34.613  3064  3411 W CpuPowerCalculator: UID 10345 CPU freq # mismatch: Power Profile # 52 actual # 54
05-04 18:07:34.613  3064  3411 W CpuPowerCalculator: UID 10344 CPU freq # mismatch: Power Profile # 52 actual # 54
05-04 18:07:34.613  3064  3411 W CpuPowerCalculator: UID 10344 CPU freq # mismatch: Power Profile # 52 actual # 54
05-04 18:07:34.613  3064  3411 W CpuPowerCalculator: UID 10343 CPU freq # mismatch: Power Profile # 52 actual # 54
05-04 18:07:34.613  3064  3411 W CpuPowerCalculator: UID 10343 CPU freq # mismatch: Power Profile # 52 actual # 54
05-04 18:07:34.613  3064  3411 W CpuPowerCalculator: UID 10342 CPU freq # mismatch: Power Profile # 52 actual # 54
05-04 18:07:34.614  3064  3411 W CpuPowerCalculator: UID 10342 CPU freq # mismatch: Power Profile # 52 actual # 54
05-04 18:07:34.614  3064  3411 W CpuPowerCalculator: UID 10342 CPU freq # mismatch: Power Profile # 52 actual # 54
05-04 18:07:34.614  3064  3411 W CpuPowerCalculator: UID 10340 CPU freq # mismatch: Power Profile # 52 actual # 54
05-04 18:07:34.614  3064  3411 W CpuPowerCalculator: UID 10340 CPU freq # mismatch: Power Profile # 52 actual # 54
05-04 18:07:34.614  3064  3411 W CpuPowerCalculator: UID 10338 CPU freq # mismatch: Power Profile # 52 actual # 54
05-04 18:07:34.614  3064  3411 W CpuPowerCalculator: UID 10338 CPU freq # mismatch: Power Profile # 52 actual # 54
05-04 18:07:34.614  3064  3411 W CpuPowerCalculator: UID 10335 CPU freq # mismatch: Power Profile # 52 actual # 54
05-04 18:07:34.614  3064  3411 W CpuPowerCalculator: UID 10335 CPU freq # mismatch: Power Profile # 52 actual # 54
05-04 18:07:34.614  3064  3411 W CpuPowerCalculator: UID 10332 CPU freq # mismatch: Power Profile # 52 actual # 54
05-04 18:07:34.614  3064  3411 W CpuPowerCalculator: UID 10332 CPU freq # mismatch: Power Profile # 52 actual # 54
05-04 18:07:34.614  3064  3411 W CpuPowerCalculator: UID 10331 CPU freq # mismatch: Power Profile # 52 actual # 54
05-04 18:07:34.614  3064  3411 W CpuPowerCalculator: UID 10331 CPU freq # mismatch: Power Profile # 52 actual # 54
05-04 18:07:34.614  3064  3411 W CpuPowerCalculator: UID 10329 CPU freq # mismatch: Power Profile # 52 actual # 54
05-04 18:07:34.614  3064  3411 W CpuPowerCalculator: UID 10329 CPU freq # mismatch: Power Profile # 52 actual # 54
05-04 18:07:34.614  3064  3411 W CpuPowerCalculator: UID 10326 CPU freq # mismatch: Power Profile # 52 actual # 54
05-04 18:07:34.614  3064  3411 W CpuPowerCalculator: UID 10326 CPU freq # mismatch: Power Profile # 52 actual # 54
05-04 18:07:34.614  3064  3411 W CpuPowerCalculator: UID 10326 CPU freq # mismatch: Power Profile # 52 actual # 54
05-04 18:07:34.614  3064  3411 W CpuPowerCalculator: UID 10325 CPU freq # mismatch: Power Profile # 52 actual # 54
05-04 18:07:34.614  3064  3411 W CpuPowerCalculator: UID 10325 CPU freq # mismatch: Power Profile # 52 actual # 54
05-04 18:07:34.614  3064  3411 W CpuPowerCalculator: UID 10318 CPU freq # mismatch: Power Profile # 52 actual # 54
05-04 18:07:34.614  3064  3411 W CpuPowerCalculator: UID 10318 CPU freq # mismatch: Power Profile # 52 actual # 54
05-04 18:07:34.614  3064  3411 W CpuPowerCalculator: UID 10316 CPU freq # mismatch: Power Profile # 52 actual # 54
05-04 18:07:34.614  3064  3411 W CpuPowerCalculator: UID 10316 CPU freq # mismatch: Power Profile # 52 actual # 54
05-04 18:07:34.614  3064  3411 W CpuPowerCalculator: UID 10310 CPU freq # mismatch: Power Profile # 52 actual # 54
05-04 18:07:34.614  3064  3411 W CpuPowerCalculator: UID 10310 CPU freq # mismatch: Power Profile # 52 actual # 54
05-04 18:07:34.614  3064  3411 W CpuPowerCalculator: UID 10305 CPU freq # mismatch: Power Profile # 52 actual # 54
05-04 18:07:34.614  3064  3411 W CpuPowerCalculator: UID 10305 CPU freq # mismatch: Power Profile # 52 actual # 54
05-04 18:07:34.614  3064  3411 W CpuPowerCalculator: UID 10302 CPU freq # mismatch: Power Profile # 52 actual # 54
05-04 18:07:34.614  3064  3411 W CpuPowerCalculator: UID 10302 CPU freq # mismatch: Power Profile # 52 actual # 54
05-04 18:07:34.614  3064  3411 W CpuPowerCalculator: UID 10302 CPU freq # mismatch: Power Profile # 52 actual # 54
05-04 18:07:34.614  3064  3411 W CpuPowerCalculator: UID 10301 CPU freq # mismatch: Power Profile # 52 actual # 54
05-04 18:07:34.614  3064  3411 W CpuPowerCalculator: UID 10301 CPU freq # mismatch: Power Profile # 52 actual # 54
05-04 18:07:34.614  3064  3411 W CpuPowerCalculator: UID 10299 CPU freq # mismatch: Power Profile # 52 actual # 54
05-04 18:07:34.614  3064  3411 W CpuPowerCalculator: UID 10299 CPU freq # mismatch: Power Profile # 52 actual # 54
05-04 18:07:34.614  3064  3411 W CpuPowerCalculator: UID 10296 CPU freq # mismatch: Power Profile # 52 actual # 54
05-04 18:07:34.614  3064  3411 W CpuPowerCalculator: UID 10296 CPU freq # mismatch: Power Profile # 52 actual # 54
05-04 18:07:34.614  3064  3411 W CpuPowerCalculator: UID 10296 CPU freq # mismatch: Power Profile # 52 actual # 54
05-04 18:07:34.614  3064  3411 W CpuPowerCalculator: UID 10292 CPU freq # mismatch: Power Profile # 52 actual # 54
05-04 18:07:34.614  3064  3411 W CpuPowerCalculator: UID 10292 CPU freq # mismatch: Power Profile # 52 actual # 54
05-04 18:07:34.614  3064  3411 W CpuPowerCalculator: UID 10290 CPU freq # mismatch: Power Profile # 52 actual # 54
05-04 18:07:34.614  3064  3411 W CpuPowerCalculator: UID 10290 CPU freq # mismatch: Power Profile # 52 actual # 54
05-04 18:07:34.614  3064  3411 W CpuPowerCalculator: UID 10289 CPU freq # mismatch: Power Profile # 52 actual # 54
05-04 18:07:34.614  3064  3411 W CpuPowerCalculator: UID 10289 CPU freq # mismatch: Power Profile # 52 actual # 54
05-04 18:07:34.614  3064  3411 W CpuPowerCalculator: UID 10288 CPU freq # mismatch: Power Profile # 52 actual # 54
05-04 18:07:34.614  3064  3411 W CpuPowerCalculator: UID 10288 CPU freq # mismatch: Power Profile # 52 actual # 54
05-04 18:07:34.614  3064  3411 W CpuPowerCalculator: UID 10285 CPU freq # mismatch: Power Profile # 52 actual # 54
05-04 18:07:34.614  3064  3411 W CpuPowerCalculator: UID 10285 CPU freq # mismatch: Power Profile # 52 actual # 54
05-04 18:07:34.614  3064  3411 W CpuPowerCalculator: UID 10285 CPU freq # mismatch: Power Profile # 52 actual # 54
05-04 18:07:34.615  3064  3411 W CpuPowerCalculator: UID 10276 CPU freq # mismatch: Power Profile # 52 actual # 54
05-04 18:07:34.615  3064  3411 W CpuPowerCalculator: UID 10276 CPU freq # mismatch: Power Profile # 52 actual # 54
05-04 18:07:34.615  3064  3411 W CpuPowerCalculator: UID 10276 CPU freq # mismatch: Power Profile # 52 actual # 54
05-04 18:07:34.615  3064  3411 W CpuPowerCalculator: UID 10275 CPU freq # mismatch: Power Profile # 52 actual # 54
05-04 18:07:34.615  3064  3411 W CpuPowerCalculator: UID 10275 CPU freq # mismatch: Power Profile # 52 actual # 54
05-04 18:07:34.615  3064  3411 W CpuPowerCalculator: UID 10274 CPU freq # mismatch: Power Profile # 52 actual # 54
05-04 18:07:34.615  3064  3411 W CpuPowerCalculator: UID 10274 CPU freq # mismatch: Power Profile # 52 actual # 54
05-04 18:07:34.615  3064  3411 W CpuPowerCalculator: UID 10266 CPU freq # mismatch: Power Profile # 52 actual # 54
05-04 18:07:34.615  3064  3411 W CpuPowerCalculator: UID 10266 CPU freq # mismatch: Power Profile # 52 actual # 54
05-04 18:07:34.615  3064  3411 W CpuPowerCalculator: UID 10266 CPU freq # mismatch: Power Profile # 52 actual # 54
05-04 18:07:34.615  3064  3411 W CpuPowerCalculator: UID 10260 CPU freq # mismatch: Power Profile # 52 actual # 54
05-04 18:07:34.615  3064  3411 W CpuPowerCalculator: UID 10260 CPU freq # mismatch: Power Profile # 52 actual # 54
05-04 18:07:34.615  3064  3411 W CpuPowerCalculator: UID 10260 CPU freq # mismatch: Power Profile # 52 actual # 54
05-04 18:07:34.615  3064  3411 W CpuPowerCalculator: UID 10260 CPU freq # mismatch: Power Profile # 52 actual # 54
05-04 18:07:34.615  3064  3411 W CpuPowerCalculator: UID 10252 CPU freq # mismatch: Power Profile # 52 actual # 54
05-04 18:07:34.615  3064  3411 W CpuPowerCalculator: UID 10252 CPU freq # mismatch: Power Profile # 52 actual # 54
05-04 18:07:34.615  3064  3411 W CpuPowerCalculator: UID 10251 CPU freq # mismatch: Power Profile # 52 actual # 54
05-04 18:07:34.615  3064  3411 W CpuPowerCalculator: UID 10251 CPU freq # mismatch: Power Profile # 52 actual # 54
05-04 18:07:34.615  3064  3411 W CpuPowerCalculator: UID 10250 CPU freq # mismatch: Power Profile # 52 actual # 54
05-04 18:07:34.615  3064  3411 W CpuPowerCalculator: UID 10250 CPU freq # mismatch: Power Profile # 52 actual # 54
05-04 18:07:34.615  3064  3411 W CpuPowerCalculator: UID 10250 CPU freq # mismatch: Power Profile # 52 actual # 54
05-04 18:07:34.615  3064  3411 W CpuPowerCalculator: UID 10239 CPU freq # mismatch: Power Profile # 52 actual # 54
05-04 18:07:34.615  3064  3411 W CpuPowerCalculator: UID 10239 CPU freq # mismatch: Power Profile # 52 actual # 54
05-04 18:07:34.615  3064  3411 W CpuPowerCalculator: UID 10239 CPU freq # mismatch: Power Profile # 52 actual # 54
05-04 18:07:34.615  3064  3411 W CpuPowerCalculator: UID 10233 CPU freq # mismatch: Power Profile # 52 actual # 54
05-04 18:07:34.615  3064  3411 W CpuPowerCalculator: UID 10233 CPU freq # mismatch: Power Profile # 52 actual # 54
05-04 18:07:34.615  3064  3411 W CpuPowerCalculator: UID 10230 CPU freq # mismatch: Power Profile # 52 actual # 54
05-04 18:07:34.615  3064  3411 W CpuPowerCalculator: UID 10230 CPU freq # mismatch: Power Profile # 52 actual # 54
05-04 18:07:34.615  3064  3411 W CpuPowerCalculator: UID 10230 CPU freq # mismatch: Power Profile # 52 actual # 54
05-04 18:07:34.615  3064  3411 W CpuPowerCalculator: UID 10228 CPU freq # mismatch: Power Profile # 52 actual # 54
05-04 18:07:34.615  3064  3411 W CpuPowerCalculator: UID 10228 CPU freq # mismatch: Power Profile # 52 actual # 54
05-04 18:07:34.615  3064  3411 W CpuPowerCalculator: UID 10228 CPU freq # mismatch: Power Profile # 52 actual # 54
05-04 18:07:34.615  3064  3411 W CpuPowerCalculator: UID 10226 CPU freq # mismatch: Power Profile # 52 actual # 54
05-04 18:07:34.615  3064  3411 W CpuPowerCalculator: UID 10226 CPU freq # mismatch: Power Profile # 52 actual # 54
05-04 18:07:34.615  3064  3411 W CpuPowerCalculator: UID 10223 CPU freq # mismatch: Power Profile # 52 actual # 54
05-04 18:07:34.615  3064  3411 W CpuPowerCalculator: UID 10223 CPU freq # mismatch: Power Profile # 52 actual # 54
05-04 18:07:34.615  3064  3411 W CpuPowerCalculator: UID 10223 CPU freq # mismatch: Power Profile # 52 actual # 54
05-04 18:07:34.615  3064  3411 W CpuPowerCalculator: UID 10223 CPU freq # mismatch: Power Profile # 52 actual # 54
05-04 18:07:34.615  3064  3411 W CpuPowerCalculator: UID 10221 CPU freq # mismatch: Power Profile # 52 actual # 54
05-04 18:07:34.615  3064  3411 W CpuPowerCalculator: UID 10221 CPU freq # mismatch: Power Profile # 52 actual # 54
05-04 18:07:34.615  3064  3411 W CpuPowerCalculator: UID 10218 CPU freq # mismatch: Power Profile # 52 actual # 54
05-04 18:07:34.615  3064  3411 W CpuPowerCalculator: UID 10218 CPU freq # mismatch: Power Profile # 52 actual # 54
05-04 18:07:34.615  3064  3411 W CpuPowerCalculator: UID 10214 CPU freq # mismatch: Power Profile # 52 actual # 54
05-04 18:07:34.615  3064  3411 W CpuPowerCalculator: UID 10214 CPU freq # mismatch: Power Profile # 52 actual # 54
05-04 18:07:34.615  3064  3411 W CpuPowerCalculator: UID 10214 CPU freq # mismatch: Power Profile # 52 actual # 54
05-04 18:07:34.615  3064  3411 W CpuPowerCalculator: UID 10210 CPU freq # mismatch: Power Profile # 52 actual # 54
05-04 18:07:34.615  3064  3411 W CpuPowerCalculator: UID 10210 CPU freq # mismatch: Power Profile # 52 actual # 54
05-04 18:07:34.615  3064  3411 W CpuPowerCalculator: UID 10210 CPU freq # mismatch: Power Profile # 52 actual # 54
05-04 18:07:34.616  3064  3411 W CpuPowerCalculator: UID 10207 CPU freq # mismatch: Power Profile # 52 actual # 54
05-04 18:07:34.616  3064  3411 W CpuPowerCalculator: UID 10207 CPU freq # mismatch: Power Profile # 52 actual # 54
05-04 18:07:34.616  3064  3411 W CpuPowerCalculator: UID 10207 CPU freq # mismatch: Power Profile # 52 actual # 54
05-04 18:07:34.616  3064  3411 W CpuPowerCalculator: UID 10207 CPU freq # mismatch: Power Profile # 52 actual # 54
05-04 18:07:34.616  3064  3411 W CpuPowerCalculator: UID 10200 CPU freq # mismatch: Power Profile # 52 actual # 54
05-04 18:07:34.616  3064  3411 W CpuPowerCalculator: UID 10200 CPU freq # mismatch: Power Profile # 52 actual # 54
05-04 18:07:34.616  3064  3411 W CpuPowerCalculator: UID 10199 CPU freq # mismatch: Power Profile # 52 actual # 54
05-04 18:07:34.616  3064  3411 W CpuPowerCalculator: UID 10199 CPU freq # mismatch: Power Profile # 52 actual # 54
05-04 18:07:34.616  3064  3411 W CpuPowerCalculator: UID 10197 CPU freq # mismatch: Power Profile # 52 actual # 54
05-04 18:07:34.616  3064  3411 W CpuPowerCalculator: UID 10197 CPU freq # mismatch: Power Profile # 52 actual # 54
05-04 18:07:34.616  3064  3411 W CpuPowerCalculator: UID 10193 CPU freq # mismatch: Power Profile # 52 actual # 54
05-04 18:07:34.616  3064  3411 W CpuPowerCalculator: UID 10193 CPU freq # mismatch: Power Profile # 52 actual # 54
05-04 18:07:34.616  3064  3411 W CpuPowerCalculator: UID 10193 CPU freq # mismatch: Power Profile # 52 actual # 54
05-04 18:07:34.616  3064  3411 W CpuPowerCalculator: UID 10192 CPU freq # mismatch: Power Profile # 52 actual # 54
05-04 18:07:34.616  3064  3411 W CpuPowerCalculator: UID 10192 CPU freq # mismatch: Power Profile # 52 actual # 54
05-04 18:07:34.616  3064  3411 W CpuPowerCalculator: UID 10192 CPU freq # mismatch: Power Profile # 52 actual # 54
05-04 18:07:34.616  3064  3411 W CpuPowerCalculator: UID 10184 CPU freq # mismatch: Power Profile # 52 actual # 54
05-04 18:07:34.616  3064  3411 W CpuPowerCalculator: UID 10184 CPU freq # mismatch: Power Profile # 52 actual # 54
05-04 18:07:34.616  3064  3411 W CpuPowerCalculator: UID 10183 CPU freq # mismatch: Power Profile # 52 actual # 54
05-04 18:07:34.616  3064  3411 W CpuPowerCalculator: UID 10183 CPU freq # mismatch: Power Profile # 52 actual # 54
05-04 18:07:34.616  3064  3411 W CpuPowerCalculator: UID 10181 CPU freq # mismatch: Power Profile # 52 actual # 54
05-04 18:07:34.616  3064  3411 W CpuPowerCalculator: UID 10181 CPU freq # mismatch: Power Profile # 52 actual # 54
05-04 18:07:34.616  3064  3411 W CpuPowerCalculator: UID 10181 CPU freq # mismatch: Power Profile # 52 actual # 54
05-04 18:07:34.616  3064  3411 W CpuPowerCalculator: UID 10179 CPU freq # mismatch: Power Profile # 52 actual # 54
05-04 18:07:34.616  3064  3411 W CpuPowerCalculator: UID 10179 CPU freq # mismatch: Power Profile # 52 actual # 54
05-04 18:07:34.616  3064  3411 W CpuPowerCalculator: UID 10178 CPU freq # mismatch: Power Profile # 52 actual # 54
05-04 18:07:34.616  3064  3411 W CpuPowerCalculator: UID 10178 CPU freq # mismatch: Power Profile # 52 actual # 54
05-04 18:07:34.616  3064  3411 W CpuPowerCalculator: UID 10178 CPU freq # mismatch: Power Profile # 52 actual # 54
05-04 18:07:34.616  3064  3411 W CpuPowerCalculator: UID 10178 CPU freq # mismatch: Power Profile # 52 actual # 54
05-04 18:07:34.616  3064  3411 W CpuPowerCalculator: UID 10178 CPU freq # mismatch: Power Profile # 52 actual # 54
05-04 18:07:34.616  3064  3411 W CpuPowerCalculator: UID 10177 CPU freq # mismatch: Power Profile # 52 actual # 54
05-04 18:07:34.616  3064  3411 W CpuPowerCalculator: UID 10177 CPU freq # mismatch: Power Profile # 52 actual # 54
05-04 18:07:34.616  3064  3411 W CpuPowerCalculator: UID 10170 CPU freq # mismatch: Power Profile # 52 actual # 54
05-04 18:07:34.616  3064  3411 W CpuPowerCalculator: UID 10170 CPU freq # mismatch: Power Profile # 52 actual # 54
05-04 18:07:34.616  3064  3411 W CpuPowerCalculator: UID 10170 CPU freq # mismatch: Power Profile # 52 actual # 54
05-04 18:07:34.616  3064  3411 W CpuPowerCalculator: UID 10163 CPU freq # mismatch: Power Profile # 52 actual # 54
05-04 18:07:34.616  3064  3411 W CpuPowerCalculator: UID 10163 CPU freq # mismatch: Power Profile # 52 actual # 54
05-04 18:07:34.616  3064  3411 W CpuPowerCalculator: UID 10162 CPU freq # mismatch: Power Profile # 52 actual # 54
05-04 18:07:34.616  3064  3411 W CpuPowerCalculator: UID 10162 CPU freq # mismatch: Power Profile # 52 actual # 54
05-04 18:07:34.616  3064  3411 W CpuPowerCalculator: UID 10150 CPU freq # mismatch: Power Profile # 52 actual # 54
05-04 18:07:34.616  3064  3411 W CpuPowerCalculator: UID 10150 CPU freq # mismatch: Power Profile # 52 actual # 54
05-04 18:07:34.616  3064  3411 W CpuPowerCalculator: UID 10139 CPU freq # mismatch: Power Profile # 52 actual # 54
05-04 18:07:34.616  3064  3411 W CpuPowerCalculator: UID 10139 CPU freq # mismatch: Power Profile # 52 actual # 54
05-04 18:07:34.616  3064  3411 W CpuPowerCalculator: UID 10139 CPU freq # mismatch: Power Profile # 52 actual # 54
05-04 18:07:34.616  3064  3411 W CpuPowerCalculator: UID 10130 CPU freq # mismatch: Power Profile # 52 actual # 54
05-04 18:07:34.616  3064  3411 W CpuPowerCalculator: UID 10130 CPU freq # mismatch: Power Profile # 52 actual # 54
05-04 18:07:34.616  3064  3411 W CpuPowerCalculator: UID 10130 CPU freq # mismatch: Power Profile # 52 actual # 54
05-04 18:07:34.616  3064  3411 W CpuPowerCalculator: UID 10125 CPU freq # mismatch: Power Profile # 52 actual # 54
05-04 18:07:34.616  3064  3411 W CpuPowerCalculator: UID 10125 CPU freq # mismatch: Power Profile # 52 actual # 54
05-04 18:07:34.616  3064  3411 W CpuPowerCalculator: UID 10124 CPU freq # mismatch: Power Profile # 52 actual # 54
05-04 18:07:34.616  3064  3411 W CpuPowerCalculator: UID 10124 CPU freq # mismatch: Power Profile # 52 actual # 54
05-04 18:07:34.617  3064  3411 W CpuPowerCalculator: UID 10122 CPU freq # mismatch: Power Profile # 52 actual # 54
05-04 18:07:34.617  3064  3411 W CpuPowerCalculator: UID 10122 CPU freq # mismatch: Power Profile # 52 actual # 54
05-04 18:07:34.617  3064  3411 W CpuPowerCalculator: UID 10122 CPU freq # mismatch: Power Profile # 52 actual # 54
05-04 18:07:34.617  3064  3411 W CpuPowerCalculator: UID 10114 CPU freq # mismatch: Power Profile # 52 actual # 54
05-04 18:07:34.617  3064  3411 W CpuPowerCalculator: UID 10114 CPU freq # mismatch: Power Profile # 52 actual # 54
05-04 18:07:34.617  3064  3411 W CpuPowerCalculator: UID 10114 CPU freq # mismatch: Power Profile # 52 actual # 54
05-04 18:07:34.617  3064  3411 W CpuPowerCalculator: UID 10114 CPU freq # mismatch: Power Profile # 52 actual # 54
05-04 18:07:34.617  3064  3411 W CpuPowerCalculator: UID 10114 CPU freq # mismatch: Power Profile # 52 actual # 54
05-04 18:07:34.617  3064  3411 W CpuPowerCalculator: UID 9999 CPU freq # mismatch: Power Profile # 52 actual # 54
05-04 18:07:34.617  3064  3411 W CpuPowerCalculator: UID 2906 CPU freq # mismatch: Power Profile # 52 actual # 54
05-04 18:07:34.617  3064  3411 W CpuPowerCalculator: UID 2903 CPU freq # mismatch: Power Profile # 52 actual # 54
05-04 18:07:34.617  3064  3411 W CpuPowerCalculator: UID 2000 CPU freq # mismatch: Power Profile # 52 actual # 54
05-04 18:07:34.617  3064  3411 W CpuPowerCalculator: UID 1092 CPU freq # mismatch: Power Profile # 52 actual # 54
05-04 18:07:34.617  3064  3411 W CpuPowerCalculator: UID 1073 CPU freq # mismatch: Power Profile # 52 actual # 54
05-04 18:07:34.617  3064  3411 W CpuPowerCalculator: UID 1073 CPU freq # mismatch: Power Profile # 52 actual # 54
05-04 18:07:34.617  3064  3411 W CpuPowerCalculator: UID 1072 CPU freq # mismatch: Power Profile # 52 actual # 54
05-04 18:07:34.617  3064  3411 W CpuPowerCalculator: UID 1069 CPU freq # mismatch: Power Profile # 52 actual # 54
05-04 18:07:34.617  3064  3411 W CpuPowerCalculator: UID 1068 CPU freq # mismatch: Power Profile # 52 actual # 54
05-04 18:07:34.617  3064  3411 W CpuPowerCalculator: UID 1068 CPU freq # mismatch: Power Profile # 52 actual # 54
05-04 18:07:34.617  3064  3411 W CpuPowerCalculator: UID 1066 CPU freq # mismatch: Power Profile # 52 actual # 54
05-04 18:07:34.617  3064  3411 W CpuPowerCalculator: UID 1053 CPU freq # mismatch: Power Profile # 52 actual # 54
05-04 18:07:34.617  3064  3411 W CpuPowerCalculator: UID 1052 CPU freq # mismatch: Power Profile # 52 actual # 54
05-04 18:07:34.617  3064  3411 W CpuPowerCalculator: UID 1047 CPU freq # mismatch: Power Profile # 52 actual # 54
05-04 18:07:34.617  3064  3411 W CpuPowerCalculator: UID 1046 CPU freq # mismatch: Power Profile # 52 actual # 54
05-04 18:07:34.617  3064  3411 W CpuPowerCalculator: UID 1041 CPU freq # mismatch: Power Profile # 52 actual # 54
05-04 18:07:34.617  3064  3411 W CpuPowerCalculator: UID 1040 CPU freq # mismatch: Power Profile # 52 actual # 54
05-04 18:07:34.617  3064  3411 W CpuPowerCalculator: UID 1036 CPU freq # mismatch: Power Profile # 52 actual # 54
05-04 18:07:34.617  3064  3411 W CpuPowerCalculator: UID 1027 CPU freq # mismatch: Power Profile # 52 actual # 54
05-04 18:07:34.617  3064  3411 W CpuPowerCalculator: UID 1027 CPU freq # mismatch: Power Profile # 52 actual # 54
05-04 18:07:34.617  3064  3411 W CpuPowerCalculator: UID 1021 CPU freq # mismatch: Power Profile # 52 actual # 54
05-04 18:07:34.617  3064  3411 W CpuPowerCalculator: UID 1019 CPU freq # mismatch: Power Profile # 52 actual # 54
05-04 18:07:34.617  3064  3411 W CpuPowerCalculator: UID 1017 CPU freq # mismatch: Power Profile # 52 actual # 54
05-04 18:07:34.617  3064  3411 W CpuPowerCalculator: UID 1013 CPU freq # mismatch: Power Profile # 52 actual # 54
05-04 18:07:34.617  3064  3411 W CpuPowerCalculator: UID 1010 CPU freq # mismatch: Power Profile # 52 actual # 54
05-04 18:07:34.617  3064  3411 W CpuPowerCalculator: UID 1007 CPU freq # mismatch: Power Profile # 52 actual # 54
05-04 18:07:34.617  3064  3411 W CpuPowerCalculator: UID 1007 CPU freq # mismatch: Power Profile # 52 actual # 54
05-04 18:07:34.617  3064  3411 W CpuPowerCalculator: UID 1002 CPU freq # mismatch: Power Profile # 52 actual # 54
05-04 18:07:34.617  3064  3411 W CpuPowerCalculator: UID 1002 CPU freq # mismatch: Power Profile # 52 actual # 54
05-04 18:07:34.617  3064  3411 W CpuPowerCalculator: UID 1001 CPU freq # mismatch: Power Profile # 52 actual # 54
05-04 18:07:34.617  3064  3411 W CpuPowerCalculator: UID 1001 CPU freq # mismatch: Power Profile # 52 actual # 54
05-04 18:07:34.617  3064  3411 W CpuPowerCalculator: UID 1000 CPU freq # mismatch: Power Profile # 52 actual # 54
05-04 18:07:34.617  3064  3411 W CpuPowerCalculator: UID 0 CPU freq # mismatch: Power Profile # 52 actual # 54
05-04 18:07:34.760  3827  3827 D FolioNotificationManager: Pipeline: onEntryBind key = 0|com.google.android.youtube|2|null|10289
05-04 18:07:34.761  3827  3827 D FolioNotificationManager: Pipeline: onEntryUpdated key = 0|com.google.android.youtube|2|null|10289
05-04 18:07:34.761  3827  3827 D FolioManager: notificationAdded: key = 0|com.google.android.youtube|2|null|10289
05-04 18:07:34.768  3827  3827 W ConstraintSet: id unknown center_vertical_guideline
05-04 18:07:34.768  3827  3827 W ConstraintSet: id unknown action_button_guideline
05-04 18:07:34.768  3827  3827 W ConstraintSet: id unknown icon
05-04 18:07:34.768  3827  3827 W ConstraintSet: id unknown media_seamless
05-04 18:07:34.768  3827  3827 W ConstraintSet: id unknown media_action_barrier_start
05-04 18:07:34.768  3827  3827 W ConstraintSet: id unknown media_action_barrier_end
05-04 18:07:34.768  3827  3827 W ConstraintSet: id unknown media_action_barrier_top
05-04 18:07:34.768  3827  3827 W ConstraintSet: id unknown remove_text
05-04 18:07:34.768  3827  3827 W ConstraintSet: id unknown settings
05-04 18:07:34.769  3827  3827 W ConstraintSet: id unknown dismiss
05-04 18:07:34.769  3827  3827 W ConstraintSet: id unknown cancel
05-04 18:07:35.048 14578 14578 D BoundBrokerSvc: onUnbind: Intent { act=com.google.android.gms.safetynet.service.START pkg=com.google.android.gms }
05-04 18:07:35.561  1737  7992 I vendor.qti.bluetooth@1.0-ibs_handler: DeviceSleep: TX Awake, Sending SLEEP_IND
05-04 18:07:35.562  1737  7992 D vendor.qti.bluetooth@1.0-ibs_handler: SerialClockVote: vote for UART CLK OFF
05-04 18:07:35.713  1737  7960 D vendor.qti.bluetooth@1.0-wake_lock: Release wakelock is released 
05-04 18:07:36.105 14578 14578 D BoundBrokerSvc: onUnbind: Intent { act=com.google.android.gms.feedback.internal.IFeedbackService dat=chimera-action:/... cmp=com.google.android.gms/.chimera.GmsBoundBrokerService }
05-04 18:07:36.154  1830 10078 I QC2Comp : [avcD_1124] Stats: Pending(9) i/p-done(5) Works: Q: 28/Done 20|Work-Rate: Q(0.0/s Avg=0.0/s) Done(0.000/s Avg=0.003/s)| Stream: 30.00fps 203.8Kbps
05-04 18:07:36.154  1830 10078 I QC2Comp : [avcD_1124] Mem-usage:  [In-1D: 6 bufs 17.930 MB] [1D-2226: 16 bufs 0.250 MB] [2D-2227: 20 bufs 28.438 MB] | Total: 46.617 MB
05-04 18:07:36.797  1736  4275 D AHAL: AudioStream: astream_out_standby: 862: enter: stream (0xb4000075bf211680), usecase(0: deep-buffer-playback)
05-04 18:07:36.797  1736  4275 D AHAL: AudioStream: Standby: 2246: Enter
05-04 18:07:36.800  1736  4275 I PAL: API: pal_stream_stop: 337: Enter. Stream handle :0xb40000744f20d610K
05-04 18:07:36.807  1782 28800 D AGM: graph: graph_stop: 955 entry graph_handle 0x47534c
05-04 18:07:36.809  1782 28800 I gsl     : gsl_send_spf_cmd:169 Wait for Rsp opcode[0x1001003] src_port[0x2010] dst_port[0x1] token 0xf103
05-04 18:07:36.814  1782 28800 I gsl     : gsl_send_spf_cmd:183 rcvd pkt token : 0xf103
05-04 18:07:36.814  1782 28800 D AGM: graph: graph_stop: 1000 exit, ret 0
05-04 18:07:36.818  1782 17392 I gsl     : gsl_send_spf_cmd:169 Wait for Rsp opcode[0x100100e] src_port[0x2010] dst_port[0x4019] token 0xf104
05-04 18:07:36.818  1782 17392 I gsl     : gsl_send_spf_cmd:183 rcvd pkt token : 0xf104
05-04 18:07:36.819  1736  4275 I PAL: ResourceManager: voteSleepMonitor: 1439: Enter for stream type 2
05-04 18:07:36.819  1736  4275 I PAL: ResourceManager: voteSleepMonitor: 1491: Unvoting done for nlpi use case, lpi votes 0, nlpi votes : 0
05-04 18:07:36.821  1736  4275 I btaudio_offload_qti_2_1: audio_stream_stop_qti
05-04 18:07:36.821  1736  4275 W btaudio_offload_qti_2_1: handle_hidl_request: suspending audio stream
05-04 18:07:36.826  7916  7959 D bt_btif : btif_ahim_process_request: sending AIDL request to AV
05-04 18:07:36.826  7916  7959 D bt_btif : btif_dispatch_sm_event: event: 50, len: 4
05-04 18:07:36.826  7916  7959 D bt_btif : btif_dispatch_sm_event: event 50 sent
05-04 18:07:36.826  1736  4275 W btaudio_offload_qti_2_1: wait_for_stack_response: conditional wait: ack_recvd = 0
05-04 18:07:36.827  7916  7941 D bt_btif : btif_ahim_update_pending_command: AIDL, profile: 1, cmd: 5
05-04 18:07:36.827  7916  7941 W bt_stack: [WARNING:a2dp_encoding.cc(2309)] is_qc_hal_enabled
05-04 18:07:36.827  7916  7941 W bt_stack: [WARNING:a2dp_encoding.cc(2288)] get_hal_version
05-04 18:07:36.827  7916  7941 D bt_btif : btif_ahim_update_pending_command: QC, cur_active_profile: 1
05-04 18:07:36.827  7916  7941 I bt_btif_vendor: btif_ba_is_active: 0
05-04 18:07:36.827  7916  7941 D bt_btif : btif_dispatch_sm_event: event: 34, len: 0
05-04 18:07:36.827  7916  7941 D bt_btif : btif_dispatch_sm_event: event 34 sent
05-04 18:07:36.827  7916  7941 D bt_btif : btif_ahim_ack_stream_profile_suspended: AIDL, profile: 1, ack: 6
05-04 18:07:36.827  7916  7941 W bt_stack: [WARNING:a2dp_encoding.cc(2309)] is_qc_hal_enabled
05-04 18:07:36.827  7916  7941 W bt_stack: [WARNING:a2dp_encoding.cc(2288)] get_hal_version
05-04 18:07:36.827  7916  7941 D bt_btif : btif_ahim_ack_stream_profile_suspended: QC
05-04 18:07:36.827  7916  7941 I bt_stack: [INFO:a2dp_encoding.cc(2770)] ack_stream_suspended: result=PENDING
05-04 18:07:36.829  1736 27302 I BTAudioProviderStub_2_1: streamSuspended - SessionType=A2DP_HARDWARE_OFFLOAD_DATAPATH, status=SINK_NOT_READY
05-04 18:07:36.829  1736 27302 I BTAudioProviderSession_2_1: ReportControlStatus - status=SINK_NOT_READY for SessionType=A2DP_HARDWARE_OFFLOAD_DATAPATH, bluetooth_audio=0x0200 suspended
05-04 18:07:36.829  1736 27302 I btaudio_offload_qti_2_1: stack_resp_cb: status = 3
05-04 18:07:36.829  1736  4275 I btaudio_offload_qti_2_1: wait_for_stack_response:ret = 0(Success)
05-04 18:07:36.829  1736  4275 W btaudio_offload_qti_2_1: wait_for_stack_response: conditional wait done : ack_recvd = 1
05-04 18:07:36.829  1736  4275 I btaudio_offload_qti_2_1: handle_hidl_request: ack status = A2DP_CTRL_ACK_PENDING
05-04 18:07:36.829  1736  4275 W btaudio_offload_qti_2_1: wait_for_stack_response: conditional wait: ack_recvd = 0
05-04 18:07:36.829  7916  7941 D bt_btif : btif_av_state_started_handler: event: UNKNOWN_EVENT flags: 0  index = 0, reconfig_event: 0, codec_cfg_change: 0
05-04 18:07:36.829  7916  7941 W bt_btif : btif_av_state_started_handler: unhandled event=UNKNOWN_EVENT
05-04 18:07:36.829  7916  7941 E bt_btif : Latest playing device index is 0 
05-04 18:07:36.829  7916  7941 D bt_btif : btif_av_state_started_handler: event: BTIF_AV_SUSPEND_STREAM_REQ_EVT flags: 0  index = 0, reconfig_event: 0, codec_cfg_change: 0
05-04 18:07:36.829  7916  7941 W bt_btif : btif_av_state_started_handler: Stop the AV Data channel
05-04 18:07:36.829  7916  7989 D bt_btif : bta_av_ssm_execute(): AV Sevent(0x41)=0x120c(AP_STOP) state=3(OPEN)
05-04 18:07:36.829  7916  7989 E bt_btif : bta_av_str_stopped: audio_open_cnt=1, p_data 0xb400007e0a66f5d0
05-04 18:07:36.829  7916  7989 W bt_btif : bta_dm_rm_cback:2, status:6
05-04 18:07:36.830  1737  1737 D vendor.qti.bluetooth@1.0-ibs_handler: SerialClockVote: vote for UART CLK ON
05-04 18:07:36.830  7916  7989 I btif_av : isBATEnabled: 0
05-04 18:07:36.830  7916  7989 E bt_btif : bta_av_co_get_active_peer: active peer index: 0
05-04 18:07:36.830  1737  1737 D vendor.qti.bluetooth@1.0-wake_lock: Acquire wakelock is acquired 
05-04 18:07:36.830  7916  7989 E bt_btif : bta_av_co_get_active_peer: active peer index: 0
05-04 18:07:36.830  1737  1737 I vendor.qti.bluetooth@1.0-ibs_handler: DeviceWakeUp: Writing IBS_WAKE_IND
05-04 18:07:36.831  1737  7987 I vendor.qti.bluetooth@1.0-ibs_handler: ProcessIbsCmd: Received IBS_WAKE_ACK: 0xFC
05-04 18:07:36.831  1737  7987 I vendor.qti.bluetooth@1.0-ibs_handler: ProcessIbsCmd: Signal wack_cond_
05-04 18:07:36.831  1737  1737 D vendor.qti.bluetooth@1.0-ibs_handler: DeviceWakeUp: Unblocked from waiting for FC, pthread_cond_timedwait ret = 0
05-04 18:07:36.832  1737  7987 I vendor.qti.bluetooth@1.0-ibs_handler: ProcessIbsCmd: Received IBS_WAKE_IND: 0xFD
05-04 18:07:36.832  1737  7987 I vendor.qti.bluetooth@1.0-ibs_handler: ProcessIbsCmd: Writing IBS_WAKE_ACK
05-04 18:07:36.835  7916  7941 E bt_btif : btif_media_send_reset_vendor_state:
05-04 18:07:36.835  7916  7941 D bt_btif : btif_av_state_started_handler: event: BTA_AV_OFFLOAD_STOP_RSP_EVT flags: 1  index = 0, reconfig_event: 0, codec_cfg_change: 0
05-04 18:07:36.835  7916  7941 W bt_btif : btif_av_state_started_handler: unhandled event=BTA_AV_OFFLOAD_STOP_RSP_EVT
05-04 18:07:36.836  7916  8017 D bt_btif_a2dp_source: btif_a2dp_source_command_ready: event: 7 BTIF_MEDIA_RESET_VS_STATE
05-04 18:07:36.866  7916  7989 E bt_avp  : avdt_ad_tc_data_ind: type: x0, tcid: 0, ccb_idx: 0
05-04 18:07:36.866  7916  7989 D bt_btif : bta_av_ssm_execute(): AV Sevent(0x41)=0x1223(STR_SUSPEND_CFM) state=3(OPEN)
05-04 18:07:36.868  7916  7989 W bt_btif : bta_dm_rm_cback:2, status:6
05-04 18:07:36.869  7916  7941 D bt_btif : btif_av_state_started_handler: event: BTA_AV_SUSPEND_EVT flags: 1  index = 0, reconfig_event: 0, codec_cfg_change: 0
05-04 18:07:36.869  7916  7941 I btif_av : isBATEnabled: 0
05-04 18:07:36.869  7916  7941 E bt_btif : bta_av_co_get_active_peer: active peer index: 0
05-04 18:07:36.869  7916  7941 E bt_btif : bta_av_co_get_active_peer: active peer index: 0
05-04 18:07:36.869  7916  7941 W bt_stack: [WARNING:a2dp_encoding.cc(2309)] is_qc_hal_enabled
05-04 18:07:36.869  7916  7941 W bt_stack: [WARNING:a2dp_encoding.cc(2288)] get_hal_version
05-04 18:07:36.869  7916  7941 D bt_btif : btif_ahim_ack_stream_profile_suspended: AIDL, profile: 1, ack: 0
05-04 18:07:36.869  7916  7941 W bt_stack: [WARNING:a2dp_encoding.cc(2309)] is_qc_hal_enabled
05-04 18:07:36.869  7916  7941 W bt_stack: [WARNING:a2dp_encoding.cc(2288)] get_hal_version
05-04 18:07:36.869  7916  7941 D bt_btif : btif_ahim_ack_stream_profile_suspended: QC
05-04 18:07:36.869  7916  7941 I bt_stack: [INFO:a2dp_encoding.cc(2770)] ack_stream_suspended: result=SUCCESS_FINISHED
05-04 18:07:36.869  1736 27302 I BTAudioProviderStub_2_1: streamSuspended - SessionType=A2DP_HARDWARE_OFFLOAD_DATAPATH, status=SUCCESS
05-04 18:07:36.869  1736 27302 I BTAudioProviderSession_2_1: ReportControlStatus - status=SUCCESS for SessionType=A2DP_HARDWARE_OFFLOAD_DATAPATH, bluetooth_audio=0x0200 suspended
05-04 18:07:36.869  1736 27302 I btaudio_offload_qti_2_1: stack_resp_cb: status = 0
05-04 18:07:36.870  1736  4275 I btaudio_offload_qti_2_1: wait_for_stack_response:ret = 0(Success)
05-04 18:07:36.870  1736  4275 W btaudio_offload_qti_2_1: wait_for_stack_response: conditional wait done : ack_recvd = 1
05-04 18:07:36.870  1736  4275 D btaudio_offload_qti_2_1: audio_stream_stop_qti: success
05-04 18:07:36.870  7916  7941 W bt_stack: [WARNING:a2dp_encoding.cc(315)] ResetPendingCmd  5
05-04 18:07:36.870  7916  7941 I BluetoothA2dpServiceJni: bta2dp_audio_state_callback
05-04 18:07:36.870  1736  4275 I PAL: API: pal_stream_stop: 373: Exit. status 0
05-04 18:07:36.870  1736  4275 I PAL: API: pal_stream_close: 236: Enter. Stream handle :0xb40000744f20d610K
05-04 18:07:36.872  7916  7941 D A2dpNativeInterface: onAudioStateChanged: A2dpStackEvent {type:EVENT_TYPE_AUDIO_STATE_CHANGED, device:17:3F:CF:BE:B9:01, value1:STOPPED}
05-04 18:07:36.872  7916  7941 D A2dpService: messageFromNative: Going to acquire mVariableLock.
05-04 18:07:36.872  7916  7941 D A2dpService: messageFromNative: Acquired mVariableLock
05-04 18:07:36.872  7916  7941 D A2dpService: messageFromNative: Released mVariableLock
05-04 18:07:36.879  7916  7941 D A2dpService: messageFromNative: Sending STACK_EVENT: A2dpStackEvent {type:EVENT_TYPE_AUDIO_STATE_CHANGED, device:17:3F:CF:BE:B9:01, value1:STOPPED} to sm.
05-04 18:07:36.879  7916  7941 D bt_btif : btif_av_state_started_handler: event: BTIF_SM_EXIT_EVT flags: 1  index = 0, reconfig_event: 0, codec_cfg_change: 0
05-04 18:07:36.879  7916  7941 D bt_btif : btif_av_state_opened_handler: event: BTIF_SM_ENTER_EVT, flags: 1, peer_sep: 1, index: 0 reconfig_event: 0, codec_cfg_change: 0, reconfig_pending: 0, reconfig_a2dp: 0, is_retry_reconfig: 0
05-04 18:07:36.879  7916  8016 D A2dpStateMachine: handleMessage: E msg.what=101
05-04 18:07:36.879  7916  8016 D A2dpStateMachine: processMsg: Connected
05-04 18:07:36.879  7916  8016 D A2dpStateMachine: Connected process message(17:3F:CF:BE:B9:01): STACK_EVENT
05-04 18:07:36.879  7916  8016 D A2dpStateMachine: Connected: stack event: A2dpStackEvent {type:EVENT_TYPE_AUDIO_STATE_CHANGED, device:17:3F:CF:BE:B9:01, value1:STOPPED}
05-04 18:07:36.879  7916  8016 I A2dpStateMachine: Connected: processAudioStateEvent: state: 1mIsPlaying: true
05-04 18:07:36.879  7916  8016 I A2dpStateMachine: Connected: stopped playing: 17:3F:CF:BE:B9:01
05-04 18:07:36.879  7916  8016 D A2dpService: Enable BLE scanning
05-04 18:07:36.879  7916  8010 V Avrcp_ext: AvrcpMessageHandler: received message=18
05-04 18:07:36.879  7916  8010 V Avrcp_ext: MSG_SET_A2DP_AUDIO_STATE:11
05-04 18:07:36.879  7916  8010 V Avrcp_ext: event for device address 17:3F:CF:BE:B9:01
05-04 18:07:36.879  7916  8010 I Avrcp_ext: device found at index 0
05-04 18:07:36.879  7916  8010 D BATService: getBATService(): service is NULL
05-04 18:07:36.880  7916  8016 D BtGatt.ScanManager: setAptXLowLatencyMode: mIsAptXLowLatencyModeEnabled: falseenabled: false
05-04 18:07:36.880  7916  8016 D A2dpStateMachine: A2DP Playing state : device: 17:3F:CF:BE:B9:01 State:PLAYING->NOT_PLAYING
05-04 18:07:36.880  1782 17392 I AGM: API: agm_session_aif_connect: 651 disconnecting aifid:23 with session id=117
05-04 18:07:36.880  1782 17392 D AGM: graph: graph_stop: 955 entry graph_handle 0x47534c
05-04 18:07:36.880  1782 17392 D AGM: metadata: metadata_print: 263 *************************Metadata*************************
05-04 18:07:36.880  1782 17392 D AGM: metadata: metadata_print: 264 GKV size:6
05-04 18:07:36.880  7916  7955 I BtGatt.ScanManager: msg.what = 5
05-04 18:07:36.881  1782 17392 D AGM: metadata: metadata_print: 267 key:0xa1000000, value:0xa1000001(PCM_DEEP_BUFFER)
05-04 18:07:36.881  1782 17392 D AGM: metadata: metadata_print: 267 key:0xab000000, value:0x1( )
05-04 18:07:36.881  1782 17392 D AGM: metadata: metadata_print: 267 key:0xac000000, value:0xac000002(DEVICEPP_RX_AUDIO_MBDRC)
05-04 18:07:36.881  1782 17392 D AGM: metadata: metadata_print: 267 key:0xa2000000, value:0xa2000003(BT_RX)
05-04 18:07:36.881  1782 17392 D AGM: metadata: metadata_print: 267 key:0xb4000000, value:0xb4000002(A2DP)
05-04 18:07:36.881  1782 17392 D AGM: metadata: metadata_print: 267 key:0xb5000000, value:0xb5000001(GENERIC)
05-04 18:07:36.881  1782 17392 D AGM: metadata: metadata_print: 271 
05-04 18:07:36.881  1782 17392 D AGM: metadata: CKV count:4
05-04 18:07:36.881  1782 17392 D AGM: metadata: metadata_print: 274 key:0xa4000000, value:0x0 
05-04 18:07:36.881  1782 17392 D AGM: metadata: metadata_print: 274 key:0xe4000000, value:0x0 
05-04 18:07:36.881  1782 17392 D AGM: metadata: metadata_print: 274 key:0xe5000000, value:0x1 
05-04 18:07:36.881  1782 17392 D AGM: metadata: metadata_print: 274 key:0xe6000000, value:0x0 
05-04 18:07:36.881  1782 17392 D AGM: metadata: metadata_print: 276 
05-04 18:07:36.881  1782 17392 D AGM: metadata: metadata_print: 278 Property ID:134217744
05-04 18:07:36.881  1782 17392 D AGM: metadata: metadata_print: 279 property count:3
05-04 18:07:36.881  1782 17392 D AGM: metadata: metadata_print: 282 Property Values: 
05-04 18:07:36.881  1782 17392 D AGM: metadata: metadata_print: 284 0x3 
05-04 18:07:36.881  1782 17392 D AGM: metadata: metadata_print: 284 0x2 
05-04 18:07:36.881  1782 17392 D AGM: metadata: metadata_print: 284 0x5 
05-04 18:07:36.881  1782 17392 D AGM: metadata: metadata_print: 286 
05-04 18:07:36.881  1782 17392 D AGM: metadata: metadata_print: 287 ****************Metadata Done***************************
05-04 18:07:36.881  1782 17392 D AGM: metadata: 
05-04 18:07:36.881  1782 17392 I gsl     : gsl_graph_close_sgids_and_connections:2057 num_sgid= 4
05-04 18:07:36.881  1782 17392 I gsl     : gsl_graph_close_sgids_and_connections:2058 sg list:
05-04 18:07:36.881  1782 17392 I gsl     : gsl_graph_close_sgids_and_connections:2060 b000006c
05-04 18:07:36.881  1782 17392 I gsl     : gsl_graph_close_sgids_and_connections:2060 b000006b
05-04 18:07:36.881  1782 17392 I gsl     : gsl_graph_close_sgids_and_connections:2060 b000006a
05-04 18:07:36.881  1782 17392 I gsl     : gsl_graph_close_sgids_and_connections:2060 b0000069
05-04 18:07:36.881  1782 17392 I gsl     : gsl_print_sg_conn_info:186 num_sg_conn = 4
05-04 18:07:36.881  1782 17392 I gsl     : gsl_print_sg_conn_info:188 sg b000006b has 1 children:
05-04 18:07:36.881  1782 17392 I gsl     : gsl_print_sg_conn_info:191 b000006c, 
05-04 18:07:36.881  1782 17392 I gsl     : gsl_print_sg_conn_info:188 sg b000006a has 1 children:
05-04 18:07:36.881  1782 17392 I gsl     : gsl_print_sg_conn_info:191 b000006b, 
05-04 18:07:36.881  1782 17392 I gsl     : gsl_print_sg_conn_info:188 sg b0000069 has 1 children:
05-04 18:07:36.881  1782 17392 I gsl     : gsl_print_sg_conn_info:191 b000006a, 
05-04 18:07:36.881  1782 17392 I gsl     : gsl_print_sg_conn_info:188 sg b0000001 has 1 children:
05-04 18:07:36.881  1782 17392 I gsl     : gsl_print_sg_conn_info:191 b0000069, 
05-04 18:07:36.881  1782 17392 I gsl     : gsl_send_spf_cmd:169 Wait for Rsp opcode[0x1001004] src_port[0x2010] dst_port[0x1] token 0xf105
05-04 18:07:36.882  7916  8010 V Avrcp_ext: updateCurrentMediaState: mMediaController: MediaController (com.google.android.youtube@85fe229) Bengal Election Result : बंगाल में आज असली खेल क्या हुआ? नतीजों पर सब चौंक गए.., Punya Prasun Bajpai, Punya Prasun Bajpai
05-04 18:07:36.882  7916  8010 W Avrcp_ext: isMusicActive: false getBluetoothPlayState: 0 A2dp State: 11 mAudioPlaybackIsActive: false
05-04 18:07:36.882  7916  8010 W Avrcp_ext: updateCurrentMediaState: isPlaying = false
05-04 18:07:36.883  7916  8016 D APM: MediaAudio: onStreamStateChange: mGamingEnabled: false
05-04 18:07:36.883  7916  8016 I APM: ApmConst:  getQtiLeAudioEnabled: true
05-04 18:07:36.883  7916  8016 D APM: MediaAudio: onStreamStateChange update to volume manager
05-04 18:07:36.883  7916  8016 D APM: VolumeManager: updateStreamState, device: 17:3F:CF:BE:B9:01 type: 1 streamState: 11 isMusicActive: false
05-04 18:07:36.883  7916  8016 D AcmService: Get group address for (17:3F:CF:BE:B9:01)
05-04 18:07:36.883  7916  8016 D BluetoothGroupService: checkIncludingServiceForDevice: device = 17:3F:CF:BE:B9:01 uuid = 00001853-0000-1000-8000-00805f9b34fb
05-04 18:07:36.884  7916  8016 D BluetoothGroupService: getRemoteDeviceGroupId: device = 17:3F:CF:BE:B9:01 uuid = null, mPublicAddr = true
05-04 18:07:36.884  7916  8016 D AcmService: Hash Map is not NULL
05-04 18:07:36.884  7916  8016 I BCService: getAllBroadcastSourceInformation for 17:3F:CF:BE:B9:01
05-04 18:07:36.884  7916  8010 D Avrcp_ext: overwrite album_artist :Punya Prasun Bajpaiif album is blank
05-04 18:07:36.884  7916  8010 D AvrcpBipRsp:  getImgHandle device :17:3F:CF:BE:B9:01 data :android.media.MediaMetadata@e49e1816
05-04 18:07:36.884  7916  8010 W AvrcpBipRsp: getImgHandle bipSm null
05-04 18:07:36.884  7916  8010 D Avrcp_ext:  getImgHandle device:17:3F:CF:BE:B9:01 data:android.media.MediaMetadata@e49e1816 isKeyContains true Handle 
05-04 18:07:36.884  7916  8016 D BassClientStateMachine(17:3F:CF:BE:B9:01): getAllBroadcastSourceInformation: 0
05-04 18:07:36.884  7916  8016 E APM: VolumeManager: source Infos not available
05-04 18:07:36.884  1782 17392 I gsl     : gsl_send_spf_cmd:183 rcvd pkt token : 0xf105
05-04 18:07:36.884  1782 17392 D AGM: graph: graph_stop: 1000 exit, ret 0
05-04 18:07:36.885  7916  8016 D CCService: onUnicastStateUpdate: 11
05-04 18:07:36.885  7916  8016 D CCService:  onUnicastStateUpdate, not playing check pending call state
05-04 18:07:36.885  7916  8010 I Avrcp_ext: device found at index 0
05-04 18:07:36.885  7916  8010 V Avrcp_ext: Media update: id -1➡-1? [MediaAttributes: B⋯. - P⋯i by P⋯i (1329000 0/0) - ] : [MediaAttributes: B⋯. - P⋯i by P⋯i (1329000 0/0) - ]
05-04 18:07:36.885  7916  8010 D Avrcp_ext: isPackageNameValid: browsedPackage = com.google.android.youtubeisValid = true
05-04 18:07:36.885  7916  8010 V Avrcp_ext: isBrowseSupported for com.google.android.youtube: false
05-04 18:07:36.885  7916  8010 W Avrcp_ext: updateCurrentMediaState: isInactivePlayer = false
05-04 18:07:36.885  7916  8010 V Avrcp_ext: Exit handleMessage
05-04 18:07:36.886  7916  8016 D CCService:  No pending call state
05-04 18:07:36.893  7916  8016 V A2dpService: disableGamingModeinA2DP: Already disabled Gaming Mode
05-04 18:07:36.893  7916  8016 I APM: ApmConst:  getQtiLeAudioEnabled: true
05-04 18:07:36.893  7916  8016 V A2dpService: setGamingMode
05-04 18:07:36.893  7916  8016 D A2dpStateMachine: handleMessage: X
05-04 18:07:36.893  7916  7916 D A2dpService: Disable Gaming Mode in A2DP!!
05-04 18:07:36.893  7916  7916 V A2dpService: disableGamingModeinA2DP: Already disabled Gaming Mode
05-04 18:07:36.896  7916  7916 D HeadsetService: Received BluetoothA2dp Play State changed
05-04 18:07:36.896  7916  7916 D HeadsetA2dpSync:  updateA2DPPlayingState device: 17:3F:CF:BE:B9:01 transition 10->11
05-04 18:07:36.896  7916  7916 I APM: ApmConst:  getQtiLeAudioEnabled: true
05-04 18:07:36.896  7916  7916 D APM: ActiveDeviceManagerServiceLegacy: getActiveProfile returning profile 1
05-04 18:07:36.896  7916  7916 D APM: ActiveDeviceManagerServiceLegacy: getActiveDevice(): device: 17:3F:CF:BE:B9:01
05-04 18:07:36.896  7916  7916 D HeadsetA2dpSync:  MediaProfile: 1, current active media device: 17:3F:CF:BE:B9:01
05-04 18:07:36.897  7916  7916 D HeadsetA2dpSync:  isA2dpPlaying returns = 2
05-04 18:07:36.897  7916  7916 D HeadsetService:  sendA2dpStateChange newState = 2
05-04 18:07:36.898  7916  7916 E HeadsetStateMachine: returning mCurrentState as Disconnected
05-04 18:07:36.898  7916  7916 E HeadsetStateMachine: returning mCurrentState as Connected
05-04 18:07:36.898  7916  7916 E HeadsetStateMachine: returning mCurrentState as Disconnected
05-04 18:07:36.898  7916  7916 D HeadsetA2dpSync:  device: 17:3F:CF:BE:B9:01 state = 2
05-04 18:07:36.898  7916  7916 D BtOppService: action : android.bluetooth.a2dp.profile.action.PLAYING_STATE_CHANGED
05-04 18:07:36.898  7916  7916 D BtOppUtils: device: 17:3F:CF:BE:B9:01 newState: 11
05-04 18:07:36.898  7916  7916 D BtOppUtils:  isA2DPPlaying :false
05-04 18:07:36.898  7916  8004 D HeadsetStateMachine: handleMessage: E msg.what=24
05-04 18:07:36.898  7916  8004 D HeadsetStateMachine: processMsg: Connected
05-04 18:07:36.898  7916  8004 D HeadsetStateMachine: Connected: currentDevice=17:3F:CF:BE:B9:01, msg=A2DP_STATE_CHANGED event
05-04 18:07:36.898  7916  8004 D HeadsetStateMachine: Enter processIntentA2dpPlayStateChanged(): a2dp state 2
05-04 18:07:36.898  7916  8004 D HeadsetStateMachine: A2DP suspended when there is no CS/VOIP calls or VR, resuming A2DP
05-04 18:07:36.898  7916  8004 D HeadsetStateMachine: Resume A2DP by sending RESUME_A2DP message
05-04 18:07:36.898  7916  8004 D HeadsetStateMachine: Exit processIntentA2dpPlayStateChanged()
05-04 18:07:36.898  7916  8004 D HeadsetStateMachine: handleMessage: X
05-04 18:07:36.898  7916  8004 D HeadsetStateMachine: handleMessage: E msg.what=26
05-04 18:07:36.898  7916  8004 D HeadsetStateMachine: processMsg: Connected
05-04 18:07:36.898  7916  8004 D HeadsetStateMachine: Connected: currentDevice=17:3F:CF:BE:B9:01, msg=RESUME_A2DP evt, resuming A2DP
05-04 18:07:36.898  7916  8004 D HeadsetA2dpSync:  releaseA2DP mA2dpSuspendTriggered 0 by device 17:3F:CF:BE:B9:01
05-04 18:07:36.899  7916  8004 D APM: CallAudio:  isAudioOn: The number of audio connected devices 0
05-04 18:07:36.899  7916  8004 I APM: ApmConst:  getQtiLeAudioEnabled: true
05-04 18:07:36.899  7916  8004 D HeadsetService: getHeadsetService(): returning com.android.bluetooth.hfp.HeadsetService@ee3f0c7
05-04 18:07:36.899  7916  8004 E HeadsetStateMachine: returning mCurrentState as Connected
05-04 18:07:36.899  7916  8004 E HeadsetStateMachine: returning mCurrentState as Disconnected
05-04 18:07:36.899  7916  8004 E HeadsetStateMachine: returning mCurrentState as Disconnected
05-04 18:07:36.899  7916  8004 D HeadsetService:  isAudioOn: The number of audio connected devices 0
05-04 18:07:36.899  7916  8004 D HeadsetService: isScoOrCallActive(): Call Active:falseCall is Ringing:falseSCO is Active:false
05-04 18:07:36.899  7916  8004 E HeadsetStateMachine: returning mCurrentState as Connected
05-04 18:07:36.899  7916  8004 E HeadsetStateMachine: returning mCurrentState as Disconnected
05-04 18:07:36.899  7916  8004 E HeadsetStateMachine: returning mCurrentState as Disconnected
05-04 18:07:36.899  7916  8004 D HeadsetService:  isAudioOn: The number of audio connected devices 0
05-04 18:07:36.899  7916  8004 D APM: CallAudio: isVoiceOrCallActive: return false
05-04 18:07:36.899  7916  8004 I APM: ApmConst:  getQtiLeAudioEnabled: true
05-04 18:07:36.899  7916  8004 D APM: ActiveDeviceManagerServiceLegacy: isRecordingActive(): false
05-04 18:07:36.899  3064  7416 V AS.AudioDeviceBroker: setA2dpSuspended source: setA2dpSuspended(false) from u/pid:1002/7916, enable: false, internal: false, mBluetoothA2dpSuspendedInt: false, mBluetoothA2dpSuspendedExt: false
05-04 18:07:36.899  7916  8004 D HeadsetStateMachine: handleMessage: X
05-04 18:07:36.909  1737  7987 I vendor.qti.bluetooth@1.0-ibs_handler: ProcessIbsCmd: Received IBS_SLEEP_IND: 0xFE
05-04 18:07:37.089  1782 17392 I AGM: device: device_set_metadata: 691 Setting device metadata for SLIM-DEV1-RX-7
05-04 18:07:37.089  1782 17392 D AGM: metadata: metadata_print: 263 *************************Metadata*************************
05-04 18:07:37.089  1782 17392 D AGM: metadata: metadata_print: 264 GKV size:0
05-04 18:07:37.089  1782 17392 D AGM: metadata: metadata_print: 271 
05-04 18:07:37.089  1782 17392 D AGM: metadata: CKV count:0
05-04 18:07:37.089  1782 17392 D AGM: metadata: metadata_print: 276 
05-04 18:07:37.089  1782 17392 D AGM: metadata: metadata_print: 278 Property ID:134217744
05-04 18:07:37.089  1782 17392 D AGM: metadata: metadata_print: 279 property count:2
05-04 18:07:37.089  1782 17392 D AGM: metadata: metadata_print: 282 Property Values: 
05-04 18:07:37.089  1782 17392 D AGM: metadata: metadata_print: 284 0x2 
05-04 18:07:37.089  1782 17392 D AGM: metadata: metadata_print: 284 0x5 
05-04 18:07:37.089  1782 17392 D AGM: metadata: metadata_print: 286 
05-04 18:07:37.089  1782 17392 D AGM: metadata: metadata_print: 287 ****************Metadata Done***************************
05-04 18:07:37.089  1782 17392 D AGM: metadata: 
05-04 18:07:37.090  1782 28800 I AGM: session: session_obj_set_sess_aif_metadata: 1772 Setting metadata for sess aif id 23
05-04 18:07:37.090  1782 28800 D AGM: metadata: metadata_print: 263 *************************Metadata*************************
05-04 18:07:37.090  1782 28800 D AGM: metadata: metadata_print: 264 GKV size:0
05-04 18:07:37.090  1782 28800 D AGM: metadata: metadata_print: 271 
05-04 18:07:37.090  1782 28800 D AGM: metadata: CKV count:0
05-04 18:07:37.090  1782 28800 D AGM: metadata: metadata_print: 276 
05-04 18:07:37.090  1782 28800 D AGM: metadata: metadata_print: 278 Property ID:134217744
05-04 18:07:37.090  1782 28800 D AGM: metadata: metadata_print: 279 property count:1
05-04 18:07:37.090  1782 28800 D AGM: metadata: metadata_print: 282 Property Values: 
05-04 18:07:37.090  1782 28800 D AGM: metadata: metadata_print: 284 0x3 
05-04 18:07:37.090  1782 28800 D AGM: metadata: metadata_print: 286 
05-04 18:07:37.090  1782 28800 D AGM: metadata: metadata_print: 287 ****************Metadata Done***************************
05-04 18:07:37.090  1782 28800 D AGM: metadata: 
05-04 18:07:37.090  1782 28800 I AGM: session: session_obj_set_sess_aif_metadata: 1792 Exit
05-04 18:07:37.090  1782  3765 D AGM: session: session_close: 1267 enter
05-04 18:07:37.090  1782  3765 D AGM: graph: graph_close: 791 entry handle 0x47534c
05-04 18:07:37.090  1782  3765 I gsl     : gsl_graph_close_sgids_and_connections:2057 num_sgid= 1
05-04 18:07:37.090  1782  3765 I gsl     : gsl_graph_close_sgids_and_connections:2058 sg list:
05-04 18:07:37.090  1782  3765 I gsl     : gsl_graph_close_sgids_and_connections:2060 b0000001
05-04 18:07:37.090  1782  3765 I gsl     : gsl_print_sg_conn_info:186 num_sg_conn = 0
05-04 18:07:37.090  1782  3765 I gsl     : gsl_send_spf_cmd:169 Wait for Rsp opcode[0x1001004] src_port[0x2010] dst_port[0x1] token 0xf106
05-04 18:07:37.093  1782  3765 I gsl     : gsl_send_spf_cmd:183 rcvd pkt token : 0xf106
05-04 18:07:37.093  1782  3765 D AGM: graph: graph_close: 811 exit, ret 0
05-04 18:07:37.093  1782  3765 D AGM: session: session_close: 1316 exit, ret 0
05-04 18:07:37.097  1736  4275 I PAL: ResourceManager: freeFrontEndIds: 6206: stream type 2, freeing 117
05-04 18:07:37.097  1736  4275 I PAL: Device: close: 470: Enter. deviceCount 1 for device id 8 (PAL_DEVICE_OUT_BLUETOOTH_A2DP)
05-04 18:07:37.098  1736  4275 I PAL: Device: close: 487: Exit. deviceCount 0 for device id 8 (PAL_DEVICE_OUT_BLUETOOTH_A2DP), exit status 0
05-04 18:07:37.099  1736  4275 I PAL: ResourceManager: GetConcurrencyInfo: 4476: stream type 2 Tx conc 0, Rx conc 1, concurrency allowed
05-04 18:07:37.099  1736  4275 I PAL: ResourceManager: GetConcurrencyInfo: 4476: stream type 2 Tx conc 0, Rx conc 1, concurrency allowed
05-04 18:07:37.099  1736  4275 I PAL: ResourceManager: GetConcurrencyInfo: 4476: stream type 2 Tx conc 0, Rx conc 1, concurrency allowed
05-04 18:07:37.099  1736  4275 I PAL: ResourceManager: deregisterStream: 2716: stream type 2
05-04 18:07:37.100  1736  4275 I PAL: ResourceManager: getActiveStream_l: 5106: no active streams found for device 7 (PAL_DEVICE_OUT_BLUETOOTH_SCO) ret -2
05-04 18:07:37.100  1736  4275 I PAL: ResourceManager: getSharedBEActiveStreamDevs: 6366: got dev 7 (PAL_DEVICE_OUT_BLUETOOTH_SCO) active streams on dev is 0
05-04 18:07:37.100  1736  4275 I PAL: ResourceManager: getActiveStream_l: 5106: no active streams found for device 8 (PAL_DEVICE_OUT_BLUETOOTH_A2DP) ret -2
05-04 18:07:37.100  1736  4275 I PAL: ResourceManager: getSharedBEActiveStreamDevs: 6366: got dev 8 (PAL_DEVICE_OUT_BLUETOOTH_A2DP) active streams on dev is 0
05-04 18:07:37.101  1736  4275 I PAL: API: pal_stream_close: 271: Exit. status 0
05-04 18:07:37.101  1736  4275 D AHAL: AudioStream: Standby: 2328: Exit ret: 0
05-04 18:07:37.101  1736  4275 D AHAL: ext_speaker: audio_extn_extspk_update: 152: devices 0x0
05-04 18:07:37.101  1736  4275 D AHAL: AudioStream: astream_out_standby: 878: Exit ret: 0
05-04 18:07:37.102  3064  7416 D PowerManagerService: nativeReleaseSuspendBlocker name:PowerManagerService.WakeLocks duration ms: 0
05-04 18:07:37.214  3064  3519 D ActivityManager: freezing 22061 com.google.process.gapps, reason = oom_cached
05-04 18:07:37.338  3064  3736 D WifiStaIfaceHidlImpl: getCachedScanData is not implemented by HIDL
05-04 18:07:37.342  3064  3736 I HalDevMgr: bestIfaceCreationProposal is null, requestIface=STA, existingIface=[name=ap_br_wlan2 type=AP_BRIDGE, name=wlan0 type=STA]
05-04 18:07:37.870  1737  7992 I vendor.qti.bluetooth@1.0-ibs_handler: DeviceSleep: TX Awake, Sending SLEEP_IND
05-04 18:07:37.871  1737  7992 D vendor.qti.bluetooth@1.0-ibs_handler: SerialClockVote: vote for UART CLK OFF
05-04 18:07:38.022  1737  7960 D vendor.qti.bluetooth@1.0-wake_lock: Release wakelock is released 
05-04 18:07:40.146 26224 26232 W ocess.gservices: userfaultfd: MOVE ioctl seems unsupported: Connection timed out
05-04 18:07:40.354  3064  3736 D WifiStaIfaceHidlImpl: getCachedScanData is not implemented by HIDL
05-04 18:07:40.359  3064  3736 I HalDevMgr: bestIfaceCreationProposal is null, requestIface=STA, existingIface=[name=ap_br_wlan2 type=AP_BRIDGE, name=wlan0 type=STA]
05-04 18:07:41.154  1830 10078 I QC2Comp : [avcD_1124] Stats: Pending(9) i/p-done(5) Works: Q: 28/Done 20|Work-Rate: Q(0.0/s Avg=0.0/s) Done(0.000/s Avg=0.003/s)| Stream: 30.00fps 203.8Kbps
05-04 18:07:41.154  1830 10078 I QC2Comp : [avcD_1124] Mem-usage:  [In-1D: 6 bufs 17.930 MB] [1D-2226: 16 bufs 0.250 MB] [2D-2227: 20 bufs 28.438 MB] | Total: 46.617 MB
05-04 18:07:41.553  1737  7987 I vendor.qti.bluetooth@1.0-ibs_handler: ProcessIbsCmd: Received IBS_WAKE_IND: 0xFD
05-04 18:07:41.553  1737  7987 D vendor.qti.bluetooth@1.0-ibs_handler: SerialClockVote: vote for UART CLK ON
05-04 18:07:41.553  1737  7987 D vendor.qti.bluetooth@1.0-wake_lock: Acquire wakelock is acquired 
05-04 18:07:41.553  1737  7987 I vendor.qti.bluetooth@1.0-ibs_handler: ProcessIbsCmd: Writing IBS_WAKE_ACK
05-04 18:07:41.594  1737  7987 I vendor.qti.bluetooth@1.0-ibs_handler: ProcessIbsCmd: Received IBS_SLEEP_IND: 0xFE
05-04 18:07:41.594  1737  7987 D vendor.qti.bluetooth@1.0-ibs_handler: SerialClockVote: vote for UART CLK OFF
05-04 18:07:41.745  1737  7960 D vendor.qti.bluetooth@1.0-wake_lock: Release wakelock is released 
05-04 18:07:41.898  1737  7987 I vendor.qti.bluetooth@1.0-ibs_handler: ProcessIbsCmd: Received IBS_WAKE_IND: 0xFD
05-04 18:07:41.898  1737  7987 D vendor.qti.bluetooth@1.0-ibs_handler: SerialClockVote: vote for UART CLK ON
05-04 18:07:41.898  1737  7987 D vendor.qti.bluetooth@1.0-wake_lock: Acquire wakelock is acquired 
05-04 18:07:41.898  1737  7987 I vendor.qti.bluetooth@1.0-ibs_handler: ProcessIbsCmd: Writing IBS_WAKE_ACK
05-04 18:07:41.901  7916  7989 I bt_stack: [INFO:btm_ble_gap.cc(3287)] btm_ble_process_adv_pkt_cont Data Complete 1c:02:6a:51:b6:91
05-04 18:07:41.901  7916  7989 D bt_btm_ble: bool parse_adv_audio_uuids_from_adv_pkt(const uint8_t *, size_t, uint8_t): tmap_cap_pts: false
05-04 18:07:41.904 27765 26620 I NearbyConnections: Found BleAdvertisement [ 0x23 0x52 0x37 0x31 0x55 0x11 0x32 0x4e 0xf6 0xdf 0x00 0x61 0x60 0x14 0x10 0x47 0x8c 0xc6 0x00 0x2d 0x85 0x7e 0x63 ] (with EndpointId R71U and EndpointInfo [ 0x32 0x4e 0xf6 0xdf 0x00 0x61 0x60 0x14 0x10 0x47 0x8c 0xc6 0x00 0x2d 0x85 0x7e 0x63 ])
05-04 18:07:41.906 27765 26620 I NearbyConnections: Unable to record discovered endpoint due to null currentDiscoveryPhase
05-04 18:07:41.906 27765 26620 I NearbyConnections: ClientProxy(214472614 0p:com.google.android.gms.nearby.sharing) reporting onEndpointFound(R71U)
05-04 18:07:41.906 27765 26620 I NearbyConnections: ClientProxy(214472614) reporting onEndpointDistanceChanged(R71U, UNKNOWN)
05-04 18:07:41.907 27765 26621 I NearbySharing: NearbySharing Internal event EndpointDiscovered(endpointId=R71U)
05-04 18:07:41.940  1737  7987 I vendor.qti.bluetooth@1.0-ibs_handler: ProcessIbsCmd: Received IBS_SLEEP_IND: 0xFE
05-04 18:07:41.940  1737  7987 D vendor.qti.bluetooth@1.0-ibs_handler: SerialClockVote: vote for UART CLK OFF
05-04 18:07:42.016 26332 26338 W ndroid.keychain: userfaultfd: MOVE ioctl seems unsupported: Connection timed out
05-04 18:07:42.090  1737  7960 D vendor.qti.bluetooth@1.0-wake_lock: Release wakelock is released 
05-04 18:07:43.372  3064  3736 D WifiStaIfaceHidlImpl: getCachedScanData is not implemented by HIDL
05-04 18:07:43.378  3064  3736 I HalDevMgr: bestIfaceCreationProposal is null, requestIface=STA, existingIface=[name=ap_br_wlan2 type=AP_BRIDGE, name=wlan0 type=STA]
05-04 18:07:43.661  3064  3524 D PowerManagerService: nativeAcquireSuspendBlocker name:PowerManagerService.WakeLocks duration ms: 1
05-04 18:07:43.668 27765 26320 I FusedLocation: (REDACTED) location delivery to %s blocked - too close
05-04 18:07:43.669 27765 26320 I FusedLocation: (REDACTED) location delivery to %s blocked - too close
05-04 18:07:43.670 27765 26320 I FusedLocation: (REDACTED) location delivery to %s blocked - too close
05-04 18:07:43.670 27765 26320 I FusedLocation: (REDACTED) location delivery to %s blocked - too close
05-04 18:07:43.672  3064  7416 D CompatibilityChangeReporter: Compat change id reported: 171306433; UID 10192; state: ENABLED
05-04 18:07:43.677  3064  4883 W ProcessStats: Tracking association SourceState{8bf800a com.google.android.gms/10192 BTop #2030563} whose proc state 2 is better than process ProcessState{bf547ef com.google.android.gms.persistent/10192 pkg=com.google.android.gms} proc state 3 (515 skipped)
05-04 18:07:43.679  3064  7416 D PowerManagerService: nativeReleaseSuspendBlocker name:PowerManagerService.WakeLocks duration ms: 0
05-04 18:07:43.683  3064  3458 D PowerManagerService: nativeAcquireSuspendBlocker name:PowerManagerService.WakeLocks duration ms: 1
05-04 18:07:43.685 14578 14578 D BoundBrokerSvc: onRebind: Intent { act=com.google.android.gms.onboardingconsent.api.ConsentManagerApiService.START dat=chimera-action:/... cmp=com.google.android.gms/.chimera.GmsApiService }
05-04 18:07:43.686 14578 14586 W ConsentManagerApiServic: Consent Manager API is not enabled. [CONTEXT service_id=460 ]
05-04 18:07:43.689 27765 27765 D BoundBrokerSvc: onRebind: Intent { act=com.google.android.gms.common.telemetry.service.START dat=chimera-action:/... cmp=com.google.android.gms/.chimera.PersistentApiService }
05-04 18:07:43.700  3064  3458 D PowerManagerService: nativeReleaseSuspendBlocker name:PowerManagerService.WakeLocks duration ms: 0
05-04 18:07:43.711 27765 25864 I TFLite-in-PlayServices: Created interpreter.
05-04 18:07:43.718 27765 25864 I TFLite-in-PlayServices: Created interpreter.
05-04 18:07:43.723 27765 25864 I SemanticLocation: (REDACTED) [Inferrer] %s%s
05-04 18:07:43.798 27765 25864 I TFLite-in-PlayServices: Created interpreter.
05-04 18:07:43.804 27765 25864 I TFLite-in-PlayServices: Created interpreter.
05-04 18:07:43.808 27765 25864 I SemanticLocation: (REDACTED) [Inferrer] %s%s
05-04 18:07:44.068 27765 26621 I NearbyMediums: Found Fast Ble Advertisements :
05-04 18:07:44.068 27765 26621 I NearbyMediums: BleAdvertisement { version=2, socketVersion=2, isFast=true, serviceIdHash=null, data=[ 0x23 0x52 0x37 0x31 0x55 0x11 0x32 0x4e 0xf6 0xdf 0x00 0x61 0x60 0x14 0x10 0x47 0x8c 0xc6 0x00 0x2d 0x85 0x7e 0x63 ], deviceToken=[ 0x3e 0x82 ], rxAdvertisement=null } : 1 times.
05-04 18:07:44.068 27765 26621 I NearbyMediums: Total 1 fast advertisements from 1 unique advertisers.
05-04 18:07:44.068 27765 26621 I NearbyMediums: Current Tracked Scanning Clients are : {NearbyConnections.EnvironmentMonitor, NearbySharing, NearbyConnections.TxAdvertisement}
05-04 18:07:44.683 27765 27765 D BoundBrokerSvc: onRebind: Intent { act=com.google.android.gms.libs.gmscorelogger.service.START dat=chimera-action:/... cmp=com.google.android.gms/.chimera.PersistentDirectBootAwareApiService }
05-04 18:07:45.793  3974 26498 D IpClient/wlan0: interfaceLinkStateChanged: ifindex 27 up
05-04 18:07:46.155  1830 10078 I QC2Comp : [avcD_1124] Stats: Pending(9) i/p-done(5) Works: Q: 28/Done 20|Work-Rate: Q(0.0/s Avg=0.0/s) Done(0.000/s Avg=0.003/s)| Stream: 30.00fps 203.8Kbps
05-04 18:07:46.156  1830 10078 I QC2Comp : [avcD_1124] Mem-usage:  [In-1D: 6 bufs 17.930 MB] [1D-2226: 16 bufs 0.250 MB] [2D-2227: 20 bufs 28.438 MB] | Total: 46.617 MB
05-04 18:07:46.353  3064  3524 D PowerManagerService: nativeAcquireSuspendBlocker name:PowerManagerService.WakeLocks duration ms: 2
05-04 18:07:46.354  3064  3064 D PowerManagerService: nativeReleaseSuspendBlocker name:PowerManagerService.WakeLocks duration ms: 0
05-04 18:07:46.389  3064  3736 D WifiStaIfaceHidlImpl: getCachedScanData is not implemented by HIDL
05-04 18:07:46.394  3064  3736 I HalDevMgr: bestIfaceCreationProposal is null, requestIface=STA, existingIface=[name=ap_br_wlan2 type=AP_BRIDGE, name=wlan0 type=STA]
05-04 18:07:46.755  3064  3524 D PowerManagerService: nativeAcquireSuspendBlocker name:PowerManagerService.WakeLocks duration ms: 2
05-04 18:07:46.756  3064  3064 D PowerManagerService: nativeReleaseSuspendBlocker name:PowerManagerService.WakeLocks duration ms: 1
05-04 18:07:46.757  3064  3477 D PowerManagerService: nativeAcquireSuspendBlocker name:PowerManagerService.WakeLocks duration ms: 1
05-04 18:07:46.763 26177 26177 I Finsky  : [2] SCH: job service start with id 9675.
05-04 18:07:46.770 26177 26396 I Finsky  : [1195] SCH: Satisfied jobs for 9675 are: 12-1
05-04 18:07:46.771 26177 26638 I Finsky  : [1225] SCH: Job 12-1 starting
05-04 18:07:46.771 26177 26177 I Finsky  : [2] WM::SCH: Logging work start for 12-1
05-04 18:07:46.772 26177 26177 I Finsky  : [2] [ContentSync] job started
05-04 18:07:46.774 26177 26639 I Finsky  : [1226] PSR: Package cache is empty, setup cache.
05-04 18:07:46.891 26177 26639 W Finsky  : [1226] SLM: no metadata property com.android.vending.derived.apk.id found for shared library com.google.android.trichromelibrary_647807131:
05-04 18:07:46.891 26177 26639 W Finsky  : [1226] SLM: no metadata property com.android.vending.sdk.version.patch found for shared library com.google.android.trichromelibrary_647807131:
05-04 18:07:46.891 26177 26639 W Finsky  : [1226] SLM: no metadata property com.android.vending.derived.apk.id found for shared library com.google.android.trichromelibrary_772713733:
05-04 18:07:46.891 26177 26639 W Finsky  : [1226] SLM: no metadata property com.android.vending.sdk.version.patch found for shared library com.google.android.trichromelibrary_772713733:
05-04 18:07:47.748 26177 26177 W Finsky  : [2] STU: Failed to get storage stats for package 'com.google.mainline.primary.libs' (1601: Error getting stats: android.content.pm.PackageManager.NameNotFoundException)
05-04 18:07:47.803 10311 10487 I ThermalEngine: ACTION: freeze_rule - Setting freeze_rule to 0
05-04 18:07:47.803 10311 10487 I ThermalEngine: Monitor:INACTIVE:FREEZE-CHG:freeze_rule=1:DETECT-STANDBY=0
05-04 18:07:47.803 10311 10487 I ThermalEngine: ACTION: override_c - Setting override_c to 0
05-04 18:07:47.803 10311 10487 I ThermalEngine: Monitor:INACTIVE:OVERRIDE-CHG:internal_override=1:DETECT-STANDBY=0
05-04 18:07:47.804 10311 10485 I ThermalEngine: Thermal-Server: Thermal received msg from  override_c
05-04 18:07:47.804 10311 26644 I Thermal-Lib: Thermal-Lib-Client: Client request sent
05-04 18:07:47.804 10311 10485 I ThermalEngine: Thermal-Server: Thermal received msg from  freezing
05-04 18:07:47.805 10311 26643 I Thermal-Lib: Thermal-Lib-Client: Client request sent
05-04 18:07:47.806 10311 10487 I ThermalEngine: Monitor:ACTIVE:MON-MSM-charge:battery=9:CHG-SENSORS=41482
05-04 18:07:47.855 26177 26177 W Finsky  : [2] STU: Failed to get storage stats for package 'com.android.apex.cts.shim' (1601: Error getting stats: android.content.pm.PackageManager.NameNotFoundException)
05-04 18:07:47.874 26177 26177 W Finsky  : [2] STU: Failed to get storage stats for package 'com.google.android.appsearch' (1601: Error getting stats: android.content.pm.PackageManager.NameNotFoundException)
05-04 18:07:47.879 26177 26177 W Finsky  : [2] STU: Failed to get storage stats for package 'com.google.android.art' (1601: Error getting stats: android.content.pm.PackageManager.NameNotFoundException)
05-04 18:07:47.914 26177 26177 W Finsky  : [2] STU: Failed to get storage stats for package 'com.google.android.mediaprovider' (1601: Error getting stats: android.content.pm.PackageManager.NameNotFoundException)
05-04 18:07:47.940 26177 26177 W Finsky  : [2] STU: Failed to get storage stats for package 'com.android.virt' (1601: Error getting stats: android.content.pm.PackageManager.NameNotFoundException)
05-04 18:07:47.946 26177 26177 W Finsky  : [2] STU: Failed to get storage stats for package 'com.google.android.resolv' (1601: Error getting stats: android.content.pm.PackageManager.NameNotFoundException)
05-04 18:07:47.960 26177 26177 W Finsky  : [2] STU: Failed to get storage stats for package 'com.google.android.configinfrastructure' (1601: Error getting stats: android.content.pm.PackageManager.NameNotFoundException)
05-04 18:07:47.961 26177 26177 W Finsky  : [2] STU: Failed to get storage stats for package 'com.google.android.media' (1601: Error getting stats: android.content.pm.PackageManager.NameNotFoundException)
05-04 18:07:47.974 26177 26177 W Finsky  : [2] STU: Failed to get storage stats for package 'com.android.vndk.v31' (1601: Error getting stats: android.content.pm.PackageManager.NameNotFoundException)
05-04 18:07:47.975 26177 26177 W Finsky  : [2] STU: Failed to get storage stats for package 'com.android.vndk.v30' (1601: Error getting stats: android.content.pm.PackageManager.NameNotFoundException)
05-04 18:07:47.977 26177 26177 W Finsky  : [2] STU: Failed to get storage stats for package 'com.android.vndk.v33' (1601: Error getting stats: android.content.pm.PackageManager.NameNotFoundException)
05-04 18:07:47.977 26177 26177 W Finsky  : [2] STU: Failed to get storage stats for package 'com.android.vndk.v32' (1601: Error getting stats: android.content.pm.PackageManager.NameNotFoundException)
05-04 18:07:47.981 26177 26177 W Finsky  : [2] STU: Failed to get storage stats for package 'com.android.vndk.v34' (1601: Error getting stats: android.content.pm.PackageManager.NameNotFoundException)
05-04 18:07:48.026 26177 26177 W Finsky  : [2] STU: Failed to get storage stats for package 'com.google.android.sdkext' (1601: Error getting stats: android.content.pm.PackageManager.NameNotFoundException)
05-04 18:07:48.036 26177 26177 W Finsky  : [2] STU: Failed to get storage stats for package 'com.google.android.adservices' (1601: Error getting stats: android.content.pm.PackageManager.NameNotFoundException)
05-04 18:07:48.040 26177 26177 W Finsky  : [2] STU: Failed to get storage stats for package 'com.google.android.tethering' (1601: Error getting stats: android.content.pm.PackageManager.NameNotFoundException)
05-04 18:07:48.062 26177 26177 W Finsky  : [2] STU: Failed to get storage stats for package 'com.android.runtime' (1601: Error getting stats: android.content.pm.PackageManager.NameNotFoundException)
05-04 18:07:48.084 26177 26177 W Finsky  : [2] STU: Failed to get storage stats for package 'com.google.android.cellbroadcast' (1601: Error getting stats: android.content.pm.PackageManager.NameNotFoundException)
05-04 18:07:48.176 26177 26177 W Finsky  : [2] STU: Failed to get storage stats for package 'com.motorola.enterprise' (1601: Error getting stats: android.content.pm.PackageManager.NameNotFoundException)
05-04 18:07:48.203 26177 26177 W Finsky  : [2] STU: Failed to get storage stats for package 'com.google.android.tzdata5' (1601: Error getting stats: android.content.pm.PackageManager.NameNotFoundException)
05-04 18:07:48.225 26177 26177 W Finsky  : [2] STU: Failed to get storage stats for package 'com.google.android.permission' (1601: Error getting stats: android.content.pm.PackageManager.NameNotFoundException)
05-04 18:07:48.249 26177 26177 W Finsky  : [2] STU: Failed to get storage stats for package 'com.google.android.wifi' (1601: Error getting stats: android.content.pm.PackageManager.NameNotFoundException)
05-04 18:07:48.701 14578 14578 D BoundBrokerSvc: onUnbind: Intent { act=com.google.android.gms.onboardingconsent.api.ConsentManagerApiService.START dat=chimera-action:/... cmp=com.google.android.gms/.chimera.GmsApiService }
05-04 18:07:48.703 27765 27765 D BoundBrokerSvc: onUnbind: Intent { act=com.google.android.gms.common.telemetry.service.START dat=chimera-action:/... cmp=com.google.android.gms/.chimera.PersistentApiService }
05-04 18:07:48.744 26370 26374 W .apps.wellbeing: userfaultfd: MOVE ioctl seems unsupported: Connection timed out
05-04 18:07:48.762 26370 26376 W .apps.wellbeing: ApkAssets: Deleting an ApkAssets object '<empty> and /product/overlay/DisplayCutoutEmulationNoCutout/DisplayCutoutEmulationNoCutoutOverlay.apk' with 1 weak references
05-04 18:07:48.762 26370 26376 W .apps.wellbeing: ApkAssets: Deleting an ApkAssets object '<empty> and /system_ext/priv-app/MotoDesktopCore/MotoDesktopCore.apk' with 1 weak references
05-04 18:07:48.762 26370 26376 W .apps.wellbeing: ApkAssets: Deleting an ApkAssets object '<empty> and /data/app/~~_AuFnfCB2iT4vi2AsAIbgA==/com.google.android.apps.subscriptions.red-EXfqgaVzC4oX2xqHrNyCdg==/base.apk' with 1 weak references
05-04 18:07:48.763 26370 26376 W .apps.wellbeing: ApkAssets: Deleting an ApkAssets object '<empty> and /data/app/~~_AuFnfCB2iT4vi2AsAIbgA==/com.google.android.apps.subscriptions.red-EXfqgaVzC4oX2xqHrNyCdg==/split_config.arm64_v8a.apk' with 1 weak references
05-04 18:07:48.763 26370 26376 W .apps.wellbeing: ApkAssets: Deleting an ApkAssets object '<empty> and /data/app/~~_AuFnfCB2iT4vi2AsAIbgA==/com.google.android.apps.subscriptions.red-EXfqgaVzC4oX2xqHrNyCdg==/split_config.en.apk' with 1 weak references
05-04 18:07:48.763 26370 26376 W .apps.wellbeing: ApkAssets: Deleting an ApkAssets object '<empty> and /data/app/~~_AuFnfCB2iT4vi2AsAIbgA==/com.google.android.apps.subscriptions.red-EXfqgaVzC4oX2xqHrNyCdg==/split_config.xxhdpi.apk' with 1 weak references
05-04 18:07:48.763 26370 26376 W .apps.wellbeing: ApkAssets: Deleting an ApkAssets object '<empty> and /data/app/~~vw7sJK69EMssoERG9UZodA==/com.whatsapp.w4b-lCKBl0GosA6UNq62oakxmA==/base.apk' with 1 weak references
05-04 18:07:48.763 26370 26376 W .apps.wellbeing: ApkAssets: Deleting an ApkAssets object '<empty> and /data/app/~~vw7sJK69EMssoERG9UZodA==/com.whatsapp.w4b-lCKBl0GosA6UNq62oakxmA==/split_config.arm64_v8a.apk' with 1 weak references
05-04 18:07:48.763 26370 26376 W .apps.wellbeing: ApkAssets: Deleting an ApkAssets object '<empty> and /data/app/~~vw7sJK69EMssoERG9UZodA==/com.whatsapp.w4b-lCKBl0GosA6UNq62oakxmA==/split_config.xxhdpi.apk' with 1 weak references
05-04 18:07:48.764 26370 26376 W .apps.wellbeing: ApkAssets: Deleting an ApkAssets object '<empty> and /data/app/~~Kf-7PpbPP2iBleDgqCT5dQ==/com.ideopay.user-xX9RIOzF0SKNYBfXyyTteQ==/base.apk' with 1 weak references
05-04 18:07:48.764 26370 26376 W .apps.wellbeing: ApkAssets: Deleting an ApkAssets object '<empty> and /data/app/~~Kf-7PpbPP2iBleDgqCT5dQ==/com.ideopay.user-xX9RIOzF0SKNYBfXyyTteQ==/split_config.arm64_v8a.apk' with 1 weak references
05-04 18:07:48.764 26370 26376 W .apps.wellbeing: ApkAssets: Deleting an ApkAssets object '<empty> and /data/app/~~Kf-7PpbPP2iBleDgqCT5dQ==/com.ideopay.user-xX9RIOzF0SKNYBfXyyTteQ==/split_config.bn.apk' with 1 weak references
05-04 18:07:48.764 26370 26376 W .apps.wellbeing: ApkAssets: Deleting an ApkAssets object '<empty> and /data/app/~~Kf-7PpbPP2iBleDgqCT5dQ==/com.ideopay.user-xX9RIOzF0SKNYBfXyyTteQ==/split_config.en.apk' with 1 weak references
05-04 18:07:48.764 26370 26376 W .apps.wellbeing: ApkAssets: Deleting an ApkAssets object '<empty> and /data/app/~~Kf-7PpbPP2iBleDgqCT5dQ==/com.ideopay.user-xX9RIOzF0SKNYBfXyyTteQ==/split_config.gu.apk' with 1 weak references
05-04 18:07:48.764 26370 26376 W .apps.wellbeing: ApkAssets: Deleting an ApkAssets object '<empty> and /data/app/~~Kf-7PpbPP2iBleDgqCT5dQ==/com.ideopay.user-xX9RIOzF0SKNYBfXyyTteQ==/split_config.hi.apk' with 1 weak references
05-04 18:07:48.764 26370 26376 W .apps.wellbeing: ApkAssets: Deleting an ApkAssets object '<empty> and /data/app/~~Kf-7PpbPP2iBleDgqCT5dQ==/com.ideopay.user-xX9RIOzF0SKNYBfXyyTteQ==/split_config.mr.apk' with 1 weak references
05-04 18:07:48.764 26370 26376 W .apps.wellbeing: ApkAssets: Deleting an ApkAssets object '<empty> and /data/app/~~Kf-7PpbPP2iBleDgqCT5dQ==/com.ideopay.user-xX9RIOzF0SKNYBfXyyTteQ==/split_config.xxhdpi.apk' with 1 weak references
05-04 18:07:48.765 26370 26376 W .apps.wellbeing: ApkAssets: Deleting an ApkAssets object '<empty> and /data/app/~~WCk0Xouo6OG13g8wNBX4dQ==/com.google.android.youtube-47MG5Uo5IvIbaAHo79YEyQ==/base.apk' with 1 weak references
05-04 18:07:48.765 26370 26376 W .apps.wellbeing: ApkAssets: Deleting an ApkAssets object '<empty> and /data/app/~~WCk0Xouo6OG13g8wNBX4dQ==/com.google.android.youtube-47MG5Uo5IvIbaAHo79YEyQ==/split_config.arm64_v8a.apk' with 1 weak references
05-04 18:07:48.765 26370 26376 W .apps.wellbeing: ApkAssets: Deleting an ApkAssets object '<empty> and /data/app/~~WCk0Xouo6OG13g8wNBX4dQ==/com.google.android.youtube-47MG5Uo5IvIbaAHo79YEyQ==/split_config.en.apk' with 1 weak references
05-04 18:07:48.765 26370 26376 W .apps.wellbeing: ApkAssets: Deleting an ApkAssets object '<empty> and /data/app/~~WCk0Xouo6OG13g8wNBX4dQ==/com.google.android.youtube-47MG5Uo5IvIbaAHo79YEyQ==/split_config.xxhdpi.apk' with 1 weak references
05-04 18:07:48.765 26370 26376 W .apps.wellbeing: ApkAssets: Deleting an ApkAssets object '<empty> and /product/app/VzwAPNLibWs/VzwAPNLibWs.apk' with 1 weak references
05-04 18:07:48.766 26370 26376 W .apps.wellbeing: ApkAssets: Deleting an ApkAssets object '<empty> and /data/app/~~W6139kneGaFyEfe5yfyjfw==/com.paisabazaar-MDoj29chx3RCbA_CMXPhNQ==/base.apk' with 1 weak references
05-04 18:07:48.766 26370 26376 W .apps.wellbeing: ApkAssets: Deleting an ApkAssets object '<empty> and /data/app/~~W6139kneGaFyEfe5yfyjfw==/com.paisabazaar-MDoj29chx3RCbA_CMXPhNQ==/split_config.arm64_v8a.apk' with 1 weak references
05-04 18:07:48.766 26370 26376 W .apps.wellbeing: ApkAssets: Deleting an ApkAssets object '<empty> and /data/app/~~W6139kneGaFyEfe5yfyjfw==/com.paisabazaar-MDoj29chx3RCbA_CMXPhNQ==/split_config.xxhdpi.apk' with 1 weak references
05-04 18:07:48.766 26370 26376 W .apps.wellbeing: ApkAssets: Deleting an ApkAssets object '<empty> and /product/priv-app/BuaCloudContactAdapter/BuaCloudContactAdapter.apk' with 1 weak references
05-04 18:07:48.766 26370 26376 W .apps.wellbeing: ApkAssets: Deleting an ApkAssets object '<empty> and /apex/com.android.uwb/priv-app/ServiceUwbResources@U1SHS34M.1-177-6-4/ServiceUwbResources.apk' with 1 weak references
05-04 18:07:48.766 26370 26376 W .apps.wellbeing: ApkAssets: Deleting an ApkAssets object '<empty> and /product/overlay/DisplayCutoutEmulationCorner/DisplayCutoutEmulationCornerOverlay.apk' with 1 weak references
05-04 18:07:48.767 26370 26376 W .apps.wellbeing: ApkAssets: Deleting an ApkAssets object '<empty> and /apex/com.android.extservices/priv-app/GoogleExtServices@361153320/GoogleExtServices.apk' with 1 weak references
05-04 18:07:48.767 26370 26376 W .apps.wellbeing: ApkAssets: Deleting an ApkAssets object '<empty> and /system_ext/priv-app/MotoCare/MotoCare.apk' with 1 weak references
05-04 18:07:48.767 26370 26376 W .apps.wellbeing: ApkAssets: Deleting an ApkAssets object '<empty> and /product/priv-app/MotoTour/MotoTour.apk' with 1 weak references
05-04 18:07:48.767 26370 26376 W .apps.wellbeing: ApkAssets: Deleting an ApkAssets object '<empty> and /product/overlay/DisplayCutoutEmulationDouble/DisplayCutoutEmulationDoubleOverlay.apk' with 1 weak references
05-04 18:07:48.768 26370 26376 W .apps.wellbeing: ApkAssets: Deleting an ApkAssets object '<empty> and /system/priv-app/TelephonyProvider/TelephonyProvider.apk' with 1 weak references
05-04 18:07:48.768 26370 26376 W .apps.wellbeing: ApkAssets: Deleting an ApkAssets object '/product/overlay/TelephonyProviderCarrierSettingsRRO.apk' with 1 weak references
05-04 18:07:48.768 26370 26376 W .apps.wellbeing: ApkAssets: Deleting an ApkAssets object '<empty> and /system/priv-app/DynamicSystemInstallationService/DynamicSystemInstallationService.apk' with 1 weak references
05-04 18:07:48.768 26370 26376 W .apps.wellbeing: ApkAssets: Deleting an ApkAssets object '<empty> and /product/priv-app/MotoFeedbackAssistant/MotoFeedbackAssistant.apk' with 1 weak references
05-04 18:07:48.768 26370 26376 W .apps.wellbeing: ApkAssets: Deleting an ApkAssets object '<empty> and /product/overlay/IconShapePebble/IconShapePebbleOverlay.apk' with 1 weak references
05-04 18:07:48.768 26370 26376 W .apps.wellbeing: ApkAssets: Deleting an ApkAssets object '<empty> and /data/app/~~NIZyaE1E4sgNIMwnjahj8A==/com.google.android.googlequicksearchbox-kuMc78MYht-jjXEvqrwLHQ==/base.apk' with 1 weak references
05-04 18:07:48.769 26370 26376 W .apps.wellbeing: ApkAssets: Deleting an ApkAssets object '<empty> and /data/app/~~NIZyaE1E4sgNIMwnjahj8A==/com.google.android.googlequicksearchbox-kuMc78MYht-jjXEvqrwLHQ==/split_config.xxhdpi.apk' with 1 weak references
05-04 18:07:48.769 26370 26376 W .apps.wellbeing: ApkAssets: Deleting an ApkAssets object '<empty> and /data/app/~~NIZyaE1E4sgNIMwnjahj8A==/com.google.android.googlequicksearchbox-kuMc78MYht-jjXEvqrwLHQ==/split_lens_ondevice_engine_play_ml_module.apk' with 1 weak references
05-04 18:07:48.769 26370 26376 W .apps.wellbeing: ApkAssets: Deleting an ApkAssets object '<empty> and /system_ext/priv-app/RevokerServices/RevokerServices.apk' with 1 weak references
05-04 18:07:48.770 26370 26376 W .apps.wellbeing: ApkAssets: Deleting an ApkAssets object '<empty> and /product/priv-app/VzwMVS/VzwMVS.apk' with 1 weak references
05-04 18:07:48.770 26370 26376 W .apps.wellbeing: ApkAssets: Deleting an ApkAssets object '<empty> and /product/app/VzwAPNLibWs/VzwAPNLibWs.apk' with 4 weak references
05-04 18:07:48.770 26370 26376 W .apps.wellbeing: ApkAssets: Deleting an ApkAssets object '<empty> and /system/priv-app/CalendarProvider/CalendarProvider.apk' with 1 weak references
05-04 18:07:48.770 26370 26376 W .apps.wellbeing: ApkAssets: Deleting an ApkAssets object '<empty> and /product/priv-app/DishNetworkCompanionApp/DishNetworkCompanionApp.apk' with 1 weak references
05-04 18:07:48.770 26370 26376 W .apps.wellbeing: ApkAssets: Deleting an ApkAssets object '<empty> and /data/app/~~jVilmhzNBUfF0rySX15adg==/com.google.android.apps.googleassistant-dSfhOgkb2iprGSDIzju5FQ==/base.apk' with 1 weak references
05-04 18:07:48.771 26370 26376 W .apps.wellbeing: ApkAssets: Deleting an ApkAssets object '<empty> and /product/priv-app/vzwPcoExt/vzwPcoExt.apk' with 1 weak references
05-04 18:07:48.771 26370 26376 W .apps.wellbeing: ApkAssets: Deleting an ApkAssets object '<empty> and /data/app/~~VPdiKMLd06evtyLgWmupzQ==/org.altruist.BajajExperia-4gw-GIhhjTn45hiNG5w75Q==/base.apk' with 1 weak references
05-04 18:07:48.771 26370 26376 W .apps.wellbeing: ApkAssets: Deleting an ApkAssets object '<empty> and /data/app/~~VPdiKMLd06evtyLgWmupzQ==/org.altruist.BajajExperia-4gw-GIhhjTn45hiNG5w75Q==/split_config.arm64_v8a.apk' with 1 weak references
05-04 18:07:48.771 26370 26376 W .apps.wellbeing: ApkAssets: Deleting an ApkAssets object '<empty> and /data/app/~~VPdiKMLd06evtyLgWmupzQ==/org.altruist.BajajExperia-4gw-GIhhjTn45hiNG5w75Q==/split_config.xxhdpi.apk' with 1 weak references
05-04 18:07:48.771 26370 26376 W .apps.wellbeing: ApkAssets: Deleting an ApkAssets object '<empty> and /data/app/~~LatRKOJ5oXlDoJchy4Ao5Q==/com.google.android.apps.docs.editors.docs-0F_9QUi_2yydwlHL6_vM4w==/base.apk' with 1 weak references
05-04 18:07:48.772 26370 26376 W .apps.wellbeing: ApkAssets: Deleting an ApkAssets object '<empty> and /data/app/~~LatRKOJ5oXlDoJchy4Ao5Q==/com.google.android.apps.docs.editors.docs-0F_9QUi_2yydwlHL6_vM4w==/split_config.arm64_v8a.apk' with 1 weak references
05-04 18:07:48.772 26370 26376 W .apps.wellbeing: ApkAssets: Deleting an ApkAssets object '<empty> and /data/app/~~LatRKOJ5oXlDoJchy4Ao5Q==/com.google.android.apps.docs.editors.docs-0F_9QUi_2yydwlHL6_vM4w==/split_config.en.apk' with 1 weak references
05-04 18:07:48.773 26370 26376 W .apps.wellbeing: ApkAssets: Deleting an ApkAssets object '<empty> and /data/app/~~LatRKOJ5oXlDoJchy4Ao5Q==/com.google.android.apps.docs.editors.docs-0F_9QUi_2yydwlHL6_vM4w==/split_config.xxhdpi.apk' with 1 weak references
05-04 18:07:48.773 26370 26376 W .apps.wellbeing: ApkAssets: Deleting an ApkAssets object '<empty> and /data/app/~~dyDCiov7rsOU8KzA0FWytQ==/com.phonepe.app-athAHYc7UdkOwJXf0xQSOg==/base.apk' with 1 weak references
05-04 18:07:48.773 26370 26376 W .apps.wellbeing: ApkAssets: Deleting an ApkAssets object '<empty> and /data/app/~~dyDCiov7rsOU8KzA0FWytQ==/com.phonepe.app-athAHYc7UdkOwJXf0xQSOg==/split_config.arm64_v8a.apk' with 1 weak references
05-04 18:07:48.773 26370 26376 W .apps.wellbeing: ApkAssets: Deleting an ApkAssets object '<empty> and /data/app/~~dyDCiov7rsOU8KzA0FWytQ==/com.phonepe.app-athAHYc7UdkOwJXf0xQSOg==/split_config.xxhdpi.apk' with 1 weak references
05-04 18:07:48.774 26370 26376 W .apps.wellbeing: ApkAssets: Deleting an ApkAssets object '<empty> and /product/priv-app/GoogleOneTimeInitializer/GoogleOneTimeInitializer.apk' with 1 weak references
05-04 18:07:48.774 26370 26376 W .apps.wellbeing: ApkAssets: Deleting an ApkAssets object '<empty> and /system/app/GoogleExtShared/GoogleExtShared.apk' with 1 weak references
05-04 18:07:48.774 26370 26376 W .apps.wellbeing: ApkAssets: Deleting an ApkAssets object '<empty> and /product/priv-app/BRApps2/BRApps2.apk' with 1 weak references
05-04 18:07:48.774 26370 26376 W .apps.wellbeing: ApkAssets: Deleting an ApkAssets object '<empty> and /product/overlay/NavigationBarModeGesturalWideBack/NavigationBarModeGesturalOverlayWideBack.apk' with 1 weak references
05-04 18:07:48.774 26370 26376 W .apps.wellbeing: ApkAssets: Deleting an ApkAssets object '<empty> and /product/priv-app/MotoLeanbackLauncher/MotoLeanbackLauncher.apk' with 1 weak references
05-04 18:07:48.775 26370 26376 W .apps.wellbeing: ApkAssets: Deleting an ApkAssets object '<empty> and /data/app/~~RKRFxbHYttDllcZVnXmDmg==/com.rbl.rblmycard-SK02GtfpzNXIBtv18gtlnw==/base.apk' with 1 weak references
05-04 18:07:48.775 26370 26376 W .apps.wellbeing: ApkAssets: Deleting an ApkAssets object '<empty> and /data/app/~~RKRFxbHYttDllcZVnXmDmg==/com.rbl.rblmycard-SK02GtfpzNXIBtv18gtlnw==/split_config.arm64_v8a.apk' with 1 weak references
05-04 18:07:48.775 26370 26376 W .apps.wellbeing: ApkAssets: Deleting an ApkAssets object '<empty> and /data/app/~~RKRFxbHYttDllcZVnXmDmg==/com.rbl.rblmycard-SK02GtfpzNXIBtv18gtlnw==/split_config.xxhdpi.apk' with 1 weak references
05-04 18:07:48.775 26370 26376 W .apps.wellbeing: ApkAssets: Deleting an ApkAssets object '<empty> and /product/priv-app/InmobiInstaller/InmobiInstaller.apk' with 1 weak references
05-04 18:07:48.775 26370 26376 W .apps.wellbeing: ApkAssets: Deleting an ApkAssets object '<empty> and /data/app/~~csvASRJxXCCBfuH9Ng-huQ==/com.niksoftware.snapseed-78JXQH5-RBYHauLdcsFlkA==/base.apk' with 1 weak references
05-04 18:07:48.776 26370 26376 W .apps.wellbeing: ApkAssets: Deleting an ApkAssets object '<empty> and /system_ext/priv-app/GestureNavigationTutorial/GestureNavigationTutorial.apk' with 1 weak references
05-04 18:07:48.776 26370 26376 W .apps.wellbeing: ApkAssets: Deleting an ApkAssets object '<empty> and /system_ext/priv-app/PaksNotification/PaksNotification.apk' with 1 weak references
05-04 18:07:48.776 26370 26376 W .apps.wellbeing: ApkAssets: Deleting an ApkAssets object '<empty> and /system_ext/priv-app/rcsConfigService/rcsConfigService.apk' with 1 weak references
05-04 18:07:48.776 26370 26376 W .apps.wellbeing: ApkAssets: Deleting an ApkAssets object '<empty> and /system_ext/priv-app/3c_devicemanagement-binary/3c_devicemanagement-binary.apk' with 1 weak references
05-04 18:07:48.777 26370 26376 W .apps.wellbeing: ApkAssets: Deleting an ApkAssets object '<empty> and /system_ext/app/FMRadioService/FMRadioService.apk' with 1 weak references
05-04 18:07:48.777 26370 26376 W .apps.wellbeing: ApkAssets: Deleting an ApkAssets object '<empty> and /product/overlay/FontExo2RegularSource/FontExo2RegularSourceOverlay.apk' with 1 weak references
05-04 18:07:48.777 26370 26376 W .apps.wellbeing: ApkAssets: Deleting an ApkAssets object '<empty> and /data/app/~~YjWEBs1wypQrLkkqCRWIkA==/com.google.android.apps.podcasts-9hyfk8GcbcYrDlLflDTN4A==/base.apk' with 1 weak references
05-04 18:07:48.777 26370 26376 W .apps.wellbeing: ApkAssets: Deleting an ApkAssets object '<empty> and /data/app/~~FFLfFQ0tkrw5eGynJnhQzQ==/com.dbs.in.cbcards-Xa8U6oXfZGBWC03_ezjn0g==/base.apk' with 1 weak references
05-04 18:07:48.777 26370 26376 W .apps.wellbeing: ApkAssets: Deleting an ApkAssets object '<empty> and /data/app/~~FFLfFQ0tkrw5eGynJnhQzQ==/com.dbs.in.cbcards-Xa8U6oXfZGBWC03_ezjn0g==/split_config.arm64_v8a.apk' with 1 weak references
05-04 18:07:48.777 26370 26376 W .apps.wellbeing: ApkAssets: Deleting an ApkAssets object '<empty> and /data/app/~~FFLfFQ0tkrw5eGynJnhQzQ==/com.dbs.in.cbcards-Xa8U6oXfZGBWC03_ezjn0g==/split_config.bn.apk' with 1 weak references
05-04 18:07:48.778 26370 26376 W .apps.wellbeing: ApkAssets: Deleting an ApkAssets object '<empty> and /data/app/~~FFLfFQ0tkrw5eGynJnhQzQ==/com.dbs.in.cbcards-Xa8U6oXfZGBWC03_ezjn0g==/split_config.en.apk' with 1 weak references
05-04 18:07:48.778 26370 26376 W .apps.wellbeing: ApkAssets: Deleting an ApkAssets object '<empty> and /data/app/~~FFLfFQ0tkrw5eGynJnhQzQ==/com.dbs.in.cbcards-Xa8U6oXfZGBWC03_ezjn0g==/split_config.gu.apk' with 1 weak references
05-04 18:07:48.778 26370 26376 W .apps.wellbeing: ApkAssets: Deleting an ApkAssets object '<empty> and /data/app/~~FFLfFQ0tkrw5eGynJnhQzQ==/com.dbs.in.cbcards-Xa8U6oXfZGBWC03_ezjn0g==/split_config.hi.apk' with 1 weak references
05-04 18:07:48.778 26370 26376 W .apps.wellbeing: ApkAssets: Deleting an ApkAssets object '<empty> and /data/app/~~FFLfFQ0tkrw5eGynJnhQzQ==/com.dbs.in.cbcards-Xa8U6oXfZGBWC03_ezjn0g==/split_config.kn.apk' with 1 weak references
05-04 18:07:48.778 26370 26376 W .apps.wellbeing: ApkAssets: Deleting an ApkAssets object '<empty> and /data/app/~~FFLfFQ0tkrw5eGynJnhQzQ==/com.dbs.in.cbcards-Xa8U6oXfZGBWC03_ezjn0g==/split_config.mr.apk' with 1 weak references
05-04 18:07:48.778 26370 26376 W .apps.wellbeing: ApkAssets: Deleting an ApkAssets object '<empty> and /data/app/~~FFLfFQ0tkrw5eGynJnhQzQ==/com.dbs.in.cbcards-Xa8U6oXfZGBWC03_ezjn0g==/split_config.ta.apk' with 1 weak references
05-04 18:07:48.778 26370 26376 W .apps.wellbeing: ApkAssets: Deleting an ApkAssets object '<empty> and /data/app/~~FFLfFQ0tkrw5eGynJnhQzQ==/com.dbs.in.cbcards-Xa8U6oXfZGBWC03_ezjn0g==/split_config.te.apk' with 1 weak references
05-04 18:07:48.778 26370 26376 W .apps.wellbeing: ApkAssets: Deleting an ApkAssets object '<empty> and /data/app/~~FFLfFQ0tkrw5eGynJnhQzQ==/com.dbs.in.cbcards-Xa8U6oXfZGBWC03_ezjn0g==/split_config.xxhdpi.apk' with 1 weak references
05-04 18:07:48.778 26370 26376 W .apps.wellbeing: ApkAssets: Deleting an ApkAssets object '<empty> and /system/priv-app/ExternalStorageProvider/ExternalStorageProvider.apk' with 1 weak references
05-04 18:07:48.778 26370 26376 W .apps.wellbeing: ApkAssets: Deleting an ApkAssets object '<empty> and /product/priv-app/DMService/DMService.apk' with 1 weak references
05-04 18:07:48.778 26370 26376 W .apps.wellbeing: ApkAssets: Deleting an ApkAssets object '<empty> and /system/app/HTMLViewer/HTMLViewer.apk' with 1 weak references
05-04 18:07:48.779 26370 26376 W .apps.wellbeing: ApkAssets: Deleting an ApkAssets object '<empty> and /system_ext/priv-app/MotoBtAptxMode/MotoBtAptxMode.apk' with 1 weak references
05-04 18:07:48.779 26370 26376 W .apps.wellbeing: ApkAssets: Deleting an ApkAssets object '<empty> and /system/app/CompanionDeviceManager/CompanionDeviceManager.apk' with 1 weak references
05-04 18:07:48.779 26370 26376 W .apps.wellbeing: ApkAssets: Deleting an ApkAssets object '<empty> and /data/app/~~t7W7YkNpO0h5UA9Zcqmdbg==/com.google.android.apps.docs.editors.sheets--yWh64Fdnc09DwVEpydbnA==/base.apk' with 1 weak references
05-04 18:07:48.779 26370 26376 W .apps.wellbeing: ApkAssets: Deleting an ApkAssets object '<empty> and /data/app/~~t7W7YkNpO0h5UA9Zcqmdbg==/com.google.android.apps.docs.editors.sheets--yWh64Fdnc09DwVEpydbnA==/split_config.arm64_v8a.apk' with 1 weak references
05-04 18:07:48.779 26370 26376 W .apps.wellbeing: ApkAssets: Deleting an ApkAssets object '<empty> and /data/app/~~t7W7YkNpO0h5UA9Zcqmdbg==/com.google.android.apps.docs.editors.sheets--yWh64Fdnc09DwVEpydbnA==/split_config.en.apk' with 1 weak references
05-04 18:07:48.780 26370 26376 W .apps.wellbeing: ApkAssets: Deleting an ApkAssets object '<empty> and /data/app/~~t7W7YkNpO0h5UA9Zcqmdbg==/com.google.android.apps.docs.editors.sheets--yWh64Fdnc09DwVEpydbnA==/split_config.xxhdpi.apk' with 1 weak references
05-04 18:07:48.780 26370 26376 W .apps.wellbeing: ApkAssets: Deleting an ApkAssets object '<empty> and /data/app/~~eTYystLVWFk-hFL0qqZc0Q==/com.google.android.apps.docs.editors.slides-T16sXbdioO_mJ43wvPZJGQ==/base.apk' with 1 weak references
05-04 18:07:48.780 26370 26376 W .apps.wellbeing: ApkAssets: Deleting an ApkAssets object '<empty> and /data/app/~~eTYystLVWFk-hFL0qqZc0Q==/com.google.android.apps.docs.editors.slides-T16sXbdioO_mJ43wvPZJGQ==/split_config.arm64_v8a.apk' with 1 weak references
05-04 18:07:48.780 26370 26376 W .apps.wellbeing: ApkAssets: Deleting an ApkAssets object '<empty> and /data/app/~~eTYystLVWFk-hFL0qqZc0Q==/com.google.android.apps.docs.editors.slides-T16sXbdioO_mJ43wvPZJGQ==/split_config.en.apk' with 1 weak references
05-04 18:07:48.780 26370 26376 W .apps.wellbeing: ApkAssets: Deleting an ApkAssets object '<empty> and /data/app/~~eTYystLVWFk-hFL0qqZc0Q==/com.google.android.apps.docs.editors.slides-T16sXbdioO_mJ43wvPZJGQ==/split_config.xxhdpi.apk' with 1 weak references
05-04 18:07:48.780 26370 26376 W .apps.wellbeing: ApkAssets: Deleting an ApkAssets object '<empty> and /system/priv-app/DownloadProvider/DownloadProvider.apk' with 1 weak references
05-04 18:07:48.780 26370 26376 W .apps.wellbeing: ApkAssets: Deleting an ApkAssets object '<empty> and /system_ext/priv-app/CoreSettingsExt/CoreSettingsExt.apk' with 1 weak references
05-04 18:07:48.781 26370 26376 W .apps.wellbeing: ApkAssets: Deleting an ApkAssets object '/product/overlay/MotoCoreSettingsDoubleTapOverlay.apk' with 1 weak references
05-04 18:07:48.781 26370 26376 W .apps.wellbeing: ApkAssets: Deleting an ApkAssets object '/product/overlay/MotoCoreSettingsExtHiphiOverlay.apk' with 1 weak references
05-04 18:07:48.781 26370 26376 W .apps.wellbeing: ApkAssets: Deleting an ApkAssets object '<empty> and /data/app/~~wAf6iAflyUQtaPiVz7oWrQ==/com.google.android.apps.messaging-ubzKL3d0N2sarz5pB0d0oA==/base.apk' with 1 weak references
05-04 18:07:48.781 26370 26376 W .apps.wellbeing: ApkAssets: Deleting an ApkAssets object '<empty> and /data/app/~~wAf6iAflyUQtaPiVz7oWrQ==/com.google.android.apps.messaging-ubzKL3d0N2sarz5pB0d0oA==/split_config.arm64_v8a.apk' with 1 weak references
05-04 18:07:48.781 26370 26376 W .apps.wellbeing: ApkAssets: Deleting an ApkAssets object '<empty> and /data/app/~~wAf6iAflyUQtaPiVz7oWrQ==/com.google.android.apps.messaging-ubzKL3d0N2sarz5pB0d0oA==/split_config.en.apk' with 1 weak references
05-04 18:07:48.781 26370 26376 W .apps.wellbeing: ApkAssets: Deleting an ApkAssets object '<empty> and /data/app/~~wAf6iAflyUQtaPiVz7oWrQ==/com.google.android.apps.messaging-ubzKL3d0N2sarz5pB0d0oA==/split_config.xxhdpi.apk' with 1 weak references
05-04 18:07:48.782 26370 26376 W .apps.wellbeing: ApkAssets: Deleting an ApkAssets object '<empty> and /data/app/~~Xn7VO8HW6YvOdcHgz04zCA==/ru.zdevs.zarchiver-JV21dW96e8Bg8GayoFiYvQ==/base.apk' with 1 weak references
05-04 18:07:48.782 26370 26376 W .apps.wellbeing: ApkAssets: Deleting an ApkAssets object '<empty> and /product/priv-app/VzwMyVerizon-v18-4-2/VzwMyVerizon-v18-4-2.apk' with 1 weak references
05-04 18:07:48.782 26370 26376 W .apps.wellbeing: ApkAssets: Deleting an ApkAssets object '<empty> and /product/priv-app/Entitlement/Entitlement.apk' with 1 weak references
05-04 18:07:48.783 26370 26376 W .apps.wellbeing: ApkAssets: Deleting an ApkAssets object '<empty> and /apex/com.motorola.enterprise/priv-app/MotoThinkUEM@U1SM34M.1/MotoThinkUEM.apk' with 1 weak references
05-04 18:07:48.783 26370 26376 W .apps.wellbeing: ApkAssets: Deleting an ApkAssets object '<empty> and /data/app/~~OkmI2spcTWr7tdmwuqdnoA==/com.motorola.spaces-ha3nPWBO2bt_q0U6lIn7Dg==/base.apk' with 1 weak references
05-04 18:07:48.783 26370 26376 W .apps.wellbeing: ApkAssets: Deleting an ApkAssets object '<empty> and /data/app/~~OkmI2spcTWr7tdmwuqdnoA==/com.motorola.spaces-ha3nPWBO2bt_q0U6lIn7Dg==/split_config.arm64_v8a.apk' with 1 weak references
05-04 18:07:48.783 26370 26376 W .apps.wellbeing: ApkAssets: Deleting an ApkAssets object '<empty> and /data/app/~~OkmI2spcTWr7tdmwuqdnoA==/com.motorola.spaces-ha3nPWBO2bt_q0U6lIn7Dg==/split_config.en.apk' with 1 weak references
05-04 18:07:48.783 26370 26376 W .apps.wellbeing: ApkAssets: Deleting an ApkAssets object '<empty> and /data/app/~~OkmI2spcTWr7tdmwuqdnoA==/com.motorola.spaces-ha3nPWBO2bt_q0U6lIn7Dg==/split_config.xxhdpi.apk' with 1 weak references
05-04 18:07:48.783 26370 26376 W .apps.wellbeing: ApkAssets: Deleting an ApkAssets object '<empty> and /product/priv-app/MotoStylus/MotoStylus.apk' with 1 weak references
05-04 18:07:48.784 26370 26376 W .apps.wellbeing: ApkAssets: Deleting an ApkAssets object '<empty> and /system/app/MotoSignature2App/MotoSignature2App.apk' with 1 weak references
05-04 18:07:48.784 26370 26376 W .apps.wellbeing: ApkAssets: Deleting an ApkAssets object '<empty> and /data/app/~~H-anVScvmGv_rXeKrYzkkg==/com.kreditbee.android-9yjnsT720zXL7otYVQ2BLg==/base.apk' with 1 weak references
05-04 18:07:48.784 26370 26376 W .apps.wellbeing: ApkAssets: Deleting an ApkAssets object '<empty> and /product/priv-app/AttPhoneExt/AttPhoneExt.apk' with 1 weak references
05-04 18:07:48.784 26370 26376 W .apps.wellbeing: ApkAssets: Deleting an ApkAssets object '<empty> and /data/app/~~BiXfyhbFVxiNFf2CGV9PJw==/com.naviapp-950A8QLKIp5ndVlhk7lizg==/base.apk' with 1 weak references
05-04 18:07:48.785 26370 26376 W .apps.wellbeing: ApkAssets: Deleting an ApkAssets object '<empty> and /data/app/~~BiXfyhbFVxiNFf2CGV9PJw==/com.naviapp-950A8QLKIp5ndVlhk7lizg==/split_config.arm64_v8a.apk' with 1 weak references
05-04 18:07:48.785 26370 26376 W .apps.wellbeing: ApkAssets: Deleting an ApkAssets object '<empty> and /data/app/~~BiXfyhbFVxiNFf2CGV9PJw==/com.naviapp-950A8QLKIp5ndVlhk7lizg==/split_config.xxhdpi.apk' with 1 weak references
05-04 18:07:48.785 26370 26376 W .apps.wellbeing: ApkAssets: Deleting an ApkAssets object '<empty> and /product/priv-app/VVM3/VVM3.apk' with 1 weak references
05-04 18:07:48.785 26370 26376 W .apps.wellbeing: ApkAssets: Deleting an ApkAssets object '<empty> and /system_ext/app/3c_main/3c_main.apk' with 1 weak references
05-04 18:07:48.785 26370 26376 W .apps.wellbeing: ApkAssets: Deleting an ApkAssets object '<empty> and /product/priv-app/VzwCloud/VzwCloud.apk' with 1 weak references
05-04 18:07:48.786 26370 26376 W .apps.wellbeing: ApkAssets: Deleting an ApkAssets object '<empty> and /product/priv-app/VzwDM/VzwDM.apk' with 1 weak references
05-04 18:07:48.786 26370 26376 W .apps.wellbeing: ApkAssets: Deleting an ApkAssets object '<empty> and /apex/com.motorola.enterprise/priv-app/EnterpriseAdapterService@U1SM34M.1/EnterpriseAdapterService.apk' with 1 weak references
05-04 18:07:48.787 26370 26376 W .apps.wellbeing: ApkAssets: Deleting an ApkAssets object '<empty> and /product/priv-app/MotCamera4/MotCamera4.apk' with 1 weak references
05-04 18:07:48.787 26370 26376 W .apps.wellbeing: ApkAssets: Deleting an ApkAssets object '<empty> and /data/app/~~pkDf8c74QZCQWvC19100ng==/in.amazon.mShop.android.shopping-_CbzlVXlxklz1cHnPhaqYw==/base.apk' with 1 weak references
05-04 18:07:48.787 26370 26376 W .apps.wellbeing: ApkAssets: Deleting an ApkAssets object '<empty> and /data/app/~~pkDf8c74QZCQWvC19100ng==/in.amazon.mShop.android.shopping-_CbzlVXlxklz1cHnPhaqYw==/split_config.arm64_v8a.apk' with 1 weak references
05-04 18:07:48.787 26370 26376 W .apps.wellbeing: ApkAssets: Deleting an ApkAssets object '<empty> and /data/app/~~pkDf8c74QZCQWvC19100ng==/in.amazon.mShop.android.shopping-_CbzlVXlxklz1cHnPhaqYw==/split_config.xxhdpi.apk' with 1 weak references
05-04 18:07:48.788 26370 26376 W .apps.wellbeing: ApkAssets: Deleting an ApkAssets object '<empty> and /apex/com.android.mediaprovider/priv-app/MediaProviderGoogle@361521100/MediaProviderGoogle.apk' with 1 weak references
05-04 18:07:48.788 26370 26376 W .apps.wellbeing: ApkAssets: Deleting an ApkAssets object '<empty> and /product/priv-app/MotoAppForecast/MotoAppForecast.apk' with 1 weak references
05-04 18:07:48.788 26370 26376 W .apps.wellbeing: ApkAssets: Deleting an ApkAssets object '<empty> and /system_ext/app/NFWLocationAttribution/NFWLocationAttribution.apk' with 1 weak references
05-04 18:07:48.788 26370 26376 W .apps.wellbeing: ApkAssets: Deleting an ApkAssets object '<empty> and /system_ext/priv-app/3c_ota/3c_ota.apk' with 1 weak references
05-04 18:07:48.789 26370 26376 W .apps.wellbeing: ApkAssets: Deleting an ApkAssets object '<empty> and /data/app/~~CNC17nwqIm87ioaf3GtiHg==/com.motorola.ccc.notification-o9NaYsqMH2_GJnGBRCWflQ==/base.apk' with 1 weak references
05-04 18:07:48.789 26370 26376 W .apps.wellbeing: ApkAssets: Deleting an ApkAssets object '<empty> and /data/app/~~WkIn6j88qnvnduYAz4KuGA==/com.google.android.apps.safetyhub-iwZCc0cTX1gs-z3zdWpTNA==/base.apk' with 1 weak references
05-04 18:07:48.789 26370 26376 W .apps.wellbeing: ApkAssets: Deleting an ApkAssets object '<empty> and /data/app/~~WkIn6j88qnvnduYAz4KuGA==/com.google.android.apps.safetyhub-iwZCc0cTX1gs-z3zdWpTNA==/split_config.arm64_v8a.apk' with 1 weak references
05-04 18:07:48.789 26370 26376 W .apps.wellbeing: ApkAssets: Deleting an ApkAssets object '<empty> and /data/app/~~WkIn6j88qnvnduYAz4KuGA==/com.google.android.apps.safetyhub-iwZCc0cTX1gs-z3zdWpTNA==/split_config.xxhdpi.apk' with 1 weak references
05-04 18:07:48.790 26370 26376 W .apps.wellbeing: ApkAssets: Deleting an ApkAssets object '<empty> and /data/app/~~4uxXIPzxKZjwpBGi8Ex0aQ==/com.google.ar.core-sWuoQbPQJKFE-SkfaJXL8A==/base.apk' with 1 weak references
05-04 18:07:48.790 26370 26376 W .apps.wellbeing: ApkAssets: Deleting an ApkAssets object '<empty> and /data/app/~~4uxXIPzxKZjwpBGi8Ex0aQ==/com.google.ar.core-sWuoQbPQJKFE-SkfaJXL8A==/split_config.en.apk' with 1 weak references
05-04 18:07:48.790 26370 26376 W .apps.wellbeing: ApkAssets: Deleting an ApkAssets object '<empty> and /data/app/~~4uxXIPzxKZjwpBGi8Ex0aQ==/com.google.ar.core-sWuoQbPQJKFE-SkfaJXL8A==/split_config.xxhdpi.apk' with 1 weak references
05-04 18:07:48.790 26370 26376 W .apps.wellbeing: ApkAssets: Deleting an ApkAssets object '<empty> and /system/priv-app/DownloadProviderUi/DownloadProviderUi.apk' with 1 weak references
05-04 18:07:48.790 26370 26376 W .apps.wellbeing: ApkAssets: Deleting an ApkAssets object '<empty> and /apex/com.android.wifi/app/OsuLoginGoogle@361524080/OsuLoginGoogle.apk' with 1 weak references
05-04 18:07:48.790 26370 26376 W .apps.wellbeing: ApkAssets: Deleting an ApkAssets object '<empty> and /data/app/~~QCUDrzGYNsxYH62OoS3LFg==/com.android.vending-wHEjzsN4vygIK1z_RDdmPg==/base.apk' with 1 weak references
05-04 18:07:48.790 26370 26376 W .apps.wellbeing: ApkAssets: Deleting an ApkAssets object '<empty> and /data/app/~~QCUDrzGYNsxYH62OoS3LFg==/com.android.vending-wHEjzsN4vygIK1z_RDdmPg==/split_config.arm64_v8a.apk' with 1 weak references
05-04 18:07:48.790 26370 26376 W .apps.wellbeing: ApkAssets: Deleting an ApkAssets object '<empty> and /data/app/~~QCUDrzGYNsxYH62OoS3LFg==/com.android.vending-wHEjzsN4vygIK1z_RDdmPg==/split_config.en.apk' with 1 weak references
05-04 18:07:48.791 26370 26376 W .apps.wellbeing: ApkAssets: Deleting an ApkAssets object '<empty> and /data/app/~~QCUDrzGYNsxYH62OoS3LFg==/com.android.vending-wHEjzsN4vygIK1z_RDdmPg==/split_phonesky_data_loader.apk' with 1 weak references
05-04 18:07:48.791 26370 26376 W .apps.wellbeing: ApkAssets: Deleting an ApkAssets object '<empty> and /data/app/~~QCUDrzGYNsxYH62OoS3LFg==/com.android.vending-wHEjzsN4vygIK1z_RDdmPg==/split_phonesky_data_loader.config.arm64_v8a.apk' with 1 weak references
05-04 18:07:48.791 26370 26376 W .apps.wellbeing: ApkAssets: Deleting an ApkAssets object '<empty> and /data/app/~~QCUDrzGYNsxYH62OoS3LFg==/com.android.vending-wHEjzsN4vygIK1z_RDdmPg==/split_phonesky_webrtc_native_lib.apk' with 1 weak references
05-04 18:07:48.791 26370 26376 W .apps.wellbeing: ApkAssets: Deleting an ApkAssets object '<empty> and /data/app/~~QCUDrzGYNsxYH62OoS3LFg==/com.android.vending-wHEjzsN4vygIK1z_RDdmPg==/split_phonesky_webrtc_native_lib.config.arm64_v8a.apk' with 1 weak references
05-04 18:07:48.791 26370 26376 W .apps.wellbeing: ApkAssets: Deleting an ApkAssets object '<empty> and /system/app/PacProcessor/PacProcessor.apk' with 1 weak references
05-04 18:07:48.791 26370 26376 W .apps.wellbeing: ApkAssets: Deleting an ApkAssets object '<empty> and /system/app/SimAppDialog/SimAppDialog.apk' with 1 weak references
05-04 18:07:48.791 26370 26376 W .apps.wellbeing: ApkAssets: Deleting an ApkAssets object '<empty> and /system_ext/priv-app/daxService/daxService.apk' with 1 weak references
05-04 18:07:48.791 26370 26376 W .apps.wellbeing: ApkAssets: Deleting an ApkAssets object '<empty> and /product/priv-app/MotoFaceUnlockArcSoft/MotoFaceUnlockArcSoft.apk' with 1 weak references
05-04 18:07:48.792 26370 26376 W .apps.wellbeing: ApkAssets: Deleting an ApkAssets object '<empty> and /apex/com.android.adservices/priv-app/AdServicesApkGoogle@361153320/AdServicesApkGoogle.apk' with 1 weak references
05-04 18:07:48.792 26370 26376 W .apps.wellbeing: ApkAssets: Deleting an ApkAssets object '<empty> and /data/app/~~l50Og8K7rO095poSMDegMQ==/in.rebase.app-8EGpnx012wTNX5Mv3JA5DQ==/base.apk' with 1 weak references
05-04 18:07:48.792 26370 26376 W .apps.wellbeing: ApkAssets: Deleting an ApkAssets object '<empty> and /data/app/~~l50Og8K7rO095poSMDegMQ==/in.rebase.app-8EGpnx012wTNX5Mv3JA5DQ==/split_config.arm64_v8a.apk' with 1 weak references
05-04 18:07:48.792 26370 26376 W .apps.wellbeing: ApkAssets: Deleting an ApkAssets object '<empty> and /data/app/~~l50Og8K7rO095poSMDegMQ==/in.rebase.app-8EGpnx012wTNX5Mv3JA5DQ==/split_config.xxhdpi.apk' with 1 weak references
05-04 18:07:48.792 26370 26376 W .apps.wellbeing: ApkAssets: Deleting an ApkAssets object '<empty> and /product/overlay/NavigationBarModeHideGestural/NavigationBarModeHideGesturalOverlay.apk' with 1 weak references
05-04 18:07:48.793 26370 26376 W .apps.wellbeing: ApkAssets: Deleting an ApkAssets object '<empty> and /product/priv-app/DishAppCloudStub/DishAppCloudStub.apk' with 1 weak references
05-04 18:07:48.793 26370 26376 W .apps.wellbeing: ApkAssets: Deleting an ApkAssets object '<empty> and /product/overlay/DisplayCutoutEmulationHole/DisplayCutoutEmulationHoleOverlay.apk' with 1 weak references
05-04 18:07:48.793 26370 26376 W .apps.wellbeing: ApkAssets: Deleting an ApkAssets object '<empty> and /product/overlay/DisplayCutoutEmulationTall/DisplayCutoutEmulationTallOverlay.apk' with 1 weak references
05-04 18:07:48.793 26370 26376 W .apps.wellbeing: ApkAssets: Deleting an ApkAssets object '<empty> and /system/app/CertInstaller/CertInstaller.apk' with 1 weak references
05-04 18:07:48.793 26370 26376 W .apps.wellbeing: ApkAssets: Deleting an ApkAssets object '<empty> and /data/app/~~hTKR4WR8xrj-rC3vk57Z4g==/com.google.android.marvin.talkback-7YCFd0H_98uYzL2s4TZvnQ==/base.apk' with 1 weak references
05-04 18:07:48.794 26370 26376 W .apps.wellbeing: ApkAssets: Deleting an ApkAssets object '<empty> and /data/app/~~hTKR4WR8xrj-rC3vk57Z4g==/com.google.android.marvin.talkback-7YCFd0H_98uYzL2s4TZvnQ==/split_config.arm64_v8a.apk' with 1 weak references
05-04 18:07:48.794 26370 26376 W .apps.wellbeing: ApkAssets: Deleting an ApkAssets object '<empty> and /product/overlay/NavigationBarMode3Button/NavigationBarMode3ButtonOverlay.apk' with 1 weak references
05-04 18:07:48.794 26370 26376 W .apps.wellbeing: ApkAssets: Deleting an ApkAssets object '<empty> and /system/framework/framework-res.apk' with 1 weak references
05-04 18:07:48.795 26370 26376 W .apps.wellbeing: ApkAssets: Deleting an ApkAssets object '<empty> and /data/app/~~llGoy7Q5WiHoz6bIC61TrA==/com.motorola.securevault-3tzqdyAQWhDx8pp3Tlynjw==/base.apk' with 1 weak references
05-04 18:07:48.795 26370 26376 W .apps.wellbeing: ApkAssets: Deleting an ApkAssets object '<empty> and /data/app/~~llGoy7Q5WiHoz6bIC61TrA==/com.motorola.securevault-3tzqdyAQWhDx8pp3Tlynjw==/split_config.arm64_v8a.apk' with 1 weak references
05-04 18:07:48.795 26370 26376 W .apps.wellbeing: ApkAssets: Deleting an ApkAssets object '<empty> and /data/app/~~llGoy7Q5WiHoz6bIC61TrA==/com.motorola.securevault-3tzqdyAQWhDx8pp3Tlynjw==/split_config.en.apk' with 1 weak references
05-04 18:07:48.795 26370 26376 W .apps.wellbeing: ApkAssets: Deleting an ApkAssets object '<empty> and /data/app/~~llGoy7Q5WiHoz6bIC61TrA==/com.motorola.securevault-3tzqdyAQWhDx8pp3Tlynjw==/split_config.xxhdpi.apk' with 1 weak references
05-04 18:07:48.795 26370 26376 W .apps.wellbeing: ApkAssets: Deleting an ApkAssets object '<empty> and /product/priv-app/HotwordEnrollmentXGoogleHEXAGON_WIDEBAND/HotwordEnrollmentXGoogleHEXAGON_WIDEBAND.apk' with 1 weak references
05-04 18:07:48.796 26370 26376 W .apps.wellbeing: ApkAssets: Deleting an ApkAssets object '<empty> and /product/priv-app/Contacts/Contacts.apk' with 1 weak references
05-04 18:07:48.796 26370 26376 W .apps.wellbeing: ApkAssets: Deleting an ApkAssets object '<empty> and /data/app/~~Ptgi_pjL8yQOa7WxI-F6dA==/org.kde.kdeconnect_tp-jXgInvrOyP2DMqjrGnU22w==/base.apk' with 1 weak references
05-04 18:07:48.796 26370 26376 W .apps.wellbeing: ApkAssets: Deleting an ApkAssets object '<empty> and /system_ext/priv-app/WfdService/WfdService.apk' with 1 weak references
05-04 18:07:48.797 26370 26376 W .apps.wellbeing: ApkAssets: Deleting an ApkAssets object '<empty> and /product/priv-app/OMAProvisioning/OMAProvisioning.apk' with 1 weak references
05-04 18:07:48.797 26370 26376 W .apps.wellbeing: ApkAssets: Deleting an ApkAssets object '<empty> and /system_ext/priv-app/MotoTaskBar/MotoTaskBar.apk' with 1 weak references
05-04 18:07:48.797 26370 26376 W .apps.wellbeing: ApkAssets: Deleting an ApkAssets object '<empty> and /product/priv-app/VzwAPNServiceWs/VzwAPNServiceWs.apk' with 1 weak references
05-04 18:07:48.797 26370 26376 W .apps.wellbeing: ApkAssets: Deleting an ApkAssets object '<empty> and /data/app/~~ZfZ9kbT0tQnrD3a7LxBF7Q==/com.olx.southasia-BMX_bul8e4V0WXXIe9ucsg==/base.apk' with 1 weak references
05-04 18:07:48.798 26370 26376 W .apps.wellbeing: ApkAssets: Deleting an ApkAssets object '<empty> and /data/app/~~ZfZ9kbT0tQnrD3a7LxBF7Q==/com.olx.southasia-BMX_bul8e4V0WXXIe9ucsg==/split_config.arm64_v8a.apk' with 1 weak references
05-04 18:07:48.798 26370 26376 W .apps.wellbeing: ApkAssets: Deleting an ApkAssets object '<empty> and /data/app/~~ZfZ9kbT0tQnrD3a7LxBF7Q==/com.olx.southasia-BMX_bul8e4V0WXXIe9ucsg==/split_config.xxhdpi.apk' with 1 weak references
05-04 18:07:48.798 26370 26376 W .apps.wellbeing: ApkAssets: Deleting an ApkAssets object '<empty> and /product/priv-app/vzwPhoneExt/vzwPhoneExt.apk' with 1 weak references
05-04 18:07:48.798 26370 26376 W .apps.wellbeing: ApkAssets: Deleting an ApkAssets object '<empty> and /data/app/~~IrlF06fzlEMGdGYSsa-9Gw==/com.dp.logcatapp-_g_qkfgg7EEZF1g4w52dmg==/base.apk' with 1 weak references
05-04 18:07:48.798 26370 26376 W .apps.wellbeing: ApkAssets: Deleting an ApkAssets object '<empty> and /data/app/~~nFOfEpKE7yEfVtk9jFJpCw==/com.motorola.mobiledesktop-kvxS9yOwKzQGBXghfw_ZRg==/base.apk' with 1 weak references
05-04 18:07:48.799 26370 26376 W .apps.wellbeing: ApkAssets: Deleting an ApkAssets object '<empty> and /data/app/~~vyiVW9c0rY7xjVQg4xO5Hg==/com.confirmtkt.lite-kKl9TTtBcJJr434CYHxpiQ==/base.apk' with 1 weak references
05-04 18:07:48.799 26370 26376 W .apps.wellbeing: ApkAssets: Deleting an ApkAssets object '<empty> and /data/app/~~vyiVW9c0rY7xjVQg4xO5Hg==/com.confirmtkt.lite-kKl9TTtBcJJr434CYHxpiQ==/split_config.arm64_v8a.apk' with 1 weak references
05-04 18:07:48.799 26370 26376 W .apps.wellbeing: ApkAssets: Deleting an ApkAssets object '<empty> and /data/app/~~vyiVW9c0rY7xjVQg4xO5Hg==/com.confirmtkt.lite-kKl9TTtBcJJr434CYHxpiQ==/split_config.xxhdpi.apk' with 1 weak references
05-04 18:07:48.799 26370 26376 W .apps.wellbeing: ApkAssets: Deleting an ApkAssets object '<empty> and /data/app/~~UPjAiT4qyQ8Q8O5iU0Ak3Q==/com.motorola.securityhub-vC8kYZOdYOGYlNndC7ZNDA==/base.apk' with 1 weak references
05-04 18:07:48.800 26370 26376 W .apps.wellbeing: ApkAssets: Deleting an ApkAssets object '<empty> and /data/app/~~UPjAiT4qyQ8Q8O5iU0Ak3Q==/com.motorola.securityhub-vC8kYZOdYOGYlNndC7ZNDA==/split_config.arm64_v8a.apk' with 1 weak references
05-04 18:07:48.800 26370 26376 W .apps.wellbeing: ApkAssets: Deleting an ApkAssets object '<empty> and /data/app/~~UPjAiT4qyQ8Q8O5iU0Ak3Q==/com.motorola.securityhub-vC8kYZOdYOGYlNndC7ZNDA==/split_config.en.apk' with 1 weak references
05-04 18:07:48.800 26370 26376 W .apps.wellbeing: ApkAssets: Deleting an ApkAssets object '<empty> and /data/app/~~UPjAiT4qyQ8Q8O5iU0Ak3Q==/com.motorola.securityhub-vC8kYZOdYOGYlNndC7ZNDA==/split_config.xxhdpi.apk' with 1 weak references
05-04 18:07:48.800 26370 26376 W .apps.wellbeing: ApkAssets: Deleting an ApkAssets object '<empty> and /system_ext/priv-app/HiddenMenu/HiddenMenu.apk' with 1 weak references
05-04 18:07:48.800 26370 26376 W .apps.wellbeing: ApkAssets: Deleting an ApkAssets object '<empty> and /system/app/EasterEgg/EasterEgg.apk' with 1 weak references
05-04 18:07:48.800 26370 26376 W .apps.wellbeing: ApkAssets: Deleting an ApkAssets object '<empty> and /system/priv-app/MtpService/MtpService.apk' with 1 weak references
05-04 18:07:48.800 26370 26376 W .apps.wellbeing: ApkAssets: Deleting an ApkAssets object '<empty> and /system_ext/app/Nfc_st/Nfc_st.apk' with 1 weak references
05-04 18:07:48.801 26370 26376 W .apps.wellbeing: ApkAssets: Deleting an ApkAssets object '<empty> and /system/app/Stk/Stk.apk' with 1 weak references
05-04 18:07:48.801 26370 26376 W .apps.wellbeing: ApkAssets: Deleting an ApkAssets object '<empty> and /product/app/MotoPhotoEditor/MotoPhotoEditor.apk' with 1 weak references
05-04 18:07:48.801 26370 26376 W .apps.wellbeing: ApkAssets: Deleting an ApkAssets object '<empty> and /data/app/~~098odboA591UA-73HiIE6w==/com.amazon.dee.app-ikioHrRcjZC7-eKOAG1zQQ==/base.apk' with 1 weak references
05-04 18:07:48.802 26370 26376 W .apps.wellbeing: ApkAssets: Deleting an ApkAssets object '<empty> and /data/app/~~098odboA591UA-73HiIE6w==/com.amazon.dee.app-ikioHrRcjZC7-eKOAG1zQQ==/split_config.arm64_v8a.apk' with 1 weak references
05-04 18:07:48.802 26370 26376 W .apps.wellbeing: ApkAssets: Deleting an ApkAssets object '<empty> and /data/app/~~098odboA591UA-73HiIE6w==/com.amazon.dee.app-ikioHrRcjZC7-eKOAG1zQQ==/split_config.xxhdpi.apk' with 1 weak references
05-04 18:07:48.802 26370 26376 W .apps.wellbeing: ApkAssets: Deleting an ApkAssets object '<empty> and /product/priv-app/VzwSettingsExt/VzwSettingsExt.apk' with 1 weak references
05-04 18:07:48.802 26370 26376 W .apps.wellbeing: ApkAssets: Deleting an ApkAssets object '<empty> and /system/app/MotoDolbyDax3/MotoDolbyDax3.apk' with 1 weak references
05-04 18:07:48.803 26370 26376 W .apps.wellbeing: ApkAssets: Deleting an ApkAssets object '<empty> and /data/app/~~oVAN7LDAEaVqYB73txv8Hw==/com.motorola.timeweatherwidget-z3kTy5x08JkHqtimkbcrMg==/base.apk' with 1 weak references
05-04 18:07:48.803 26370 26376 W .apps.wellbeing: ApkAssets: Deleting an ApkAssets object '<empty> and /product/priv-app/VzwCarrierLoginEngine/VzwCarrierLoginEngine.apk' with 1 weak references
05-04 18:07:48.803 26370 26376 W .apps.wellbeing: ApkAssets: Deleting an ApkAssets object '<empty> and /data/app/~~6IuMhM4a1OXe8mCWRZQY4g==/com.google.android.deskclock-lh9f_quEY19RpREk8Gkrvg==/base.apk' with 1 weak references
05-04 18:07:48.803 26370 26376 W .apps.wellbeing: ApkAssets: Deleting an ApkAssets object '<empty> and /data/app/~~6IuMhM4a1OXe8mCWRZQY4g==/com.google.android.deskclock-lh9f_quEY19RpREk8Gkrvg==/split_config.xxhdpi.apk' with 1 weak references
05-04 18:07:48.803 26370 26376 W .apps.wellbeing: ApkAssets: Deleting an ApkAssets object '<empty> and /data/app/~~YWf55H2HFwTJHYblKa7G1A==/com.pinterest-UkRR5IfrHCdLOH4x7FEFdA==/base.apk' with 1 weak references
05-04 18:07:48.804 26370 26376 W .apps.wellbeing: ApkAssets: Deleting an ApkAssets object '<empty> and /data/app/~~YWf55H2HFwTJHYblKa7G1A==/com.pinterest-UkRR5IfrHCdLOH4x7FEFdA==/split_config.arm64_v8a.apk' with 1 weak references
05-04 18:07:48.804 26370 26376 W .apps.wellbeing: ApkAssets: Deleting an ApkAssets object '<empty> and /data/app/~~YWf55H2HFwTJHYblKa7G1A==/com.pinterest-UkRR5IfrHCdLOH4x7FEFdA==/split_config.en.apk' with 1 weak references
05-04 18:07:48.804 26370 26376 W .apps.wellbeing: ApkAssets: Deleting an ApkAssets object '<empty> and /data/app/~~YWf55H2HFwTJHYblKa7G1A==/com.pinterest-UkRR5IfrHCdLOH4x7FEFdA==/split_config.xxhdpi.apk' with 1 weak references
05-04 18:07:48.804 26370 26376 W .apps.wellbeing: ApkAssets: Deleting an ApkAssets object '<empty> and /product/overlay/FontRobotoSlabRegular/FontRobotoSlabRegularOverlay.apk' with 1 weak references
05-04 18:07:48.804 26370 26376 W .apps.wellbeing: ApkAssets: Deleting an ApkAssets object '<empty> and /product/priv-app/MotoScreenshotEditor/MotoScreenshotEditor.apk' with 1 weak references
05-04 18:07:48.804 26370 26376 W .apps.wellbeing: ApkAssets: Deleting an ApkAssets object '<empty> and /data/app/~~hClGSCrSizqRa0Ho_Mbr5g==/com.google.android.as-dhNoiZWwfcFCh1qwDpY0UQ==/base.apk' with 1 weak references
05-04 18:07:48.805 26370 26376 W .apps.wellbeing: ApkAssets: Deleting an ApkAssets object '<empty> and /data/app/~~Qekt5E3zDfW2MQ0E4STgaQ==/com.google.android.gm-tvIKHVUlQrT_KaUlGRS1JA==/base.apk' with 1 weak references
05-04 18:07:48.805 26370 26376 W .apps.wellbeing: ApkAssets: Deleting an ApkAssets object '<empty> and /data/app/~~Qekt5E3zDfW2MQ0E4STgaQ==/com.google.android.gm-tvIKHVUlQrT_KaUlGRS1JA==/split_config.arm64_v8a.apk' with 1 weak references
05-04 18:07:48.805 26370 26376 W .apps.wellbeing: ApkAssets: Deleting an ApkAssets object '<empty> and /data/app/~~Qekt5E3zDfW2MQ0E4STgaQ==/com.google.android.gm-tvIKHVUlQrT_KaUlGRS1JA==/split_config.en.apk' with 1 weak references
05-04 18:07:48.805 26370 26376 W .apps.wellbeing: ApkAssets: Deleting an ApkAssets object '<empty> and /data/app/~~Qekt5E3zDfW2MQ0E4STgaQ==/com.google.android.gm-tvIKHVUlQrT_KaUlGRS1JA==/split_config.xxhdpi.apk' with 1 weak references
05-04 18:07:48.805 26370 26376 W .apps.wellbeing: ApkAssets: Deleting an ApkAssets object '<empty> and /data/app/~~IjjCLoYRXVHlHDQJdvxCZw==/com.google.android.apps.tachyon-lkONX4giKqr_Y32ooQmcRA==/base.apk' with 1 weak references
05-04 18:07:48.806 26370 26376 W .apps.wellbeing: ApkAssets: Deleting an ApkAssets object '<empty> and /data/app/~~IjjCLoYRXVHlHDQJdvxCZw==/com.google.android.apps.tachyon-lkONX4giKqr_Y32ooQmcRA==/split_config.arm64_v8a.apk' with 1 weak references
05-04 18:07:48.806 26370 26376 W .apps.wellbeing: ApkAssets: Deleting an ApkAssets object '<empty> and /data/app/~~IjjCLoYRXVHlHDQJdvxCZw==/com.google.android.apps.tachyon-lkONX4giKqr_Y32ooQmcRA==/split_config.en.apk' with 1 weak references
05-04 18:07:48.806 26370 26376 W .apps.wellbeing: ApkAssets: Deleting an ApkAssets object '<empty> and /data/app/~~IjjCLoYRXVHlHDQJdvxCZw==/com.google.android.apps.tachyon-lkONX4giKqr_Y32ooQmcRA==/split_config.xxhdpi.apk' with 1 weak references
05-04 18:07:48.806 26370 26376 W .apps.wellbeing: ApkAssets: Deleting an ApkAssets object '<empty> and /system_ext/priv-app/CQATest/CQATest.apk' with 1 weak references
05-04 18:07:48.806 26370 26376 W .apps.wellbeing: ApkAssets: Deleting an ApkAssets object '<empty> and /product/priv-app/SettingsIntelligence/SettingsIntelligence.apk' with 1 weak references
05-04 18:07:48.806 26370 26376 W .apps.wellbeing: ApkAssets: Deleting an ApkAssets object '<empty> and /product/priv-app/SprintSettings/SprintSettings.apk' with 1 weak references
05-04 18:07:48.806 26370 26376 W .apps.wellbeing: ApkAssets: Deleting an ApkAssets object '<empty> and /product/overlay/NavigationBarModeGesturalExtraWideBack/NavigationBarModeGesturalOverlayExtraWideBack.apk' with 1 weak references
05-04 18:07:48.807 26370 26376 W .apps.wellbeing: ApkAssets: Deleting an ApkAssets object '<empty> and /apex/com.android.permission/priv-app/GooglePermissionController@361524160/GooglePermissionController.apk' with 1 weak references
05-04 18:07:48.808 26370 26376 W .apps.wellbeing: ApkAssets: Deleting an ApkAssets object '/product/overlay/GooglePermissionControllerOverlay.apk' with 1 weak references
05-04 18:07:48.808 26370 26376 W .apps.wellbeing: ApkAssets: Deleting an ApkAssets object '<empty> and /product/priv-app/VzwUnifiedSettingsApp/VzwUnifiedSettingsApp.apk' with 1 weak references
05-04 18:07:48.808 26370 26376 W .apps.wellbeing: ApkAssets: Deleting an ApkAssets object '<empty> and /system_ext/priv-app/SetupWizard/SetupWizard.apk' with 1 weak references
05-04 18:07:48.808 26370 26376 W .apps.wellbeing: ApkAssets: Deleting an ApkAssets object '<empty> and /system_ext/priv-app/xrvdservice/xrvdservice.apk' with 1 weak references
05-04 18:07:48.808 26370 26376 W .apps.wellbeing: ApkAssets: Deleting an ApkAssets object '<empty> and /product/overlay/IconShapeRound/IconShapeRoundOverlay.apk' with 1 weak references
05-04 18:07:48.808 26370 26376 W .apps.wellbeing: ApkAssets: Deleting an ApkAssets object '<empty> and /product/priv-app/MotoColorBook/MotoColorBook.apk' with 1 weak references
05-04 18:07:48.809 26370 26376 W .apps.wellbeing: ApkAssets: Deleting an ApkAssets object '<empty> and /system/priv-app/SettingsProvider/SettingsProvider.apk' with 1 weak references
05-04 18:07:48.809 26370 26376 W .apps.wellbeing: ApkAssets: Deleting an ApkAssets object '/product/overlay/SettingsProvider__auto_generated_rro_product.apk' with 1 weak references
05-04 18:07:48.809 26370 26376 W .apps.wellbeing: ApkAssets: Deleting an ApkAssets object '<empty> and /data/app/~~qOxtarOpekTSKhDO_vsamQ==/com.deepeye.musicpro.debug-VhnyxcQhxWxCCzF-AZokOA==/base.apk' with 1 weak references
05-04 18:07:48.810 26370 26376 W .apps.wellbeing: ApkAssets: Deleting an ApkAssets object '<empty> and /data/app/~~51VZBl-rGO-Mhe6LN6oThQ==/com.facebook.services-j9TijVMt02_4lzSmg8Vztw==/base.apk' with 1 weak references
05-04 18:07:48.810 26370 26376 W .apps.wellbeing: ApkAssets: Deleting an ApkAssets object '<empty> and /system/app/PrintSpooler/PrintSpooler.apk' with 1 weak references
05-04 18:07:48.810 26370 26376 W .apps.wellbeing: ApkAssets: Deleting an ApkAssets object '<empty> and /product/priv-app/HotwordEnrollmentOKGoogleHEXAGON_WIDEBAND/HotwordEnrollmentOKGoogleHEXAGON_WIDEBAND.apk' with 1 weak references
05-04 18:07:48.810 26370 26376 W .apps.wellbeing: ApkAssets: Deleting an ApkAssets object '<empty> and /product/overlay/FontRookeryRegular/FontRookeryRegularOverlay.apk' with 1 weak references
05-04 18:07:48.810 26370 26376 W .apps.wellbeing: ApkAssets: Deleting an ApkAssets object '<empty> and /system/app/BasicDreams/BasicDreams.apk' with 1 weak references
05-04 18:07:48.810 26370 26376 W .apps.wellbeing: ApkAssets: Deleting an ApkAssets object '<empty> and /data/app/~~erxLAPnd4ZemAh9NoJkFVQ==/com.google.android.as.oss-ehE29A2zFlGorgTCZJnf6g==/base.apk' with 1 weak references
05-04 18:07:48.811 26370 26376 W .apps.wellbeing: ApkAssets: Deleting an ApkAssets object '<empty> and /product/priv-app/LenovoId/LenovoId.apk' with 1 weak references
05-04 18:07:48.811 26370 26376 W .apps.wellbeing: ApkAssets: Deleting an ApkAssets object '<empty> and /product/priv-app/udc/udc.apk' with 1 weak references
05-04 18:07:48.811 26370 26376 W .apps.wellbeing: ApkAssets: Deleting an ApkAssets object '<empty> and /system/priv-app/InputDevices/InputDevices.apk' with 1 weak references
05-04 18:07:48.811 26370 26376 W .apps.wellbeing: ApkAssets: Deleting an ApkAssets object '<empty> and /apex/com.android.rkpd/priv-app/rkpdapp@U1SHS34M.1-177-6-4/rkpdapp.apk' with 1 weak references
05-04 18:07:48.812 26370 26376 W .apps.wellbeing: ApkAssets: Deleting an ApkAssets object '<empty> and /system_ext/priv-app/com.motorola.android.nativedropboxagent/com.motorola.android.nativedropboxagent.apk' with 1 weak references
05-04 18:07:48.812 26370 26376 W .apps.wellbeing: ApkAssets: Deleting an ApkAssets object '<empty> and /data/app/~~7sAe0RY4wOo_tgfhCMAjkw==/com.google.android.dialer-0LK0n37aGz3RjQGdJ2ojmw==/base.apk' with 1 weak references
05-04 18:07:48.812 26370 26376 W .apps.wellbeing: ApkAssets: Deleting an ApkAssets object '<empty> and /product/app/YTMusicSetupWizard/YTMusicSetupWizard.apk' with 1 weak references
05-04 18:07:48.812 26370 26376 W .apps.wellbeing: ApkAssets: Deleting an ApkAssets object '<empty> and /system_ext/app/NfcSetup/NfcSetup.apk' with 1 weak references
05-04 18:07:48.813 26370 26376 W .apps.wellbeing: ApkAssets: Deleting an ApkAssets object '<empty> and /system/priv-app/BuiltInPrintService/BuiltInPrintService.apk' with 1 weak references
05-04 18:07:48.813 26370 26376 W .apps.wellbeing: ApkAssets: Deleting an ApkAssets object '<empty> and /data/app/~~bSiE7ahW7DavtGEqPRGm0Q==/com.google.android.apps.nbu.files-dUaMQowXNtL4C2YdJb1pXw==/base.apk' with 1 weak references
05-04 18:07:48.813 26370 26376 W .apps.wellbeing: ApkAssets: Deleting an ApkAssets object '<empty> and /data/app/~~bSiE7ahW7DavtGEqPRGm0Q==/com.google.android.apps.nbu.files-dUaMQowXNtL4C2YdJb1pXw==/split_config.arm64_v8a.apk' with 1 weak references
05-04 18:07:48.813 26370 26376 W .apps.wellbeing: ApkAssets: Deleting an ApkAssets object '<empty> and /data/app/~~bSiE7ahW7DavtGEqPRGm0Q==/com.google.android.apps.nbu.files-dUaMQowXNtL4C2YdJb1pXw==/split_config.en.apk' with 1 weak references
05-04 18:07:48.813 26370 26376 W .apps.wellbeing: ApkAssets: Deleting an ApkAssets object '<empty> and /data/app/~~bSiE7ahW7DavtGEqPRGm0Q==/com.google.android.apps.nbu.files-dUaMQowXNtL4C2YdJb1pXw==/split_config.xxhdpi.apk' with 1 weak references
05-04 18:07:48.813 26370 26376 W .apps.wellbeing: ApkAssets: Deleting an ApkAssets object '<empty> and /system/app/MotoSignatureApp/MotoSignatureApp.apk' with 1 weak references
05-04 18:07:48.814 26370 26376 W .apps.wellbeing: ApkAssets: Deleting an ApkAssets object '<empty> and /system_ext/priv-app/MotoStylusService/MotoStylusService.apk' with 1 weak references
05-04 18:07:48.814 26370 26376 W .apps.wellbeing: ApkAssets: Deleting an ApkAssets object '<empty> and /data/app/~~3Va7M4uJjNrJEaIIXjt57g==/com.google.android.captiveportallogin-EyHWIM3e5L4lFeftI7_l6g==/base.apk' with 1 weak references
05-04 18:07:48.814 26370 26376 W .apps.wellbeing: ApkAssets: Deleting an ApkAssets object '<empty> and /data/app/~~3Va7M4uJjNrJEaIIXjt57g==/com.google.android.captiveportallogin-EyHWIM3e5L4lFeftI7_l6g==/split_config.xxhdpi.apk' with 1 weak references
05-04 18:07:48.814 26370 26376 W .apps.wellbeing: ApkAssets: Deleting an ApkAssets object '<empty> and /data/app/~~IVOsi0cYzHg8biG6_461sg==/com.google.ambient.streaming-2e0DXlUiA9B-PIecqpA04g==/base.apk' with 1 weak references
05-04 18:07:48.814 26370 26376 W .apps.wellbeing: ApkAssets: Deleting an ApkAssets object '<empty> and /data/app/~~IVOsi0cYzHg8biG6_461sg==/com.google.ambient.streaming-2e0DXlUiA9B-PIecqpA04g==/split_config.arm64_v8a.apk' with 1 weak references
05-04 18:07:48.814 26370 26376 W .apps.wellbeing: ApkAssets: Deleting an ApkAssets object '<empty> and /data/app/~~IVOsi0cYzHg8biG6_461sg==/com.google.ambient.streaming-2e0DXlUiA9B-PIecqpA04g==/split_config.bn.apk' with 1 weak references
05-04 18:07:48.814 26370 26376 W .apps.wellbeing: ApkAssets: Deleting an ApkAssets object '<empty> and /data/app/~~IVOsi0cYzHg8biG6_461sg==/com.google.ambient.streaming-2e0DXlUiA9B-PIecqpA04g==/split_config.en.apk' with 1 weak references
05-04 18:07:48.814 26370 26376 W .apps.wellbeing: ApkAssets: Deleting an ApkAssets object '<empty> and /data/app/~~IVOsi0cYzHg8biG6_461sg==/com.google.ambient.streaming-2e0DXlUiA9B-PIecqpA04g==/split_config.gu.apk' with 1 weak references
05-04 18:07:48.814 26370 26376 W .apps.wellbeing: ApkAssets: Deleting an ApkAssets object '<empty> and /data/app/~~IVOsi0cYzHg8biG6_461sg==/com.google.ambient.streaming-2e0DXlUiA9B-PIecqpA04g==/split_config.hi.apk' with 1 weak references
05-04 18:07:48.814 26370 26376 W .apps.wellbeing: ApkAssets: Deleting an ApkAssets object '<empty> and /data/app/~~IVOsi0cYzHg8biG6_461sg==/com.google.ambient.streaming-2e0DXlUiA9B-PIecqpA04g==/split_config.kn.apk' with 1 weak references
05-04 18:07:48.814 26370 26376 W .apps.wellbeing: ApkAssets: Deleting an ApkAssets object '<empty> and /data/app/~~IVOsi0cYzHg8biG6_461sg==/com.google.ambient.streaming-2e0DXlUiA9B-PIecqpA04g==/split_config.mr.apk' with 1 weak references
05-04 18:07:48.814 26370 26376 W .apps.wellbeing: ApkAssets: Deleting an ApkAssets object '<empty> and /data/app/~~IVOsi0cYzHg8biG6_461sg==/com.google.ambient.streaming-2e0DXlUiA9B-PIecqpA04g==/split_config.ta.apk' with 1 weak references
05-04 18:07:48.814 26370 26376 W .apps.wellbeing: ApkAssets: Deleting an ApkAssets object '<empty> and /data/app/~~IVOsi0cYzHg8biG6_461sg==/com.google.ambient.streaming-2e0DXlUiA9B-PIecqpA04g==/split_config.te.apk' with 1 weak references
05-04 18:07:48.815 26370 26376 W .apps.wellbeing: ApkAssets: Deleting an ApkAssets object '<empty> and /data/app/~~IVOsi0cYzHg8biG6_461sg==/com.google.ambient.streaming-2e0DXlUiA9B-PIecqpA04g==/split_config.xxhdpi.apk' with 1 weak references
05-04 18:07:48.815 26370 26376 W .apps.wellbeing: ApkAssets: Deleting an ApkAssets object '<empty> and /product/app/BC360Control-rogue/BC360Control-rogue.apk' with 1 weak references
05-04 18:07:48.815 26370 26376 W .apps.wellbeing: ApkAssets: Deleting an ApkAssets object '<empty> and /data/app/~~CbDRg1-GntMF7vH-O8sTJw==/com.csam.icici.bank.imobile-yjTtZycaQHeyDzMX4m3JiA==/base.apk' with 1 weak references
05-04 18:07:48.815 26370 26376 W .apps.wellbeing: ApkAssets: Deleting an ApkAssets object '<empty> and /data/app/~~CbDRg1-GntMF7vH-O8sTJw==/com.csam.icici.bank.imobile-yjTtZycaQHeyDzMX4m3JiA==/split_config.arm64_v8a.apk' with 1 weak references
05-04 18:07:48.815 26370 26376 W .apps.wellbeing: ApkAssets: Deleting an ApkAssets object '<empty> and /data/app/~~CbDRg1-GntMF7vH-O8sTJw==/com.csam.icici.bank.imobile-yjTtZycaQHeyDzMX4m3JiA==/split_config.xxhdpi.apk' with 1 weak references
05-04 18:07:48.815 26370 26376 W .apps.wellbeing: ApkAssets: Deleting an ApkAssets object '<empty> and /data/app/~~5IQFpY0EjoL1VMevDmZx0Q==/com.google.android.apps.docs-pFrMqRChPvW_43WQ4IrU0w==/base.apk' with 1 weak references
05-04 18:07:48.815 26370 26376 W .apps.wellbeing: ApkAssets: Deleting an ApkAssets object '<empty> and /data/app/~~5IQFpY0EjoL1VMevDmZx0Q==/com.google.android.apps.docs-pFrMqRChPvW_43WQ4IrU0w==/split_config.arm64_v8a.apk' with 1 weak references
05-04 18:07:48.816 26370 26376 W .apps.wellbeing: ApkAssets: Deleting an ApkAssets object '<empty> and /data/app/~~5IQFpY0EjoL1VMevDmZx0Q==/com.google.android.apps.docs-pFrMqRChPvW_43WQ4IrU0w==/split_config.en.apk' with 1 weak references
05-04 18:07:48.816 26370 26376 W .apps.wellbeing: ApkAssets: Deleting an ApkAssets object '<empty> and /data/app/~~5IQFpY0EjoL1VMevDmZx0Q==/com.google.android.apps.docs-pFrMqRChPvW_43WQ4IrU0w==/split_config.xxhdpi.apk' with 1 weak references
05-04 18:07:48.816 26370 26376 W .apps.wellbeing: ApkAssets: Deleting an ApkAssets object '<empty> and /data/app/~~0pnmzqVj8rUIZBAffJ3Hqg==/com.google.android.apps.maps-kqfJqM7mm-jjx4c9kYihhQ==/base.apk' with 1 weak references
05-04 18:07:48.816 26370 26376 W .apps.wellbeing: ApkAssets: Deleting an ApkAssets object '<empty> and /data/app/~~0pnmzqVj8rUIZBAffJ3Hqg==/com.google.android.apps.maps-kqfJqM7mm-jjx4c9kYihhQ==/split_config.arm64_v8a.apk' with 1 weak references
05-04 18:07:48.816 26370 26376 W .apps.wellbeing: ApkAssets: Deleting an ApkAssets object '<empty> and /data/app/~~0pnmzqVj8rUIZBAffJ3Hqg==/com.google.android.apps.maps-kqfJqM7mm-jjx4c9kYihhQ==/split_config.en.apk' with 1 weak references
05-04 18:07:48.816 26370 26376 W .apps.wellbeing: ApkAssets: Deleting an ApkAssets object '<empty> and /data/app/~~0pnmzqVj8rUIZBAffJ3Hqg==/com.google.android.apps.maps-kqfJqM7mm-jjx4c9kYihhQ==/split_config.xxhdpi.apk' with 1 weak references
05-04 18:07:48.816 26370 26376 W .apps.wellbeing: ApkAssets: Deleting an ApkAssets object '<empty> and /data/app/~~cddWDE0DVDmpOTUXgV7W9A==/com.earlysalary.android-PBftHFGD679OBI3hUGC8QQ==/base.apk' with 1 weak references
05-04 18:07:48.816 26370 26376 W .apps.wellbeing: ApkAssets: Deleting an ApkAssets object '<empty> and /data/app/~~cddWDE0DVDmpOTUXgV7W9A==/com.earlysalary.android-PBftHFGD679OBI3hUGC8QQ==/split_config.arm64_v8a.apk' with 1 weak references
05-04 18:07:48.816 26370 26376 W .apps.wellbeing: ApkAssets: Deleting an ApkAssets object '<empty> and /data/app/~~cddWDE0DVDmpOTUXgV7W9A==/com.earlysalary.android-PBftHFGD679OBI3hUGC8QQ==/split_config.en.apk' with 1 weak references
05-04 18:07:48.816 26370 26376 W .apps.wellbeing: ApkAssets: Deleting an ApkAssets object '<empty> and /data/app/~~cddWDE0DVDmpOTUXgV7W9A==/com.earlysalary.android-PBftHFGD679OBI3hUGC8QQ==/split_config.xxhdpi.apk' with 1 weak references
05-04 18:07:48.817 26370 26376 W .apps.wellbeing: ApkAssets: Deleting an ApkAssets object '<empty> and /data/app/~~Ct-Z9vZ8dhJhZs2CGASJIQ==/com.google.android.modulemetadata-G4vqeEAQU4FCZ5blaupPHg==/base.apk' with 1 weak references
05-04 18:07:48.817 26370 26376 W .apps.wellbeing: ApkAssets: Deleting an ApkAssets object '<empty> and /data/app/~~_0lkH7cdxz9mXiug_5aSOg==/com.dreamplug.androidapp-uQS-IHfARcSOvbIY1mRyKQ==/base.apk' with 1 weak references
05-04 18:07:48.817 26370 26376 W .apps.wellbeing: ApkAssets: Deleting an ApkAssets object '<empty> and /data/app/~~_0lkH7cdxz9mXiug_5aSOg==/com.dreamplug.androidapp-uQS-IHfARcSOvbIY1mRyKQ==/split_config.arm64_v8a.apk' with 1 weak references
05-04 18:07:48.817 26370 26376 W .apps.wellbeing: ApkAssets: Deleting an ApkAssets object '<empty> and /data/app/~~_0lkH7cdxz9mXiug_5aSOg==/com.dreamplug.androidapp-uQS-IHfARcSOvbIY1mRyKQ==/split_config.xxhdpi.apk' with 1 weak references
05-04 18:07:48.817 26370 26376 W .apps.wellbeing: ApkAssets: Deleting an ApkAssets object '<empty> and /data/app/~~_0lkH7cdxz9mXiug_5aSOg==/com.dreamplug.androidapp-uQS-IHfARcSOvbIY1mRyKQ==/split_tapvisacore.apk' with 1 weak references
05-04 18:07:48.817 26370 26376 W .apps.wellbeing: ApkAssets: Deleting an ApkAssets object '<empty> and /data/app/~~_0lkH7cdxz9mXiug_5aSOg==/com.dreamplug.androidapp-uQS-IHfARcSOvbIY1mRyKQ==/split_tapvisacore.config.xxhdpi.apk' with 1 weak references
05-04 18:07:48.817 26370 26376 W .apps.wellbeing: ApkAssets: Deleting an ApkAssets object '<empty> and /product/priv-app/ComcastSettingsExt/ComcastSettingsExt.apk' with 1 weak references
05-04 18:07:48.818 26370 26376 W .apps.wellbeing: ApkAssets: Deleting an ApkAssets object '<empty> and /product/overlay/IconShapeTeardrop/IconShapeTeardropOverlay.apk' with 1 weak references
05-04 18:07:48.818 26370 26376 W .apps.wellbeing: ApkAssets: Deleting an ApkAssets object '<empty> and /system_ext/priv-app/MotoSecurityHubExt/MotoSecurityHubExt.apk' with 1 weak references
05-04 18:07:48.818 26370 26376 W .apps.wellbeing: ApkAssets: Deleting an ApkAssets object '<empty> and /product/priv-app/AmazonAppManager/AmazonAppManager.apk' with 1 weak references
05-04 18:07:48.818 26370 26376 W .apps.wellbeing: ApkAssets: Deleting an ApkAssets object '<empty> and /data/app/~~O2JXyfEWerIwRQ4BFq_DpA==/com.google.android.networkstack-XN2LSpKeBjtrMPAIuCCkbA==/base.apk' with 1 weak references
05-04 18:07:48.818 26370 26376 W .apps.wellbeing: ApkAssets: Deleting an ApkAssets object '<empty> and /data/app/~~O2JXyfEWerIwRQ4BFq_DpA==/com.google.android.networkstack-XN2LSpKeBjtrMPAIuCCkbA==/split_config.arm64_v8a.apk' with 1 weak references
05-04 18:07:48.818 26370 26376 W .apps.wellbeing: ApkAssets: Deleting an ApkAssets object '/product/overlay/NetworkStackMcc460Overlay.apk' with 1 weak references
05-04 18:07:48.818 26370 26376 W .apps.wellbeing: ApkAssets: Deleting an ApkAssets object '<empty> and /data/app/~~5pxqr3kLOPUYLqkPZLAmaw==/com.google.android.contactkeys-LeWKTmUsX6RdvETDvoQ5hA==/base.apk' with 1 weak references
05-04 18:07:48.818 26370 26376 W .apps.wellbeing: ApkAssets: Deleting an ApkAssets object '<empty> and /data/app/~~5pxqr3kLOPUYLqkPZLAmaw==/com.google.android.contactkeys-LeWKTmUsX6RdvETDvoQ5hA==/split_config.arm64_v8a.apk' with 1 weak references
05-04 18:07:48.818 26370 26376 W .apps.wellbeing: ApkAssets: Deleting an ApkAssets object '<empty> and /data/app/~~5pxqr3kLOPUYLqkPZLAmaw==/com.google.android.contactkeys-LeWKTmUsX6RdvETDvoQ5hA==/split_config.en.apk' with 1 weak references
05-04 18:07:48.819 26370 26376 W .apps.wellbeing: ApkAssets: Deleting an ApkAssets object '<empty> and /data/app/~~5pxqr3kLOPUYLqkPZLAmaw==/com.google.android.contactkeys-LeWKTmUsX6RdvETDvoQ5hA==/split_config.xxhdpi.apk' with 1 weak references
05-04 18:07:48.819 26370 26376 W .apps.wellbeing: ApkAssets: Deleting an ApkAssets object '<empty> and /data/app/~~2MdFEH6cDyKgcISc91kiag==/com.google.android.contacts-pBuhSFj-vUO2eILResNVhA==/base.apk' with 1 weak references
05-04 18:07:48.819 26370 26376 W .apps.wellbeing: ApkAssets: Deleting an ApkAssets object '<empty> and /data/app/~~2MdFEH6cDyKgcISc91kiag==/com.google.android.contacts-pBuhSFj-vUO2eILResNVhA==/split_config.arm64_v8a.apk' with 1 weak references
05-04 18:07:48.819 26370 26376 W .apps.wellbeing: ApkAssets: Deleting an ApkAssets object '<empty> and /data/app/~~2MdFEH6cDyKgcISc91kiag==/com.google.android.contacts-pBuhSFj-vUO2eILResNVhA==/split_config.en.apk' with 1 weak references
05-04 18:07:48.819 26370 26376 W .apps.wellbeing: ApkAssets: Deleting an ApkAssets object '<empty> and /data/app/~~2MdFEH6cDyKgcISc91kiag==/com.google.android.contacts-pBuhSFj-vUO2eILResNVhA==/split_config.xxhdpi.apk' with 1 weak references
05-04 18:07:48.819 26370 26376 W .apps.wellbeing: ApkAssets: Deleting an ApkAssets object '<empty> and /data/app/~~kRSucyhKGgSfnh0upElNDQ==/com.google.android.apps.fitness-n4GnQ8surVGep1SeJc1yQA==/base.apk' with 1 weak references
05-04 18:07:48.819 26370 26376 W .apps.wellbeing: ApkAssets: Deleting an ApkAssets object '<empty> and /data/app/~~kRSucyhKGgSfnh0upElNDQ==/com.google.android.apps.fitness-n4GnQ8surVGep1SeJc1yQA==/split_config.arm64_v8a.apk' with 1 weak references
05-04 18:07:48.819 26370 26376 W .apps.wellbeing: ApkAssets: Deleting an ApkAssets object '<empty> and /data/app/~~kRSucyhKGgSfnh0upElNDQ==/com.google.android.apps.fitness-n4GnQ8surVGep1SeJc1yQA==/split_config.en.apk' with 1 weak references
05-04 18:07:48.819 26370 26376 W .apps.wellbeing: ApkAssets: Deleting an ApkAssets object '<empty> and /data/app/~~kRSucyhKGgSfnh0upElNDQ==/com.google.android.apps.fitness-n4GnQ8surVGep1SeJc1yQA==/split_config.xxhdpi.apk' with 1 weak references
05-04 18:07:48.820 26370 26376 W .apps.wellbeing: ApkAssets: Deleting an ApkAssets object '<empty> and /product/priv-app/PreloadContacts/PreloadContacts.apk' with 1 weak references
05-04 18:07:48.820 26370 26376 W .apps.wellbeing: ApkAssets: Deleting an ApkAssets object '<empty> and /system/priv-app/Telecom/Telecom.apk' with 1 weak references
05-04 18:07:48.820 26370 26376 W .apps.wellbeing: ApkAssets: Deleting an ApkAssets object '<empty> and /system_ext/priv-app/MotorolaSettingsProvider/MotorolaSettingsProvider.apk' with 1 weak references
05-04 18:07:48.820 26370 26376 W .apps.wellbeing: ApkAssets: Deleting an ApkAssets object '/vendor/overlay/MotorolaSettingsProvider__auto_generated_rro_vendor.apk' with 1 weak references
05-04 18:07:48.820 26370 26376 W .apps.wellbeing: ApkAssets: Deleting an ApkAssets object '/product/overlay/MotorolaSettingsProvider__auto_generated_rro_product.apk' with 1 weak references
05-04 18:07:48.820 26370 26376 W .apps.wellbeing: ApkAssets: Deleting an ApkAssets object '<empty> and /system/app/KeyChain/KeyChain.apk' with 1 weak references
05-04 18:07:48.821 26370 26376 W .apps.wellbeing: ApkAssets: Deleting an ApkAssets object '<empty> and /data/app/~~iTq67ext8_D8ARv9DLmRwQ==/com.google.android.calculator--Bs_gh94wcVN97pJEAId3w==/base.apk' with 1 weak references
05-04 18:07:48.821 26370 26376 W .apps.wellbeing: ApkAssets: Deleting an ApkAssets object '<empty> and /data/app/~~iTq67ext8_D8ARv9DLmRwQ==/com.google.android.calculator--Bs_gh94wcVN97pJEAId3w==/split_config.xxhdpi.apk' with 1 weak references
05-04 18:07:48.821 26370 26376 W .apps.wellbeing: ApkAssets: Deleting an ApkAssets object '<empty> and /data/app/~~CGQ6fNYHE4blZ8c2orz1PQ==/com.android.chrome-Rt43Dq77kXqmVHlrR-LCvA==/base.apk' with 1 weak references
05-04 18:07:48.821 26370 26376 W .apps.wellbeing: ApkAssets: Deleting an ApkAssets object '<empty> and /data/app/~~CGQ6fNYHE4blZ8c2orz1PQ==/com.android.chrome-Rt43Dq77kXqmVHlrR-LCvA==/split_chrome.apk' with 1 weak references
05-04 18:07:48.821 26370 26376 W .apps.wellbeing: ApkAssets: Deleting an ApkAssets object '<empty> and /data/app/~~CGQ6fNYHE4blZ8c2orz1PQ==/com.android.chrome-Rt43Dq77kXqmVHlrR-LCvA==/split_config.en.apk' with 1 weak references
05-04 18:07:48.821 26370 26376 W .apps.wellbeing: ApkAssets: Deleting an ApkAssets object '<empty> and /data/app/~~CGQ6fNYHE4blZ8c2orz1PQ==/com.android.chrome-Rt43Dq77kXqmVHlrR-LCvA==/split_dev_ui.apk' with 1 weak references
05-04 18:07:48.821 26370 26376 W .apps.wellbeing: ApkAssets: Deleting an ApkAssets object '<empty> and /data/app/~~CGQ6fNYHE4blZ8c2orz1PQ==/com.android.chrome-Rt43Dq77kXqmVHlrR-LCvA==/split_on_demand.apk' with 1 weak references
05-04 18:07:48.821 26370 26376 W .apps.wellbeing: ApkAssets: Deleting an ApkAssets object '<empty> and /data/app/~~CGQ6fNYHE4blZ8c2orz1PQ==/com.android.chrome-Rt43Dq77kXqmVHlrR-LCvA==/split_stack_unwinder.apk' with 1 weak references
05-04 18:07:48.821 26370 26376 W .apps.wellbeing: ApkAssets: Deleting an ApkAssets object '<empty> and /data/app/~~CGQ6fNYHE4blZ8c2orz1PQ==/com.android.chrome-Rt43Dq77kXqmVHlrR-LCvA==/split_test_dummy.apk' with 1 weak references
05-04 18:07:48.822 26370 26376 W .apps.wellbeing: ApkAssets: Deleting an ApkAssets object '<empty> and /data/app/~~9EOyX6p2TQ41lHqv4U8BzA==/com.google.android.trichromelibrary_772713733-mRFMje2nf8TGhpfJlMWwpA==/base.apk' with 1 weak references
05-04 18:07:48.822 26370 26376 W .apps.wellbeing: ApkAssets: Deleting an ApkAssets object '<empty> and /product/priv-app/Dialer/Dialer.apk' with 1 weak references
05-04 18:07:48.823 26370 26376 W .apps.wellbeing: ApkAssets: Deleting an ApkAssets object '<empty> and /system/priv-app/GooglePackageInstaller/GooglePackageInstaller.apk' with 1 weak references
05-04 18:07:48.823 26370 26376 W .apps.wellbeing: ApkAssets: Deleting an ApkAssets object '<empty> and /data/app/~~PUhE4W2uBXrEkGAAEBiq0w==/com.google.android.gms--Ck5ZGrrO_6TuPDI4fgJVw==/base.apk' with 1 weak references
05-04 18:07:48.823 26370 26376 W .apps.wellbeing: ApkAssets: Deleting an ApkAssets object '<empty> and /data/app/~~PUhE4W2uBXrEkGAAEBiq0w==/com.google.android.gms--Ck5ZGrrO_6TuPDI4fgJVw==/split_AdsDynamite_installtime.apk' with 1 weak references
05-04 18:07:48.823 26370 26376 W .apps.wellbeing: ApkAssets: Deleting an ApkAssets object '<empty> and /data/app/~~PUhE4W2uBXrEkGAAEBiq0w==/com.google.android.gms--Ck5ZGrrO_6TuPDI4fgJVw==/split_CronetDynamite_installtime.apk' with 1 weak references
05-04 18:07:48.823 26370 26376 W .apps.wellbeing: ApkAssets: Deleting an ApkAssets object '<empty> and /data/app/~~PUhE4W2uBXrEkGAAEBiq0w==/com.google.android.gms--Ck5ZGrrO_6TuPDI4fgJVw==/split_DynamiteLoader_installtime.apk' with 1 weak references
05-04 18:07:48.823 26370 26376 W .apps.wellbeing: ApkAssets: Deleting an ApkAssets object '<empty> and /data/app/~~PUhE4W2uBXrEkGAAEBiq0w==/com.google.android.gms--Ck5ZGrrO_6TuPDI4fgJVw==/split_DynamiteModulesA_installtime.apk' with 1 weak references
05-04 18:07:48.823 26370 26376 W .apps.wellbeing: ApkAssets: Deleting an ApkAssets object '<empty> and /data/app/~~PUhE4W2uBXrEkGAAEBiq0w==/com.google.android.gms--Ck5ZGrrO_6TuPDI4fgJVw==/split_DynamiteModulesC_installtime.apk' with 1 weak references
05-04 18:07:48.824 26370 26376 W .apps.wellbeing: ApkAssets: Deleting an ApkAssets object '<empty> and /data/app/~~PUhE4W2uBXrEkGAAEBiq0w==/com.google.android.gms--Ck5ZGrrO_6TuPDI4fgJVw==/split_GoogleCertificates_installtime.apk' with 1 weak references
05-04 18:07:48.824 26370 26376 W .apps.wellbeing: ApkAssets: Deleting an ApkAssets object '<empty> and /data/app/~~PUhE4W2uBXrEkGAAEBiq0w==/com.google.android.gms--Ck5ZGrrO_6TuPDI4fgJVw==/split_MapsDynamite_installtime.apk' with 1 weak references
05-04 18:07:48.824 26370 26376 W .apps.wellbeing: ApkAssets: Deleting an ApkAssets object '<empty> and /data/app/~~PUhE4W2uBXrEkGAAEBiq0w==/com.google.android.gms--Ck5ZGrrO_6TuPDI4fgJVw==/split_MeasurementDynamite_installtime.apk' with 1 weak references
05-04 18:07:48.824 26370 26376 W .apps.wellbeing: ApkAssets: Deleting an ApkAssets object '<empty> and /data/app/~~PUhE4W2uBXrEkGAAEBiq0w==/com.google.android.gms--Ck5ZGrrO_6TuPDI4fgJVw==/split_config.en.apk' with 1 weak references
05-04 18:07:48.824 26370 26376 W .apps.wellbeing: ApkAssets: Deleting an ApkAssets object '<empty> and /data/app/~~PUhE4W2uBXrEkGAAEBiq0w==/com.google.android.gms--Ck5ZGrrO_6TuPDI4fgJVw==/split_config.xxhdpi.apk' with 1 weak references
05-04 18:07:48.824 26370 26376 W .apps.wellbeing: ApkAssets: Deleting an ApkAssets object '<empty> and /system_ext/priv-app/GoogleServicesFramework/GoogleServicesFramework.apk' with 1 weak references
05-04 18:07:48.824 26370 26376 W .apps.wellbeing: ApkAssets: Deleting an ApkAssets object '<empty> and /system/priv-app/TagGoogle/TagGoogle.apk' with 1 weak references
05-04 18:07:48.825 26370 26376 W .apps.wellbeing: ApkAssets: Deleting an ApkAssets object '<empty> and /data/app/~~RMnbFpyEUW9SComXvIFRNQ==/com.google.android.tts-5_hfLbSPl-E-n54U3EEZTA==/base.apk' with 1 weak references
05-04 18:07:48.825 26370 26376 W .apps.wellbeing: ApkAssets: Deleting an ApkAssets object '<empty> and /data/app/~~RMnbFpyEUW9SComXvIFRNQ==/com.google.android.tts-5_hfLbSPl-E-n54U3EEZTA==/split_config.arm64_v8a.apk' with 1 weak references
05-04 18:07:48.825 26370 26376 W .apps.wellbeing: ApkAssets: Deleting an ApkAssets object '<empty> and /data/app/~~RMnbFpyEUW9SComXvIFRNQ==/com.google.android.tts-5_hfLbSPl-E-n54U3EEZTA==/split_config.en.apk' with 1 weak references
05-04 18:07:48.825 26370 26376 W .apps.wellbeing: ApkAssets: Deleting an ApkAssets object '<empty> and /data/app/~~RMnbFpyEUW9SComXvIFRNQ==/com.google.android.tts-5_hfLbSPl-E-n54U3EEZTA==/split_config.xxhdpi.apk' with 1 weak references
05-04 18:07:48.825 26370 26376 W .apps.wellbeing: ApkAssets: Deleting an ApkAssets object '<empty> and /system/priv-app/CallLogBackup/CallLogBackup.apk' with 1 weak references
05-04 18:07:48.825 26370 26376 W .apps.wellbeing: ApkAssets: Deleting an ApkAssets object '<empty> and /data/app/~~K5tzYNj7axD2kd1XPOhLYQ==/com.google.android.partnersetup-izP7LkrJKE1vqBnc_fH5Ng==/base.apk' with 1 weak references
05-04 18:07:48.825 26370 26376 W .apps.wellbeing: ApkAssets: Deleting an ApkAssets object '<empty> and /data/app/~~K5tzYNj7axD2kd1XPOhLYQ==/com.google.android.partnersetup-izP7LkrJKE1vqBnc_fH5Ng==/split_config.bn.apk' with 1 weak references
05-04 18:07:48.825 26370 26376 W .apps.wellbeing: ApkAssets: Deleting an ApkAssets object '<empty> and /data/app/~~K5tzYNj7axD2kd1XPOhLYQ==/com.google.android.partnersetup-izP7LkrJKE1vqBnc_fH5Ng==/split_config.en.apk' with 1 weak references
05-04 18:07:48.826 26370 26376 W .apps.wellbeing: ApkAssets: Deleting an ApkAssets object '<empty> and /data/app/~~K5tzYNj7axD2kd1XPOhLYQ==/com.google.android.partnersetup-izP7LkrJKE1vqBnc_fH5Ng==/split_config.gu.apk' with 1 weak references
05-04 18:07:48.826 26370 26376 W .apps.wellbeing: ApkAssets: Deleting an ApkAssets object '<empty> and /data/app/~~K5tzYNj7axD2kd1XPOhLYQ==/com.google.android.partnersetup-izP7LkrJKE1vqBnc_fH5Ng==/split_config.hi.apk' with 1 weak references
05-04 18:07:48.826 26370 26376 W .apps.wellbeing: ApkAssets: Deleting an ApkAssets object '<empty> and /data/app/~~K5tzYNj7axD2kd1XPOhLYQ==/com.google.android.partnersetup-izP7LkrJKE1vqBnc_fH5Ng==/split_config.kn.apk' with 1 weak references
05-04 18:07:48.826 26370 26376 W .apps.wellbeing: ApkAssets: Deleting an ApkAssets object '<empty> and /data/app/~~K5tzYNj7axD2kd1XPOhLYQ==/com.google.android.partnersetup-izP7LkrJKE1vqBnc_fH5Ng==/split_config.mr.apk' with 1 weak references
05-04 18:07:48.826 26370 26376 W .apps.wellbeing: ApkAssets: Deleting an ApkAssets object '<empty> and /data/app/~~K5tzYNj7axD2kd1XPOhLYQ==/com.google.android.partnersetup-izP7LkrJKE1vqBnc_fH5Ng==/split_config.ta.apk' with 1 weak references
05-04 18:07:48.826 26370 26376 W .apps.wellbeing: ApkAssets: Deleting an ApkAssets object '<empty> and /data/app/~~K5tzYNj7axD2kd1XPOhLYQ==/com.google.android.partnersetup-izP7LkrJKE1vqBnc_fH5Ng==/split_config.te.apk' with 1 weak references
05-04 18:07:48.826 26370 26376 W .apps.wellbeing: ApkAssets: Deleting an ApkAssets object '<empty> and /data/app/~~K5tzYNj7axD2kd1XPOhLYQ==/com.google.android.partnersetup-izP7LkrJKE1vqBnc_fH5Ng==/split_config.xxhdpi.apk' with 1 weak references
05-04 18:07:48.826 26370 26376 W .apps.wellbeing: ApkAssets: Deleting an ApkAssets object '<empty> and /data/app/~~dy3rDKizgui-zI9ArNA5hw==/com.motorola.genie-dGFBTk6td5iGpHkYLe4Kaw==/base.apk' with 1 weak references
05-04 18:07:48.826 26370 26376 W .apps.wellbeing: ApkAssets: Deleting an ApkAssets object '<empty> and /data/app/~~0qwJXl7WYCjzs9UtpFxL1g==/org.torproject.torbrowser-eBYn6MnmBkWAZ0O6p8Wmww==/base.apk' with 1 weak references
05-04 18:07:48.827 26370 26376 W .apps.wellbeing: ApkAssets: Deleting an ApkAssets object '<empty> and /system/app/CameraExtensionsProxy/CameraExtensionsProxy.apk' with 1 weak references
05-04 18:07:48.827 26370 26376 W .apps.wellbeing: ApkAssets: Deleting an ApkAssets object '<empty> and /product/priv-app/VzwECID/VzwECID.apk' with 1 weak references
05-04 18:07:48.827 26370 26376 W .apps.wellbeing: ApkAssets: Deleting an ApkAssets object '<empty> and /system_ext/priv-app/SetupWizardExt/SetupWizardExt.apk' with 1 weak references
05-04 18:07:48.827 26370 26376 W .apps.wellbeing: ApkAssets: Deleting an ApkAssets object '/product/overlay/SetupWizardExt__auto_generated_rro_product.apk' with 1 weak references
05-04 18:07:48.827 26370 26376 W .apps.wellbeing: ApkAssets: Deleting an ApkAssets object '<empty> and /product/priv-app/VzwSecurityPrivacy-v6-11-0-815/VzwSecurityPrivacy-v6-11-0-815.apk' with 1 weak references
05-04 18:07:48.828 26370 26376 W .apps.wellbeing: ApkAssets: Deleting an ApkAssets object '<empty> and /data/app/~~noDXo2AMsFYsRCVa3d4HSQ==/com.google.android.videos-YELgxSU6jyFzv-9r6Rys4g==/base.apk' with 1 weak references
05-04 18:07:48.828 26370 26376 W .apps.wellbeing: ApkAssets: Deleting an ApkAssets object '<empty> and /data/app/~~noDXo2AMsFYsRCVa3d4HSQ==/com.google.android.videos-YELgxSU6jyFzv-9r6Rys4g==/split_config.arm64_v8a.apk' with 1 weak references
05-04 18:07:48.828 26370 26376 W .apps.wellbeing: ApkAssets: Deleting an ApkAssets object '<empty> and /data/app/~~noDXo2AMsFYsRCVa3d4HSQ==/com.google.android.videos-YELgxSU6jyFzv-9r6Rys4g==/split_config.en.apk' with 1 weak references
05-04 18:07:48.828 26370 26376 W .apps.wellbeing: ApkAssets: Deleting an ApkAssets object '<empty> and /data/app/~~noDXo2AMsFYsRCVa3d4HSQ==/com.google.android.videos-YELgxSU6jyFzv-9r6Rys4g==/split_config.xxhdpi.apk' with 1 weak references
05-04 18:07:48.828 26370 26376 W .apps.wellbeing: ApkAssets: Deleting an ApkAssets object '<empty> and /product/priv-app/CloudSetup/CloudSetup.apk' with 1 weak references
05-04 18:07:48.829 26370 26376 W .apps.wellbeing: ApkAssets: Deleting an ApkAssets object '<empty> and /system/app/CarrierDefaultApp/CarrierDefaultApp.apk' with 1 weak references
05-04 18:07:48.829 26370 26376 W .apps.wellbeing: ApkAssets: Deleting an ApkAssets object '<empty> and /data/app/~~zDz-wq6vdyVRTSWioGmetw==/com.motorola.aiservices-WCGxfSNFQw804BNf0HY2uA==/base.apk' with 1 weak references
05-04 18:07:48.829 26370 26376 W .apps.wellbeing: ApkAssets: Deleting an ApkAssets object '<empty> and /data/app/~~zDz-wq6vdyVRTSWioGmetw==/com.motorola.aiservices-WCGxfSNFQw804BNf0HY2uA==/split_adaptivebrightness.apk' with 1 weak references
05-04 18:07:48.829 26370 26376 W .apps.wellbeing: ApkAssets: Deleting an ApkAssets object '<empty> and /data/app/~~zDz-wq6vdyVRTSWioGmetw==/com.motorola.aiservices-WCGxfSNFQw804BNf0HY2uA==/split_adaptivebrightness.config.arm64_v8a.apk' with 1 weak references
05-04 18:07:48.829 26370 26376 W .apps.wellbeing: ApkAssets: Deleting an ApkAssets object '<empty> and /data/app/~~zDz-wq6vdyVRTSWioGmetw==/com.motorola.aiservices-WCGxfSNFQw804BNf0HY2uA==/split_adaptiveicons.apk' with 1 weak references
05-04 18:07:48.829 26370 26376 W .apps.wellbeing: ApkAssets: Deleting an ApkAssets object '<empty> and /data/app/~~zDz-wq6vdyVRTSWioGmetw==/com.motorola.aiservices-WCGxfSNFQw804BNf0HY2uA==/split_aicropping.apk' with 1 weak references
05-04 18:07:48.829 26370 26376 W .apps.wellbeing: ApkAssets: Deleting an ApkAssets object '<empty> and /data/app/~~zDz-wq6vdyVRTSWioGmetw==/com.motorola.aiservices-WCGxfSNFQw804BNf0HY2uA==/split_aisepia.apk' with 1 weak references
05-04 18:07:48.829 26370 26376 W .apps.wellbeing: ApkAssets: Deleting an ApkAssets object '<empty> and /data/app/~~zDz-wq6vdyVRTSWioGmetw==/com.motorola.aiservices-WCGxfSNFQw804BNf0HY2uA==/split_appusage.apk' with 1 weak references
05-04 18:07:48.829 26370 26376 W .apps.wellbeing: ApkAssets: Deleting an ApkAssets object '<empty> and /data/app/~~zDz-wq6vdyVRTSWioGmetw==/com.motorola.aiservices-WCGxfSNFQw804BNf0HY2uA==/split_bwart.apk' with 1 weak references
05-04 18:07:48.829 26370 26376 W .apps.wellbeing: ApkAssets: Deleting an ApkAssets object '<empty> and /data/app/~~zDz-wq6vdyVRTSWioGmetw==/com.motorola.aiservices-WCGxfSNFQw804BNf0HY2uA==/split_bwregular.apk' with 1 weak references
05-04 18:07:48.829 26370 26376 W .apps.wellbeing: ApkAssets: Deleting an ApkAssets object '<empty> and /data/app/~~zDz-wq6vdyVRTSWioGmetw==/com.motorola.aiservices-WCGxfSNFQw804BNf0HY2uA==/split_cartoongan.apk' with 1 weak references
05-04 18:07:48.829 26370 26376 W .apps.wellbeing: ApkAssets: Deleting an ApkAssets object '<empty> and /data/app/~~zDz-wq6vdyVRTSWioGmetw==/com.motorola.aiservices-WCGxfSNFQw804BNf0HY2uA==/split_config.arm64_v8a.apk' with 1 weak references
05-04 18:07:48.829 26370 26376 W .apps.wellbeing: ApkAssets: Deleting an ApkAssets object '<empty> and /data/app/~~zDz-wq6vdyVRTSWioGmetw==/com.motorola.aiservices-WCGxfSNFQw804BNf0HY2uA==/split_config.xxhdpi.apk' with 1 weak references
05-04 18:07:48.829 26370 26376 W .apps.wellbeing: ApkAssets: Deleting an ApkAssets object '<empty> and /data/app/~~zDz-wq6vdyVRTSWioGmetw==/com.motorola.aiservices-WCGxfSNFQw804BNf0HY2uA==/split_imagequality.apk' with 1 weak references
05-04 18:07:48.830 26370 26376 W .apps.wellbeing: ApkAssets: Deleting an ApkAssets object '<empty> and /data/app/~~zDz-wq6vdyVRTSWioGmetw==/com.motorola.aiservices-WCGxfSNFQw804BNf0HY2uA==/split_optimizedcharging.apk' with 1 weak references
05-04 18:07:48.830 26370 26376 W .apps.wellbeing: ApkAssets: Deleting an ApkAssets object '<empty> and /data/app/~~zDz-wq6vdyVRTSWioGmetw==/com.motorola.aiservices-WCGxfSNFQw804BNf0HY2uA==/split_peoplenatureclassifier.apk' with 1 weak references
05-04 18:07:48.830 26370 26376 W .apps.wellbeing: ApkAssets: Deleting an ApkAssets object '<empty> and /data/app/~~zDz-wq6vdyVRTSWioGmetw==/com.motorola.aiservices-WCGxfSNFQw804BNf0HY2uA==/split_phishing.apk' with 1 weak references
05-04 18:07:48.830 26370 26376 W .apps.wellbeing: ApkAssets: Deleting an ApkAssets object '<empty> and /data/app/~~zDz-wq6vdyVRTSWioGmetw==/com.motorola.aiservices-WCGxfSNFQw804BNf0HY2uA==/split_styletransfer.apk' with 1 weak references
05-04 18:07:48.830 26370 26376 W .apps.wellbeing: ApkAssets: Deleting an ApkAssets object '<empty> and /data/app/~~74KmPg6WTZYpkAVYxU43QQ==/com.motorola.livewallpaper3-d4NoWEBSzTSKqnzDStewTw==/base.apk' with 1 weak references
05-04 18:07:48.830 26370 26376 W .apps.wellbeing: ApkAssets: Deleting an ApkAssets object '<empty> and /data/app/~~74KmPg6WTZYpkAVYxU43QQ==/com.motorola.livewallpaper3-d4NoWEBSzTSKqnzDStewTw==/split_bundle_cool_bamboo.apk' with 1 weak references
05-04 18:07:48.830 26370 26376 W .apps.wellbeing: ApkAssets: Deleting an ApkAssets object '<empty> and /data/app/~~74KmPg6WTZYpkAVYxU43QQ==/com.motorola.livewallpaper3-d4NoWEBSzTSKqnzDStewTw==/split_bundle_digital_revolution.apk' with 1 weak references
05-04 18:07:48.830 26370 26376 W .apps.wellbeing: ApkAssets: Deleting an ApkAssets object '<empty> and /data/app/~~74KmPg6WTZYpkAVYxU43QQ==/com.motorola.livewallpaper3-d4NoWEBSzTSKqnzDStewTw==/split_config.arm64_v8a.apk' with 1 weak references
05-04 18:07:48.830 26370 26376 W .apps.wellbeing: ApkAssets: Deleting an ApkAssets object '<empty> and /system/priv-app/CredentialManager/CredentialManager.apk' with 1 weak references
05-04 18:07:48.830 26370 26376 W .apps.wellbeing: ApkAssets: Deleting an ApkAssets object '<empty> and /system_ext/priv-app/LifetimeData/LifetimeData.apk' with 1 weak references
05-04 18:07:48.831 26370 26376 W .apps.wellbeing: ApkAssets: Deleting an ApkAssets object '<empty> and /system/priv-app/AppDirectedSmsProxy/AppDirectedSmsProxy.apk' with 1 weak references
05-04 18:07:48.831 26370 26376 W .apps.wellbeing: ApkAssets: Deleting an ApkAssets object '<empty> and /system/priv-app/ProxyHandler/ProxyHandler.apk' with 1 weak references
05-04 18:07:48.831 26370 26376 W .apps.wellbeing: ApkAssets: Deleting an ApkAssets object '<empty> and /apex/com.android.permission/priv-app/GoogleSafetyCenterResources@361524160/GoogleSafetyCenterResources.apk' with 1 weak references
05-04 18:07:48.832 26370 26376 W .apps.wellbeing: ApkAssets: Deleting an ApkAssets object '/product/overlay/MotoSafetyCenterResourceOverlay.apk' with 1 weak references
05-04 18:07:48.832 26370 26376 W .apps.wellbeing: ApkAssets: Deleting an ApkAssets object '<empty> and /product/overlay/DisplayCutoutEmulationWaterfall/DisplayCutoutEmulationWaterfallOverlay.apk' with 1 weak references
05-04 18:07:48.832 26370 26376 W .apps.wellbeing: ApkAssets: Deleting an ApkAssets object '<empty> and /system/priv-app/IntentResolver/IntentResolver.apk' with 1 weak references
05-04 18:07:48.832 26370 26376 W .apps.wellbeing: ApkAssets: Deleting an ApkAssets object '<empty> and /product/app/ThermalService/ThermalService.apk' with 1 weak references
05-04 18:07:48.832 26370 26376 W .apps.wellbeing: ApkAssets: Deleting an ApkAssets object '<empty> and /data/app/~~PCz8xfBjYTSWdXvwufvF9A==/com.mobikwik_new-5Z4JZ6DML5z6wplF2FlBHg==/base.apk' with 1 weak references
05-04 18:07:48.832 26370 26376 W .apps.wellbeing: ApkAssets: Deleting an ApkAssets object '<empty> and /data/app/~~PCz8xfBjYTSWdXvwufvF9A==/com.mobikwik_new-5Z4JZ6DML5z6wplF2FlBHg==/split_config.arm64_v8a.apk' with 1 weak references
05-04 18:07:48.832 26370 26376 W .apps.wellbeing: ApkAssets: Deleting an ApkAssets object '<empty> and /data/app/~~PCz8xfBjYTSWdXvwufvF9A==/com.mobikwik_new-5Z4JZ6DML5z6wplF2FlBHg==/split_config.xxhdpi.apk' with 1 weak references
05-04 18:07:48.833 26370 26376 W .apps.wellbeing: ApkAssets: Deleting an ApkAssets object '<empty> and /product/priv-app/TMOConfig/TMOConfig.apk' with 1 weak references
05-04 18:07:48.833 26370 26376 W .apps.wellbeing: ApkAssets: Deleting an ApkAssets object '<empty> and /data/app/~~CGj3VX9BXoeE3wFpJSjrkg==/org.videolan.vlc-gwbnMVmjx1ICws85AcRoWw==/base.apk' with 1 weak references
05-04 18:07:48.833 26370 26376 W .apps.wellbeing: ApkAssets: Deleting an ApkAssets object '<empty> and /data/app/~~CGj3VX9BXoeE3wFpJSjrkg==/org.videolan.vlc-gwbnMVmjx1ICws85AcRoWw==/split_config.arm64_v8a.apk' with 1 weak references
05-04 18:07:48.833 26370 26376 W .apps.wellbeing: ApkAssets: Deleting an ApkAssets object '<empty> and /data/app/~~CGj3VX9BXoeE3wFpJSjrkg==/org.videolan.vlc-gwbnMVmjx1ICws85AcRoWw==/split_config.xxhdpi.apk' with 1 weak references
05-04 18:07:48.833 26370 26376 W .apps.wellbeing: ApkAssets: Deleting an ApkAssets object '<empty> and /product/overlay/TransparentNavigationBar/TransparentNavigationBarOverlay.apk' with 1 weak references
05-04 18:07:48.834 26370 26376 W .apps.wellbeing: ApkAssets: Deleting an ApkAssets object '<empty> and /apex/com.android.tethering/priv-app/ServiceConnectivityResourcesGoogle@361524140/ServiceConnectivityResourcesGoogle.apk' with 1 weak references
05-04 18:07:48.834 26370 26376 W .apps.wellbeing: ApkAssets: Deleting an ApkAssets object '/product/overlay/MotoServiceConnectivityResOverlay.apk' with 1 weak references
05-04 18:07:48.834 26370 26376 W .apps.wellbeing: ApkAssets: Deleting an ApkAssets object '<empty> and /data/app/~~yaBypXB_mj6jOEMCDAua6Q==/com.jio.myjio-NU7PRYzBaMUavgfrOM0-Xg==/base.apk' with 1 weak references
05-04 18:07:48.834 26370 26376 W .apps.wellbeing: ApkAssets: Deleting an ApkAssets object '<empty> and /data/app/~~yaBypXB_mj6jOEMCDAua6Q==/com.jio.myjio-NU7PRYzBaMUavgfrOM0-Xg==/split_config.arm64_v8a.apk' with 1 weak references
05-04 18:07:48.834 26370 26376 W .apps.wellbeing: ApkAssets: Deleting an ApkAssets object '<empty> and /data/app/~~yaBypXB_mj6jOEMCDAua6Q==/com.jio.myjio-NU7PRYzBaMUavgfrOM0-Xg==/split_config.xxhdpi.apk' with 1 weak references
05-04 18:07:48.834 26370 26376 W .apps.wellbeing: ApkAssets: Deleting an ApkAssets object '<empty> and /system_ext/priv-app/GoogleFeedback/GoogleFeedback.apk' with 1 weak references
05-04 18:07:48.835 26370 26376 W .apps.wellbeing: ApkAssets: Deleting an ApkAssets object '<empty> and /system/app/GooglePrintRecommendationService/GooglePrintRecommendationService.apk' with 1 weak references
05-04 18:07:48.835 26370 26376 W .apps.wellbeing: ApkAssets: Deleting an ApkAssets object '<empty> and /data/app/~~CL5skIPxyIM_BBoIceVG_w==/com.google.android.apps.photos-TE7Jj7Jw0D98Kohr7-HNsQ==/base.apk' with 1 weak references
05-04 18:07:48.835 26370 26376 W .apps.wellbeing: ApkAssets: Deleting an ApkAssets object '<empty> and /data/app/~~CL5skIPxyIM_BBoIceVG_w==/com.google.android.apps.photos-TE7Jj7Jw0D98Kohr7-HNsQ==/split_config.arm64_v8a.apk' with 1 weak references
05-04 18:07:48.835 26370 26376 W .apps.wellbeing: ApkAssets: Deleting an ApkAssets object '<empty> and /data/app/~~CL5skIPxyIM_BBoIceVG_w==/com.google.android.apps.photos-TE7Jj7Jw0D98Kohr7-HNsQ==/split_config.en.apk' with 1 weak references
05-04 18:07:48.835 26370 26376 W .apps.wellbeing: ApkAssets: Deleting an ApkAssets object '<empty> and /data/app/~~CL5skIPxyIM_BBoIceVG_w==/com.google.android.apps.photos-TE7Jj7Jw0D98Kohr7-HNsQ==/split_config.xxhdpi.apk' with 1 weak references
05-04 18:07:48.835 26370 26376 W .apps.wellbeing: ApkAssets: Deleting an ApkAssets object '<empty> and /data/app/~~fkiYdwvFq3IRq20iVBq4Pg==/com.google.android.calendar-PKUaP6IFNJ5rGAl-G0Py3A==/base.apk' with 1 weak references
05-04 18:07:48.835 26370 26376 W .apps.wellbeing: ApkAssets: Deleting an ApkAssets object '<empty> and /data/app/~~fkiYdwvFq3IRq20iVBq4Pg==/com.google.android.calendar-PKUaP6IFNJ5rGAl-G0Py3A==/split_config.arm64_v8a.apk' with 1 weak references
05-04 18:07:48.836 26370 26376 W .apps.wellbeing: ApkAssets: Deleting an ApkAssets object '<empty> and /data/app/~~fkiYdwvFq3IRq20iVBq4Pg==/com.google.android.calendar-PKUaP6IFNJ5rGAl-G0Py3A==/split_config.en.apk' with 1 weak references
05-04 18:07:48.836 26370 26376 W .apps.wellbeing: ApkAssets: Deleting an ApkAssets object '<empty> and /data/app/~~fkiYdwvFq3IRq20iVBq4Pg==/com.google.android.calendar-PKUaP6IFNJ5rGAl-G0Py3A==/split_config.xxhdpi.apk' with 1 weak references
05-04 18:07:48.836 26370 26376 W .apps.wellbeing: ApkAssets: Deleting an ApkAssets object '<empty> and /product/priv-app/BC360Service-rogue/BC360Service-rogue.apk' with 1 weak references
05-04 18:07:48.836 26370 26376 W .apps.wellbeing: ApkAssets: Deleting an ApkAssets object '<empty> and /system/priv-app/ManagedProvisioning/ManagedProvisioning.apk' with 1 weak references
05-04 18:07:48.836 26370 26376 W .apps.wellbeing: ApkAssets: Deleting an ApkAssets object '<empty> and /product/app/LauncherConfig/LauncherConfig.apk' with 1 weak references
05-04 18:07:48.836 26370 26376 W .apps.wellbeing: ApkAssets: Deleting an ApkAssets object '<empty> and /data/app/~~tRCCZXqioL39B2Q7Mx55yQ==/com.kotak811mobilebankingapp.instantsavingsupiscanandpayrecharge-bPchmreckkxioeNZLx9WvQ==/base.apk' with 1 weak references
05-04 18:07:48.837 26370 26376 W .apps.wellbeing: ApkAssets: Deleting an ApkAssets object '<empty> and /data/app/~~tRCCZXqioL39B2Q7Mx55yQ==/com.kotak811mobilebankingapp.instantsavingsupiscanandpayrecharge-bPchmreckkxioeNZLx9WvQ==/split_config.arm64_v8a.apk' with 1 weak references
05-04 18:07:48.837 26370 26376 W .apps.wellbeing: ApkAssets: Deleting an ApkAssets object '<empty> and /data/app/~~tRCCZXqioL39B2Q7Mx55yQ==/com.kotak811mobilebankingapp.instantsavingsupiscanandpayrecharge-bPchmreckkxioeNZLx9WvQ==/split_config.bn.apk' with 1 weak references
05-04 18:07:48.837 26370 26376 W .apps.wellbeing: ApkAssets: Deleting an ApkAssets object '<empty> and /data/app/~~tRCCZXqioL39B2Q7Mx55yQ==/com.kotak811mobilebankingapp.instantsavingsupiscanandpayrecharge-bPchmreckkxioeNZLx9WvQ==/split_config.en.apk' with 1 weak references
05-04 18:07:48.837 26370 26376 W .apps.wellbeing: ApkAssets: Deleting an ApkAssets object '<empty> and /data/app/~~tRCCZXqioL39B2Q7Mx55yQ==/com.kotak811mobilebankingapp.instantsavingsupiscanandpayrecharge-bPchmreckkxioeNZLx9WvQ==/split_config.gu.apk' with 1 weak references
05-04 18:07:48.837 26370 26376 W .apps.wellbeing: ApkAssets: Deleting an ApkAssets object '<empty> and /data/app/~~tRCCZXqioL39B2Q7Mx55yQ==/com.kotak811mobilebankingapp.instantsavingsupiscanandpayrecharge-bPchmreckkxioeNZLx9WvQ==/split_config.hi.apk' with 1 weak references
05-04 18:07:48.837 26370 26376 W .apps.wellbeing: ApkAssets: Deleting an ApkAssets object '<empty> and /data/app/~~tRCCZXqioL39B2Q7Mx55yQ==/com.kotak811mobilebankingapp.instantsavingsupiscanandpayrecharge-bPchmreckkxioeNZLx9WvQ==/split_config.kn.apk' with 1 weak references
05-04 18:07:48.837 26370 26376 W .apps.wellbeing: ApkAssets: Deleting an ApkAssets object '<empty> and /data/app/~~tRCCZXqioL39B2Q7Mx55yQ==/com.kotak811mobilebankingapp.instantsavingsupiscanandpayrecharge-bPchmreckkxioeNZLx9WvQ==/split_config.mr.apk' with 1 weak references
05-04 18:07:48.837 26370 26376 W .apps.wellbeing: ApkAssets: Deleting an ApkAssets object '<empty> and /data/app/~~tRCCZXqioL39B2Q7Mx55yQ==/com.kotak811mobilebankingapp.instantsavingsupiscanandpayrecharge-bPchmreckkxioeNZLx9WvQ==/split_config.ta.apk' with 1 weak references
05-04 18:07:48.837 26370 26376 W .apps.wellbeing: ApkAssets: Deleting an ApkAssets object '<empty> and /data/app/~~tRCCZXqioL39B2Q7Mx55yQ==/com.kotak811mobilebankingapp.instantsavingsupiscanandpayrecharge-bPchmreckkxioeNZLx9WvQ==/split_config.te.apk' with 1 weak references
05-04 18:07:48.837 26370 26376 W .apps.wellbeing: ApkAssets: Deleting an ApkAssets object '<empty> and /data/app/~~tRCCZXqioL39B2Q7Mx55yQ==/com.kotak811mobilebankingapp.instantsavingsupiscanandpayrecharge-bPchmreckkxioeNZLx9WvQ==/split_config.xxhdpi.apk' with 1 weak references
05-04 18:07:48.837 26370 26376 W .apps.wellbeing: ApkAssets: Deleting an ApkAssets object '<empty> and /system/priv-app/SoundPicker/SoundPicker.apk' with 1 weak references
05-04 18:07:48.837 26370 26376 W .apps.wellbeing: ApkAssets: Deleting an ApkAssets object '<empty> and /data/app/~~nJq11LUpNjxwVuv_IPCI4g==/com.google.android.documentsui-gIsz090bALHfnLEC2mcozQ==/base.apk' with 1 weak references
05-04 18:07:48.838 26370 26376 W .apps.wellbeing: ApkAssets: Deleting an ApkAssets object '<empty> and /data/app/~~nJq11LUpNjxwVuv_IPCI4g==/com.google.android.documentsui-gIsz090bALHfnLEC2mcozQ==/split_config.xxhdpi.apk' with 1 weak references
05-04 18:07:48.838 26370 26376 W .apps.wellbeing: ApkAssets: Deleting an ApkAssets object '/product/overlay/GoogleDocumentsUIOverlay.apk' with 1 weak references
05-04 18:07:48.838 26370 26376 W .apps.wellbeing: ApkAssets: Deleting an ApkAssets object '<empty> and /data/app/~~Z1yWOtnQYrGG3un_ECyswg==/com.motorola.gamemode-hoClpJyHa2xUVVpKHobgsA==/base.apk' with 1 weak references
05-04 18:07:48.838 26370 26376 W .apps.wellbeing: ApkAssets: Deleting an ApkAssets object '<empty> and /data/app/~~Z1yWOtnQYrGG3un_ECyswg==/com.motorola.gamemode-hoClpJyHa2xUVVpKHobgsA==/split_config.arm64_v8a.apk' with 1 weak references
05-04 18:07:48.838 26370 26376 W .apps.wellbeing: ApkAssets: Deleting an ApkAssets object '<empty> and /data/app/~~BQYesMb51M409ksgc8gnFg==/com.google.android.accessibility.switchaccess-JJ7o5nUUua6fB9f1C_oMcQ==/base.apk' with 1 weak references
05-04 18:07:48.839 26370 26376 W .apps.wellbeing: ApkAssets: Deleting an ApkAssets object '<empty> and /data/app/~~BQYesMb51M409ksgc8gnFg==/com.google.android.accessibility.switchaccess-JJ7o5nUUua6fB9f1C_oMcQ==/split_config.arm64_v8a.apk' with 1 weak references
05-04 18:07:48.839 26370 26376 W .apps.wellbeing: ApkAssets: Deleting an ApkAssets object '<empty> and /data/app/~~Jj8qSYHJZyDu__RbqtbgVQ==/ai.perplexity.app.android-gfLuhmErQVQ2B0gS7Jw3JQ==/base.apk' with 1 weak references
05-04 18:07:48.839 26370 26376 W .apps.wellbeing: ApkAssets: Deleting an ApkAssets object '<empty> and /data/app/~~Jj8qSYHJZyDu__RbqtbgVQ==/ai.perplexity.app.android-gfLuhmErQVQ2B0gS7Jw3JQ==/split_config.arm64_v8a.apk' with 1 weak references
05-04 18:07:48.839 26370 26376 W .apps.wellbeing: ApkAssets: Deleting an ApkAssets object '<empty> and /data/app/~~Jj8qSYHJZyDu__RbqtbgVQ==/ai.perplexity.app.android-gfLuhmErQVQ2B0gS7Jw3JQ==/split_config.xxhdpi.apk' with 1 weak references
05-04 18:07:48.839 26370 26376 W .apps.wellbeing: ApkAssets: Deleting an ApkAssets object '<empty> and /data/app/~~qwAELUS29wqmsPPyN2o4rQ==/com.google.mainline.telemetry-RuvS-p2NEC55H1XiuOen2A==/base.apk' with 1 weak references
05-04 18:07:48.839 26370 26376 W .apps.wellbeing: ApkAssets: Deleting an ApkAssets object '<empty> and /system_ext/priv-app/SpectrumSetupExt/SpectrumSetupExt.apk' with 1 weak references
05-04 18:07:48.840 26370 26376 W .apps.wellbeing: ApkAssets: Deleting an ApkAssets object '<empty> and /system_ext/priv-app/DemoMode/DemoMode.apk' with 1 weak references
05-04 18:07:48.840 26370 26376 W .apps.wellbeing: ApkAssets: Deleting an ApkAssets object '<empty> and /data/app/~~rV6yhwSfxUt2YPWa26N6Aw==/com.motorola.help-5nLeGL1KXa51csXPm67HKg==/base.apk' with 1 weak references
05-04 18:07:48.840 26370 26376 W .apps.wellbeing: ApkAssets: Deleting an ApkAssets object '<empty> and /data/app/~~b3nzTs21oI2jjacVle2C1A==/com.motorola.moto-1kWd9zKZJbQ60EKmwMYEOA==/base.apk' with 1 weak references
05-04 18:07:48.840 26370 26376 W .apps.wellbeing: ApkAssets: Deleting an ApkAssets object '<empty> and /data/app/~~b3nzTs21oI2jjacVle2C1A==/com.motorola.moto-1kWd9zKZJbQ60EKmwMYEOA==/split_config.en.apk' with 1 weak references
05-04 18:07:48.841 26370 26376 W .apps.wellbeing: ApkAssets: Deleting an ApkAssets object '<empty> and /data/app/~~b3nzTs21oI2jjacVle2C1A==/com.motorola.moto-1kWd9zKZJbQ60EKmwMYEOA==/split_config.xxhdpi.apk' with 1 weak references
05-04 18:07:48.841 26370 26376 W .apps.wellbeing: ApkAssets: Deleting an ApkAssets object '<empty> and /system_ext/priv-app/PAKS/PAKS.apk' with 1 weak references
05-04 18:07:48.841 26370 26376 W .apps.wellbeing: ApkAssets: Deleting an ApkAssets object '<empty> and /product/priv-app/MotoHandWriting/MotoHandWriting.apk' with 1 weak references
05-04 18:07:48.841 26370 26376 W .apps.wellbeing: ApkAssets: Deleting an ApkAssets object '<empty> and /data/app/~~cjR47Qt0qZnCMXGvXf6Ehw==/com.motorola.audiorecorder-r2O-_EfmdoFr0wUUT0bBgg==/base.apk' with 1 weak references
05-04 18:07:48.841 26370 26376 W .apps.wellbeing: ApkAssets: Deleting an ApkAssets object '<empty> and /data/app/~~cjR47Qt0qZnCMXGvXf6Ehw==/com.motorola.audiorecorder-r2O-_EfmdoFr0wUUT0bBgg==/split_config.arm64_v8a.apk' with 1 weak references
05-04 18:07:48.842 26370 26376 W .apps.wellbeing: ApkAssets: Deleting an ApkAssets object '<empty> and /data/app/~~cjR47Qt0qZnCMXGvXf6Ehw==/com.motorola.audiorecorder-r2O-_EfmdoFr0wUUT0bBgg==/split_config.en.apk' with 1 weak references
05-04 18:07:48.842 26370 26376 W .apps.wellbeing: ApkAssets: Deleting an ApkAssets object '<empty> and /data/app/~~cjR47Qt0qZnCMXGvXf6Ehw==/com.motorola.audiorecorder-r2O-_EfmdoFr0wUUT0bBgg==/split_config.xxhdpi.apk' with 1 weak references
05-04 18:07:48.842 26370 26376 W .apps.wellbeing: ApkAssets: Deleting an ApkAssets object '<empty> and /product/priv-app/MotoMultiVolume/MotoMultiVolume.apk' with 1 weak references
05-04 18:07:48.842 26370 26376 W .apps.wellbeing: ApkAssets: Deleting an ApkAssets object '<empty> and /product/overlay/NotesRoleEnabled/NotesRoleEnabledOverlay.apk' with 1 weak references
05-04 18:07:48.842 26370 26376 W .apps.wellbeing: ApkAssets: Deleting an ApkAssets object '<empty> and /system/priv-app/LiveWallpapersPicker/LiveWallpapersPicker.apk' with 1 weak references
05-04 18:07:48.842 26370 26376 W .apps.wellbeing: ApkAssets: Deleting an ApkAssets object '<empty> and /product/priv-app/CarrierSettingsExt/CarrierSettingsExt.apk' with 1 weak references
05-04 18:07:48.843 26370 26376 W .apps.wellbeing: ApkAssets: Deleting an ApkAssets object '<empty> and /system_ext/priv-app/Fota/Fota.apk' with 1 weak references
05-04 18:07:48.843 26370 26376 W .apps.wellbeing: ApkAssets: Deleting an ApkAssets object '<empty> and /system_ext/priv-app/MotoFreeForm/MotoFreeForm.apk' with 1 weak references
05-04 18:07:48.843 26370 26376 W .apps.wellbeing: ApkAssets: Deleting an ApkAssets object '<empty> and /data/app/~~mlsQvSvQhrbY86cysmn6SA==/com.google.mainline.adservices-k26A37uO_Abt6uS_kwP8RQ==/base.apk' with 1 weak references
05-04 18:07:48.843 26370 26376 W .apps.wellbeing: ApkAssets: Deleting an ApkAssets object '<empty> and /product/priv-app/DishDM/DishDM.apk' with 1 weak references
05-04 18:07:48.844 26370 26376 W .apps.wellbeing: ApkAssets: Deleting an ApkAssets object '<empty> and /data/app/~~bT8M4TsEoWyvoaPgMKR2eg==/com.facebook.system-4c6OVNZ9UDRPL2UlNtTbNg==/base.apk' with 1 weak references
05-04 18:07:48.844 26370 26376 W .apps.wellbeing: ApkAssets: Deleting an ApkAssets object '<empty> and /apex/com.android.healthfitness/priv-app/HealthConnectControllerGoogle@361420700/HealthConnectControllerGoogle.apk' with 1 weak references
05-04 18:07:48.844 26370 26376 W .apps.wellbeing: ApkAssets: Deleting an ApkAssets object '<empty> and /data/app/~~_FmKKA1kEDATOFChHjCZoA==/org.mozilla.firefox-gQoOiY1jqXyvPfMPG-7MaA==/base.apk' with 1 weak references
05-04 18:07:48.844 26370 26376 W .apps.wellbeing: ApkAssets: Deleting an ApkAssets object '<empty> and /data/app/~~_FmKKA1kEDATOFChHjCZoA==/org.mozilla.firefox-gQoOiY1jqXyvPfMPG-7MaA==/split_config.arm64_v8a.apk' with 1 weak references
05-04 18:07:48.844 26370 26376 W .apps.wellbeing: ApkAssets: Deleting an ApkAssets object '<empty> and /data/app/~~_FmKKA1kEDATOFChHjCZoA==/org.mozilla.firefox-gQoOiY1jqXyvPfMPG-7MaA==/split_config.xxhdpi.apk' with 1 weak references
05-04 18:07:48.844 26370 26376 W .apps.wellbeing: ApkAssets: Deleting an ApkAssets object '<empty> and /system_ext/app/DciStatsService/DciStatsService.apk' with 1 weak references
05-04 18:07:48.845 26370 26376 W .apps.wellbeing: ApkAssets: Deleting an ApkAssets object '<empty> and /data/app/~~_ozRPGkA-zvNPjdN7n-j3A==/idm.internet.download.manager.plus-ADGdbCbAhsyaOTCts11-fQ==/base.apk' with 1 weak references
05-04 18:07:48.845 26370 26376 W .apps.wellbeing: ApkAssets: Deleting an ApkAssets object '<empty> and /data/app/~~_ozRPGkA-zvNPjdN7n-j3A==/idm.internet.download.manager.plus-ADGdbCbAhsyaOTCts11-fQ==/split_config.arm64_v8a.apk' with 1 weak references
05-04 18:07:48.845 26370 26376 W .apps.wellbeing: ApkAssets: Deleting an ApkAssets object '<empty> and /data/app/~~_ozRPGkA-zvNPjdN7n-j3A==/idm.internet.download.manager.plus-ADGdbCbAhsyaOTCts11-fQ==/split_config.xxhdpi.apk' with 1 weak references
05-04 18:07:48.845 26370 26376 W .apps.wellbeing: ApkAssets: Deleting an ApkAssets object '<empty> and /data/app/~~K9kXtI7vWgaBKI7M-CmiAQ==/com.google.android.apps.translate-3R_skcK2GFs_omblf9Huxw==/base.apk' with 1 weak references
05-04 18:07:48.845 26370 26376 W .apps.wellbeing: ApkAssets: Deleting an ApkAssets object '<empty> and /product/priv-app/FamilyLinkParentalControls/FamilyLinkParentalControls.apk' with 1 weak references
05-04 18:07:48.846 26370 26376 W .apps.wellbeing: ApkAssets: Deleting an ApkAssets object '<empty> and /data/app/~~8sZiSgQYGMnMRAT4FN--Pg==/com.adobe.reader-SDD933Ljl7bFhmj6o56vIQ==/base.apk' with 1 weak references
05-04 18:07:48.846 26370 26376 W .apps.wellbeing: ApkAssets: Deleting an ApkAssets object '<empty> and /data/app/~~8sZiSgQYGMnMRAT4FN--Pg==/com.adobe.reader-SDD933Ljl7bFhmj6o56vIQ==/split_FASOpenCVDF.apk' with 1 weak references
05-04 18:07:48.846 26370 26376 W .apps.wellbeing: ApkAssets: Deleting an ApkAssets object '<empty> and /data/app/~~8sZiSgQYGMnMRAT4FN--Pg==/com.adobe.reader-SDD933Ljl7bFhmj6o56vIQ==/split_FASOpenCVDF.config.arm64_v8a.apk' with 1 weak references
05-04 18:07:48.846 26370 26376 W .apps.wellbeing: ApkAssets: Deleting an ApkAssets object '<empty> and /data/app/~~8sZiSgQYGMnMRAT4FN--Pg==/com.adobe.reader-SDD933Ljl7bFhmj6o56vIQ==/split_LMCODModelDF.apk' with 1 weak references
05-04 18:07:48.846 26370 26376 W .apps.wellbeing: ApkAssets: Deleting an ApkAssets object '<empty> and /data/app/~~8sZiSgQYGMnMRAT4FN--Pg==/com.adobe.reader-SDD933Ljl7bFhmj6o56vIQ==/split_LMCODModelDF.config.arm64_v8a.apk' with 1 weak references
05-04 18:07:48.846 26370 26376 W .apps.wellbeing: ApkAssets: Deleting an ApkAssets object '<empty> and /data/app/~~8sZiSgQYGMnMRAT4FN--Pg==/com.adobe.reader-SDD933Ljl7bFhmj6o56vIQ==/split_OCRCoreDF.apk' with 1 weak references
05-04 18:07:48.846 26370 26376 W .apps.wellbeing: ApkAssets: Deleting an ApkAssets object '<empty> and /data/app/~~8sZiSgQYGMnMRAT4FN--Pg==/com.adobe.reader-SDD933Ljl7bFhmj6o56vIQ==/split_OCRCoreDF.config.arm64_v8a.apk' with 1 weak references
05-04 18:07:48.846 26370 26376 W .apps.wellbeing: ApkAssets: Deleting an ApkAssets object '<empty> and /data/app/~~8sZiSgQYGMnMRAT4FN--Pg==/com.adobe.reader-SDD933Ljl7bFhmj6o56vIQ==/split_PDFEditFontsDF.apk' with 1 weak references
05-04 18:07:48.846 26370 26376 W .apps.wellbeing: ApkAssets: Deleting an ApkAssets object '<empty> and /data/app/~~8sZiSgQYGMnMRAT4FN--Pg==/com.adobe.reader-SDD933Ljl7bFhmj6o56vIQ==/split_SAMSDKNativeDF.apk' with 1 weak references
05-04 18:07:48.846 26370 26376 W .apps.wellbeing: ApkAssets: Deleting an ApkAssets object '<empty> and /data/app/~~8sZiSgQYGMnMRAT4FN--Pg==/com.adobe.reader-SDD933Ljl7bFhmj6o56vIQ==/split_SAMSDKNativeDF.config.arm64_v8a.apk' with 1 weak references
05-04 18:07:48.846 26370 26376 W .apps.wellbeing: ApkAssets: Deleting an ApkAssets object '<empty> and /data/app/~~8sZiSgQYGMnMRAT4FN--Pg==/com.adobe.reader-SDD933Ljl7bFhmj6o56vIQ==/split_ScanSDKDF.apk' with 1 weak references
05-04 18:07:48.846 26370 26376 W .apps.wellbeing: ApkAssets: Deleting an ApkAssets object '<empty> and /data/app/~~8sZiSgQYGMnMRAT4FN--Pg==/com.adobe.reader-SDD933Ljl7bFhmj6o56vIQ==/split_ScanSDKDF.config.arm64_v8a.apk' with 1 weak references
05-04 18:07:48.846 26370 26376 W .apps.wellbeing: ApkAssets: Deleting an ApkAssets object '<empty> and /data/app/~~8sZiSgQYGMnMRAT4FN--Pg==/com.adobe.reader-SDD933Ljl7bFhmj6o56vIQ==/split_ScanSDKDF.config.en.apk' with 1 weak references
05-04 18:07:48.846 26370 26376 W .apps.wellbeing: ApkAssets: Deleting an ApkAssets object '<empty> and /data/app/~~8sZiSgQYGMnMRAT4FN--Pg==/com.adobe.reader-SDD933Ljl7bFhmj6o56vIQ==/split_VADYamnetDF.apk' with 1 weak references
05-04 18:07:48.846 26370 26376 W .apps.wellbeing: ApkAssets: Deleting an ApkAssets object '<empty> and /data/app/~~8sZiSgQYGMnMRAT4FN--Pg==/com.adobe.reader-SDD933Ljl7bFhmj6o56vIQ==/split_VADYamnetDF.config.arm64_v8a.apk' with 1 weak references
05-04 18:07:48.846 26370 26376 W .apps.wellbeing: ApkAssets: Deleting an ApkAssets object '<empty> and /data/app/~~8sZiSgQYGMnMRAT4FN--Pg==/com.adobe.reader-SDD933Ljl7bFhmj6o56vIQ==/split_config.arm64_v8a.apk' with 1 weak references
05-04 18:07:48.846 26370 26376 W .apps.wellbeing: ApkAssets: Deleting an ApkAssets object '<empty> and /data/app/~~8sZiSgQYGMnMRAT4FN--Pg==/com.adobe.reader-SDD933Ljl7bFhmj6o56vIQ==/split_config.en.apk' with 1 weak references
05-04 18:07:48.846 26370 26376 W .apps.wellbeing: ApkAssets: Deleting an ApkAssets object '<empty> and /data/app/~~8sZiSgQYGMnMRAT4FN--Pg==/com.adobe.reader-SDD933Ljl7bFhmj6o56vIQ==/split_config.xxhdpi.apk' with 1 weak references
05-04 18:07:48.847 26370 26376 W .apps.wellbeing: ApkAssets: Deleting an ApkAssets object '<empty> and /product/priv-app/DishVVM/DishVVM.apk' with 1 weak references
05-04 18:07:48.847 26370 26376 W .apps.wellbeing: ApkAssets: Deleting an ApkAssets object '<empty> and /system_ext/priv-app/StorageManager/StorageManager.apk' with 1 weak references
05-04 18:07:48.847 26370 26376 W .apps.wellbeing: ApkAssets: Deleting an ApkAssets object '<empty> and /product/priv-app/DishCarrierApp/DishCarrierApp.apk' with 1 weak references
05-04 18:07:48.847 26370 26376 W .apps.wellbeing: ApkAssets: Deleting an ApkAssets object '<empty> and /data/app/~~tB3iZXKyluKXcrUAjKrobw==/com.creditcard.onecard-2f_zksV39-rLyV0wAEcc2g==/base.apk' with 1 weak references
05-04 18:07:48.848 26370 26376 W .apps.wellbeing: ApkAssets: Deleting an ApkAssets object '<empty> and /data/app/~~tB3iZXKyluKXcrUAjKrobw==/com.creditcard.onecard-2f_zksV39-rLyV0wAEcc2g==/split_config.arm64_v8a.apk' with 1 weak references
05-04 18:07:48.848 26370 26376 W .apps.wellbeing: ApkAssets: Deleting an ApkAssets object '<empty> and /data/app/~~tB3iZXKyluKXcrUAjKrobw==/com.creditcard.onecard-2f_zksV39-rLyV0wAEcc2g==/split_config.en.apk' with 1 weak references
05-04 18:07:48.848 26370 26376 W .apps.wellbeing: ApkAssets: Deleting an ApkAssets object '<empty> and /data/app/~~tB3iZXKyluKXcrUAjKrobw==/com.creditcard.onecard-2f_zksV39-rLyV0wAEcc2g==/split_config.xxhdpi.apk' with 1 weak references
05-04 18:07:48.848 26370 26376 W .apps.wellbeing: ApkAssets: Deleting an ApkAssets object '<empty> and /system_ext/priv-app/MSimSettings/MSimSettings.apk' with 1 weak references
05-04 18:07:48.848 26370 26376 W .apps.wellbeing: ApkAssets: Deleting an ApkAssets object '<empty> and /system/app/BookmarkProvider/BookmarkProvider.apk' with 1 weak references
05-04 18:07:48.848 26370 26376 W .apps.wellbeing: ApkAssets: Deleting an ApkAssets object '<empty> and /system_ext/priv-app/Settings/Settings.apk' with 1 weak references
05-04 18:07:48.851 26370 26376 W .apps.wellbeing: ApkAssets: Deleting an ApkAssets object '/product/overlay/Settings__auto_generated_rro_product.apk' with 1 weak references
05-04 18:07:48.851 26370 26376 W .apps.wellbeing: ApkAssets: Deleting an ApkAssets object '/product/overlay/MotoSettingsGlobalOverlay.apk' with 1 weak references
05-04 18:07:48.851 26370 26376 W .apps.wellbeing: ApkAssets: Deleting an ApkAssets object '/product/overlay/MotoSettingsFPSSideOverlay.apk' with 1 weak references
05-04 18:07:48.851 26370 26376 W .apps.wellbeing: ApkAssets: Deleting an ApkAssets object '/product/overlay/MotoSettingsUsbWebcamOverlay.apk' with 1 weak references
05-04 18:07:48.851 26370 26376 W .apps.wellbeing: ApkAssets: Deleting an ApkAssets object '<empty> and /product/priv-app/WfcActivation/WfcActivation.apk' with 1 weak references
05-04 18:07:48.851 26370 26376 W .apps.wellbeing: ApkAssets: Deleting an ApkAssets object '<empty> and /data/app/~~O3xl4X96ZZDO9lXLOCfL0w==/android.autoinstalls.config.motorola.layout-1eZISrezjj4XXhPUEL_z_w==/base.apk' with 1 weak references
05-04 18:07:48.851 26370 26376 W .apps.wellbeing: ApkAssets: Deleting an ApkAssets object '<empty> and /data/app/~~pWr-lG-5Tc3FtMJvoPBh3Q==/com.google.android.projection.gearhead-PuBx29VGgI_kBB7hVttDrg==/base.apk' with 1 weak references
05-04 18:07:48.852 26370 26376 W .apps.wellbeing: ApkAssets: Deleting an ApkAssets object '<empty> and /data/app/~~pWr-lG-5Tc3FtMJvoPBh3Q==/com.google.android.projection.gearhead-PuBx29VGgI_kBB7hVttDrg==/split_config.arm64_v8a.apk' with 1 weak references
05-04 18:07:48.852 26370 26376 W .apps.wellbeing: ApkAssets: Deleting an ApkAssets object '<empty> and /data/app/~~pWr-lG-5Tc3FtMJvoPBh3Q==/com.google.android.projection.gearhead-PuBx29VGgI_kBB7hVttDrg==/split_config.en.apk' with 1 weak references
05-04 18:07:48.852 26370 26376 W .apps.wellbeing: ApkAssets: Deleting an ApkAssets object '<empty> and /data/app/~~pWr-lG-5Tc3FtMJvoPBh3Q==/com.google.android.projection.gearhead-PuBx29VGgI_kBB7hVttDrg==/split_config.xxhdpi.apk' with 1 weak references
05-04 18:07:48.852 26370 26376 W .apps.wellbeing: ApkAssets: Deleting an ApkAssets object '<empty> and /product/priv-app/VzwOBDMStub/VzwOBDMStub.apk' with 1 weak references
05-04 18:07:48.852 26370 26376 W .apps.wellbeing: ApkAssets: Deleting an ApkAssets object '<empty> and /product/priv-app/Turbo/Turbo.apk' with 1 weak references
05-04 18:07:48.852 26370 26376 W .apps.wellbeing: ApkAssets: Deleting an ApkAssets object '<empty> and /data/app/~~GWP0iffMQeaFU6s1W-mDbg==/com.anthropic.claude-CQHar76g7TtF5IZD2FqvCA==/base.apk' with 1 weak references
05-04 18:07:48.852 26370 26376 W .apps.wellbeing: ApkAssets: Deleting an ApkAssets object '<empty> and /data/app/~~GWP0iffMQeaFU6s1W-mDbg==/com.anthropic.claude-CQHar76g7TtF5IZD2FqvCA==/split_config.arm64_v8a.apk' with 1 weak references
05-04 18:07:48.853 26370 26376 W .apps.wellbeing: ApkAssets: Deleting an ApkAssets object '<empty> and /data/app/~~GWP0iffMQeaFU6s1W-mDbg==/com.anthropic.claude-CQHar76g7TtF5IZD2FqvCA==/split_config.bn.apk' with 1 weak references
05-04 18:07:48.853 26370 26376 W .apps.wellbeing: ApkAssets: Deleting an ApkAssets object '<empty> and /data/app/~~GWP0iffMQeaFU6s1W-mDbg==/com.anthropic.claude-CQHar76g7TtF5IZD2FqvCA==/split_config.en.apk' with 1 weak references
05-04 18:07:48.853 26370 26376 W .apps.wellbeing: ApkAssets: Deleting an ApkAssets object '<empty> and /data/app/~~GWP0iffMQeaFU6s1W-mDbg==/com.anthropic.claude-CQHar76g7TtF5IZD2FqvCA==/split_config.gu.apk' with 1 weak references
05-04 18:07:48.853 26370 26376 W .apps.wellbeing: ApkAssets: Deleting an ApkAssets object '<empty> and /data/app/~~GWP0iffMQeaFU6s1W-mDbg==/com.anthropic.claude-CQHar76g7TtF5IZD2FqvCA==/split_config.kn.apk' with 1 weak references
05-04 18:07:48.853 26370 26376 W .apps.wellbeing: ApkAssets: Deleting an ApkAssets object '<empty> and /data/app/~~GWP0iffMQeaFU6s1W-mDbg==/com.anthropic.claude-CQHar76g7TtF5IZD2FqvCA==/split_config.mr.apk' with 1 weak references
05-04 18:07:48.853 26370 26376 W .apps.wellbeing: ApkAssets: Deleting an ApkAssets object '<empty> and /data/app/~~GWP0iffMQeaFU6s1W-mDbg==/com.anthropic.claude-CQHar76g7TtF5IZD2FqvCA==/split_config.ta.apk' with 1 weak references
05-04 18:07:48.853 26370 26376 W .apps.wellbeing: ApkAssets: Deleting an ApkAssets object '<empty> and /data/app/~~GWP0iffMQeaFU6s1W-mDbg==/com.anthropic.claude-CQHar76g7TtF5IZD2FqvCA==/split_config.te.apk' with 1 weak references
05-04 18:07:48.853 26370 26376 W .apps.wellbeing: ApkAssets: Deleting an ApkAssets object '<empty> and /data/app/~~GWP0iffMQeaFU6s1W-mDbg==/com.anthropic.claude-CQHar76g7TtF5IZD2FqvCA==/split_config.xxhdpi.apk' with 1 weak references
05-04 18:07:48.853 26370 26376 W .apps.wellbeing: ApkAssets: Deleting an ApkAssets object '<empty> and /data/app/~~NMb063APO-wcx_52dVHD7g==/com.google.android.safetycore-J6HxIi5MuCFHHhFpcGw3bQ==/base.apk' with 1 weak references
05-04 18:07:48.853 26370 26376 W .apps.wellbeing: ApkAssets: Deleting an ApkAssets object '<empty> and /data/app/~~NMb063APO-wcx_52dVHD7g==/com.google.android.safetycore-J6HxIi5MuCFHHhFpcGw3bQ==/split_config.arm64_v8a.apk' with 1 weak references
05-04 18:07:48.853 26370 26376 W .apps.wellbeing: ApkAssets: Deleting an ApkAssets object '<empty> and /data/app/~~NMb063APO-wcx_52dVHD7g==/com.google.android.safetycore-J6HxIi5MuCFHHhFpcGw3bQ==/split_config.bn.apk' with 1 weak references
05-04 18:07:48.853 26370 26376 W .apps.wellbeing: ApkAssets: Deleting an ApkAssets object '<empty> and /data/app/~~NMb063APO-wcx_52dVHD7g==/com.google.android.safetycore-J6HxIi5MuCFHHhFpcGw3bQ==/split_config.en.apk' with 1 weak references
05-04 18:07:48.853 26370 26376 W .apps.wellbeing: ApkAssets: Deleting an ApkAssets object '<empty> and /data/app/~~NMb063APO-wcx_52dVHD7g==/com.google.android.safetycore-J6HxIi5MuCFHHhFpcGw3bQ==/split_config.gu.apk' with 1 weak references
05-04 18:07:48.853 26370 26376 W .apps.wellbeing: ApkAssets: Deleting an ApkAssets object '<empty> and /data/app/~~NMb063APO-wcx_52dVHD7g==/com.google.android.safetycore-J6HxIi5MuCFHHhFpcGw3bQ==/split_config.hi.apk' with 1 weak references
05-04 18:07:48.853 26370 26376 W .apps.wellbeing: ApkAssets: Deleting an ApkAssets object '<empty> and /data/app/~~NMb063APO-wcx_52dVHD7g==/com.google.android.safetycore-J6HxIi5MuCFHHhFpcGw3bQ==/split_config.kn.apk' with 1 weak references
05-04 18:07:48.853 26370 26376 W .apps.wellbeing: ApkAssets: Deleting an ApkAssets object '<empty> and /data/app/~~NMb063APO-wcx_52dVHD7g==/com.google.android.safetycore-J6HxIi5MuCFHHhFpcGw3bQ==/split_config.mr.apk' with 1 weak references
05-04 18:07:48.853 26370 26376 W .apps.wellbeing: ApkAssets: Deleting an ApkAssets object '<empty> and /data/app/~~NMb063APO-wcx_52dVHD7g==/com.google.android.safetycore-J6HxIi5MuCFHHhFpcGw3bQ==/split_config.ta.apk' with 1 weak references
05-04 18:07:48.854 26370 26376 W .apps.wellbeing: ApkAssets: Deleting an ApkAssets object '<empty> and /data/app/~~NMb063APO-wcx_52dVHD7g==/com.google.android.safetycore-J6HxIi5MuCFHHhFpcGw3bQ==/split_config.te.apk' with 1 weak references
05-04 18:07:48.854 26370 26376 W .apps.wellbeing: ApkAssets: Deleting an ApkAssets object '<empty> and /data/app/~~NMb063APO-wcx_52dVHD7g==/com.google.android.safetycore-J6HxIi5MuCFHHhFpcGw3bQ==/split_config.xxhdpi.apk' with 1 weak references
05-04 18:07:48.854 26370 26376 W .apps.wellbeing: ApkAssets: Deleting an ApkAssets object '<empty> and /data/app/~~FQTe1n4saBLC8UIDFdhG8g==/com.google.android.apps.chromecast.app-Fdmfucj8joV73FrvQhNvPA==/base.apk' with 1 weak references
05-04 18:07:48.854 26370 26376 W .apps.wellbeing: ApkAssets: Deleting an ApkAssets object '<empty> and /data/app/~~FQTe1n4saBLC8UIDFdhG8g==/com.google.android.apps.chromecast.app-Fdmfucj8joV73FrvQhNvPA==/split_config.arm64_v8a.apk' with 1 weak references
05-04 18:07:48.854 26370 26376 W .apps.wellbeing: ApkAssets: Deleting an ApkAssets object '<empty> and /data/app/~~FQTe1n4saBLC8UIDFdhG8g==/com.google.android.apps.chromecast.app-Fdmfucj8joV73FrvQhNvPA==/split_config.en.apk' with 1 weak references
05-04 18:07:48.854 26370 26376 W .apps.wellbeing: ApkAssets: Deleting an ApkAssets object '<empty> and /data/app/~~FQTe1n4saBLC8UIDFdhG8g==/com.google.android.apps.chromecast.app-Fdmfucj8joV73FrvQhNvPA==/split_config.xxhdpi.apk' with 1 weak references
05-04 18:07:48.854 26370 26376 W .apps.wellbeing: ApkAssets: Deleting an ApkAssets object '<empty> and /system_ext/priv-app/Launcher3QuickStep/Launcher3QuickStep.apk' with 1 weak references
05-04 18:07:48.854 26370 26376 W .apps.wellbeing: ApkAssets: Deleting an ApkAssets object '/product/overlay/MotoLauncherOverlayLowTier.apk' with 1 weak references
05-04 18:07:48.855 26370 26376 W .apps.wellbeing: ApkAssets: Deleting an ApkAssets object '<empty> and /product/priv-app/SpectrumCM/SpectrumCM.apk' with 1 weak references
05-04 18:07:48.855 26370 26376 W .apps.wellbeing: ApkAssets: Deleting an ApkAssets object '<empty> and /apex/com.android.wifi/priv-app/ServiceWifiResourcesGoogle@361524080/ServiceWifiResourcesGoogle.apk' with 1 weak references
05-04 18:07:48.855 26370 26376 W .apps.wellbeing: ApkAssets: Deleting an ApkAssets object '/vendor/overlay/WifiRes6GhzEnable.apk' with 1 weak references
05-04 18:07:48.855 26370 26376 W .apps.wellbeing: ApkAssets: Deleting an ApkAssets object '/vendor/overlay/WifiResDualStaApDisableROW.apk' with 1 weak references
05-04 18:07:48.855 26370 26376 W .apps.wellbeing: ApkAssets: Deleting an ApkAssets object '/vendor/overlay/WifiResSoftap80211axEnable.apk' with 1 weak references
05-04 18:07:48.855 26370 26376 W .apps.wellbeing: ApkAssets: Deleting an ApkAssets object '/vendor/overlay/WifiResDualStaApEnableROW.apk' with 1 weak references
05-04 18:07:48.855 26370 26376 W .apps.wellbeing: ApkAssets: Deleting an ApkAssets object '/product/overlay/WifiResCommonOverlay.apk' with 1 weak references
05-04 18:07:48.856 26370 26376 W .apps.wellbeing: ApkAssets: Deleting an ApkAssets object '<empty> and /system_ext/app/SlpcSystem/SlpcSystem.apk' with 1 weak references
05-04 18:07:48.856 26370 26376 W .apps.wellbeing: ApkAssets: Deleting an ApkAssets object '<empty> and /product/priv-app/VzwPhoneService/VzwPhoneService.apk' with 1 weak references
05-04 18:07:48.856 26370 26376 W .apps.wellbeing: ApkAssets: Deleting an ApkAssets object '<empty> and /data/app/~~tv-hoHS9_tjSNkPmP-z5Eg==/com.motorola.actions-CvrpF7L3p8MGakPadjEqfQ==/base.apk' with 1 weak references
05-04 18:07:48.856 26370 26376 W .apps.wellbeing: ApkAssets: Deleting an ApkAssets object '<empty> and /system_ext/priv-app/GoogleWallpapers/GoogleWallpapers.apk' with 1 weak references
05-04 18:07:48.856 26370 26376 W .apps.wellbeing: ApkAssets: Deleting an ApkAssets object '<empty> and /system_ext/priv-app/ModemStatsService/ModemStatsService.apk' with 1 weak references
05-04 18:07:48.857 26370 26376 W .apps.wellbeing: ApkAssets: Deleting an ApkAssets object '<empty> and /system/priv-app/TeleService/TeleService.apk' with 1 weak references
05-04 18:07:48.858 26370 26376 W .apps.wellbeing: ApkAssets: Deleting an ApkAssets object '/product/overlay/TeleServiceCarrierSettingsRRO.apk' with 1 weak references
05-04 18:07:48.858 26370 26376 W .apps.wellbeing: ApkAssets: Deleting an ApkAssets object '/product/overlay/TelephonyResMotCommon.apk' with 1 weak references
05-04 18:07:48.858 26370 26376 W .apps.wellbeing: ApkAssets: Deleting an ApkAssets object '/product/overlay/TelephonyResCommonQcomRRO.apk' with 1 weak references
05-04 18:07:48.859 26370 26376 W .apps.wellbeing: ApkAssets: Deleting an ApkAssets object '<empty> and /system/priv-app/Shell/Shell.apk' with 1 weak references
05-04 18:07:48.859 26370 26376 W .apps.wellbeing: ApkAssets: Deleting an ApkAssets object '<empty> and /system/priv-app/BlockedNumberProvider/BlockedNumberProvider.apk' with 1 weak references
05-04 18:07:48.859 26370 26376 W .apps.wellbeing: ApkAssets: Deleting an ApkAssets object '<empty> and /system_ext/priv-app/Personalize/Personalize.apk' with 1 weak references
05-04 18:07:48.859 26370 26376 W .apps.wellbeing: ApkAssets: Deleting an ApkAssets object '<empty> and /system/priv-app/UserDictionaryProvider/UserDictionaryProvider.apk' with 1 weak references
05-04 18:07:48.859 26370 26376 W .apps.wellbeing: ApkAssets: Deleting an ApkAssets object '<empty> and /data/app/~~o8EDBfOIjUi-muzv7WDwRA==/com.google.android.apps.carrier.carrierwifi-Irkw5lfmvWGaBvPoAyOskg==/base.apk' with 1 weak references
05-04 18:07:48.859 26370 26376 W .apps.wellbeing: ApkAssets: Deleting an ApkAssets object '<empty> and /data/app/~~uZYlzWeg2E2RxzdxwM-E7A==/in.swiggy.android-rjbI9TBzK_b4GD5CDd-YMA==/base.apk' with 1 weak references
05-04 18:07:48.860 26370 26376 W .apps.wellbeing: ApkAssets: Deleting an ApkAssets object '<empty> and /data/app/~~uZYlzWeg2E2RxzdxwM-E7A==/in.swiggy.android-rjbI9TBzK_b4GD5CDd-YMA==/split_config.arm64_v8a.apk' with 1 weak references
05-04 18:07:48.860 26370 26376 W .apps.wellbeing: ApkAssets: Deleting an ApkAssets object '<empty> and /data/app/~~uZYlzWeg2E2RxzdxwM-E7A==/in.swiggy.android-rjbI9TBzK_b4GD5CDd-YMA==/split_config.xxhdpi.apk' with 1 weak references
05-04 18:07:48.860 26370 26376 W .apps.wellbeing: ApkAssets: Deleting an ApkAssets object '<empty> and /system_ext/priv-app/xrcbservice/xrcbservice.apk' with 1 weak references
05-04 18:07:48.860 26370 26376 W .apps.wellbeing: ApkAssets: Deleting an ApkAssets object '<empty> and /product/app/GoogleLocationHistory/GoogleLocationHistory.apk' with 1 weak references
05-04 18:07:48.860 26370 26376 W .apps.wellbeing: ApkAssets: Deleting an ApkAssets object '<empty> and /product/overlay/NavigationBarModeGestural/NavigationBarModeGesturalOverlay.apk' with 1 weak references
05-04 18:07:48.860 26370 26376 W .apps.wellbeing: ApkAssets: Deleting an ApkAssets object '<empty> and /system/priv-app/FusedLocation/FusedLocation.apk' with 1 weak references
05-04 18:07:48.860 26370 26376 W .apps.wellbeing: ApkAssets: Deleting an ApkAssets object '<empty> and /system_ext/priv-app/SystemUIMoto/SystemUIMoto.apk' with 1 weak references
05-04 18:07:48.861 26370 26376 W .apps.wellbeing: ApkAssets: Deleting an ApkAssets object '/vendor/overlay/SystemUI__auto_generated_rro_vendor.apk' with 1 weak references
05-04 18:07:48.861 26370 26376 W .apps.wellbeing: ApkAssets: Deleting an ApkAssets object '/product/overlay/SystemUIMoto__auto_generated_rro_product.apk' with 1 weak references
05-04 18:07:48.861 26370 26376 W .apps.wellbeing: ApkAssets: Deleting an ApkAssets object '<empty> and /product/app/MotCamera3AI/MotCamera3AI.apk' with 1 weak references
05-04 18:07:48.861 26370 26376 W .apps.wellbeing: ApkAssets: Deleting an ApkAssets object '<empty> and /product/priv-app/DishInstallerApp/DishInstallerApp.apk' with 1 weak references
05-04 18:07:48.862 26370 26376 W .apps.wellbeing: ApkAssets: Deleting an ApkAssets object '<empty> and /data/app/~~78ywkWHWEPypjtynYzB8BA==/com.google.android.apps.youtube.music-l5g7nMYpfWyY4iyMmWgkNw==/base.apk' with 1 weak references
05-04 18:07:48.862 26370 26376 W .apps.wellbeing: ApkAssets: Deleting an ApkAssets object '<empty> and /data/app/~~78ywkWHWEPypjtynYzB8BA==/com.google.android.apps.youtube.music-l5g7nMYpfWyY4iyMmWgkNw==/split_config.en.apk' with 1 weak references
05-04 18:07:48.862 26370 26376 W .apps.wellbeing: ApkAssets: Deleting an ApkAssets object '<empty> and /data/app/~~78ywkWHWEPypjtynYzB8BA==/com.google.android.apps.youtube.music-l5g7nMYpfWyY4iyMmWgkNw==/split_config.xxhdpi.apk' with 1 weak references
05-04 18:07:48.862 26370 26376 W .apps.wellbeing: ApkAssets: Deleting an ApkAssets object '<empty> and /product/priv-app/EasyPrefix/EasyPrefix.apk' with 1 weak references
05-04 18:07:48.862 26370 26376 W .apps.wellbeing: ApkAssets: Deleting an ApkAssets object '<empty> and /data/app/~~lGhoM-bAmr8n4mDnaUub4A==/com.whizdm.moneyview.loans-JIUy_pviyHhymllykvXwMw==/base.apk' with 1 weak references
05-04 18:07:48.862 26370 26376 W .apps.wellbeing: ApkAssets: Deleting an ApkAssets object '<empty> and /data/app/~~lGhoM-bAmr8n4mDnaUub4A==/com.whizdm.moneyview.loans-JIUy_pviyHhymllykvXwMw==/split_config.arm64_v8a.apk' with 1 weak references
05-04 18:07:48.863 26370 26376 W .apps.wellbeing: ApkAssets: Deleting an ApkAssets object '<empty> and /data/app/~~lGhoM-bAmr8n4mDnaUub4A==/com.whizdm.moneyview.loans-JIUy_pviyHhymllykvXwMw==/split_config.xxhdpi.apk' with 1 weak references
05-04 18:07:48.863 26370 26376 W .apps.wellbeing: ApkAssets: Deleting an ApkAssets object '<empty> and /system/app/BluetoothMidiService/BluetoothMidiService.apk' with 1 weak references
05-04 18:07:48.863 26370 26376 W .apps.wellbeing: ApkAssets: Deleting an ApkAssets object '<empty> and /data/app/~~uiE1nlW6kxU1tjCYf4Szcg==/com.facebook.appmanager-9A7eR_oM-hH1iDCq3z__5Q==/base.apk' with 1 weak references
05-04 18:07:48.863 26370 26376 W .apps.wellbeing: ApkAssets: Deleting an ApkAssets object '<empty> and /product/priv-app/coreservice/coreservice.apk' with 1 weak references
05-04 18:07:48.863 26370 26376 W .apps.wellbeing: ApkAssets: Deleting an ApkAssets object '<empty> and /data/app/~~l2xVWjSMIkkTkrPj1b1HyA==/com.myprog.netscan-XfsnnQhGzGQv8sqx7WVmWA==/base.apk' with 1 weak references
05-04 18:07:48.863 26370 26376 W .apps.wellbeing: ApkAssets: Deleting an ApkAssets object '<empty> and /data/app/~~l2xVWjSMIkkTkrPj1b1HyA==/com.myprog.netscan-XfsnnQhGzGQv8sqx7WVmWA==/split_config.arm64_v8a.apk' with 1 weak references
05-04 18:07:48.863 26370 26376 W .apps.wellbeing: ApkAssets: Deleting an ApkAssets object '<empty> and /data/app/~~l2xVWjSMIkkTkrPj1b1HyA==/com.myprog.netscan-XfsnnQhGzGQv8sqx7WVmWA==/split_config.bn.apk' with 1 weak references
05-04 18:07:48.863 26370 26376 W .apps.wellbeing: ApkAssets: Deleting an ApkAssets object '<empty> and /data/app/~~l2xVWjSMIkkTkrPj1b1HyA==/com.myprog.netscan-XfsnnQhGzGQv8sqx7WVmWA==/split_config.en.apk' with 1 weak references
05-04 18:07:48.864 26370 26376 W .apps.wellbeing: ApkAssets: Deleting an ApkAssets object '<empty> and /data/app/~~l2xVWjSMIkkTkrPj1b1HyA==/com.myprog.netscan-XfsnnQhGzGQv8sqx7WVmWA==/split_config.gu.apk' with 1 weak references
05-04 18:07:48.864 26370 26376 W .apps.wellbeing: ApkAssets: Deleting an ApkAssets object '<empty> and /data/app/~~l2xVWjSMIkkTkrPj1b1HyA==/com.myprog.netscan-XfsnnQhGzGQv8sqx7WVmWA==/split_config.hi.apk' with 1 weak references
05-04 18:07:48.864 26370 26376 W .apps.wellbeing: ApkAssets: Deleting an ApkAssets object '<empty> and /data/app/~~l2xVWjSMIkkTkrPj1b1HyA==/com.myprog.netscan-XfsnnQhGzGQv8sqx7WVmWA==/split_config.kn.apk' with 1 weak references
05-04 18:07:48.864 26370 26376 W .apps.wellbeing: ApkAssets: Deleting an ApkAssets object '<empty> and /data/app/~~l2xVWjSMIkkTkrPj1b1HyA==/com.myprog.netscan-XfsnnQhGzGQv8sqx7WVmWA==/split_config.mr.apk' with 1 weak references
05-04 18:07:48.864 26370 26376 W .apps.wellbeing: ApkAssets: Deleting an ApkAssets object '<empty> and /data/app/~~l2xVWjSMIkkTkrPj1b1HyA==/com.myprog.netscan-XfsnnQhGzGQv8sqx7WVmWA==/split_config.ta.apk' with 1 weak references
05-04 18:07:48.864 26370 26376 W .apps.wellbeing: ApkAssets: Deleting an ApkAssets object '<empty> and /data/app/~~l2xVWjSMIkkTkrPj1b1HyA==/com.myprog.netscan-XfsnnQhGzGQv8sqx7WVmWA==/split_config.te.apk' with 1 weak references
05-04 18:07:48.864 26370 26376 W .apps.wellbeing: ApkAssets: Deleting an ApkAssets object '<empty> and /data/app/~~l2xVWjSMIkkTkrPj1b1HyA==/com.myprog.netscan-XfsnnQhGzGQv8sqx7WVmWA==/split_config.xxhdpi.apk' with 1 weak references
05-04 18:07:48.864 26370 26376 W .apps.wellbeing: ApkAssets: Deleting an ApkAssets object '<empty> and /system/app/Traceur/Traceur.apk' with 1 weak references
05-04 18:07:48.864 26370 26376 W .apps.wellbeing: ApkAssets: Deleting an ApkAssets object '<empty> and /apex/com.android.cellbroadcast/priv-app/GoogleCellBroadcastApp@361524280/GoogleCellBroadcastApp.apk' with 1 weak references
05-04 18:07:48.866 26370 26376 W .apps.wellbeing: ApkAssets: Deleting an ApkAssets object '/product/overlay/MotoCellBroadcastReceiverOverlay.apk' with 1 weak references
05-04 18:07:48.866 26370 26376 W .apps.wellbeing: ApkAssets: Deleting an ApkAssets object '<empty> and /product/priv-app/VzwDeviceSetup/VzwDeviceSetup.apk' with 1 weak references
05-04 18:07:48.866 26370 26376 W .apps.wellbeing: ApkAssets: Deleting an ApkAssets object '<empty> and /system_ext/priv-app/MotoFeatureDiscovery/MotoFeatureDiscovery.apk' with 1 weak references
05-04 18:07:48.867 26370 26376 W .apps.wellbeing: ApkAssets: Deleting an ApkAssets object '<empty> and /data/app/~~P-QFNjfpQ8fBJQ5MDvD-rQ==/com.motorola.motcameradesktop-gAptgFbhbOQhXEv2Vy1Ulw==/base.apk' with 1 weak references
05-04 18:07:48.867 26370 26376 W .apps.wellbeing: ApkAssets: Deleting an ApkAssets object '<empty> and /system_ext/app/QCC/QCC.apk' with 1 weak references
05-04 18:07:48.867 26370 26376 W .apps.wellbeing: ApkAssets: Deleting an ApkAssets object '<empty> and /data/app/~~bjj439o3keL8pEKTJzZ5rg==/com.google.android.apps.magazines-zMqXAo8N-Ep2SxS-EOSiIQ==/base.apk' with 1 weak references
05-04 18:07:48.867 26370 26376 W .apps.wellbeing: ApkAssets: Deleting an ApkAssets object '<empty> and /data/app/~~bjj439o3keL8pEKTJzZ5rg==/com.google.android.apps.magazines-zMqXAo8N-Ep2SxS-EOSiIQ==/split_config.arm64_v8a.apk' with 1 weak references
05-04 18:07:48.867 26370 26376 W .apps.wellbeing: ApkAssets: Deleting an ApkAssets object '<empty> and /data/app/~~bjj439o3keL8pEKTJzZ5rg==/com.google.android.apps.magazines-zMqXAo8N-Ep2SxS-EOSiIQ==/split_config.en.apk' with 1 weak references
05-04 18:07:48.867 26370 26376 W .apps.wellbeing: ApkAssets: Deleting an ApkAssets object '<empty> and /data/app/~~bjj439o3keL8pEKTJzZ5rg==/com.google.android.apps.magazines-zMqXAo8N-Ep2SxS-EOSiIQ==/split_config.xxhdpi.apk' with 1 weak references
05-04 18:07:48.867 26370 26376 W .apps.wellbeing: ApkAssets: Deleting an ApkAssets object '<empty> and /system/app/Bluetooth/Bluetooth.apk' with 1 weak references
05-04 18:07:48.868 26370 26376 W .apps.wellbeing: ApkAssets: Deleting an ApkAssets object '<empty> and /system/priv-app/ContactsProvider/ContactsProvider.apk' with 1 weak references
05-04 18:07:48.868 26370 26376 W .apps.wellbeing: ApkAssets: Deleting an ApkAssets object '<empty> and /product/priv-app/VzwController/VzwController.apk' with 1 weak references
05-04 18:07:48.868 26370 26376 W .apps.wellbeing: ApkAssets: Deleting an ApkAssets object '<empty> and /product/overlay/IconShapeRoundedRect/IconShapeRoundedRectOverlay.apk' with 1 weak references
05-04 18:07:48.868 26370 26376 W .apps.wellbeing: ApkAssets: Deleting an ApkAssets object '<empty> and /product/overlay/NavigationBarModeGesturalNarrowBack/NavigationBarModeGesturalOverlayNarrowBack.apk' with 1 weak references
05-04 18:07:48.868 26370 26376 W .apps.wellbeing: ApkAssets: Deleting an ApkAssets object '<empty> and /apex/com.android.devicelock/priv-app/DeviceLockController@U1SHS34M.1-177-6-4/DeviceLockController.apk' with 1 weak references
05-04 18:07:48.869 26370 26376 W .apps.wellbeing: ApkAssets: Deleting an ApkAssets object '<empty> and /system_ext/priv-app/ImagerTuning-U/ImagerTuning-U.apk' with 1 weak references
05-04 18:07:48.869 26370 26376 W .apps.wellbeing: ApkAssets: Deleting an ApkAssets object '<empty> and /apex/com.android.mediaprovider/priv-app/PhotopickerGoogle@361521100/PhotopickerGoogle.apk' with 1 weak references
05-04 18:07:48.869 26370 26376 W .apps.wellbeing: ApkAssets: Deleting an ApkAssets object '<empty> and /product/priv-app/VzwMessages/VzwMessages.apk' with 1 weak references
05-04 18:07:48.870 26370 26376 W .apps.wellbeing: ApkAssets: Deleting an ApkAssets object '<empty> and /data/app/~~jOmbti9WnlFtTPBfw0Klgg==/com.google.android.inputmethod.latin-QXSG_InZ3WdHSUj4cvAzQg==/base.apk' with 1 weak references
05-04 18:07:48.870 26370 26376 W .apps.wellbeing: ApkAssets: Deleting an ApkAssets object '<empty> and /data/app/~~jOmbti9WnlFtTPBfw0Klgg==/com.google.android.inputmethod.latin-QXSG_InZ3WdHSUj4cvAzQg==/split_brella_feature_split.apk' with 1 weak references
05-04 18:07:48.870 26370 26376 W .apps.wellbeing: ApkAssets: Deleting an ApkAssets object '<empty> and /data/app/~~jOmbti9WnlFtTPBfw0Klgg==/com.google.android.inputmethod.latin-QXSG_InZ3WdHSUj4cvAzQg==/split_config.xxhdpi.apk' with 1 weak references
05-04 18:07:48.870 26370 26376 W .apps.wellbeing: ApkAssets: Deleting an ApkAssets object '<empty> and /data/app/~~jOmbti9WnlFtTPBfw0Klgg==/com.google.android.inputmethod.latin-QXSG_InZ3WdHSUj4cvAzQg==/split_tenoranimation_feature_split.apk' with 1 weak references
05-04 18:07:48.870 26370 26376 W .apps.wellbeing: ApkAssets: Deleting an ApkAssets object '<empty> and /product/priv-app/Vowifi/Vowifi.apk' with 1 weak references
05-04 18:07:48.870 26370 26376 W .apps.wellbeing: ApkAssets: Deleting an ApkAssets object '<empty> and /data/app/~~zmROWK1BC_R3y_NKV7yHZw==/com.dti.motorola-fkM_ph19gIcvCtJMM9o_vQ==/base.apk' with 1 weak references
05-04 18:07:48.871 26370 26376 W .apps.wellbeing: ApkAssets: Deleting an ApkAssets object '<empty> and /data/app/~~zmROWK1BC_R3y_NKV7yHZw==/com.dti.motorola-fkM_ph19gIcvCtJMM9o_vQ==/split_attribution.apk' with 1 weak references
05-04 18:07:48.871 26370 26376 W .apps.wellbeing: ApkAssets: Deleting an ApkAssets object '<empty> and /data/app/~~zmROWK1BC_R3y_NKV7yHZw==/com.dti.motorola-fkM_ph19gIcvCtJMM9o_vQ==/split_contentMedia.apk' with 1 weak references
05-04 18:07:48.871 26370 26376 W .apps.wellbeing: ApkAssets: Deleting an ApkAssets object '<empty> and /data/app/~~zmROWK1BC_R3y_NKV7yHZw==/com.dti.motorola-fkM_ph19gIcvCtJMM9o_vQ==/split_dynamicInstalls.apk' with 1 weak references
05-04 18:07:48.871 26370 26376 W .apps.wellbeing: ApkAssets: Deleting an ApkAssets object '<empty> and /data/app/~~zmROWK1BC_R3y_NKV7yHZw==/com.dti.motorola-fkM_ph19gIcvCtJMM9o_vQ==/split_igniteCompat.apk' with 1 weak references
05-04 18:07:48.871 26370 26376 W .apps.wellbeing: ApkAssets: Deleting an ApkAssets object '<empty> and /data/app/~~zmROWK1BC_R3y_NKV7yHZw==/com.dti.motorola-fkM_ph19gIcvCtJMM9o_vQ==/split_motorola.apk' with 1 weak references
05-04 18:07:48.871 26370 26376 W .apps.wellbeing: ApkAssets: Deleting an ApkAssets object '<empty> and /data/app/~~zmROWK1BC_R3y_NKV7yHZw==/com.dti.motorola-fkM_ph19gIcvCtJMM9o_vQ==/split_notification.apk' with 1 weak references
05-04 18:07:48.871 26370 26376 W .apps.wellbeing: ApkAssets: Deleting an ApkAssets object '<empty> and /data/app/~~zmROWK1BC_R3y_NKV7yHZw==/com.dti.motorola-fkM_ph19gIcvCtJMM9o_vQ==/split_serviceLayer.apk' with 1 weak references
05-04 18:07:48.871 26370 26376 W .apps.wellbeing: ApkAssets: Deleting an ApkAssets object '<empty> and /data/app/~~zmROWK1BC_R3y_NKV7yHZw==/com.dti.motorola-fkM_ph19gIcvCtJMM9o_vQ==/split_singleTap.apk' with 1 weak references
05-04 18:07:48.871 26370 26376 W .apps.wellbeing: ApkAssets: Deleting an ApkAssets object '<empty> and /data/app/~~zmROWK1BC_R3y_NKV7yHZw==/com.dti.motorola-fkM_ph19gIcvCtJMM9o_vQ==/split_ui.apk' with 1 weak references
05-04 18:07:48.871 26370 26376 W .apps.wellbeing: ApkAssets: Deleting an ApkAssets object '<empty> and /data/app/~~zmROWK1BC_R3y_NKV7yHZw==/com.dti.motorola-fkM_ph19gIcvCtJMM9o_vQ==/split_webview.apk' with 1 weak references
05-04 18:07:48.871 26370 26376 W .apps.wellbeing: ApkAssets: Deleting an ApkAssets object '<empty> and /data/app/~~zmROWK1BC_R3y_NKV7yHZw==/com.dti.motorola-fkM_ph19gIcvCtJMM9o_vQ==/split_wizard.apk' with 1 weak references
05-04 18:07:48.872 26370 26376 W .apps.wellbeing: ApkAssets: Deleting an ApkAssets object '<empty> and /data/app/~~u1op4uYgGPuKW1F-jSPg4Q==/com.google.android.apps.restore-047YmyX27IjhMN8ItjRDlg==/base.apk' with 1 weak references
05-04 18:07:48.872 26370 26376 W .apps.wellbeing: ApkAssets: Deleting an ApkAssets object '<empty> and /data/app/~~u1op4uYgGPuKW1F-jSPg4Q==/com.google.android.apps.restore-047YmyX27IjhMN8ItjRDlg==/split_config.xxhdpi.apk' with 1 weak references
05-04 18:07:49.074 26177 26177 W Finsky  : [2] STU: Failed to get storage stats for package 'com.google.android.media.swcodec' (1601: Error getting stats: android.content.pm.PackageManager.NameNotFoundException)
05-04 18:07:49.119 26177 26177 W Finsky  : [2] STU: Failed to get storage stats for package 'com.google.android.adbd' (1601: Error getting stats: android.content.pm.PackageManager.NameNotFoundException)
05-04 18:07:49.129 26177 26177 W Finsky  : [2] STU: Failed to get storage stats for package 'com.android.i18n' (1601: Error getting stats: android.content.pm.PackageManager.NameNotFoundException)
05-04 18:07:49.133 26177 26177 W Finsky  : [2] STU: Failed to get storage stats for package 'com.google.android.conscrypt' (1601: Error getting stats: android.content.pm.PackageManager.NameNotFoundException)
05-04 18:07:49.147 26177 26177 W Finsky  : [2] STU: Failed to get storage stats for package 'com.google.android.neuralnetworks' (1601: Error getting stats: android.content.pm.PackageManager.NameNotFoundException)
05-04 18:07:49.152 26177 26177 W Finsky  : [2] STU: Failed to get storage stats for package 'com.google.android.ipsec' (1601: Error getting stats: android.content.pm.PackageManager.NameNotFoundException)
05-04 18:07:49.155 26177 26177 W Finsky  : [2] STU: Failed to get storage stats for package 'com.android.devicelock' (1601: Error getting stats: android.content.pm.PackageManager.NameNotFoundException)
05-04 18:07:49.162 26177 26177 W Finsky  : [2] STU: Failed to get storage stats for package 'com.google.android.ondevicepersonalization' (1601: Error getting stats: android.content.pm.PackageManager.NameNotFoundException)
05-04 18:07:49.167 26177 26177 W Finsky  : [2] STU: Failed to get storage stats for package 'com.google.android.healthfitness' (1601: Error getting stats: android.content.pm.PackageManager.NameNotFoundException)
05-04 18:07:49.185 26177 26177 W Finsky  : [2] STU: Failed to get storage stats for package 'com.android.uwb' (1601: Error getting stats: android.content.pm.PackageManager.NameNotFoundException)
05-04 18:07:49.186 26177 26177 W Finsky  : [2] STU: Failed to get storage stats for package 'com.google.android.extservices' (1601: Error getting stats: android.content.pm.PackageManager.NameNotFoundException)
05-04 18:07:49.209 26177 26177 W Finsky  : [2] STU: Failed to get storage stats for package 'com.google.android.os.statsd' (1601: Error getting stats: android.content.pm.PackageManager.NameNotFoundException)
05-04 18:07:49.215 26177 26177 W Finsky  : [2] STU: Failed to get storage stats for package 'com.android.rkpd' (1601: Error getting stats: android.content.pm.PackageManager.NameNotFoundException)
05-04 18:07:49.219 26177 26177 W Finsky  : [2] STU: Failed to get storage stats for package 'com.google.android.scheduling' (1601: Error getting stats: android.content.pm.PackageManager.NameNotFoundException)
05-04 18:07:49.234 26177 26177 I Finsky  : [2] App states replicator found 37 unowned apps
05-04 18:07:49.258 26177 26219 I Finsky  : [1155] Completed 0 account content syncs with 0 successful.
05-04 18:07:49.258 26177 26177 I Finsky  : [2] [ContentSync] Installation state replication succeeded.
05-04 18:07:49.258 26177 26177 I Finsky  : [2] SCH: jobFinished: 12-1. TimeElapsed: 2487ms.
05-04 18:07:49.258 26177 26177 I Finsky  : [2] WM::SCH: Logging work end for 12-1
05-04 18:07:49.264 26177 26219 I Finsky  : [1155] SCH: Scheduling phonesky job Id: 1-1337, CT: 1777885233358, Constraints: [{ L: 43002871, D: 86202871, C: CHARGING_NONE, I: IDLE_NONE, N: NET_ANY, B: BATTERY_ANY }]
05-04 18:07:49.264 26177 26219 I Finsky  : [1155] SCH: Scheduling phonesky job Id: 34-1554, CT: 1777841887547, Constraints: [{ L: 604800000, D: 2587360940, C: CHARGING_NONE, I: IDLE_NONE, N: NET_ANY, B: BATTERY_ANY }]
05-04 18:07:49.264 26177 26219 I Finsky  : [1155] SCH: Scheduling phonesky job Id: 34-1558, CT: 1777841887548, Constraints: [{ L: 74560757, D: 1370560757, C: CHARGING_NONE, I: IDLE_NONE, N: NET_ANY, B: BATTERY_ANY }]
05-04 18:07:49.266 26177 26223 I Finsky  : [1159] SCH: Scheduling 1 system job(s)
05-04 18:07:49.267 26177 26223 I Finsky  : [1159] SCH: Scheduling system job Id: 9689, L: 18179039, D: 73166963, C: false, I: false, N: 1
05-04 18:07:49.271 26177 26638 I Finsky  : [1225] SCH: job service finished with id 9675.
05-04 18:07:49.271  3064  7416 D PowerManagerService: nativeReleaseSuspendBlocker name:PowerManagerService.WakeLocks duration ms: 0
05-04 18:07:49.275  3064  3458 I ActivityManager: Killing 24735:com.google.android.apps.turbo:ssb/u0a210 (adj 935, setSvc -10000): empty #31
05-04 18:07:49.305  3064  3458 I ActivityManager: appDiedLocked: app=ProcessRecord{847af39 24735:com.google.android.apps.turbo:ssb/u0a210} thread=android.os.BinderProxy@fd41583 fromBinderDied=true isKilledByAm=true reason=null
05-04 18:07:49.306  1587  1587 I Zygote  : Process 24735 exited due to signal 9 (Killed)
05-04 18:07:49.306  3064  3404 I libprocessgroup: Successfully killed process cgroup uid 10210 pid 24735 in 31ms
05-04 18:07:49.306  3064  3458 D RestartModeController: markWaitRestartAppIsSuicided null processName=com.google.android.apps.turbo:ssb
05-04 18:07:49.306  3064  3458 D ActivityTaskManager: handleAppDied: uid=10210,diedCount=1,lastDiedTime=729194102,forceStopUids=false
05-04 18:07:49.309  3064  3458 I ActivityManager: Killing 24685:com.motorola.discovery/u0a317 (adj 999, setSvc -10000): empty #31
05-04 18:07:49.315  3064  3404 I libprocessgroup: Successfully killed process cgroup uid 10317 pid 24685 in 5ms
05-04 18:07:49.336  3064  3968 I ActivityManager: appDiedLocked: app=ProcessRecord{12b722 24685:com.motorola.discovery/u0a317} thread=android.os.BinderProxy@22d4300 fromBinderDied=true isKilledByAm=true reason=null
05-04 18:07:49.337  1587  1587 I Zygote  : Process 24685 exited due to signal 9 (Killed)
05-04 18:07:49.337  3064  3968 D RestartModeController: markWaitRestartAppIsSuicided null processName=com.motorola.discovery
05-04 18:07:49.337  3064  3968 D ActivityTaskManager: handleAppDied: uid=10317,diedCount=1,lastDiedTime=679345399,forceStopUids=false
05-04 18:07:49.338  3064  3368 D DisplayManagerService: Drop pending events for gone uid 10317
05-04 18:07:49.402  3064  3736 D WifiStaIfaceHidlImpl: getCachedScanData is not implemented by HIDL
05-04 18:07:49.404  3064  3064 D EnhancedConnectivityController: Wifi onCapabilitiesChanged
05-04 18:07:49.404  3064  3064 D EnhancedConnectivityController: Default net onCapabilitiesChanged
05-04 18:07:49.404  3064  3064 D EnhancedConnectivityController: updateDefaultNet:648
05-04 18:07:49.404  3064  3064 D EnhancedConnectivityController: mayUpdateNotification: shouldShow=false,UidsBlocked=false, net info=net:648,ifName=wlan0,securityType=2,isDefault=true,ssid="Airtel_Siddhanth's wifi",notificationId=0
05-04 18:07:49.408  3064  3736 I HalDevMgr: bestIfaceCreationProposal is null, requestIface=STA, existingIface=[name=ap_br_wlan2 type=AP_BRIDGE, name=wlan0 type=STA]
05-04 18:07:49.408  5998  6251 I ModemStats: [DataStallDetectService] onCapabilitiesChanged networkCapabilities=[ Transports: WIFI Capabilities: NOT_METERED&INTERNET&NOT_RESTRICTED&TRUSTED&NOT_VPN&VALIDATED&NOT_ROAMING&FOREGROUND&NOT_CONGESTED&NOT_SUSPENDED&NOT_VCN_MANAGED LinkUpBandwidth>=1636Kbps LinkDnBandwidth>=37611Kbps TransportInfo: <SSID: <unknown ssid>, BSSID: 02:00:00:00:00:00, MAC: 02:00:00:00:00:00, IP: /192.168.1.2, Security type: 2, Supplicant state: COMPLETED, Wi-Fi standard: 11ac, RSSI: -61, Link speed: 292Mbps, Tx Link speed: 292Mbps, Max Supported Tx Link speed: 866Mbps, Rx Link speed: 6Mbps, Max Supported Rx Link speed: 866Mbps, Frequency: 5765MHz, Net ID: -1, Metered hint: false, score: 100, isUsable: true, CarrierMerged: false, SubscriptionId: -1, IsPrimary: -1, Trusted: true, Restricted: false, Ephemeral: false, OEM paid: false, OEM private: false, OSU AP: false, FQDN: <none>, Provider friendly name: <none>, Requesting package name: <none><none>MLO Information: , Is TID-To-Link negotiation supported by the AP: false, AP MLD Address: <none>, AP MLO Link Id: <none>, AP MLO Affiliated links: <none>, Vendor Data: <none>> SignalStrength: -61 UnderlyingNetworks: Null]
05-04 18:07:49.408  5998  6251 I ModemStats: [DataStallDetectService] onCapabilitiesChanged NET_CAPABILITY_VALIDATED=true
05-04 18:07:49.408  5998  6251 I ModemStats: [DataStallDetectService] onCapabilitiesChanged mDataStallManager.mDataStallInstance=null
05-04 18:07:49.408  5998  6251 I ModemStats: [DataStallDetectService] onCapabilitiesChanged mDataStallSmart5gManager.mDataStallInstance=null
05-04 18:07:49.410 27765 28011 I NullBinder: NullBinder for android.net.action.RECOMMEND_NETWORKS triggering remote TransactionTooLargeException due to Service without Chimera impl, calling uid: 1000, calling pid: 0
05-04 18:07:49.410 27765 28011 W Binder  : reply too large data on java level: InterfaceDescriptor = null, code = 1
05-04 18:07:49.410 27765 28011 W .gms.persistent: Large reply transaction of 1056768 bytes, interface descriptor , code 1
05-04 18:07:49.410  4043  4925 D QCNEJ/NativeHalConnector: -> SND notifyDefaultNetworkChanged(1)
05-04 18:07:49.915 27765 25860 I NearbySharing: Network state changed: NetworkState(isRestricted=false, isOnline=true, isCongested=false, isMetered=false, isWifiConnected=true)
05-04 18:07:50.805 10311 10487 I ThermalEngine: Monitor:ACTIVE:FREEZE-CHG:freeze_rule=1:DETECT-STANDBY=1
05-04 18:07:50.805 10311 10487 I ThermalEngine: ACTION: freeze_rule - Setting freeze_rule to 1
05-04 18:07:50.806 10311 10487 I ThermalEngine: Monitor:ACTIVE:OVERRIDE-CHG:internal_override=1:DETECT-STANDBY=1
05-04 18:07:50.806 10311 10485 I ThermalEngine: Thermal-Server: Thermal received msg from  freezing
05-04 18:07:50.806 10311 10487 I ThermalEngine: ACTION: override_c - Setting override_c to 1
05-04 18:07:50.806 10311 26646 I Thermal-Lib: Thermal-Lib-Client: Client request sent
05-04 18:07:50.806 10311 26645 I Thermal-Lib: Thermal-Lib-Client: Client request sent
05-04 18:07:50.808 10311 10485 I ThermalEngine: Thermal-Server: Thermal received msg from  override_c
05-04 18:07:51.079  1731  3697 I slpi    : STK3A5X ALS_OC: lux:2939.199951, last_ps:0[1252], CH0:2200, CH2:275, CH4:21, AWAIT:32, ACRL:33, AGAIN:33, INT1:9, INT2:0, PS:114, LED:128, flag:65, state:7, scale:167.560,als_sel:1(0)(cnt:0)
05-04 18:07:51.156  1830 10078 I QC2Comp : [avcD_1124] Stats: Pending(9) i/p-done(5) Works: Q: 28/Done 20|Work-Rate: Q(0.0/s Avg=0.0/s) Done(0.000/s Avg=0.003/s)| Stream: 30.00fps 203.8Kbps
05-04 18:07:51.156  1830 10078 I QC2Comp : [avcD_1124] Mem-usage:  [In-1D: 6 bufs 17.930 MB] [1D-2226: 16 bufs 0.250 MB] [2D-2227: 20 bufs 28.438 MB] | Total: 46.617 MB
